Landsat Product Identifier L2,Landsat Product Identifier L1,Landsat Scene Identifier,Date Acquired,Collection Category,Collection Number,WRS Path,WRS Row,Target WRS Path,Target WRS Row,Nadir/Off Nadir,Roll Angle,Date Product Generated L2,Date Product Generated L1,Start Time,Stop Time,Station Identifier,Day/Night Indicator,Land Cloud Cover,Scene Cloud Cover L1,Ground Control Points Model,Ground Control Points Version,Geometric RMSE Model,Geometric RMSE Model X,Geometric RMSE Model Y,Processing Software Version,Sun Elevation L0RA,Sun Azimuth L0RA,TIRS SSM Model,Data Type L2,Sensor Identifier,Satellite,Product Map Projection L1,UTM Zone,Datum,Ellipsoid,Scene Center Lat DMS,Scene Center Long DMS,Corner Upper Left Lat DMS,Corner Upper Left Long DMS,Corner Upper Right Lat DMS,Corner Upper Right Long DMS,Corner Lower Left Lat DMS,Corner Lower Left Long DMS,Corner Lower Right Lat DMS,Corner Lower Right Long DMS,Scene Center Latitude,Scene Center Longitude,Corner Upper Left Latitude,Corner Upper Left Longitude,Corner Upper Right Latitude,Corner Upper Right Longitude,Corner Lower Left Latitude,Corner Lower Left Longitude,Corner Lower Right Latitude,Corner Lower Right Longitude,Display ID,Entity ID
LC08_L2SP_045032_20130325_20200912_02_T1,LC08_L1TP_045032_20130325_20200912_02_T1,LC80450322013084LGN02,2013/03/25,T1,2, 045, 032, 045, 032,NADIR,   0.000,2020/09/12,2020/09/12,2013-03-25 18:53:28.843406,2013-03-25 18:53:58.639427,LGN,DAY,  56.20,  57.33,604,5,    5.315,    3.610,    3.900,LPGS_15.3.1c,47.26982364,148.03700146,ACTUAL,OLI_TIRS_L2SP,OLI_TIRS,8,UTM,10,WGS84,WGS84,40°19'58.15"N,123°02'39.34"W,41°19'34.46"N,124°23'10.03"W,41°19'38.24"N,121°42'16.81"W,39°18'57.35"N,124°20'44.16"W,39°19'00.91"N,121°44'33.14"W, 40.33282,-123.04426, 41.32624,-124.38612, 41.32729,-121.70467, 39.31593,-124.34560, 39.31692,-121.74254,LC08_L2SP_045032_20130325_20200912_02_T1,LC80450322013084LGN02
LC08_L2SP_044032_20130330_20200913_02_T1,LC08_L1TP_044032_20130330_20200913_02_T1,LC80440322013089LGN03,2013/03/30,T1,2, 044, 032, 045, 032,OFFNADIR,  -6.000,2020/09/13,2020/09/13,2013-03-30 18:49:16.251052,2013-03-30 18:49:46.047072,LGN,DAY,  54.39,  54.90,556,5,    6.543,    4.212,    5.008,LPGS_15.3.1c,48.88539081,146.30529400,ACTUAL,OLI_TIRS_L2SP,OLI_TIRS,8,UTM,10,WGS84,WGS84,40°19'58.58"N,122°45'20.20"W,41°19'25.64"N,124°06'49.10"W,41°19'06.24"N,121°25'30.97"W,39°19'36.48"N,124°04'52.64"W,39°19'18.41"N,121°28'15.60"W, 40.33294,-122.75561, 41.32379,-124.11364, 41.31840,-121.42527, 39.32680,-124.08129, 39.32178,-121.47100,LC08_L2SP_044032_20130330_20200913_02_T1,LC80440322013089LGN03
LC08_L2SP_044032_20130409_20200912_02_T1,LC08_L1TP_044032_20130409_20200912_02_T1,LC80440322013099LGN03,2013/04/09,T1,2, 044, 032, 044, 032,NADIR,   0.000,2020/09/12,2020/09/12,2013-04-09 18:45:32.132891,2013-04-09 18:46:01.928911,LGN,DAY,   0.99,   0.99,675,5,    6.351,    3.929,    4.990,LPGS_15.3.1c,53.01149326,146.06155758,ACTUAL,OLI_TIRS_L2SP,OLI_TIRS,8,UTM,10,WGS84,WGS84,40°19'57.40"N,120°54'31"W,41°20'04.74"N,122°13'14.88"W,41°17'06.72"N,119°32'17.84"W,39°21'13.28"N,122°14'35.74"W,39°18'27.25"N,119°38'16.37"W, 40.33261,-120.90861, 41.33465,-122.22080, 41.28520,-119.53829, 39.35369,-122.24326, 39.30757,-119.63788,LC08_L2SP_044032_20130409_20200912_02_T1,LC80440322013099LGN03
LC08_L2SP_044033_20130409_20200913_02_T1,LC08_L1TP_044033_20130409_20200913_02_T1,LC80440332013099LGN03,2013/04/09,T1,2, 044, 033, 044, 033,NADIR,   0.000,2020/09/13,2020/09/13,2013-04-09 18:45:55.99004,2013-04-09 18:46:25.786061,LGN,DAY,   0.95,   0.95,939,5,    5.350,    3.471,    4.071,LPGS_15.3.1c,54.03189204,144.43907503,ACTUAL,OLI_TIRS_L2SP,OLI_TIRS,8,UTM,10,WGS84,WGS84,38°54'16.20"N,121°21'25.24"W,39°54'05.94"N,122°39'05"W,39°51'50.08"N,120°01'16.07"W,37°55'12.22"N,122°39'39.42"W,37°53'05.57"N,120°06'09.68"W, 38.90450,-121.35701, 39.90165,-122.65139, 39.86391,-120.02113, 37.92006,-122.66095, 37.88488,-120.10269,LC08_L2SP_044033_20130409_20200913_02_T1,LC80440332013099LGN03
LC08_L2SP_044032_20130416_20200913_02_T1,LC08_L1TP_044032_20130416_20200913_02_T1,LC80440322013106LGN03,2013/04/16,T1,2, 044, 032, 044, 032,NADIR,   0.000,2020/09/13,2020/09/13,2013-04-16 18:46:50.882651,2013-04-16 18:47:20.678671,LGN,DAY,  42.67,  42.67,553,5,    5.691,    3.661,    4.357,LPGS_15.3.1c,55.48316833,144.84268076,ACTUAL,OLI_TIRS_L2SP,OLI_TIRS,8,UTM,10,WGS84,WGS84,40°19'57.54"N,121°13'42.20"W,41°19'51.67"N,122°33'15.30"W,41°17'19.50"N,119°50'59.03"W,39°20'59.78"N,122°34'01.56"W,39°18'37.84"N,119°56'25.40"W, 40.33265,-121.22839, 41.33102,-122.55425, 41.28875,-119.84973, 39.34994,-122.56710, 39.31051,-119.94039,LC08_L2SP_044032_20130416_20200913_02_T1,LC80440322013106LGN03
LC08_L2SP_044033_20130416_20200912_02_T1,LC08_L1TP_044033_20130416_20200912_02_T1,LC80440332013106LGN03,2013/04/16,T1,2, 044, 033, 044, 033,NADIR,   0.000,2020/09/12,2020/09/12,2013-04-16 18:47:14.769452,2013-04-16 18:47:44.565472,LGN,DAY,   1.95,   1.95,1094,5,    5.250,    3.591,    3.829,LPGS_15.3.1c,56.48036715,143.05379585,ACTUAL,OLI_TIRS_L2SP,OLI_TIRS,8,UTM,10,WGS84,WGS84,38°54'15.55"N,121°40'33.82"W,39°53'58.09"N,122°59'05.24"W,39°52'07.68"N,120°19'58.98"W,37°54'44.78"N,122°59'06.76"W,37°53'01.86"N,120°24'22.61"W, 38.90432,-121.67606, 39.89947,-122.98479, 39.86880,-120.33305, 37.91244,-122.98521, 37.88385,-120.40628,LC08_L2SP_044033_20130416_20200912_02_T1,LC80440332013106LGN03
LC08_L2SP_045032_20130423_20200913_02_T1,LC08_L1TP_045032_20130423_20200913_02_T1,LC80450322013113LGN02,2013/04/23,T1,2, 045, 032, 045, 032,NADIR,   0.000,2020/09/13,2020/09/13,2013-04-23 18:52:58.979727,2013-04-23 18:53:28.775747,LGN,DAY,   0.51,   0.50,1228,5,    4.163,    2.738,    3.136,LPGS_15.3.1c,57.78038587,143.44799264,ACTUAL,OLI_TIRS_L2SP,OLI_TIRS,8,UTM,10,WGS84,WGS84,40°19'57.43"N,122°45'20.38"W,41°19'35.11"N,124°07'15.10"W,41°19'14.02"N,121°23'08.84"W,39°19'16.79"N,124°05'17.41"W,39°18'57.10"N,121°25'58.26"W, 40.33262,-122.75566, 41.32642,-124.12086, 41.32056,-121.38579, 39.32133,-124.08817, 39.31586,-121.43285,LC08_L2SP_045032_20130423_20200913_02_T1,LC80450322013113LGN02
LC08_L2SP_045033_20130423_20200913_02_T1,LC08_L1TP_045033_20130423_20200913_02_T1,LC80450332013113LGN02,2013/04/23,T1,2, 045, 033, 045, 033,NADIR,   0.000,2020/09/13,2020/09/13,2013-04-23 18:53:22.866528,2013-04-23 18:53:52.662548,LGN,DAY,   0.65,   3.84,932,5,    4.063,    2.813,    2.933,LPGS_15.3.1c,58.74977633,141.47469016,ACTUAL,OLI_TIRS_L2SP,OLI_TIRS,8,UTM,10,WGS84,WGS84,38°54'15.62"N,123°12'11.99"W,39°53'40.45"N,124°32'46.79"W,39°53'57.70"N,121°52'07.75"W,37°53'11.80"N,124°30'12.20"W,37°53'27.89"N,121°54'00.86"W, 38.90434,-123.20333, 39.89457,-124.54633, 39.89936,-121.86882, 37.88661,-124.50339, 37.89108,-121.90024,LC08_L2SP_045033_20130423_20200913_02_T1,LC80450332013113LGN02
LC08_L2SP_045032_20130525_20200912_02_T1,LC08_L1TP_045032_20130525_20200912_02_T1,LC80450322013145LGN02,2013/05/25,T1,2, 045, 032, 045, 032,NADIR,   0.000,2020/09/12,2020/09/12,2013-05-25 18:53:15.867593,2013-05-25 18:53:45.663613,LGN,DAY,   1.12,   1.10,1338,5,    2.922,    2.095,    2.037,LPGS_15.3.1c,65.04385757,134.94301260,ACTUAL,OLI_TIRS_L2SP,OLI_TIRS,8,UTM,10,WGS84,WGS84,40°19'58.69"N,122°48'23.47"W,41°19'33.31"N,124°10'15.74"W,41°19'16.50"N,121°26'09.42"W,39°19'15.10"N,124°08'12.80"W,39°18'59.44"N,121°28'53.62"W, 40.33297,-122.80652, 41.32592,-124.17104, 41.32125,-121.43595, 39.32086,-124.13689, 39.31651,-121.48156,LC08_L2SP_045032_20130525_20200912_02_T1,LC80450322013145LGN02
LC08_L2SP_045033_20130525_20200913_02_T1,LC08_L1TP_045033_20130525_20200913_02_T1,LC80450332013145LGN02,2013/05/25,T1,2, 045, 033, 045, 033,NADIR,   0.000,2020/09/13,2020/09/13,2013-05-25 18:53:39.75863,2013-05-25 18:54:09.55465,LGN,DAY,   0.59,   4.49,990,5,    2.797,    1.936,    2.018,LPGS_15.3.1c,65.83285939,132.04918751,ACTUAL,OLI_TIRS_L2SP,OLI_TIRS,8,UTM,10,WGS84,WGS84,38°54'16.20"N,123°15'15.05"W,39°53'37.90"N,124°35'56.22"W,39°53'59.39"N,121°55'04.58"W,37°53'09.42"N,124°33'16.34"W,37°53'29.44"N,121°56'52.80"W, 38.90450,-123.25418, 39.89386,-124.59895, 39.89983,-121.91794, 37.88595,-124.55454, 37.89151,-121.94800,LC08_L2SP_045033_20130525_20200913_02_T1,LC80450332013145LGN02
LC08_L2SP_044032_20130603_20200912_02_T1,LC08_L1TP_044032_20130603_20200912_02_T1,LC80440322013154LGN01,2013/06/03,T1,2, 044, 032, 044, 032,NADIR,   0.000,2020/09/12,2020/09/12,2013-06-03 18:47:04.893857,2013-06-03 18:47:34.689877,LGN,DAY,   0.11,   0.11,1150,5,    2.313,    1.384,    1.854,LPGS_15.3.1c,65.93846954,132.50042706,ACTUAL,OLI_TIRS_L2SP,OLI_TIRS,8,UTM,10,WGS84,WGS84,40°19'57.61"N,121°15'21.60"W,41°19'52.03"N,122°34'58.55"W,41°17'22.31"N,119°52'42.06"W,39°20'50.39"N,122°35'41.89"W,39°18'30.74"N,119°58'05.92"W, 40.33267,-121.25600, 41.33112,-122.58293, 41.28953,-119.87835, 39.34733,-122.59497, 39.30854,-119.96831,LC08_L2SP_044032_20130603_20200912_02_T1,LC80440322013154LGN01
LC08_L2SP_044033_20130603_20200913_02_T1,LC08_L1TP_044033_20130603_20200913_02_T1,LC80440332013154LGN01,2013/06/03,T1,2, 044, 033, 044, 033,NADIR,   0.000,2020/09/13,2020/09/13,2013-06-03 18:47:28.784894,2013-06-03 18:47:58.580914,LGN,DAY,   0.64,   0.64,1375,5,    2.975,    1.981,    2.220,LPGS_15.3.1c,66.67270621,129.41904538,ACTUAL,OLI_TIRS_L2SP,OLI_TIRS,8,UTM,10,WGS84,WGS84,38°54'14.94"N,121°42'13.14"W,39°53'58.09"N,123°00'46.33"W,39°52'09.98"N,120°21'39.89"W,37°54'44.78"N,123°00'45.04"W,37°53'04.02"N,120°26'00.74"W, 38.90415,-121.70365, 39.89947,-123.01287, 39.86944,-120.36108, 37.91244,-123.01251, 37.88445,-120.43354,LC08_L2SP_044033_20130603_20200913_02_T1,LC80440332013154LGN01
LC08_L2SP_044032_20130619_20200912_02_T1,LC08_L1TP_044032_20130619_20200912_02_T1,LC80440322013170LGN01,2013/06/19,T1,2, 044, 032, 044, 032,NADIR,   0.000,2020/09/12,2020/09/12,2013-06-19 18:46:57.789525,2013-06-19 18:47:27.585545,LGN,DAY,  26.79,  26.79,671,5,    4.351,    3.087,    3.065,LPGS_15.3.1c,66.28263541,129.48454449,ACTUAL,OLI_TIRS_L2SP,OLI_TIRS,8,UTM,10,WGS84,WGS84,40°19'57.22"N,121°13'10.31"W,41°19'51.56"N,122°32'49.49"W,41°17'18.82"N,119°50'33.29"W,39°20'59.68"N,122°33'36.50"W,39°18'37.19"N,119°56'00.38"W, 40.33256,-121.21953, 41.33099,-122.54708, 41.28856,-119.84258, 39.34991,-122.56014, 39.31033,-119.93344,LC08_L2SP_044032_20130619_20200912_02_T1,LC80440322013170LGN01
LC08_L2SP_044033_20130619_20200912_02_T1,LC08_L1TP_044033_20130619_20200912_02_T1,LC80440332013170LGN01,2013/06/19,T1,2, 044, 033, 044, 033,NADIR,   0.000,2020/09/12,2020/09/12,2013-06-19 18:47:21.672089,2013-06-19 18:47:51.468109,LGN,DAY,   1.71,   1.71,1333,5,    2.874,    1.989,    2.074,LPGS_15.3.1c,66.94821766,126.27427377,ACTUAL,OLI_TIRS_L2SP,OLI_TIRS,8,UTM,10,WGS84,WGS84,38°54'15.59"N,121°40'01.52"W,39°53'58.09"N,122°58'27.34"W,39°52'06.82"N,120°19'21.14"W,37°54'44.78"N,122°58'29.89"W,37°53'01.07"N,120°23'45.78"W, 38.90433,-121.66709, 39.89947,-122.97426, 39.86856,-120.32254, 37.91244,-122.97497, 37.88363,-120.39605,LC08_L2SP_044033_20130619_20200912_02_T1,LC80440332013170LGN01
LC08_L2SP_044032_20130705_20200912_02_T1,LC08_L1TP_044032_20130705_20200912_02_T1,LC80440322013186LGN01,2013/07/05,T1,2, 044, 032, 044, 032,NADIR,   0.000,2020/09/12,2020/09/12,2013-07-05 18:47:00.258138,2013-07-05 18:47:32.028133,LGN,DAY,   0.06,   0.06,1162,5,    2.811,    2.042,    1.932,LPGS_15.3.1c,65.25988609,129.22963460,ACTUAL,OLI_TIRS_L2SP,OLI_TIRS,8,UTM,10,WGS84,WGS84,40°19'58.66"N,121°13'43.18"W,41°23'25.91"N,122°34'18.44"W,41°20'51.79"N,119°49'57.18"W,39°17'25.91"N,122°35'05.50"W,39°15'02.74"N,119°55'44.72"W, 40.33296,-121.22866, 41.39053,-122.57179, 41.34772,-119.83255, 39.29053,-122.58486, 39.25076,-119.92909,LC08_L2SP_044032_20130705_20200912_02_T1,LC80440322013186LGN01
LC08_L2SP_044033_20130705_20200912_02_T1,LC08_L1TP_044033_20130705_20200912_02_T1,LC80440332013186LGN01,2013/07/05,T1,2, 044, 033, 044, 033,NADIR,   0.000,2020/09/12,2020/09/12,2013-07-05 18:47:24.144938,2013-07-05 18:47:55.914934,LGN,DAY,   0.01,   0.01,1527,5,    1.646,    1.100,    1.225,LPGS_15.3.1c,65.92139081,126.15488785,ACTUAL,OLI_TIRS_L2SP,OLI_TIRS,8,UTM,10,WGS84,WGS84,38°54'15.77"N,121°40'34.57"W,39°57'32.18"N,123°00'08.42"W,39°55'40.08"N,120°18'47.56"W,37°51'10.62"N,123°00'08.17"W,37°49'26.58"N,120°23'28.79"W, 38.90438,-121.67627, 39.95894,-123.00234, 39.92780,-120.31321, 37.85295,-123.00227, 37.82405,-120.39133,LC08_L2SP_044033_20130705_20200912_02_T1,LC80440332013186LGN01
LC08_L2SP_045032_20130712_20200912_02_T1,LC08_L1TP_045032_20130712_20200912_02_T1,LC80450322013193LGN01,2013/07/12,T1,2, 045, 032, 045, 032,NADIR,   0.000,2020/09/12,2020/09/12,2013-07-12 18:53:11.215382,2013-07-12 18:53:42.985377,LGN,DAY,   0.06,   0.09,1430,5,    1.518,    0.839,    1.266,LPGS_15.3.1c,64.45104585,130.06504583,ACTUAL,OLI_TIRS_L2SP,OLI_TIRS,8,UTM,10,WGS84,WGS84,40°19'58.48"N,122°46'24.64"W,41°23'07.84"N,124°09'27.90"W,41°22'47.96"N,121°23'03.55"W,39°15'41.54"N,124°07'19.27"W,39°15'23.08"N,121°26'03.05"W, 40.33291,-122.77351, 41.38551,-124.15775, 41.37999,-121.38432, 39.26154,-124.12202, 39.25641,-121.43418,LC08_L2SP_045032_20130712_20200912_02_T1,LC80450322013193LGN01
LC08_L2SP_045033_20130712_20200912_02_T1,LC08_L1TP_045033_20130712_20200912_02_T1,LC80450332013193LGN01,2013/07/12,T1,2, 045, 033, 045, 033,NADIR,   0.000,2020/09/12,2020/09/12,2013-07-12 18:53:35.097946,2013-07-12 18:54:06.867942,LGN,DAY,   4.09,  22.72,1032,5,    1.993,    1.299,    1.512,LPGS_15.3.1c,65.13270859,127.11586487,ACTUAL,OLI_TIRS_L2SP,OLI_TIRS,8,UTM,10,WGS84,WGS84,38°54'16.38"N,123°13'15.42"W,39°57'12.74"N,124°34'58.01"W,39°57'31.75"N,121°52'04.22"W,37°49'36.16"N,124°32'10.54"W,37°49'53.76"N,121°54'04.03"W, 38.90455,-123.22095, 39.95354,-124.58278, 39.95882,-121.86784, 37.82671,-124.53626, 37.83160,-121.90112,LC08_L2SP_045033_20130712_20200912_02_T1,LC80450332013193LGN01
LC08_L2SP_044032_20130721_20200912_02_T1,LC08_L1TP_044032_20130721_20200912_02_T1,LC80440322013202LGN01,2013/07/21,T1,2, 044, 032, 044, 032,NADIR,   0.000,2020/09/12,2020/09/12,2013-07-21 18:46:58.194073,2013-07-21 18:47:29.964069,LGN,DAY,   0.00,   0.00,1138,5,    3.354,    2.175,    2.554,LPGS_15.3.1c,63.13603020,131.90747727,ACTUAL,OLI_TIRS_L2SP,OLI_TIRS,8,UTM,10,WGS84,WGS84,40°19'58.19"N,121°13'02.35"W,41°23'25.76"N,122°33'39.67"W,41°20'50.71"N,119°49'18.52"W,39°17'25.76"N,122°34'27.95"W,39°15'01.73"N,119°55'07.21"W, 40.33283,-121.21732, 41.39049,-122.56102, 41.34742,-119.82181, 39.29049,-122.57443, 39.25048,-119.91867,LC08_L2SP_044032_20130721_20200912_02_T1,LC80440322013202LGN01
LC08_L2SP_044033_20130721_20200912_02_T1,LC08_L1TP_044033_20130721_20200912_02_T1,LC80440332013202LGN01,2013/07/21,T1,2, 044, 033, 044, 033,NADIR,   0.000,2020/09/12,2020/09/12,2013-07-21 18:47:22.080874,2013-07-21 18:47:53.85087,LGN,DAY,   0.02,   0.02,1520,5,    2.665,    1.853,    1.916,LPGS_15.3.1c,63.86079013,129.15817732,ACTUAL,OLI_TIRS_L2SP,OLI_TIRS,8,UTM,10,WGS84,WGS84,38°54'15.55"N,121°39'53.75"W,39°57'32.18"N,122°59'17.84"W,39°55'39.18"N,120°18'09.68"W,37°51'10.62"N,122°59'19.07"W,37°49'25.75"N,120°22'52.03"W, 38.90432,-121.66493, 39.95894,-122.98829, 39.92755,-120.30269, 37.85295,-122.98863, 37.82382,-120.38112,LC08_L2SP_044033_20130721_20200912_02_T1,LC80440332013202LGN01
LC08_L2SP_045032_20130728_20200912_02_T1,LC08_L1TP_045032_20130728_20200912_02_T1,LC80450322013209LGN01,2013/07/28,T1,2, 045, 032, 045, 032,NADIR,   0.000,2020/09/12,2020/09/12,2013-07-28 18:53:11.342236,2013-07-28 18:53:43.112232,LGN,DAY,   0.80,   2.57,1408,5,    2.169,    1.422,    1.638,LPGS_15.3.1c,61.90832157,133.83677496,ACTUAL,OLI_TIRS_L2SP,OLI_TIRS,8,UTM,10,WGS84,WGS84,40°19'57.90"N,122°46'22.33"W,41°23'07.84"N,124°09'27.90"W,41°22'47.96"N,121°23'03.55"W,39°15'41.54"N,124°07'19.27"W,39°15'23.08"N,121°26'03.05"W, 40.33275,-122.77287, 41.38551,-124.15775, 41.37999,-121.38432, 39.26154,-124.12202, 39.25641,-121.43418,LC08_L2SP_045032_20130728_20200912_02_T1,LC80450322013209LGN01
LC08_L2SP_045033_20130728_20200912_02_T1,LC08_L1TP_045033_20130728_20200912_02_T1,LC80450332013209LGN01,2013/07/28,T1,2, 045, 033, 045, 033,NADIR,   0.000,2020/09/12,2020/09/12,2013-07-28 18:53:35.224801,2013-07-28 18:54:06.994796,LGN,DAY,   9.20,  40.92,924,5,    1.927,    1.372,    1.353,LPGS_15.3.1c,62.67690743,131.26616209,ACTUAL,OLI_TIRS_L2SP,OLI_TIRS,8,UTM,10,WGS84,WGS84,38°54'16.31"N,123°13'12.94"W,39°57'12.74"N,124°34'58.01"W,39°57'31.61"N,121°51'51.59"W,37°49'36.16"N,124°32'10.54"W,37°49'53.65"N,121°53'51.79"W, 38.90453,-123.22026, 39.95354,-124.58278, 39.95878,-121.86433, 37.82671,-124.53626, 37.83157,-121.89772,LC08_L2SP_045033_20130728_20200912_02_T1,LC80450332013209LGN01
LC08_L2SP_044032_20130806_20200912_02_T1,LC08_L1TP_044032_20130806_20200912_02_T1,LC80440322013218LGN01,2013/08/06,T1,2, 044, 032, 044, 032,NADIR,   0.000,2020/09/12,2020/09/12,2013-08-06 18:47:01.752363,2013-08-06 18:47:33.522358,LGN,DAY,   3.40,   3.40,1031,5,    3.974,    2.617,    2.990,LPGS_15.3.1c,60.08071849,136.78751762,ACTUAL,OLI_TIRS_L2SP,OLI_TIRS,8,UTM,10,WGS84,WGS84,40°19'57.14"N,121°13'57.72"W,41°23'26.02"N,122°34'44.26"W,41°20'52.15"N,119°50'10.07"W,39°17'26.02"N,122°35'30.55"W,39°15'03.06"N,119°55'57.22"W, 40.33254,-121.23270, 41.39056,-122.57896, 41.34782,-119.83613, 39.29056,-122.59182, 39.25085,-119.93256,LC08_L2SP_044032_20130806_20200912_02_T1,LC80440322013218LGN01
LC08_L2SP_044033_20130806_20200912_02_T1,LC08_L1TP_044033_20130806_20200912_02_T1,LC80440332013218LGN01,2013/08/06,T1,2, 044, 033, 044, 033,NADIR,   0.000,2020/09/12,2020/09/12,2013-08-06 18:47:25.639163,2013-08-06 18:47:57.409159,LGN,DAY,  10.17,  10.19,1336,5,    3.496,    2.348,    2.590,LPGS_15.3.1c,60.91440389,134.46138328,ACTUAL,OLI_TIRS_L2SP,OLI_TIRS,8,UTM,10,WGS84,WGS84,38°54'14.90"N,121°40'48.50"W,39°57'32.18"N,123°00'21.06"W,39°55'40.37"N,120°19'00.19"W,37°51'10.62"N,123°00'20.45"W,37°49'26.87"N,120°23'41.06"W, 38.90414,-121.68014, 39.95894,-123.00585, 39.92788,-120.31672, 37.85295,-123.00568, 37.82413,-120.39474,LC08_L2SP_044033_20130806_20200912_02_T1,LC80440332013218LGN01
LC08_L2SP_045032_20130813_20200912_02_T1,LC08_L1TP_045032_20130813_20200912_02_T1,LC80450322013225LGN01,2013/08/13,T1,2, 045, 032, 045, 032,NADIR,   0.000,2020/09/12,2020/09/12,2013-08-13 18:53:12.087412,2013-08-13 18:53:43.857408,LGN,DAY,   1.32,   1.30,1415,5,    2.755,    1.619,    2.229,LPGS_15.3.1c,58.47036126,139.33213360,ACTUAL,OLI_TIRS_L2SP,OLI_TIRS,8,UTM,10,WGS84,WGS84,40°19'57.68"N,122°46'40.87"W,41°22'57.97"N,124°09'40.64"W,41°22'38.42"N,121°23'16.69"W,39°15'41.40"N,124°07'31.76"W,39°15'23.26"N,121°26'15.54"W, 40.33269,-122.77802, 41.38277,-124.16129, 41.37734,-121.38797, 39.26150,-124.12549, 39.25646,-121.43765,LC08_L2SP_045032_20130813_20200912_02_T1,LC80450322013225LGN01
LC08_L2SP_045033_20130813_20200913_02_T1,LC08_L1TP_045033_20130813_20200913_02_T1,LC80450332013225LGN01,2013/08/13,T1,2, 045, 033, 045, 033,NADIR,   0.000,2020/09/13,2020/09/13,2013-08-13 18:53:35.978449,2013-08-13 18:54:07.748445,LGN,DAY,   0.59,   6.49,1081,5,    1.407,    0.819,    1.144,LPGS_15.3.1c,59.35813676,137.20113302,ACTUAL,OLI_TIRS_L2SP,OLI_TIRS,8,UTM,10,WGS84,WGS84,38°54'14.90"N,123°13'31.62"W,39°57'12.38"N,124°35'23.28"W,39°57'31.86"N,121°52'16.86"W,37°49'35.83"N,124°32'35.05"W,37°49'53.87"N,121°54'16.31"W, 38.90414,-123.22545, 39.95344,-124.58980, 39.95885,-121.87135, 37.82662,-124.54307, 37.83163,-121.90453,LC08_L2SP_045033_20130813_20200913_02_T1,LC80450332013225LGN01
LC08_L2SP_044032_20130822_20200912_02_T1,LC08_L1TP_044032_20130822_20200912_02_T1,LC80440322013234LGN01,2013/08/22,T1,2, 044, 032, 044, 032,NADIR,   0.000,2020/09/12,2020/09/12,2013-08-22 18:47:03.404076,2013-08-22 18:47:35.174072,LGN,DAY,  17.78,  17.78,765,5,    5.305,    3.497,    3.989,LPGS_15.3.1c,56.17877996,142.77029126,ACTUAL,OLI_TIRS_L2SP,OLI_TIRS,8,UTM,10,WGS84,WGS84,40°19'57.22"N,121°14'37.82"W,41°23'26.16"N,122°35'23.03"W,41°20'53.20"N,119°50'48.73"W,39°17'26.12"N,122°36'08.14"W,39°15'04.07"N,119°56'34.73"W, 40.33256,-121.24384, 41.39060,-122.58973, 41.34811,-119.84687, 39.29059,-122.60226, 39.25113,-119.94298,LC08_L2SP_044032_20130822_20200912_02_T1,LC80440322013234LGN01
LC08_L2SP_044033_20130822_20200912_02_T1,LC08_L1TP_044033_20130822_20200912_02_T1,LC80440332013234LGN01,2013/08/22,T1,2, 044, 033, 044, 033,NADIR,   0.000,2020/09/12,2020/09/12,2013-08-22 18:47:27.290877,2013-08-22 18:47:59.060873,LGN,DAY,   6.10,   6.12,1260,5,    3.632,    2.370,    2.752,LPGS_15.3.1c,57.13612481,140.88658170,ACTUAL,OLI_TIRS_L2SP,OLI_TIRS,8,UTM,10,WGS84,WGS84,38°54'15.44"N,121°41'28.32"W,39°57'32.18"N,123°00'59"W,39°55'41.23"N,120°19'38.06"W,37°51'10.62"N,123°00'57.28"W,37°49'27.66"N,120°24'17.82"W, 38.90429,-121.69120, 39.95894,-123.01639, 39.92812,-120.32724, 37.85295,-123.01591, 37.82435,-120.40495,LC08_L2SP_044033_20130822_20200912_02_T1,LC80440332013234LGN01
LC08_L2SP_045032_20130829_20200912_02_T1,LC08_L1TP_045032_20130829_20200912_02_T1,LC80450322013241LGN01,2013/08/29,T1,2, 045, 032, 045, 032,NADIR,   0.000,2020/09/12,2020/09/12,2013-08-29 18:53:14.670949,2013-08-29 18:53:46.440945,LGN,DAY,   9.16,   9.49,1186,5,    4.344,    2.962,    3.177,LPGS_15.3.1c,54.22659190,145.46710331,ACTUAL,OLI_TIRS_L2SP,OLI_TIRS,8,UTM,10,WGS84,WGS84,40°19'57.07"N,122°47'40.20"W,41°22'57.32"N,124°10'45.23"W,41°22'39.32"N,121°24'21.28"W,39°15'40.79"N,124°08'34.37"W,39°15'24.08"N,121°27'18.11"W, 40.33252,-122.79450, 41.38259,-124.17923, 41.37759,-121.40591, 39.26133,-124.14288, 39.25669,-121.45503,LC08_L2SP_045032_20130829_20200912_02_T1,LC80450322013241LGN01
LC08_L2SP_045033_20130829_20200912_02_T1,LC08_L1TP_045033_20130829_20200912_02_T1,LC80450332013241LGN01,2013/08/29,T1,2, 045, 033, 045, 033,NADIR,   0.000,2020/09/12,2020/09/12,2013-08-29 18:53:38.553514,2013-08-29 18:54:10.32351,LGN,DAY,   5.20,  24.68,982,5,    3.161,    2.215,    2.256,LPGS_15.3.1c,55.23576743,143.76732654,ACTUAL,OLI_TIRS_L2SP,OLI_TIRS,8,UTM,10,WGS84,WGS84,38°54'16.42"N,123°14'30.30"W,39°57'11.52"N,124°36'26.46"W,39°57'32.36"N,121°53'07.44"W,37°49'35"N,124°33'36.40"W,37°49'54.34"N,121°55'05.41"W, 38.90456,-123.24175, 39.95320,-124.60735, 39.95899,-121.88540, 37.82639,-124.56011, 37.83176,-121.91817,LC08_L2SP_045033_20130829_20200912_02_T1,LC80450332013241LGN01
LC08_L2SP_044032_20130907_20200913_02_T1,LC08_L1TP_044032_20130907_20200913_02_T1,LC80440322013250LGN01,2013/09/07,T1,2, 044, 032, 044, 032,NADIR,   0.000,2020/09/13,2020/09/13,2013-09-07 18:47:02.387044,2013-09-07 18:47:34.15704,LGN,DAY,   0.00,   0.00,1125,5,    4.917,    2.761,    4.069,LPGS_15.3.1c,51.52506836,148.83372137,ACTUAL,OLI_TIRS_L2SP,OLI_TIRS,8,UTM,10,WGS84,WGS84,40°19'58.15"N,121°14'51.18"W,41°23'26.20"N,122°35'35.95"W,41°20'53.56"N,119°51'01.62"W,39°17'26.16"N,122°36'20.66"W,39°15'04.39"N,119°56'47.22"W, 40.33282,-121.24755, 41.39061,-122.59332, 41.34821,-119.85045, 39.29060,-122.60574, 39.25122,-119.94645,LC08_L2SP_044032_20130907_20200913_02_T1,LC80440322013250LGN01
LC08_L2SP_044033_20130907_20200913_02_T1,LC08_L1TP_044033_20130907_20200913_02_T1,LC80440332013250LGN01,2013/09/07,T1,2, 044, 033, 044, 033,NADIR,   0.000,2020/09/13,2020/09/13,2013-09-07 18:47:26.282317,2013-09-07 18:47:58.052313,LGN,DAY,   0.00,   0.00,1482,5,    3.729,    2.052,    3.113,LPGS_15.3.1c,52.59632946,147.35144934,ACTUAL,OLI_TIRS_L2SP,OLI_TIRS,8,UTM,10,WGS84,WGS84,38°54'14.80"N,121°41'41.71"W,39°57'32.18"N,123°01'24.31"W,39°55'41.52"N,120°19'50.66"W,37°51'10.62"N,123°01'21.83"W,37°49'27.95"N,120°24'30.10"W, 38.90411,-121.69492, 39.95894,-123.02342, 39.92820,-120.33074, 37.85295,-123.02273, 37.82443,-120.40836,LC08_L2SP_044033_20130907_20200913_02_T1,LC80440332013250LGN01
LC08_L2SP_045032_20130914_20200912_02_T1,LC08_L1TP_045032_20130914_20200912_02_T1,LC80450322013257LGN01,2013/09/14,T1,2, 045, 032, 045, 032,NADIR,   0.000,2020/09/12,2020/09/12,2013-09-14 18:53:10.667765,2013-09-14 18:53:42.437761,LGN,DAY,   1.45,   3.24,1301,5,    3.784,    2.410,    2.918,LPGS_15.3.1c,49.29421179,151.30903454,ACTUAL,OLI_TIRS_L2SP,OLI_TIRS,8,UTM,10,WGS84,WGS84,40°19'58.22"N,122°47'13.81"W,41°23'07.30"N,124°10'19.56"W,41°22'48.68"N,121°23'55.21"W,39°15'41.04"N,124°08'09.31"W,39°15'23.76"N,121°26'53.09"W, 40.33284,-122.78717, 41.38536,-124.17210, 41.38019,-121.39867, 39.26140,-124.13592, 39.25660,-121.44808,LC08_L2SP_045032_20130914_20200912_02_T1,LC80450322013257LGN01
LC08_L2SP_045033_20130914_20200912_02_T1,LC08_L1TP_045033_20130914_20200912_02_T1,LC80450332013257LGN01,2013/09/14,T1,2, 045, 033, 045, 033,NADIR,   0.000,2020/09/12,2020/09/12,2013-09-14 18:53:34.558802,2013-09-14 18:54:06.328798,LGN,DAY,  11.09,  43.29,797,5,    3.042,    1.996,    2.295,LPGS_15.3.1c,50.40793203,149.98018581,ACTUAL,OLI_TIRS_L2SP,OLI_TIRS,8,UTM,10,WGS84,WGS84,38°54'15.73"N,123°14'04.31"W,39°57'11.88"N,124°36'01.19"W,39°57'32.11"N,121°52'42.17"W,37°49'35.36"N,124°33'11.84"W,37°49'54.12"N,121°54'40.86"W, 38.90437,-123.23453, 39.95330,-124.60033, 39.95892,-121.87838, 37.82649,-124.55329, 37.83170,-121.91135,LC08_L2SP_045033_20130914_20200912_02_T1,LC80450332013257LGN01
LC08_L2SP_044032_20130923_20200912_02_T1,LC08_L1TP_044032_20130923_20200912_02_T1,LC80440322013266LGN01,2013/09/23,T1,2, 044, 032, 044, 032,NADIR,   0.000,2020/09/12,2020/09/12,2013-09-23 18:46:54.93846,2013-09-23 18:47:26.708456,LGN,DAY,   6.29,   6.29,932,5,    5.763,    3.292,    4.730,LPGS_15.3.1c,46.30485697,154.22663433,ACTUAL,OLI_TIRS_L2SP,OLI_TIRS,8,UTM,10,WGS84,WGS84,40°19'57.40"N,121°13'44.69"W,41°23'25.98"N,122°34'31.37"W,41°20'51.79"N,119°49'57.18"W,39°17'25.94"N,122°35'18.02"W,39°15'02.74"N,119°55'44.72"W, 40.33261,-121.22908, 41.39055,-122.57538, 41.34772,-119.83255, 39.29054,-122.58834, 39.25076,-119.92909,LC08_L2SP_044032_20130923_20200912_02_T1,LC80440322013266LGN01
LC08_L2SP_044033_20130923_20200913_02_T1,LC08_L1TP_044033_20130923_20200913_02_T1,LC80440332013266LGN01,2013/09/23,T1,2, 044, 033, 044, 033,NADIR,   0.000,2020/09/13,2020/09/13,2013-09-23 18:47:18.825261,2013-09-23 18:47:50.595257,LGN,DAY,   0.07,   0.07,1415,5,    4.432,    2.191,    3.853,LPGS_15.3.1c,47.46586844,153.07143528,ACTUAL,OLI_TIRS_L2SP,OLI_TIRS,8,UTM,10,WGS84,WGS84,38°54'15.52"N,121°40'34.57"W,39°57'32.18"N,123°00'08.42"W,39°55'40.08"N,120°18'47.56"W,37°51'10.62"N,123°00'08.17"W,37°49'26.58"N,120°23'28.79"W, 38.90431,-121.67627, 39.95894,-123.00234, 39.92780,-120.31321, 37.85295,-123.00227, 37.82405,-120.39133,LC08_L2SP_044033_20130923_20200913_02_T1,LC80440332013266LGN01
LC08_L2SP_044032_20131009_20200912_02_T1,LC08_L1TP_044032_20131009_20200912_02_T1,LC80440322013282LGN02,2013/10/09,T1,2, 044, 032, 044, 032,NADIR,   0.000,2020/09/12,2020/09/12,2013-10-09 18:46:54.254216,2013-10-09 18:47:26.024212,LGN,DAY,  43.65,  43.65,601,5,    6.229,    3.248,    5.315,LPGS_15.3.1c,40.79927824,158.47399837,ACTUAL,OLI_TIRS_L2SP,OLI_TIRS,8,UTM,10,WGS84,WGS84,40°19'58.19"N,121°14'32.93"W,41°23'26.12"N,122°35'10.10"W,41°20'53.20"N,119°50'48.73"W,39°17'26.09"N,122°35'55.61"W,39°15'04.07"N,119°56'34.73"W, 40.33283,-121.24248, 41.39059,-122.58614, 41.34811,-119.84687, 39.29058,-122.59878, 39.25113,-119.94298,LC08_L2SP_044032_20131009_20200912_02_T1,LC80440322013282LGN02
LC08_L2SP_044033_20131009_20200912_02_T1,LC08_L1TP_044033_20131009_20200912_02_T1,LC80440332013282LGN02,2013/10/09,T1,2, 044, 033, 044, 033,NADIR,   0.000,2020/09/12,2020/09/12,2013-10-09 18:47:18.141017,2013-10-09 18:47:49.911012,LGN,DAY,   7.47,   7.47,1248,5,    4.844,    2.641,    4.060,LPGS_15.3.1c,42.02365380,157.56175588,ACTUAL,OLI_TIRS_L2SP,OLI_TIRS,8,UTM,10,WGS84,WGS84,38°54'15.70"N,121°41'22.49"W,39°57'32.18"N,123°00'59"W,39°55'41.23"N,120°19'38.06"W,37°51'10.62"N,123°00'57.28"W,37°49'27.66"N,120°24'17.82"W, 38.90436,-121.68958, 39.95894,-123.01639, 39.92812,-120.32724, 37.85295,-123.01591, 37.82435,-120.40495,LC08_L2SP_044033_20131009_20200912_02_T1,LC80440332013282LGN02
LC08_L2SP_045032_20131016_20200912_02_T1,LC08_L1TP_045032_20131016_20200912_02_T1,LC80450322013289LGN01,2013/10/16,T1,2, 045, 032, 045, 032,NADIR,   0.000,2020/09/12,2020/09/12,2013-10-16 18:53:03.107394,2013-10-16 18:53:34.87739,LGN,DAY,  17.64,  17.30,1285,5,    5.517,    2.837,    4.732,LPGS_15.3.1c,38.39787552,159.91149700,ACTUAL,OLI_TIRS_L2SP,OLI_TIRS,8,UTM,10,WGS84,WGS84,40°19'57.40"N,122°47'10.03"W,41°22'57.58"N,124°10'19.38"W,41°22'38.96"N,121°23'55.43"W,39°15'41.04"N,124°08'09.31"W,39°15'23.76"N,121°26'53.09"W, 40.33261,-122.78612, 41.38266,-124.17205, 41.37749,-121.39873, 39.26140,-124.13592, 39.25660,-121.44808,LC08_L2SP_045032_20131016_20200912_02_T1,LC80450322013289LGN01
LC08_L2SP_045033_20131016_20200912_02_T1,LC08_L1TP_045033_20131016_20200912_02_T1,LC80450332013289LGN01,2013/10/16,T1,2, 045, 033, 045, 033,NADIR,   0.000,2020/09/12,2020/09/12,2013-10-16 18:53:26.989959,2013-10-16 18:53:58.759955,LGN,DAY,   0.10,   0.06,1018,5,    4.559,    1.907,    4.141,LPGS_15.3.1c,39.64185286,159.08118381,ACTUAL,OLI_TIRS_L2SP,OLI_TIRS,8,UTM,10,WGS84,WGS84,38°54'15.62"N,123°13'59.56"W,39°57'12.06"N,124°35'48.55"W,39°57'32.11"N,121°52'42.17"W,37°49'35.51"N,124°32'59.60"W,37°49'54.12"N,121°54'40.86"W, 38.90434,-123.23321, 39.95335,-124.59682, 39.95892,-121.87838, 37.82653,-124.54989, 37.83170,-121.91135,LC08_L2SP_045033_20131016_20200912_02_T1,LC80450332013289LGN01
LC08_L2SP_044032_20131025_20200912_02_T1,LC08_L1TP_044032_20131025_20200912_02_T1,LC80440322013298LGN01,2013/10/25,T1,2, 044, 032, 044, 032,NADIR,   0.000,2020/09/12,2020/09/12,2013-10-25 18:46:46.202432,2013-10-25 18:47:17.972428,LGN,DAY,   0.05,   0.05,950,5,    7.439,    3.840,    6.371,LPGS_15.3.1c,35.40024391,161.35258804,ACTUAL,OLI_TIRS_L2SP,OLI_TIRS,8,UTM,10,WGS84,WGS84,40°19'57.97"N,121°13'43.39"W,41°23'25.91"N,122°34'18.44"W,41°20'51.79"N,119°49'57.18"W,39°17'25.91"N,122°35'05.50"W,39°15'02.74"N,119°55'44.72"W, 40.33277,-121.22872, 41.39053,-122.57179, 41.34772,-119.83255, 39.29053,-122.58486, 39.25076,-119.92909,LC08_L2SP_044032_20131025_20200912_02_T1,LC80440322013298LGN01
LC08_L2SP_044033_20131025_20200912_02_T1,LC08_L1TP_044033_20131025_20200912_02_T1,LC80440332013298LGN01,2013/10/25,T1,2, 044, 033, 044, 033,NADIR,   0.000,2020/09/12,2020/09/12,2013-10-25 18:47:10.084997,2013-10-25 18:47:41.854993,LGN,DAY,   0.12,   0.12,1350,5,    5.807,    2.871,    5.047,LPGS_15.3.1c,36.66335007,160.60827246,ACTUAL,OLI_TIRS_L2SP,OLI_TIRS,8,UTM,10,WGS84,WGS84,38°54'15.88"N,121°40'32.66"W,39°57'32.18"N,123°00'08.42"W,39°55'40.08"N,120°18'47.56"W,37°51'10.62"N,123°00'08.17"W,37°49'26.58"N,120°23'28.79"W, 38.90441,-121.67574, 39.95894,-123.00234, 39.92780,-120.31321, 37.85295,-123.00227, 37.82405,-120.39133,LC08_L2SP_044033_20131025_20200912_02_T1,LC80440332013298LGN01
LC08_L2SP_045032_20131101_20200912_02_T1,LC08_L1TP_045032_20131101_20200912_02_T1,LC80450322013305LGN01,2013/11/01,T1,2, 045, 032, 045, 032,NADIR,   0.000,2020/09/12,2020/09/12,2013-11-01 18:52:56.143864,2013-11-01 18:53:27.91386,LGN,DAY,   0.05,   0.25,1288,5,    6.005,    3.073,    5.160,LPGS_15.3.1c,33.18193196,162.15768070,ACTUAL,OLI_TIRS_L2SP,OLI_TIRS,8,UTM,10,WGS84,WGS84,40°19'57.76"N,122°46'41.63"W,41°22'57.97"N,124°09'40.64"W,41°22'38.42"N,121°23'16.69"W,39°15'41.40"N,124°07'31.76"W,39°15'23.26"N,121°26'15.54"W, 40.33271,-122.77823, 41.38277,-124.16129, 41.37734,-121.38797, 39.26150,-124.12549, 39.25646,-121.43765,LC08_L2SP_045032_20131101_20200912_02_T1,LC80450322013305LGN01
LC08_L2SP_045033_20131101_20200912_02_T1,LC08_L1TP_045033_20131101_20200912_02_T1,LC80450332013305LGN01,2013/11/01,T1,2, 045, 033, 045, 033,NADIR,   0.000,2020/09/12,2020/09/12,2013-11-01 18:53:20.030665,2013-11-01 18:53:51.800661,LGN,DAY,   0.04,  13.43,1028,5,    4.958,    2.272,    4.407,LPGS_15.3.1c,34.45556546,161.46688393,ACTUAL,OLI_TIRS_L2SP,OLI_TIRS,8,UTM,10,WGS84,WGS84,38°54'14.76"N,123°13'31.12"W,39°57'12.38"N,124°35'23.28"W,39°57'31.86"N,121°52'16.86"W,37°49'35.83"N,124°32'35.05"W,37°49'53.87"N,121°54'16.31"W, 38.90410,-123.22531, 39.95344,-124.58980, 39.95885,-121.87135, 37.82662,-124.54307, 37.83163,-121.90453,LC08_L2SP_045033_20131101_20200912_02_T1,LC80450332013305LGN01
LC08_L2SP_044032_20131110_20200912_02_T1,LC08_L1TP_044032_20131110_20200912_02_T1,LC80440322013314LGN01,2013/11/10,T1,2, 044, 032, 044, 032,NADIR,   0.000,2020/09/12,2020/09/12,2013-11-10 18:46:45.279404,2013-11-10 18:47:17.0494,LGN,DAY,   4.87,   4.87,861,5,    7.861,    3.744,    6.912,LPGS_15.3.1c,30.55088852,162.78551588,ACTUAL,OLI_TIRS_L2SP,OLI_TIRS,8,UTM,10,WGS84,WGS84,40°19'57.76"N,121°14'53.84"W,41°23'26.20"N,122°35'35.95"W,41°20'53.56"N,119°51'01.62"W,39°17'26.16"N,122°36'20.66"W,39°15'04.39"N,119°56'47.22"W, 40.33271,-121.24829, 41.39061,-122.59332, 41.34821,-119.85045, 39.29060,-122.60574, 39.25122,-119.94645,LC08_L2SP_044032_20131110_20200912_02_T1,LC80440322013314LGN01
LC08_L2SP_044033_20131110_20200912_02_T1,LC08_L1TP_044033_20131110_20200912_02_T1,LC80440332013314LGN01,2013/11/10,T1,2, 044, 033, 044, 033,NADIR,   0.000,2020/09/12,2020/09/12,2013-11-10 18:47:09.161969,2013-11-10 18:47:40.931965,LGN,DAY,   0.22,   0.22,1302,5,    6.355,    3.159,    5.515,LPGS_15.3.1c,31.83222490,162.14890844,ACTUAL,OLI_TIRS_L2SP,OLI_TIRS,8,UTM,10,WGS84,WGS84,38°54'15.73"N,121°41'42.79"W,39°57'32.18"N,123°01'11.64"W,39°55'41.81"N,120°20'03.30"W,37°51'10.62"N,123°01'09.55"W,37°49'28.20"N,120°24'42.34"W, 38.90437,-121.69522, 39.95894,-123.01990, 39.92828,-120.33425, 37.85295,-123.01932, 37.82450,-120.41176,LC08_L2SP_044033_20131110_20200912_02_T1,LC80440332013314LGN01
LC08_L2SP_045032_20131117_20200912_02_T1,LC08_L1TP_045032_20131117_20200912_02_T1,LC80450322013321LGN02,2013/11/17,T1,2, 045, 032, 045, 032,NADIR,   0.000,2020/09/12,2020/09/12,2013-11-17 18:52:51.988606,2013-11-17 18:53:23.758602,LGN,DAY,   2.96,   2.91,1158,5,    6.893,    3.509,    5.933,LPGS_15.3.1c,28.72500838,162.98071966,ACTUAL,OLI_TIRS_L2SP,OLI_TIRS,8,UTM,10,WGS84,WGS84,40°19'57.86"N,122°47'09.92"W,41°22'57.72"N,124°10'06.49"W,41°22'38.96"N,121°23'55.43"W,39°15'41.15"N,124°07'56.82"W,39°15'23.76"N,121°26'53.09"W, 40.33274,-122.78609, 41.38270,-124.16847, 41.37749,-121.39873, 39.26143,-124.13245, 39.25660,-121.44808,LC08_L2SP_045032_20131117_20200912_02_T1,LC80450322013321LGN02
LC08_L2SP_045033_20131117_20200912_02_T1,LC08_L1TP_045033_20131117_20200912_02_T1,LC80450332013321LGN02,2013/11/17,T1,2, 045, 033, 045, 033,NADIR,   0.000,2020/09/12,2020/09/12,2013-11-17 18:53:15.875407,2013-11-17 18:53:47.645403,LGN,DAY,   5.82,   5.17,852,5,    6.147,    2.821,    5.461,LPGS_15.3.1c,30.00903415,162.37597037,ACTUAL,OLI_TIRS_L2SP,OLI_TIRS,8,UTM,10,WGS84,WGS84,38°54'15.16"N,123°13'59.09"W,39°57'12.06"N,124°35'48.55"W,39°57'32.11"N,121°52'42.17"W,37°49'35.51"N,124°32'59.60"W,37°49'54.12"N,121°54'40.86"W, 38.90421,-123.23308, 39.95335,-124.59682, 39.95892,-121.87838, 37.82653,-124.54989, 37.83170,-121.91135,LC08_L2SP_045033_20131117_20200912_02_T1,LC80450332013321LGN02
LC08_L2SP_044033_20131126_20200912_02_T1,LC08_L1TP_044033_20131126_20200912_02_T1,LC80440332013330LGN01,2013/11/26,T1,2, 044, 033, 044, 033,NADIR,   0.000,2020/09/12,2020/09/12,2013-11-26 18:47:01.452628,2013-11-26 18:47:33.222624,LGN,DAY,  52.80,  52.83,1235,5,    6.879,    3.666,    5.820,LPGS_15.3.1c,28.01131055,162.29185916,ACTUAL,OLI_TIRS_L2SP,OLI_TIRS,8,UTM,10,WGS84,WGS84,38°54'16.34"N,121°41'22.70"W,39°57'32.18"N,123°00'59"W,39°55'41.23"N,120°19'38.06"W,37°51'10.62"N,123°00'57.28"W,37°49'27.66"N,120°24'17.82"W, 38.90454,-121.68964, 39.95894,-123.01639, 39.92812,-120.32724, 37.85295,-123.01591, 37.82435,-120.40495,LC08_L2SP_044033_20131126_20200912_02_T1,LC80440332013330LGN01
LC08_L2SP_045032_20131203_20200912_02_T1,LC08_L1TP_045032_20131203_20200912_02_T1,LC80450322013337LGN01,2013/12/03,T1,2, 045, 032, 045, 032,NADIR,   0.000,2020/09/12,2020/09/12,2013-12-03 18:52:49.278153,2013-12-03 18:53:21.048149,LGN,DAY,   2.78,   2.73,1127,5,    7.508,    3.976,    6.369,LPGS_15.3.1c,25.48959096,162.52079217,ACTUAL,OLI_TIRS_L2SP,OLI_TIRS,8,UTM,10,WGS84,WGS84,40°19'58.26"N,122°48'13.03"W,41°22'56.93"N,124°11'23.96"W,41°22'39.68"N,121°24'47.09"W,39°15'40.43"N,124°09'11.92"W,39°15'24.41"N,121°27'43.13"W, 40.33285,-122.80362, 41.38248,-124.18999, 41.37769,-121.41308, 39.26123,-124.15331, 39.25678,-121.46198,LC08_L2SP_045032_20131203_20200912_02_T1,LC80450322013337LGN01
LC08_L2SP_045033_20131203_20200912_02_T1,LC08_L1TP_045033_20131203_20200912_02_T1,LC80450332013337LGN01,2013/12/03,T1,2, 045, 033, 045, 033,NADIR,   0.000,2020/09/12,2020/09/12,2013-12-03 18:53:13.164954,2013-12-03 18:53:44.93495,LGN,DAY,  25.90,  23.99,660,5,    6.585,    3.356,    5.666,LPGS_15.3.1c,26.76831471,161.96048096,ACTUAL,OLI_TIRS_L2SP,OLI_TIRS,8,UTM,10,WGS84,WGS84,38°54'15.98"N,123°15'01.84"W,39°57'11.16"N,124°36'51.73"W,39°57'32.72"N,121°53'45.35"W,37°49'34.68"N,124°34'00.95"W,37°49'54.66"N,121°55'42.20"W, 38.90444,-123.25051, 39.95310,-124.61437, 39.95909,-121.89593, 37.82630,-124.56693, 37.83185,-121.92839,LC08_L2SP_045033_20131203_20200912_02_T1,LC80450332013337LGN01
LC08_L2SP_044032_20131212_20200912_02_T1,LC08_L1TP_044032_20131212_20200912_02_T1,LC80440322013346LGN01,2013/12/12,T1,2, 044, 032, 044, 032,NADIR,   0.000,2020/09/12,2020/09/12,2013-12-12 18:46:35.282685,2013-12-12 18:47:07.052681,LGN,DAY,   7.97,   7.97,568,5,    8.801,    4.884,    7.321,LPGS_15.3.1c,24.35642310,161.79195574,ACTUAL,OLI_TIRS_L2SP,OLI_TIRS,8,UTM,10,WGS84,WGS84,40°19'58.12"N,121°15'47.56"W,41°23'26.38"N,122°36'27.61"W,41°20'54.96"N,119°51'53.17"W,39°17'16.62"N,122°37'10.81"W,39°14'55.97"N,119°57'37.62"W, 40.33281,-121.26321, 41.39066,-122.60767, 41.34860,-119.86477, 39.28795,-122.61967, 39.24888,-119.96045,LC08_L2SP_044032_20131212_20200912_02_T1,LC80440322013346LGN01
LC08_L2SP_044033_20131212_20200912_02_T1,LC08_L1TP_044033_20131212_20200912_02_T1,LC80440332013346LGN01,2013/12/12,T1,2, 044, 033, 044, 033,NADIR,   0.000,2020/09/12,2020/09/12,2013-12-12 18:46:59.169486,2013-12-12 18:47:30.939482,LGN,DAY,   0.25,   0.25,1065,5,    7.269,    3.895,    6.138,LPGS_15.3.1c,25.62630394,161.24105992,ACTUAL,OLI_TIRS_L2SP,OLI_TIRS,8,UTM,10,WGS84,WGS84,38°54'16.02"N,121°42'36.11"W,39°57'32.15"N,123°02'14.89"W,39°55'43"N,120°20'53.81"W,37°51'10.62"N,123°02'10.97"W,37°49'29.28"N,120°25'31.40"W, 38.90445,-121.71003, 39.95893,-123.03747, 39.92861,-120.34828, 37.85295,-123.03638, 37.82480,-120.42539,LC08_L2SP_044033_20131212_20200912_02_T1,LC80440332013346LGN01
LC08_L2SP_045032_20131219_20200912_02_T1,LC08_L1TP_045032_20131219_20200912_02_T1,LC80450322013353LGN04,2013/12/19,T1,2, 045, 032, 045, 032,NADIR,   0.000,2020/09/12,2020/09/12,2013-12-19 18:52:39.509301,2013-12-19 18:53:11.279297,LGN,DAY,   1.95,   1.91,1084,5,    7.953,    4.245,    6.726,LPGS_15.3.1c,23.86074444,161.04245971,ACTUAL,OLI_TIRS_L2SP,OLI_TIRS,8,UTM,10,WGS84,WGS84,40°19'58.48"N,122°47'45.10"W,41°22'57.18"N,124°10'58.12"W,41°22'39.32"N,121°24'21.28"W,39°15'40.68"N,124°08'46.86"W,39°15'24.08"N,121°27'18.11"W, 40.33291,-122.79586, 41.38255,-124.18281, 41.37759,-121.40591, 39.26130,-124.14635, 39.25669,-121.45503,LC08_L2SP_045032_20131219_20200912_02_T1,LC80450322013353LGN04
LC08_L2SP_045033_20131219_20200912_02_T1,LC08_L1TP_045033_20131219_20200912_02_T1,LC80450332013353LGN04,2013/12/19,T1,2, 045, 033, 045, 033,NADIR,   0.000,2020/09/12,2020/09/12,2013-12-19 18:53:03.396102,2013-12-19 18:53:35.166098,LGN,DAY,   0.49,   0.32,895,5,    7.056,    3.363,    6.203,LPGS_15.3.1c,25.12130393,160.49160027,ACTUAL,OLI_TIRS_L2SP,OLI_TIRS,8,UTM,10,WGS84,WGS84,38°54'16.42"N,123°14'33.25"W,39°57'11.52"N,124°36'26.46"W,39°57'32.47"N,121°53'20.08"W,37°49'35"N,124°33'36.40"W,37°49'54.44"N,121°55'17.69"W, 38.90456,-123.24257, 39.95320,-124.60735, 39.95902,-121.88891, 37.82639,-124.56011, 37.83179,-121.92158,LC08_L2SP_045033_20131219_20200912_02_T1,LC80450332013353LGN04
LC08_L2SP_044032_20131228_20200912_02_T1,LC08_L1TP_044032_20131228_20200912_02_T1,LC80440322013362LGN01,2013/12/28,T1,2, 044, 032, 044, 032,NADIR,   0.000,2020/09/12,2020/09/12,2013-12-28 18:46:26.466895,2013-12-28 18:46:58.236891,LGN,DAY,   2.74,   2.74,730,5,    9.044,    4.843,    7.638,LPGS_15.3.1c,23.74669118,159.89608143,ACTUAL,OLI_TIRS_L2SP,OLI_TIRS,8,UTM,10,WGS84,WGS84,40°19'57.29"N,121°15'39.74"W,41°23'26.38"N,122°36'27.61"W,41°20'54.96"N,119°51'53.17"W,39°17'16.62"N,122°37'10.81"W,39°14'55.97"N,119°57'37.62"W, 40.33258,-121.26104, 41.39066,-122.60767, 41.34860,-119.86477, 39.28795,-122.61967, 39.24888,-119.96045,LC08_L2SP_044032_20131228_20200912_02_T1,LC80440322013362LGN01
LC08_L2SP_044033_20131228_20200912_02_T1,LC08_L1TP_044033_20131228_20200912_02_T1,LC80440332013362LGN01,2013/12/28,T1,2, 044, 033, 044, 033,NADIR,   0.000,2020/09/12,2020/09/12,2013-12-28 18:46:50.353696,2013-12-28 18:47:22.123692,LGN,DAY,   0.46,   0.46,1171,5,    7.646,    3.902,    6.575,LPGS_15.3.1c,24.99245743,159.33568265,ACTUAL,OLI_TIRS_L2SP,OLI_TIRS,8,UTM,10,WGS84,WGS84,38°54'15.37"N,121°42'27.86"W,39°57'32.18"N,123°02'02.22"W,39°55'42.67"N,120°20'41.17"W,37°51'10.62"N,123°01'58.66"W,37°49'29.03"N,120°25'19.13"W, 38.90427,-121.70774, 39.95894,-123.03395, 39.92852,-120.34477, 37.85295,-123.03296, 37.82473,-120.42198,LC08_L2SP_044033_20131228_20200912_02_T1,LC80440332013362LGN01
LC08_L2SP_045032_20140104_20200912_02_T1,LC08_L1TP_045032_20140104_20200912_02_T1,LC80450322014004LGN01,2014/01/04,T1,2, 045, 032, 045, 032,NADIR,   0.000,2020/09/12,2020/09/12,2014-01-04 18:52:32.891776,2014-01-04 18:53:04.661772,LGN,DAY,   1.33,   1.34,1109,5,    7.887,    4.431,    6.524,LPGS_15.3.1c,24.07089370,158.89814510,ACTUAL,OLI_TIRS_L2SP,OLI_TIRS,8,UTM,10,WGS84,WGS84,40°19'57.97"N,122°48'20.41"W,41°22'56.93"N,124°11'23.96"W,41°22'39.83"N,121°24'59.98"W,39°15'40.43"N,124°09'11.92"W,39°15'24.59"N,121°27'55.66"W, 40.33277,-122.80567, 41.38248,-124.18999, 41.37773,-121.41666, 39.26123,-124.15331, 39.25683,-121.46546,LC08_L2SP_045032_20140104_20200912_02_T1,LC80450322014004LGN01
LC08_L2SP_045033_20140104_20200912_02_T1,LC08_L1TP_045033_20140104_20200912_02_T1,LC80450332014004LGN01,2014/01/04,T1,2, 045, 033, 045, 033,NADIR,   0.000,2020/09/12,2020/09/12,2014-01-04 18:52:56.778577,2014-01-04 18:53:28.548573,LGN,DAY,   0.27,  22.93,907,5,    6.966,    3.707,    5.897,LPGS_15.3.1c,25.30338614,158.32282665,ACTUAL,OLI_TIRS_L2SP,OLI_TIRS,8,UTM,10,WGS84,WGS84,38°54'16.02"N,123°15'08.17"W,39°57'11.02"N,124°37'04.40"W,39°57'32.72"N,121°53'45.35"W,37°49'34.54"N,124°34'13.19"W,37°49'54.66"N,121°55'42.20"W, 38.90445,-123.25227, 39.95306,-124.61789, 39.95909,-121.89593, 37.82626,-124.57033, 37.83185,-121.92839,LC08_L2SP_045033_20140104_20200912_02_T1,LC80450332014004LGN01
LC08_L2SP_044032_20140113_20200912_02_T1,LC08_L1TP_044032_20140113_20200912_02_T1,LC80440322014013LGN01,2014/01/13,T1,2, 044, 032, 044, 032,NADIR,   0.000,2020/09/12,2020/09/12,2014-01-13 18:46:12.199001,2014-01-13 18:46:43.968997,LGN,DAY,  12.58,  12.58,710,5,    8.964,    5.101,    7.371,LPGS_15.3.1c,25.01581647,157.55022989,ACTUAL,OLI_TIRS_L2SP,OLI_TIRS,8,UTM,10,WGS84,WGS84,40°19'57.65"N,121°14'25.12"W,41°23'26.12"N,122°35'10.10"W,41°20'52.84"N,119°50'35.84"W,39°17'26.09"N,122°35'55.61"W,39°15'03.71"N,119°56'22.20"W, 40.33268,-121.24031, 41.39059,-122.58614, 41.34801,-119.84329, 39.29058,-122.59878, 39.25103,-119.93950,LC08_L2SP_044032_20140113_20200912_02_T1,LC80440322014013LGN01
LC08_L2SP_044033_20140113_20200912_02_T1,LC08_L1TP_044033_20140113_20200912_02_T1,LC80440332014013LGN01,2014/01/13,T1,2, 044, 033, 044, 033,NADIR,   0.000,2020/09/12,2020/09/12,2014-01-13 18:46:36.081566,2014-01-13 18:47:07.851562,LGN,DAY,   0.30,   0.30,1197,5,    7.692,    4.104,    6.506,LPGS_15.3.1c,26.22948292,156.94567832,ACTUAL,OLI_TIRS_L2SP,OLI_TIRS,8,UTM,10,WGS84,WGS84,38°54'16.49"N,121°41'12.73"W,39°57'32.18"N,123°00'46.37"W,39°55'40.94"N,120°19'25.43"W,37°51'20.38"N,123°00'45"W,37°49'37.13"N,120°24'05.22"W, 38.90458,-121.68687, 39.95894,-123.01288, 39.92804,-120.32373, 37.85566,-123.01250, 37.82698,-120.40145,LC08_L2SP_044033_20140113_20200912_02_T1,LC80440332014013LGN01
LC08_L2SP_045032_20140120_20200912_02_T1,LC08_L1TP_045032_20140120_20200912_02_T1,LC80450322014020LGN01,2014/01/20,T1,2, 045, 032, 045, 032,NADIR,   0.000,2020/09/12,2020/09/12,2014-01-20 18:52:20.424291,2014-01-20 18:52:52.194286,LGN,DAY,   0.54,   0.53,1159,5,    7.577,    4.291,    6.244,LPGS_15.3.1c,26.14563158,156.47820128,ACTUAL,OLI_TIRS_L2SP,OLI_TIRS,8,UTM,10,WGS84,WGS84,40°19'57.32"N,122°47'42.07"W,41°22'57.32"N,124°10'45.23"W,41°22'39.32"N,121°24'21.28"W,39°15'40.79"N,124°08'34.37"W,39°15'24.08"N,121°27'18.11"W, 40.33259,-122.79502, 41.38259,-124.17923, 41.37759,-121.40591, 39.26133,-124.14288, 39.25669,-121.45503,LC08_L2SP_045032_20140120_20200912_02_T1,LC80450322014020LGN01
LC08_L2SP_045033_20140120_20200912_02_T1,LC08_L1TP_045033_20140120_20200912_02_T1,LC80450332014020LGN01,2014/01/20,T1,2, 045, 033, 045, 033,NADIR,   0.000,2020/09/12,2020/09/12,2014-01-20 18:52:44.311091,2014-01-20 18:53:16.081087,LGN,DAY,   1.60,  10.74,932,5,    6.897,    3.623,    5.869,LPGS_15.3.1c,27.34425378,155.84266415,ACTUAL,OLI_TIRS_L2SP,OLI_TIRS,8,UTM,10,WGS84,WGS84,38°54'14.94"N,123°14'29.54"W,39°57'01.98"N,124°36'13.61"W,39°57'22.64"N,121°53'07.58"W,37°49'35.18"N,124°33'24.12"W,37°49'54.34"N,121°55'05.41"W, 38.90415,-123.24154, 39.95055,-124.60378, 39.95629,-121.88544, 37.82644,-124.55670, 37.83176,-121.91817,LC08_L2SP_045033_20140120_20200912_02_T1,LC80450332014020LGN01
LC08_L2SP_045032_20140205_20200912_02_T1,LC08_L1TP_045032_20140205_20200912_02_T1,LC80450322014036LGN01,2014/02/05,T1,2, 045, 032, 045, 032,NADIR,   0.000,2020/09/12,2020/09/12,2014-02-05 18:52:11.922542,2014-02-05 18:52:43.692539,LGN,DAY,  22.88,  24.51,1214,5,    7.096,    4.056,    5.822,LPGS_15.3.1c,29.89370793,154.07892600,ACTUAL,OLI_TIRS_L2SP,OLI_TIRS,8,UTM,10,WGS84,WGS84,40°19'57.79"N,122°48'20.38"W,41°22'56.93"N,124°11'23.96"W,41°22'39.83"N,121°24'59.98"W,39°15'40.43"N,124°09'11.92"W,39°15'24.59"N,121°27'55.66"W, 40.33272,-122.80566, 41.38248,-124.18999, 41.37773,-121.41666, 39.26123,-124.15331, 39.25683,-121.46546,LC08_L2SP_045032_20140205_20200912_02_T1,LC80450322014036LGN01
LC08_L2SP_045032_20140221_20200911_02_T1,LC08_L1TP_045032_20140221_20200911_02_T1,LC80450322014052LGN01,2014/02/21,T1,2, 045, 032, 045, 032,NADIR,   0.000,2020/09/11,2020/09/11,2014-02-21 18:51:58.746595,2014-02-21 18:52:30.516591,LGN,DAY,   3.67,   3.59,1203,5,    6.393,    3.761,    5.170,LPGS_15.3.1c,34.95310936,151.87446773,ACTUAL,OLI_TIRS_L2SP,OLI_TIRS,8,UTM,10,WGS84,WGS84,40°19'57.18"N,122°48'07.27"W,41°22'57.04"N,124°11'11.04"W,41°22'39.68"N,121°24'47.09"W,39°15'40.54"N,124°08'59.39"W,39°15'24.41"N,121°27'43.13"W, 40.33255,-122.80202, 41.38251,-124.18640, 41.37769,-121.41308, 39.26126,-124.14983, 39.25678,-121.46198,LC08_L2SP_045032_20140221_20200911_02_T1,LC80450322014052LGN01
LC08_L2SP_045033_20140221_20200911_02_T1,LC08_L1TP_045033_20140221_20200911_02_T1,LC80450332014052LGN01,2014/02/21,T1,2, 045, 033, 045, 033,NADIR,   0.000,2020/09/11,2020/09/11,2014-02-21 18:52:22.620688,2014-02-21 18:52:54.390684,LGN,DAY,   0.01,   0.01,980,5,    5.678,    3.221,    4.676,LPGS_15.3.1c,36.07977402,150.99861076,ACTUAL,OLI_TIRS_L2SP,OLI_TIRS,8,UTM,10,WGS84,WGS84,38°54'16.49"N,123°14'53.23"W,39°57'11.34"N,124°36'39.10"W,39°57'32.72"N,121°53'45.35"W,37°49'34.86"N,124°33'48.67"W,37°49'54.66"N,121°55'42.20"W, 38.90458,-123.24812, 39.95315,-124.61086, 39.95909,-121.89593, 37.82635,-124.56352, 37.83185,-121.92839,LC08_L2SP_045033_20140221_20200911_02_T1,LC80450332014052LGN01
LC08_L2SP_044032_20140318_20200911_02_T1,LC08_L1TP_044032_20140318_20200911_02_T1,LC80440322014077LGN01,2014/03/18,T1,2, 044, 032, 044, 032,NADIR,   0.000,2020/09/11,2020/09/11,2014-03-18 18:45:28.39498,2014-03-18 18:46:00.164976,LGN,DAY,   0.33,   0.33,1021,5,    6.286,    3.776,    5.025,LPGS_15.3.1c,44.34506905,148.67908061,ACTUAL,OLI_TIRS_L2SP,OLI_TIRS,8,UTM,10,WGS84,WGS84,40°19'58.19"N,121°15'53.82"W,41°23'26.41"N,122°36'40.54"W,41°20'55.32"N,119°52'06.10"W,39°17'26.38"N,122°37'23.27"W,39°15'06.01"N,119°57'49.72"W, 40.33283,-121.26495, 41.39067,-122.61126, 41.34870,-119.86836, 39.29066,-122.62313, 39.25167,-119.96381,LC08_L2SP_044032_20140318_20200911_02_T1,LC80440322014077LGN01
LC08_L2SP_044033_20140318_20200911_02_T1,LC08_L1TP_044033_20140318_20200911_02_T1,LC80440332014077LGN01,2014/03/18,T1,2, 044, 033, 044, 033,NADIR,   0.000,2020/09/11,2020/09/11,2014-03-18 18:45:52.277545,2014-03-18 18:46:24.047541,LGN,DAY,   0.31,   0.31,1268,5,    5.836,    3.667,    4.540,LPGS_15.3.1c,45.41652774,147.48017014,ACTUAL,OLI_TIRS_L2SP,OLI_TIRS,8,UTM,10,WGS84,WGS84,38°54'15.95"N,121°42'39.60"W,39°57'32.15"N,123°02'14.89"W,39°55'43"N,120°20'53.81"W,37°51'10.62"N,123°02'10.97"W,37°49'29.28"N,120°25'31.40"W, 38.90443,-121.71100, 39.95893,-123.03747, 39.92861,-120.34828, 37.85295,-123.03638, 37.82480,-120.42539,LC08_L2SP_044033_20140318_20200911_02_T1,LC80440332014077LGN01
LC08_L2SP_045032_20140410_20200911_02_T1,LC08_L1TP_045032_20140410_20200911_02_T1,LC80450322014100LGN01,2014/04/10,T1,2, 045, 032, 045, 032,NADIR,   0.000,2020/09/11,2020/09/11,2014-04-10 18:51:16.490554,2014-04-10 18:51:48.26055,LGN,DAY,   0.64,   1.39,1276,5,    4.242,    2.723,    3.252,LPGS_15.3.1c,53.08808128,145.24706252,ACTUAL,OLI_TIRS_L2SP,OLI_TIRS,8,UTM,10,WGS84,WGS84,40°19'57.83"N,122°48'20.27"W,41°22'56.93"N,124°11'23.96"W,41°22'39.83"N,121°24'59.98"W,39°15'40.43"N,124°09'11.92"W,39°15'24.59"N,121°27'55.66"W, 40.33273,-122.80563, 41.38248,-124.18999, 41.37773,-121.41666, 39.26123,-124.15331, 39.25683,-121.46546,LC08_L2SP_045032_20140410_20200911_02_T1,LC80450322014100LGN01
LC08_L2SP_045033_20140410_20200911_02_T1,LC08_L1TP_045033_20140410_20200911_02_T1,LC80450332014100LGN01,2014/04/10,T1,2, 045, 033, 045, 033,NADIR,   0.000,2020/09/11,2020/09/11,2014-04-10 18:51:40.377355,2014-04-10 18:52:12.147351,LGN,DAY,   1.90,  38.05,925,5,    4.125,    2.905,    2.929,LPGS_15.3.1c,54.09499713,143.60454681,ACTUAL,OLI_TIRS_L2SP,OLI_TIRS,8,UTM,10,WGS84,WGS84,38°54'14.90"N,123°15'06.01"W,39°57'01.44"N,124°36'51.52"W,39°57'23"N,121°53'45.53"W,37°49'34.68"N,124°34'00.95"W,37°49'54.66"N,121°55'42.20"W, 38.90414,-123.25167, 39.95040,-124.61431, 39.95639,-121.89598, 37.82630,-124.56693, 37.83185,-121.92839,LC08_L2SP_045033_20140410_20200911_02_T1,LC80450332014100LGN01
LC08_L2SP_044032_20140419_20200911_02_T1,LC08_L1TP_044032_20140419_20200911_02_T1,LC80440322014109LGN01,2014/04/19,T1,2, 044, 032, 044, 032,NADIR,   0.000,2020/09/11,2020/09/11,2014-04-19 18:44:55.577423,2014-04-19 18:45:27.34742,LGN,DAY,   3.27,   3.27,1013,5,    5.475,    3.688,    4.047,LPGS_15.3.1c,56.18120200,143.51860314,ACTUAL,OLI_TIRS_L2SP,OLI_TIRS,8,UTM,10,WGS84,WGS84,40°19'58.48"N,121°15'25.31"W,41°23'26.30"N,122°36'01.76"W,41°20'54.60"N,119°51'40.28"W,39°17'26.27"N,122°36'45.68"W,39°15'05.36"N,119°57'24.70"W, 40.33291,-121.25703, 41.39064,-122.60049, 41.34850,-119.86119, 39.29063,-122.61269, 39.25149,-119.95686,LC08_L2SP_044032_20140419_20200911_02_T1,LC80440322014109LGN01
LC08_L2SP_044033_20140419_20200911_02_T1,LC08_L1TP_044033_20140419_20200911_02_T1,LC80440332014109LGN01,2014/04/19,T1,2, 044, 033, 044, 033,NADIR,   0.000,2020/09/11,2020/09/11,2014-04-19 18:45:19.464224,2014-04-19 18:45:51.234221,LGN,DAY,   3.65,   3.65,1209,5,    5.505,    3.817,    3.967,LPGS_15.3.1c,57.15397702,141.65556012,ACTUAL,OLI_TIRS_L2SP,OLI_TIRS,8,UTM,10,WGS84,WGS84,38°54'15.84"N,121°42'10.58"W,39°57'32.18"N,123°01'49.58"W,39°55'42.38"N,120°20'28.57"W,37°51'10.62"N,123°01'46.38"W,37°49'28.74"N,120°25'06.89"W, 38.90440,-121.70294, 39.95894,-123.03044, 39.92844,-120.34127, 37.85295,-123.02955, 37.82465,-120.41858,LC08_L2SP_044033_20140419_20200911_02_T1,LC80440332014109LGN01
LC08_L2SP_044032_20140505_20200911_02_T1,LC08_L1TP_044032_20140505_20200911_02_T1,LC80440322014125LGN01,2014/05/05,T1,2, 044, 032, 044, 032,NADIR,   0.000,2020/09/11,2020/09/11,2014-05-05 18:44:39.137273,2014-05-05 18:45:10.907269,LGN,DAY,  45.72,  45.72,409,5,    6.234,    4.516,    4.297,LPGS_15.3.1c,60.84137433,139.65227798,ACTUAL,OLI_TIRS_L2SP,OLI_TIRS,8,UTM,10,WGS84,WGS84,40°19'57.94"N,121°15'24.26"W,41°23'26.30"N,122°36'01.76"W,41°20'54.60"N,119°51'40.28"W,39°17'26.27"N,122°36'45.68"W,39°15'05.36"N,119°57'24.70"W, 40.33276,-121.25674, 41.39064,-122.60049, 41.34850,-119.86119, 39.29063,-122.61269, 39.25149,-119.95686,LC08_L2SP_044032_20140505_20200911_02_T1,LC80440322014125LGN01
LC08_L2SP_044033_20140505_20200911_02_T1,LC08_L1TP_044033_20140505_20200911_02_T1,LC80440332014125LGN01,2014/05/05,T1,2, 044, 033, 044, 033,NADIR,   0.000,2020/09/11,2020/09/11,2014-05-05 18:45:03.019838,2014-05-05 18:45:34.789834,LGN,DAY,  26.02,  26.00,633,5,    6.449,    4.673,    4.445,LPGS_15.3.1c,61.73457087,137.33836057,ACTUAL,OLI_TIRS_L2SP,OLI_TIRS,8,UTM,10,WGS84,WGS84,38°54'15.95"N,121°42'09.04"W,39°57'32.18"N,123°01'36.95"W,39°55'42.38"N,120°20'28.57"W,37°51'20.34"N,123°01'34.14"W,37°49'38.46"N,120°25'06.53"W, 38.90443,-121.70251, 39.95894,-123.02693, 39.92844,-120.34127, 37.85565,-123.02615, 37.82735,-120.41848,LC08_L2SP_044033_20140505_20200911_02_T1,LC80440332014125LGN01
LC08_L2SP_045032_20140512_20200911_02_T1,LC08_L1TP_045032_20140512_20200911_02_T1,LC80450322014132LGN01,2014/05/12,T1,2, 045, 032, 045, 032,NADIR,   0.000,2020/09/11,2020/09/11,2014-05-12 18:50:46.674119,2014-05-12 18:51:18.444115,LGN,DAY,   0.18,   0.17,1360,5,    3.550,    2.671,    2.338,LPGS_15.3.1c,62.45349185,137.66995974,ACTUAL,OLI_TIRS_L2SP,OLI_TIRS,8,UTM,10,WGS84,WGS84,40°19'57.90"N,122°49'04.76"W,41°22'56.39"N,124°12'15.62"W,41°22'40.55"N,121°25'51.64"W,39°15'39.92"N,124°10'01.96"W,39°15'25.24"N,121°28'45.70"W, 40.33275,-122.81799, 41.38233,-124.20434, 41.37793,-121.43101, 39.26109,-124.16721, 39.25701,-121.47936,LC08_L2SP_045032_20140512_20200911_02_T1,LC80450322014132LGN01
LC08_L2SP_045033_20140512_20200911_02_T1,LC08_L1TP_045033_20140512_20200911_02_T1,LC80450332014132LGN01,2014/05/12,T1,2, 045, 033, 045, 033,NADIR,   0.000,2020/09/11,2020/09/11,2014-05-12 18:51:10.556684,2014-05-12 18:51:42.326681,LGN,DAY,   0.07,   7.84,986,5,    3.555,    2.711,    2.300,LPGS_15.3.1c,63.30433843,135.14860414,ACTUAL,OLI_TIRS_L2SP,OLI_TIRS,8,UTM,10,WGS84,WGS84,38°54'15.95"N,123°15'49.79"W,39°57'10.48"N,124°37'42.31"W,39°57'33.19"N,121°54'35.93"W,37°49'34.03"N,124°34'50.02"W,37°49'55.13"N,121°56'31.31"W, 38.90443,-123.26383, 39.95291,-124.62842, 39.95922,-121.90998, 37.82612,-124.58056, 37.83198,-121.94203,LC08_L2SP_045033_20140512_20200911_02_T1,LC80450332014132LGN01
LC08_L2SP_044032_20140521_20200911_02_T1,LC08_L1TP_044032_20140521_20200911_02_T1,LC80440322014141LGN01,2014/05/21,T1,2, 044, 032, 044, 032,NADIR,   0.000,2020/09/11,2020/09/11,2014-05-21 18:44:31.164958,2014-05-21 18:45:02.934954,LGN,DAY,  24.04,  24.04,738,5,    5.200,    3.732,    3.622,LPGS_15.3.1c,64.12247679,135.11822144,ACTUAL,OLI_TIRS_L2SP,OLI_TIRS,8,UTM,10,WGS84,WGS84,40°19'57.14"N,121°12'55.01"W,41°23'25.76"N,122°33'39.67"W,41°20'50.35"N,119°49'05.63"W,39°17'25.76"N,122°34'27.95"W,39°15'01.40"N,119°54'54.72"W, 40.33254,-121.21528, 41.39049,-122.56102, 41.34732,-119.81823, 39.29049,-122.57443, 39.25039,-119.91520,LC08_L2SP_044032_20140521_20200911_02_T1,LC80440322014141LGN01
LC08_L2SP_044033_20140521_20200911_02_T1,LC08_L1TP_044033_20140521_20200911_02_T1,LC80440332014141LGN01,2014/05/21,T1,2, 044, 033, 044, 033,NADIR,   0.000,2020/09/11,2020/09/11,2014-05-21 18:44:55.051759,2014-05-21 18:45:26.821755,LGN,DAY,   5.51,   5.50,1243,5,    4.422,    3.247,    3.003,LPGS_15.3.1c,64.91605976,132.34035022,ACTUAL,OLI_TIRS_L2SP,OLI_TIRS,8,UTM,10,WGS84,WGS84,38°54'15.44"N,121°39'47.95"W,39°57'32.18"N,122°59'17.84"W,39°55'38.89"N,120°17'57.05"W,37°51'10.62"N,122°59'19.07"W,37°49'25.50"N,120°22'39.76"W, 38.90429,-121.66332, 39.95894,-122.98829, 39.92747,-120.29918, 37.85295,-122.98863, 37.82375,-120.37771,LC08_L2SP_044033_20140521_20200911_02_T1,LC80440332014141LGN01
LC08_L2SP_045032_20140528_20200911_02_T1,LC08_L1TP_045032_20140528_20200911_02_T1,LC80450322014148LGN01,2014/05/28,T1,2, 045, 032, 045, 032,NADIR,   0.000,2020/09/11,2020/09/11,2014-05-28 18:50:45.66556,2014-05-28 18:51:17.435556,LGN,DAY,   1.61,   1.58,1330,5,    3.367,    2.304,    2.455,LPGS_15.3.1c,65.05084769,133.11713424,ACTUAL,OLI_TIRS_L2SP,OLI_TIRS,8,UTM,10,WGS84,WGS84,40°19'57.50"N,122°45'44.57"W,41°23'08.20"N,124°08'49.16"W,41°22'47.42"N,121°22'24.82"W,39°15'41.90"N,124°06'41.72"W,39°15'22.57"N,121°25'25.50"W, 40.33264,-122.76238, 41.38561,-124.14699, 41.37984,-121.37356, 39.26164,-124.11159, 39.25627,-121.42375,LC08_L2SP_045032_20140528_20200911_02_T1,LC80450322014148LGN01
LC08_L2SP_045033_20140528_20200911_02_T1,LC08_L1TP_045033_20140528_20200911_02_T1,LC80450332014148LGN01,2014/05/28,T1,2, 045, 033, 045, 033,NADIR,   0.000,2020/09/11,2020/09/11,2014-05-28 18:51:09.548125,2014-05-28 18:51:41.318121,LGN,DAY,   0.18,   0.43,1059,5,    2.893,    1.950,    2.137,LPGS_15.3.1c,65.79948566,130.17059246,ACTUAL,OLI_TIRS_L2SP,OLI_TIRS,8,UTM,10,WGS84,WGS84,38°54'16.45"N,123°12'37.33"W,39°57'13.10"N,124°34'32.74"W,39°57'31.25"N,121°51'13.64"W,37°49'36.48"N,124°31'45.98"W,37°49'53.29"N,121°53'14.96"W, 38.90457,-123.21037, 39.95364,-124.57576, 39.95868,-121.85379, 37.82680,-124.52944, 37.83147,-121.88749,LC08_L2SP_045033_20140528_20200911_02_T1,LC80450332014148LGN01
LC08_L2SP_044032_20140606_20200911_02_T1,LC08_L1TP_044032_20140606_20200911_02_T1,LC80440322014157LGN01,2014/06/06,T1,2, 044, 032, 044, 032,NADIR,   0.000,2020/09/11,2020/09/11,2014-06-06 18:44:40.585316,2014-06-06 18:45:12.355312,LGN,DAY,   0.14,   0.14,1088,5,    3.648,    2.630,    2.527,LPGS_15.3.1c,65.77716373,130.80531330,ACTUAL,OLI_TIRS_L2SP,OLI_TIRS,8,UTM,10,WGS84,WGS84,40°19'57.29"N,121°13'33.28"W,41°23'25.91"N,122°34'18.44"W,41°20'51.43"N,119°49'44.29"W,39°17'25.91"N,122°35'05.50"W,39°15'02.41"N,119°55'32.23"W, 40.33258,-121.22591, 41.39053,-122.57179, 41.34762,-119.82897, 39.29053,-122.58486, 39.25067,-119.92562,LC08_L2SP_044032_20140606_20200911_02_T1,LC80440322014157LGN01
LC08_L2SP_044033_20140606_20200911_02_T1,LC08_L1TP_044033_20140606_20200911_02_T1,LC80440332014157LGN01,2014/06/06,T1,2, 044, 033, 044, 033,NADIR,   0.000,2020/09/11,2020/09/11,2014-06-06 18:45:04.467881,2014-06-06 18:45:36.237877,LGN,DAY,   0.49,   0.49,1437,5,    3.548,    2.584,    2.431,LPGS_15.3.1c,66.47320938,127.70029014,ACTUAL,OLI_TIRS_L2SP,OLI_TIRS,8,UTM,10,WGS84,WGS84,38°54'16.20"N,121°40'25.90"W,39°57'32.18"N,122°59'55.79"W,39°55'39.79"N,120°18'34.92"W,37°51'10.62"N,122°59'55.90"W,37°49'26.33"N,120°23'16.55"W, 38.90450,-121.67386, 39.95894,-122.99883, 39.92772,-120.30970, 37.85295,-122.99886, 37.82398,-120.38793,LC08_L2SP_044033_20140606_20200911_02_T1,LC80440332014157LGN01
LC08_L2SP_045032_20140613_20200911_02_T1,LC08_L1TP_045032_20140613_20200911_02_T1,LC80450322014164LGN01,2014/06/13,T1,2, 045, 032, 045, 032,NADIR,   0.000,2020/09/11,2020/09/11,2014-06-13 18:50:54.052338,2014-06-13 18:51:25.822333,LGN,DAY,   1.99,   1.95,1308,5,    3.382,    2.430,    2.353,LPGS_15.3.1c,65.99701240,129.39396645,ACTUAL,OLI_TIRS_L2SP,OLI_TIRS,8,UTM,10,WGS84,WGS84,40°19'57.22"N,122°46'10.52"W,41°23'07.94"N,124°09'14.98"W,41°22'47.78"N,121°22'50.63"W,39°15'41.65"N,124°07'06.74"W,39°15'22.93"N,121°25'50.52"W, 40.33256,-122.76959, 41.38554,-124.15416, 41.37994,-121.38073, 39.26157,-124.11854, 39.25637,-121.43070,LC08_L2SP_045032_20140613_20200911_02_T1,LC80450322014164LGN01
LC08_L2SP_045033_20140613_20200911_02_T1,LC08_L1TP_045033_20140613_20200911_02_T1,LC80450332014164LGN01,2014/06/13,T1,2, 045, 033, 045, 033,NADIR,   0.000,2020/09/11,2020/09/11,2014-06-13 18:51:17.939138,2014-06-13 18:51:49.709134,LGN,DAY,   0.12,   0.59,1069,5,    2.898,    1.774,    2.291,LPGS_15.3.1c,66.66072580,126.22130226,ACTUAL,OLI_TIRS_L2SP,OLI_TIRS,8,UTM,10,WGS84,WGS84,38°54'15.30"N,123°13'03.61"W,39°57'12.74"N,124°34'58.01"W,39°57'31.61"N,121°51'51.59"W,37°49'36.16"N,124°32'10.54"W,37°49'53.65"N,121°53'51.79"W, 38.90425,-123.21767, 39.95354,-124.58278, 39.95878,-121.86433, 37.82671,-124.53626, 37.83157,-121.89772,LC08_L2SP_045033_20140613_20200911_02_T1,LC80450332014164LGN01
LC08_L2SP_044032_20140622_20200911_02_T1,LC08_L1TP_044032_20140622_20200911_02_T1,LC80440322014173LGN01,2014/06/22,T1,2, 044, 032, 044, 032,NADIR,   0.000,2020/09/11,2020/09/11,2014-06-22 18:44:43.876108,2014-06-22 18:45:15.646104,LGN,DAY,   8.97,   8.97,1078,5,    4.013,    2.846,    2.830,LPGS_15.3.1c,65.86753225,128.27674947,ACTUAL,OLI_TIRS_L2SP,OLI_TIRS,8,UTM,10,WGS84,WGS84,40°19'57.83"N,121°12'42.73"W,41°23'25.73"N,122°33'26.75"W,41°20'49.99"N,119°48'52.74"W,39°17'25.73"N,122°34'15.42"W,39°15'01.08"N,119°54'42.23"W, 40.33273,-121.21187, 41.39048,-122.55743, 41.34722,-119.81465, 39.29048,-122.57095, 39.25030,-119.91173,LC08_L2SP_044032_20140622_20200911_02_T1,LC80440322014173LGN01
LC08_L2SP_044033_20140622_20200911_02_T1,LC08_L1TP_044033_20140622_20200911_02_T1,LC80440332014173LGN01,2014/06/22,T1,2, 044, 033, 044, 033,NADIR,   0.000,2020/09/11,2020/09/11,2014-06-22 18:45:07.767145,2014-06-22 18:45:39.537141,LGN,DAY,   0.12,   0.12,1447,5,    3.390,    2.456,    2.338,LPGS_15.3.1c,66.50591330,125.09447909,ACTUAL,OLI_TIRS_L2SP,OLI_TIRS,8,UTM,10,WGS84,WGS84,38°54'14.94"N,121°39'36.04"W,39°57'32.18"N,122°59'05.21"W,39°55'38.60"N,120°17'44.41"W,37°51'10.62"N,122°59'06.79"W,37°49'25.21"N,120°22'27.52"W, 38.90415,-121.66001, 39.95894,-122.98478, 39.92739,-120.29567, 37.85295,-122.98522, 37.82367,-120.37431,LC08_L2SP_044033_20140622_20200911_02_T1,LC80440332014173LGN01
LC08_L2SP_045032_20140629_20200911_02_T1,LC08_L1TP_045032_20140629_20200911_02_T1,LC80450322014180LGN01,2014/06/29,T1,2, 045, 032, 045, 032,NADIR,   0.000,2020/09/11,2020/09/11,2014-06-29 18:50:56.767224,2014-06-29 18:51:28.53722,LGN,DAY,   0.07,   0.07,1377,5,    2.957,    2.043,    2.138,LPGS_15.3.1c,65.47605776,128.03970300,ACTUAL,OLI_TIRS_L2SP,OLI_TIRS,8,UTM,10,WGS84,WGS84,40°19'58.84"N,122°45'16.16"W,41°23'08.48"N,124°08'23.32"W,41°22'46.85"N,121°21'46.08"W,39°15'42.12"N,124°06'16.67"W,39°15'22.07"N,121°24'47.95"W, 40.33301,-122.75449, 41.38569,-124.13981, 41.37968,-121.36280, 39.26170,-124.10463, 39.25613,-121.41332,LC08_L2SP_045032_20140629_20200911_02_T1,LC80450322014180LGN01
LC08_L2SP_045033_20140629_20200911_02_T1,LC08_L1TP_045033_20140629_20200911_02_T1,LC80450332014180LGN01,2014/06/29,T1,2, 045, 033, 045, 033,NADIR,   0.000,2020/09/11,2020/09/11,2014-06-29 18:51:20.658261,2014-06-29 18:51:52.428257,LGN,DAY,   0.14,   0.53,1075,5,    2.733,    1.864,    1.998,LPGS_15.3.1c,66.10959908,124.90666163,ACTUAL,OLI_TIRS_L2SP,OLI_TIRS,8,UTM,10,WGS84,WGS84,38°54'16.09"N,123°12'09.14"W,39°57'13.61"N,124°33'54.79"W,39°57'31"N,121°50'48.37"W,37°49'36.95"N,124°31'09.19"W,37°49'53.08"N,121°52'50.41"W, 38.90447,-123.20254, 39.95378,-124.56522, 39.95861,-121.84677, 37.82693,-124.51922, 37.83141,-121.88067,LC08_L2SP_045033_20140629_20200911_02_T1,LC80450332014180LGN01
LC08_L2SP_044033_20140708_20200911_02_T1,LC08_L1TP_044033_20140708_20200911_02_T1,LC80440332014189LGN01,2014/07/08,T1,2, 044, 033, 044, 033,NADIR,   0.000,2020/09/11,2020/09/11,2014-07-08 18:45:15.561815,2014-07-08 18:45:47.331811,LGN,DAY,  47.84,  47.83,729,5,    4.203,    2.919,    3.024,LPGS_15.3.1c,65.29591748,125.59044561,ACTUAL,OLI_TIRS_L2SP,OLI_TIRS,8,UTM,10,WGS84,WGS84,38°54'14.94"N,121°40'02.89"W,39°57'32.18"N,122°59'30.48"W,39°55'39.18"N,120°18'09.68"W,37°51'10.62"N,122°59'31.34"W,37°49'25.75"N,120°22'52.03"W, 38.90415,-121.66747, 39.95894,-122.99180, 39.92755,-120.30269, 37.85295,-122.99204, 37.82382,-120.38112,LC08_L2SP_044033_20140708_20200911_02_T1,LC80440332014189LGN01
LC08_L2SP_045032_20140715_20200911_02_T1,LC08_L1TP_045032_20140715_20200911_02_T1,LC80450322014196LGN01,2014/07/15,T1,2, 045, 032, 045, 032,NADIR,   0.000,2020/09/11,2020/09/11,2014-07-15 18:51:04.138933,2014-07-15 18:51:35.908929,LGN,DAY,  51.69,  52.49,1124,5,    3.782,    2.761,    2.584,LPGS_15.3.1c,63.77576914,129.68254810,ACTUAL,OLI_TIRS_L2SP,OLI_TIRS,8,UTM,10,WGS84,WGS84,40°19'57.54"N,122°45'40.93"W,41°23'08.20"N,124°08'49.16"W,41°22'47.21"N,121°22'11.93"W,39°15'41.90"N,124°06'41.72"W,39°15'22.43"N,121°25'12.97"W, 40.33265,-122.76137, 41.38561,-124.14699, 41.37978,-121.36998, 39.26164,-124.11159, 39.25623,-121.42027,LC08_L2SP_045032_20140715_20200911_02_T1,LC80450322014196LGN01
LC08_L2SP_044032_20140724_20200911_02_T1,LC08_L1TP_044032_20140724_20200911_02_T1,LC80440322014205LGN01,2014/07/24,T1,2, 044, 032, 044, 032,NADIR,   0.000,2020/09/11,2020/09/11,2014-07-24 18:44:53.556901,2014-07-24 18:45:25.326897,LGN,DAY,   0.00,   0.00,1070,5,    3.715,    2.563,    2.688,LPGS_15.3.1c,62.38343702,131.78704340,ACTUAL,OLI_TIRS_L2SP,OLI_TIRS,8,UTM,10,WGS84,WGS84,40°19'57.65"N,121°12'14.80"W,41°23'25.58"N,122°32'48.01"W,41°20'49.31"N,119°48'26.96"W,39°17'25.58"N,122°33'37.84"W,39°15'00.43"N,119°54'17.24"W, 40.33268,-121.20411, 41.39044,-122.54667, 41.34703,-119.80749, 39.29044,-122.56051, 39.25012,-119.90479,LC08_L2SP_044032_20140724_20200911_02_T1,LC80440322014205LGN01
LC08_L2SP_044033_20140724_20200911_02_T1,LC08_L1TP_044033_20140724_20200911_02_T1,LC80440332014205LGN01,2014/07/24,T1,2, 044, 033, 044, 033,NADIR,   0.000,2020/09/11,2020/09/11,2014-07-24 18:45:17.447938,2014-07-24 18:45:49.217934,LGN,DAY,   0.01,   0.01,1432,5,    3.238,    2.254,    2.325,LPGS_15.3.1c,63.10620560,129.11615542,ACTUAL,OLI_TIRS_L2SP,OLI_TIRS,8,UTM,10,WGS84,WGS84,38°54'14.80"N,121°39'07.67"W,39°57'32.18"N,122°58'39.90"W,39°55'38.03"N,120°17'19.18"W,37°51'10.62"N,122°58'42.24"W,37°49'24.67"N,120°22'03"W, 38.90411,-121.65213, 39.95894,-122.97775, 39.92723,-120.28866, 37.85295,-122.97840, 37.82352,-120.36750,LC08_L2SP_044033_20140724_20200911_02_T1,LC80440332014205LGN01
LC08_L2SP_045032_20140731_20200911_02_T1,LC08_L1TP_045032_20140731_20200911_02_T1,LC80450322014212LGN01,2014/07/31,T1,2, 045, 032, 045, 032,NADIR,   0.000,2020/09/11,2020/09/11,2014-07-31 18:51:09.766473,2014-07-31 18:51:41.536469,LGN,DAY,   0.83,   2.50,1340,5,    2.884,    1.928,    2.145,LPGS_15.3.1c,61.09943118,133.87606836,ACTUAL,OLI_TIRS_L2SP,OLI_TIRS,8,UTM,10,WGS84,WGS84,40°19'58.48"N,122°45'48.10"W,41°23'08.20"N,124°08'49.16"W,41°22'47.42"N,121°22'24.82"W,39°15'41.90"N,124°06'41.72"W,39°15'22.57"N,121°25'25.50"W, 40.33291,-122.76336, 41.38561,-124.14699, 41.37984,-121.37356, 39.26164,-124.11159, 39.25627,-121.42375,LC08_L2SP_045032_20140731_20200911_02_T1,LC80450322014212LGN01
LC08_L2SP_045033_20140731_20200911_02_T1,LC08_L1TP_045033_20140731_20200911_02_T1,LC80450332014212LGN01,2014/07/31,T1,2, 045, 033, 045, 033,NADIR,   0.000,2020/09/11,2020/09/11,2014-07-31 18:51:33.65751,2014-07-31 18:52:05.427506,LGN,DAY,   7.96,  32.81,1000,5,    2.651,    1.878,    1.872,LPGS_15.3.1c,61.86961706,131.38448414,ACTUAL,OLI_TIRS_L2SP,OLI_TIRS,8,UTM,10,WGS84,WGS84,38°54'15.70"N,123°12'40.79"W,39°57'13.10"N,124°34'32.74"W,39°57'31.36"N,121°51'26.28"W,37°49'36.48"N,124°31'45.98"W,37°49'53.44"N,121°53'27.24"W, 38.90436,-123.21133, 39.95364,-124.57576, 39.95871,-121.85730, 37.82680,-124.52944, 37.83151,-121.89090,LC08_L2SP_045033_20140731_20200911_02_T1,LC80450332014212LGN01
LC08_L2SP_044032_20140809_20200911_02_T1,LC08_L1TP_044032_20140809_20200911_02_T1,LC80440322014221LGN01,2014/08/09,T1,2, 044, 032, 044, 032,NADIR,   0.000,2020/09/11,2020/09/11,2014-08-09 18:45:03.413172,2014-08-09 18:45:35.183168,LGN,DAY,   4.05,   4.05,1050,5,    4.040,    2.636,    3.062,LPGS_15.3.1c,59.21156583,136.98818507,ACTUAL,OLI_TIRS_L2SP,OLI_TIRS,8,UTM,10,WGS84,WGS84,40°19'58.15"N,121°13'31.66"W,41°23'25.91"N,122°34'18.44"W,41°20'51.43"N,119°49'44.29"W,39°17'25.91"N,122°35'05.50"W,39°15'02.41"N,119°55'32.23"W, 40.33282,-121.22546, 41.39053,-122.57179, 41.34762,-119.82897, 39.29053,-122.58486, 39.25067,-119.92562,LC08_L2SP_044032_20140809_20200911_02_T1,LC80440322014221LGN01
LC08_L2SP_044033_20140809_20200911_02_T1,LC08_L1TP_044033_20140809_20200911_02_T1,LC80440332014221LGN01,2014/08/09,T1,2, 044, 033, 044, 033,NADIR,   0.000,2020/09/11,2020/09/11,2014-08-09 18:45:27.299973,2014-08-09 18:45:59.069969,LGN,DAY,   0.11,   0.12,1445,5,    3.393,    2.224,    2.563,LPGS_15.3.1c,60.04988730,134.73979011,ACTUAL,OLI_TIRS_L2SP,OLI_TIRS,8,UTM,10,WGS84,WGS84,38°54'16.31"N,121°40'24.10"W,39°57'32.18"N,122°59'55.79"W,39°55'39.79"N,120°18'34.92"W,37°51'10.62"N,122°59'55.90"W,37°49'26.33"N,120°23'16.55"W, 38.90453,-121.67336, 39.95894,-122.99883, 39.92772,-120.30970, 37.85295,-122.99886, 37.82398,-120.38793,LC08_L2SP_044033_20140809_20200911_02_T1,LC80440332014221LGN01
LC08_L2SP_045032_20140816_20200911_02_T1,LC08_L1TP_045032_20140816_20200911_02_T1,LC80450322014228LGN01,2014/08/16,T1,2, 045, 032, 045, 032,NADIR,   0.000,2020/09/11,2020/09/11,2014-08-16 18:51:15.941549,2014-08-16 18:51:47.711545,LGN,DAY,   0.42,   2.11,1338,5,    2.962,    1.922,    2.254,LPGS_15.3.1c,57.55898222,139.62100732,ACTUAL,OLI_TIRS_L2SP,OLI_TIRS,8,UTM,10,WGS84,WGS84,40°19'58.76"N,122°46'16.21"W,41°23'07.94"N,124°09'14.98"W,41°22'47.78"N,121°22'50.63"W,39°15'41.65"N,124°07'06.74"W,39°15'22.93"N,121°25'50.52"W, 40.33299,-122.77117, 41.38554,-124.15416, 41.37994,-121.38073, 39.26157,-124.11854, 39.25637,-121.43070,LC08_L2SP_045032_20140816_20200911_02_T1,LC80450322014228LGN01
LC08_L2SP_045033_20140816_20200911_02_T1,LC08_L1TP_045033_20140816_20200911_02_T1,LC80450332014228LGN01,2014/08/16,T1,2, 045, 033, 045, 033,NADIR,   0.000,2020/09/11,2020/09/11,2014-08-16 18:51:39.836822,2014-08-16 18:52:11.606818,LGN,DAY,   3.06,  37.65,984,5,    2.747,    1.786,    2.087,LPGS_15.3.1c,58.45320770,137.56364264,ACTUAL,OLI_TIRS_L2SP,OLI_TIRS,8,UTM,10,WGS84,WGS84,38°54'14.98"N,123°13'09.05"W,39°57'12.74"N,124°34'58.01"W,39°57'31.61"N,121°51'51.59"W,37°49'36.16"N,124°32'10.54"W,37°49'53.65"N,121°53'51.79"W, 38.90416,-123.21918, 39.95354,-124.58278, 39.95878,-121.86433, 37.82671,-124.53626, 37.83157,-121.89772,LC08_L2SP_045033_20140816_20200911_02_T1,LC80450332014228LGN01
LC08_L2SP_044032_20140825_20200911_02_T1,LC08_L1TP_044032_20140825_20200911_02_T1,LC80440322014237LGN01,2014/08/25,T1,2, 044, 032, 044, 032,NADIR,   0.000,2020/09/11,2020/09/11,2014-08-25 18:45:05.750399,2014-08-25 18:45:37.520395,LGN,DAY,  17.55,  17.55,820,5,    5.334,    3.627,    3.912,LPGS_15.3.1c,55.21196685,143.11436126,ACTUAL,OLI_TIRS_L2SP,OLI_TIRS,8,UTM,10,WGS84,WGS84,40°19'57.32"N,121°13'08.87"W,41°23'25.84"N,122°33'52.60"W,41°20'50.71"N,119°49'18.52"W,39°17'25.84"N,122°34'40.48"W,39°15'01.73"N,119°55'07.21"W, 40.33259,-121.21913, 41.39051,-122.56461, 41.34742,-119.82181, 39.29051,-122.57791, 39.25048,-119.91867,LC08_L2SP_044032_20140825_20200911_02_T1,LC80440322014237LGN01
LC08_L2SP_044033_20140825_20200911_02_T1,LC08_L1TP_044033_20140825_20200911_02_T1,LC80440332014237LGN01,2014/08/25,T1,2, 044, 033, 044, 033,NADIR,   0.000,2020/09/11,2020/09/11,2014-08-25 18:45:29.632964,2014-08-25 18:46:01.40296,LGN,DAY,   7.64,   7.66,1195,5,    4.311,    2.933,    3.159,LPGS_15.3.1c,56.17617013,141.29881298,ACTUAL,OLI_TIRS_L2SP,OLI_TIRS,8,UTM,10,WGS84,WGS84,38°54'16.16"N,121°40'00.80"W,39°57'32.18"N,122°59'30.48"W,39°55'39.18"N,120°18'09.68"W,37°51'10.62"N,122°59'31.34"W,37°49'25.75"N,120°22'52.03"W, 38.90449,-121.66689, 39.95894,-122.99180, 39.92755,-120.30269, 37.85295,-122.99204, 37.82382,-120.38112,LC08_L2SP_044033_20140825_20200911_02_T1,LC80440332014237LGN01
LC08_L2SP_045032_20140901_20200911_02_T1,LC08_L1TP_045032_20140901_20200911_02_T1,LC80450322014244LGN01,2014/09/01,T1,2, 045, 032, 045, 032,NADIR,   0.000,2020/09/11,2020/09/11,2014-09-01 18:51:18.122372,2014-09-01 18:51:49.892368,LGN,DAY,   0.06,   0.06,1366,5,    3.274,    2.013,    2.583,LPGS_15.3.1c,53.22163770,145.82222648,ACTUAL,OLI_TIRS_L2SP,OLI_TIRS,8,UTM,10,WGS84,WGS84,40°19'58.44"N,122°45'57.28"W,41°23'08.09"N,124°09'02.09"W,41°22'47.60"N,121°22'37.74"W,39°15'41.76"N,124°06'54.22"W,39°15'22.75"N,121°25'38.03"W, 40.33290,-122.76591, 41.38558,-124.15058, 41.37989,-121.37715, 39.26160,-124.11506, 39.25632,-121.42723,LC08_L2SP_045032_20140901_20200911_02_T1,LC80450322014244LGN01
LC08_L2SP_045033_20140901_20200911_02_T1,LC08_L1TP_045033_20140901_20200911_02_T1,LC80450332014244LGN01,2014/09/01,T1,2, 045, 033, 045, 033,NADIR,   0.000,2020/09/11,2020/09/11,2014-09-01 18:51:42.013409,2014-09-01 18:52:13.783405,LGN,DAY,   0.02,   0.02,1069,5,    2.686,    1.687,    2.090,LPGS_15.3.1c,54.23809510,144.18385809,ACTUAL,OLI_TIRS_L2SP,OLI_TIRS,8,UTM,10,WGS84,WGS84,38°54'15.48"N,123°12'49.54"W,39°57'13.10"N,124°34'32.74"W,39°57'31.36"N,121°51'26.28"W,37°49'36.48"N,124°31'45.98"W,37°49'53.44"N,121°53'27.24"W, 38.90430,-123.21376, 39.95364,-124.57576, 39.95871,-121.85730, 37.82680,-124.52944, 37.83151,-121.89090,LC08_L2SP_045033_20140901_20200911_02_T1,LC80450332014244LGN01
LC08_L2SP_044032_20140910_20200910_02_T1,LC08_L1TP_044032_20140910_20200910_02_T1,LC80440322014253LGN01,2014/09/10,T1,2, 044, 032, 044, 032,NADIR,   0.000,2020/09/10,2020/09/10,2014-09-10 18:45:09.80359,2014-09-10 18:45:41.573586,LGN,DAY,   0.01,   0.01,1041,5,    5.351,    3.381,    4.147,LPGS_15.3.1c,50.48601814,149.17999398,ACTUAL,OLI_TIRS_L2SP,OLI_TIRS,8,UTM,10,WGS84,WGS84,40°19'58.04"N,121°13'26.90"W,41°23'25.87"N,122°34'05.52"W,41°20'51.07"N,119°49'31.40"W,39°17'25.87"N,122°34'52.97"W,39°15'02.09"N,119°55'19.70"W, 40.33279,-121.22414, 41.39052,-122.56820, 41.34752,-119.82539, 39.29052,-122.58138, 39.25058,-119.92214,LC08_L2SP_044032_20140910_20200910_02_T1,LC80440322014253LGN01
LC08_L2SP_044033_20140910_20200910_02_T1,LC08_L1TP_044033_20140910_20200910_02_T1,LC80440332014253LGN01,2014/09/10,T1,2, 044, 033, 044, 033,NADIR,   0.000,2020/09/10,2020/09/10,2014-09-10 18:45:33.694627,2014-09-10 18:46:05.464623,LGN,DAY,   0.00,   0.00,1437,5,    4.388,    2.671,    3.482,LPGS_15.3.1c,51.56336924,147.75172134,ACTUAL,OLI_TIRS_L2SP,OLI_TIRS,8,UTM,10,WGS84,WGS84,38°54'15.08"N,121°40'19.06"W,39°57'32.18"N,122°59'55.79"W,39°55'39.79"N,120°18'34.92"W,37°51'10.62"N,122°59'55.90"W,37°49'26.33"N,120°23'16.55"W, 38.90419,-121.67196, 39.95894,-122.99883, 39.92772,-120.30970, 37.85295,-122.99886, 37.82398,-120.38793,LC08_L2SP_044033_20140910_20200910_02_T1,LC80440332014253LGN01
LC08_L2SP_045032_20140917_20200910_02_T1,LC08_L1TP_045032_20140917_20200910_02_T1,LC80450322014260LGN01,2014/09/17,T1,2, 045, 032, 045, 032,NADIR,   0.000,2020/09/10,2020/09/10,2014-09-17 18:51:19.659243,2014-09-17 18:51:51.429239,LGN,DAY,  23.60,  24.87,870,5,    4.686,    2.934,    3.654,LPGS_15.3.1c,48.23422431,151.62466521,ACTUAL,OLI_TIRS_L2SP,OLI_TIRS,8,UTM,10,WGS84,WGS84,40°19'58.69"N,122°45'42.41"W,41°23'08.20"N,124°08'49.16"W,41°22'47.42"N,121°22'24.82"W,39°15'41.90"N,124°06'41.72"W,39°15'22.57"N,121°25'25.50"W, 40.33297,-122.76178, 41.38561,-124.14699, 41.37984,-121.37356, 39.26164,-124.11159, 39.25627,-121.42375,LC08_L2SP_045032_20140917_20200910_02_T1,LC80450322014260LGN01
LC08_L2SP_045033_20140917_20200911_02_T1,LC08_L1TP_045033_20140917_20200911_02_T1,LC80450332014260LGN01,2014/09/17,T1,2, 045, 033, 045, 033,NADIR,   0.000,2020/09/11,2020/09/11,2014-09-17 18:51:43.546044,2014-09-17 18:52:15.31604,LGN,DAY,   6.99,  15.26,929,5,    3.508,    2.257,    2.686,LPGS_15.3.1c,49.35323732,150.34346468,ACTUAL,OLI_TIRS_L2SP,OLI_TIRS,8,UTM,10,WGS84,WGS84,38°54'16.52"N,123°12'34.20"W,39°57'13.25"N,124°34'20.10"W,39°57'31.25"N,121°51'13.64"W,37°49'36.62"N,124°31'33.71"W,37°49'53.29"N,121°53'14.96"W, 38.90459,-123.20950, 39.95368,-124.57225, 39.95868,-121.85379, 37.82684,-124.52603, 37.83147,-121.88749,LC08_L2SP_045033_20140917_20200911_02_T1,LC80450332014260LGN01
LC08_L2SP_044033_20140926_20200910_02_T1,LC08_L1TP_044033_20140926_20200910_02_T1,LC80440332014269LGN01,2014/09/26,T1,2, 044, 033, 044, 033,NADIR,   0.000,2020/09/10,2020/09/10,2014-09-26 18:45:31.068288,2014-09-26 18:46:02.838284,LGN,DAY,  26.33,  26.33,967,5,    6.022,    3.812,    4.662,LPGS_15.3.1c,46.39130813,153.35751571,ACTUAL,OLI_TIRS_L2SP,OLI_TIRS,8,UTM,10,WGS84,WGS84,38°54'15.48"N,121°39'10.51"W,39°57'32.18"N,122°58'39.90"W,39°55'38.03"N,120°17'19.18"W,37°51'20.34"N,122°58'42.24"W,37°49'34.39"N,120°22'02.64"W, 38.90430,-121.65292, 39.95894,-122.97775, 39.92723,-120.28866, 37.85565,-122.97840, 37.82622,-120.36740,LC08_L2SP_044033_20140926_20200910_02_T1,LC80440332014269LGN01
LC08_L2SP_045032_20141003_20200910_02_T1,LC08_L1TP_045032_20141003_20200910_02_T1,LC80450322014276LGN01,2014/10/03,T1,2, 045, 032, 045, 032,NADIR,   0.000,2020/09/10,2020/09/10,2014-10-03 18:51:22.684404,2014-10-03 18:51:54.4544,LGN,DAY,   0.06,   0.06,1331,5,    4.798,    2.542,    4.069,LPGS_15.3.1c,42.82992880,156.42937496,ACTUAL,OLI_TIRS_L2SP,OLI_TIRS,8,UTM,10,WGS84,WGS84,40°19'58.01"N,122°46'05.02"W,41°23'07.94"N,124°09'14.98"W,41°22'47.60"N,121°22'37.74"W,39°15'41.65"N,124°07'06.74"W,39°15'22.75"N,121°25'38.03"W, 40.33278,-122.76806, 41.38554,-124.15416, 41.37989,-121.37715, 39.26157,-124.11854, 39.25632,-121.42723,LC08_L2SP_045032_20141003_20200910_02_T1,LC80450322014276LGN01
LC08_L2SP_045033_20141003_20200910_02_T1,LC08_L1TP_045033_20141003_20200910_02_T1,LC80450332014276LGN01,2014/10/03,T1,2, 045, 033, 045, 033,NADIR,   0.000,2020/09/10,2020/09/10,2014-10-03 18:51:46.571205,2014-10-03 18:52:18.341201,LGN,DAY,   0.03,   0.04,1037,5,    3.808,    1.911,    3.293,LPGS_15.3.1c,44.02463221,155.42414914,ACTUAL,OLI_TIRS_L2SP,OLI_TIRS,8,UTM,10,WGS84,WGS84,38°54'16.06"N,123°12'56.45"W,39°57'12.92"N,124°34'45.37"W,39°57'31.50"N,121°51'38.95"W,37°49'36.30"N,124°31'58.26"W,37°49'53.54"N,121°53'39.52"W, 38.90446,-123.21568, 39.95359,-124.57927, 39.95875,-121.86082, 37.82675,-124.53285, 37.83154,-121.89431,LC08_L2SP_045033_20141003_20200910_02_T1,LC80450332014276LGN01
LC08_L2SP_044032_20141012_20200910_02_T1,LC08_L1TP_044032_20141012_20200910_02_T1,LC80440322014285LGN01,2014/10/12,T1,2, 044, 032, 044, 032,NADIR,   0.000,2020/09/10,2020/09/10,2014-10-12 18:45:14.162803,2014-10-12 18:45:45.932799,LGN,DAY,   0.01,   0.01,991,5,    6.892,    3.705,    5.812,LPGS_15.3.1c,39.73944600,158.57093007,ACTUAL,OLI_TIRS_L2SP,OLI_TIRS,8,UTM,10,WGS84,WGS84,40°19'57.86"N,121°13'52.72"W,41°23'25.98"N,122°34'31.37"W,41°20'51.79"N,119°49'57.18"W,39°17'25.94"N,122°35'18.02"W,39°15'02.74"N,119°55'44.72"W, 40.33274,-121.23131, 41.39055,-122.57538, 41.34772,-119.83255, 39.29054,-122.58834, 39.25076,-119.92909,LC08_L2SP_044032_20141012_20200910_02_T1,LC80440322014285LGN01
LC08_L2SP_044033_20141012_20200910_02_T1,LC08_L1TP_044033_20141012_20200910_02_T1,LC80440332014285LGN01,2014/10/12,T1,2, 044, 033, 044, 033,NADIR,   0.000,2020/09/10,2020/09/10,2014-10-12 18:45:38.05384,2014-10-12 18:46:09.823836,LGN,DAY,   0.03,   0.03,1350,5,    5.547,    3.041,    4.639,LPGS_15.3.1c,40.96527374,157.68533532,ACTUAL,OLI_TIRS_L2SP,OLI_TIRS,8,UTM,10,WGS84,WGS84,38°54'14.98"N,121°40'44.18"W,39°57'32.18"N,123°00'21.06"W,39°55'40.37"N,120°19'00.19"W,37°51'10.62"N,123°00'20.45"W,37°49'26.87"N,120°23'41.06"W, 38.90416,-121.67894, 39.95894,-123.00585, 39.92788,-120.31672, 37.85295,-123.00568, 37.82413,-120.39474,LC08_L2SP_044033_20141012_20200910_02_T1,LC80440332014285LGN01
LC08_L2SP_045032_20141019_20200911_02_T1,LC08_L1TP_045032_20141019_20200911_02_T1,LC80450322014292LGN02,2014/10/19,T1,2, 045, 032, 045, 032,NADIR,   0.000,2020/09/11,2020/09/11,2014-10-19 18:51:26.115929,2014-10-19 18:51:57.885925,LGN,DAY,  13.47,  15.02,990,5,    5.964,    3.203,    5.031,LPGS_15.3.1c,37.36400672,159.92844421,ACTUAL,OLI_TIRS_L2SP,OLI_TIRS,8,UTM,10,WGS84,WGS84,40°19'57.68"N,122°46'47.14"W,41°22'57.83"N,124°09'53.57"W,41°22'38.60"N,121°23'29.62"W,39°15'41.29"N,124°07'44.29"W,39°15'23.44"N,121°26'28.07"W, 40.33269,-122.77976, 41.38273,-124.16488, 41.37739,-121.39156, 39.26147,-124.12897, 39.25651,-121.44113,LC08_L2SP_045032_20141019_20200911_02_T1,LC80450322014292LGN02
LC08_L2SP_045033_20141019_20200910_02_T1,LC08_L1TP_045033_20141019_20200910_02_T1,LC80450332014292LGN02,2014/10/19,T1,2, 045, 033, 045, 033,NADIR,   0.000,2020/09/10,2020/09/10,2014-10-19 18:51:50.006966,2014-10-19 18:52:21.776962,LGN,DAY,  15.99,  41.32,674,5,    5.067,    2.638,    4.327,LPGS_15.3.1c,38.60848928,159.12000617,ACTUAL,OLI_TIRS_L2SP,OLI_TIRS,8,UTM,10,WGS84,WGS84,38°54'14.83"N,123°13'38.71"W,39°57'12.38"N,124°35'23.28"W,39°57'31.86"N,121°52'16.86"W,37°49'35.83"N,124°32'35.05"W,37°49'53.87"N,121°54'16.31"W, 38.90412,-123.22742, 39.95344,-124.58980, 39.95885,-121.87135, 37.82662,-124.54307, 37.83163,-121.90453,LC08_L2SP_045033_20141019_20200910_02_T1,LC80450332014292LGN02
LC08_L2SP_044032_20141028_20200910_02_T1,LC08_L1TP_044032_20141028_20200910_02_T1,LC80440322014301LGN01,2014/10/28,T1,2, 044, 032, 044, 032,NADIR,   0.000,2020/09/10,2020/09/10,2014-10-28 18:45:11.295804,2014-10-28 18:45:43.0658,LGN,DAY,   0.11,   0.11,868,5,    8.011,    3.898,    6.999,LPGS_15.3.1c,34.41797243,161.25857944,ACTUAL,OLI_TIRS_L2SP,OLI_TIRS,8,UTM,10,WGS84,WGS84,40°19'58.62"N,121°13'09.70"W,41°23'25.84"N,122°33'52.60"W,41°20'50.71"N,119°49'18.52"W,39°17'25.84"N,122°34'40.48"W,39°15'01.73"N,119°55'07.21"W, 40.33295,-121.21936, 41.39051,-122.56461, 41.34742,-119.82181, 39.29051,-122.57791, 39.25048,-119.91867,LC08_L2SP_044032_20141028_20200910_02_T1,LC80440322014301LGN01
LC08_L2SP_044033_20141028_20200910_02_T1,LC08_L1TP_044033_20141028_20200910_02_T1,LC80440332014301LGN01,2014/10/28,T1,2, 044, 033, 044, 033,NADIR,   0.000,2020/09/10,2020/09/10,2014-10-28 18:45:35.186841,2014-10-28 18:46:06.956837,LGN,DAY,   0.03,   0.03,1286,5,    6.463,    3.254,    5.584,LPGS_15.3.1c,35.68016525,160.53090360,ACTUAL,OLI_TIRS_L2SP,OLI_TIRS,8,UTM,10,WGS84,WGS84,38°54'15.44"N,121°40'00.88"W,39°57'32.18"N,122°59'30.48"W,39°55'39.18"N,120°18'09.68"W,37°51'10.62"N,122°59'31.34"W,37°49'25.75"N,120°22'52.03"W, 38.90429,-121.66691, 39.95894,-122.99180, 39.92755,-120.30269, 37.85295,-122.99204, 37.82382,-120.38112,LC08_L2SP_044033_20141028_20200910_02_T1,LC80440332014301LGN01
LC08_L2SP_045032_20141104_20200910_02_T1,LC08_L1TP_045032_20141104_20200910_02_T1,LC80450322014308LGN01,2014/11/04,T1,2, 045, 032, 045, 032,NADIR,   0.000,2020/09/10,2020/09/10,2014-11-04 18:51:24.778432,2014-11-04 18:51:56.548428,LGN,DAY,  35.22,  35.07,817,5,    6.837,    3.590,    5.818,LPGS_15.3.1c,32.25901766,161.98154614,ACTUAL,OLI_TIRS_L2SP,OLI_TIRS,8,UTM,10,WGS84,WGS84,40°19'57.65"N,122°46'30.90"W,41°22'57.97"N,124°09'40.64"W,41°22'38.24"N,121°23'03.80"W,39°15'41.40"N,124°07'31.76"W,39°15'23.08"N,121°26'03.05"W, 40.33268,-122.77525, 41.38277,-124.16129, 41.37729,-121.38439, 39.26150,-124.12549, 39.25641,-121.43418,LC08_L2SP_045032_20141104_20200910_02_T1,LC80450322014308LGN01
LC08_L2SP_045033_20141104_20200910_02_T1,LC08_L1TP_045033_20141104_20200910_02_T1,LC80450332014308LGN01,2014/11/04,T1,2, 045, 033, 045, 033,NADIR,   0.000,2020/09/10,2020/09/10,2014-11-04 18:51:48.665233,2014-11-04 18:52:20.435229,LGN,DAY,   4.61,   5.16,988,5,    5.962,    2.662,    5.335,LPGS_15.3.1c,33.53025896,161.30410584,ACTUAL,OLI_TIRS_L2SP,OLI_TIRS,8,UTM,10,WGS84,WGS84,38°54'15.48"N,123°13'21.83"W,39°57'12.56"N,124°35'10.64"W,39°57'31.75"N,121°52'04.22"W,37°49'35.98"N,124°32'22.78"W,37°49'53.76"N,121°54'04.03"W, 38.90430,-123.22273, 39.95349,-124.58629, 39.95882,-121.86784, 37.82666,-124.53966, 37.83160,-121.90112,LC08_L2SP_045033_20141104_20200910_02_T1,LC80450332014308LGN01
LC08_L2SP_044033_20141129_20200910_02_T1,LC08_L1TP_044033_20141129_20200910_02_T1,LC80440332014333LGN01,2014/11/29,T1,2, 044, 033, 044, 033,NADIR,   0.000,2020/09/10,2020/09/10,2014-11-29 18:45:36.725334,2014-11-29 18:46:08.49533,LGN,DAY,  46.97,  46.96,35,5,    7.990,    5.223,    6.047,LPGS_15.3.1c,27.40460102,161.83695791,ACTUAL,OLI_TIRS_L2SP,OLI_TIRS,8,UTM,10,WGS84,WGS84,38°54'16.27"N,121°41'03.30"W,39°57'32.18"N,123°00'33.73"W,39°55'40.66"N,120°19'12.79"W,37°51'10.62"N,123°00'32.72"W,37°49'27.12"N,120°23'53.30"W, 38.90452,-121.68425, 39.95894,-123.00937, 39.92796,-120.32022, 37.85295,-123.00909, 37.82420,-120.39814,LC08_L2SP_044033_20141129_20200910_02_T1,LC80440332014333LGN01
LC08_L2SP_045033_20141206_20200910_02_T1,LC08_L1TP_045033_20141206_20200910_02_T1,LC80450332014340LGN01,2014/12/06,T1,2, 045, 033, 045, 033,NADIR,   0.000,2020/09/10,2020/09/10,2014-12-06 18:51:44.625401,2014-12-06 18:52:16.395397,LGN,DAY,  44.40,  44.44,444,5,    7.872,    4.914,    6.149,LPGS_15.3.1c,26.28115744,161.44293107,ACTUAL,OLI_TIRS_L2SP,OLI_TIRS,8,UTM,10,WGS84,WGS84,38°54'15.55"N,123°13'12.36"W,39°57'12.74"N,124°34'58.01"W,39°57'31.61"N,121°51'51.59"W,37°49'36.16"N,124°32'10.54"W,37°49'53.65"N,121°53'51.79"W, 38.90432,-123.22010, 39.95354,-124.58278, 39.95878,-121.86433, 37.82671,-124.53626, 37.83157,-121.89772,LC08_L2SP_045033_20141206_20200910_02_T1,LC80450332014340LGN01
LC08_L2SP_045032_20141222_20200910_02_T1,LC08_L1TP_045032_20141222_20200910_02_T1,LC80450322014356LGN01,2014/12/22,T1,2, 045, 032, 045, 032,NADIR,   0.000,2020/09/10,2020/09/10,2014-12-22 18:51:19.106049,2014-12-22 18:51:50.876045,LGN,DAY,  12.23,  12.05,644,5,    8.759,    5.277,    6.990,LPGS_15.3.1c,23.68385476,160.40872520,FINAL,OLI_TIRS_L2SP,OLI_TIRS,8,UTM,10,WGS84,WGS84,40°19'58.33"N,122°46'44.98"W,41°22'57.83"N,124°09'53.57"W,41°22'38.42"N,121°23'16.69"W,39°15'41.29"N,124°07'44.29"W,39°15'23.26"N,121°26'15.54"W, 40.33287,-122.77916, 41.38273,-124.16488, 41.37734,-121.38797, 39.26147,-124.12897, 39.25646,-121.43765,LC08_L2SP_045032_20141222_20200910_02_T1,LC80450322014356LGN01
LC08_L2SP_045033_20141222_20200910_02_T1,LC08_L1TP_045033_20141222_20200910_02_T1,LC80450332014356LGN01,2014/12/22,T1,2, 045, 033, 045, 033,NADIR,   0.000,2020/09/10,2020/09/10,2014-12-22 18:51:42.997086,2014-12-22 18:52:14.767082,LGN,DAY,  13.24,  33.90,579,5,    8.148,    4.506,    6.789,LPGS_15.3.1c,24.93645813,159.85373932,FINAL,OLI_TIRS_L2SP,OLI_TIRS,8,UTM,10,WGS84,WGS84,38°54'15.19"N,123°13'35.18"W,39°57'12.38"N,124°35'23.28"W,39°57'31.86"N,121°52'16.86"W,37°49'35.83"N,124°32'35.05"W,37°49'53.87"N,121°54'16.31"W, 38.90422,-123.22644, 39.95344,-124.58980, 39.95885,-121.87135, 37.82662,-124.54307, 37.83163,-121.90453,LC08_L2SP_045033_20141222_20200910_02_T1,LC80450332014356LGN01
LC08_L2SP_044032_20141231_20200910_02_T1,LC08_L1TP_044032_20141231_20200910_02_T1,LC80440322014365LGN01,2014/12/31,T1,2, 044, 032, 044, 032,NADIR,   0.000,2020/09/10,2020/09/10,2014-12-31 18:45:02.195677,2014-12-31 18:45:33.965673,LGN,DAY,   1.67,   1.67,600,5,    9.136,    5.357,    7.400,LPGS_15.3.1c,23.74982244,159.22176483,FINAL,OLI_TIRS_L2SP,OLI_TIRS,8,UTM,10,WGS84,WGS84,40°19'58.66"N,121°13'03.11"W,41°23'25.76"N,122°33'39.67"W,41°20'50.35"N,119°49'05.63"W,39°17'25.76"N,122°34'27.95"W,39°15'01.40"N,119°54'54.72"W, 40.33296,-121.21753, 41.39049,-122.56102, 41.34732,-119.81823, 39.29049,-122.57443, 39.25039,-119.91520,LC08_L2SP_044032_20141231_20200910_02_T1,LC80440322014365LGN01
LC08_L2SP_044033_20141231_20200910_02_T1,LC08_L1TP_044033_20141231_20200910_02_T1,LC80440332014365LGN01,2014/12/31,T1,2, 044, 033, 044, 033,NADIR,   0.000,2020/09/10,2020/09/10,2014-12-31 18:45:26.086714,2014-12-31 18:45:57.85671,LGN,DAY,   0.91,   0.91,1047,5,    7.910,    3.981,    6.836,LPGS_15.3.1c,24.98682381,158.65413483,FINAL,OLI_TIRS_L2SP,OLI_TIRS,8,UTM,10,WGS84,WGS84,38°54'15.48"N,121°39'53.32"W,39°57'32.18"N,122°59'30.48"W,39°55'39.18"N,120°18'09.68"W,37°51'20.38"N,122°59'31.34"W,37°49'35.51"N,120°22'51.67"W, 38.90430,-121.66481, 39.95894,-122.99180, 39.92755,-120.30269, 37.85566,-122.99204, 37.82653,-120.38102,LC08_L2SP_044033_20141231_20200910_02_T1,LC80440332014365LGN01
LC08_L2SP_045032_20150107_20200910_02_T1,LC08_L1TP_045032_20150107_20200910_02_T1,LC80450322015007LGN01,2015/01/07,T1,2, 045, 032, 045, 032,NADIR,   0.000,2020/09/10,2020/09/10,2015-01-07 18:51:15.056634,2015-01-07 18:51:46.826631,LGN,DAY,   0.98,   0.96,1047,5,    8.212,    4.853,    6.624,LPGS_15.3.1c,24.21665399,158.21205744,FINAL,OLI_TIRS_L2SP,OLI_TIRS,8,UTM,10,WGS84,WGS84,40°19'57.14"N,122°46'48.40"W,41°22'57.83"N,124°09'53.57"W,41°22'38.60"N,121°23'29.62"W,39°15'41.29"N,124°07'44.29"W,39°15'23.44"N,121°26'28.07"W, 40.33254,-122.78011, 41.38273,-124.16488, 41.37739,-121.39156, 39.26147,-124.12897, 39.25651,-121.44113,LC08_L2SP_045032_20150107_20200910_02_T1,LC80450322015007LGN01
LC08_L2SP_045033_20150107_20200910_02_T1,LC08_L1TP_045033_20150107_20200910_02_T1,LC80450332015007LGN01,2015/01/07,T1,2, 045, 033, 045, 033,NADIR,   0.000,2020/09/10,2020/09/10,2015-01-07 18:51:38.943436,2015-01-07 18:52:10.713432,LGN,DAY,   0.24,   0.15,888,5,    7.741,    4.344,    6.407,LPGS_15.3.1c,25.43968957,157.62710504,FINAL,OLI_TIRS_L2SP,OLI_TIRS,8,UTM,10,WGS84,WGS84,38°54'14.98"N,123°13'37.92"W,39°57'12.38"N,124°35'23.28"W,39°57'31.86"N,121°52'16.86"W,37°49'35.83"N,124°32'35.05"W,37°49'53.87"N,121°54'16.31"W, 38.90416,-123.22720, 39.95344,-124.58980, 39.95885,-121.87135, 37.82662,-124.54307, 37.83163,-121.90453,LC08_L2SP_045033_20150107_20200910_02_T1,LC80450332015007LGN01
LC08_L2SP_045032_20150123_20200910_02_T1,LC08_L1TP_045032_20150123_20200910_02_T1,LC80450322015023LGN01,2015/01/23,T1,2, 045, 032, 045, 032,NADIR,   0.000,2020/09/10,2020/09/10,2015-01-23 18:51:08.53359,2015-01-23 18:51:40.303586,LGN,DAY,   2.12,   2.07,1087,5,    8.031,    4.403,    6.716,LPGS_15.3.1c,26.59522891,155.78377763,ACTUAL,OLI_TIRS_L2SP,OLI_TIRS,8,UTM,10,WGS84,WGS84,40°19'58.33"N,122°46'30.32"W,41°22'58.08"N,124°09'27.72"W,41°22'38.24"N,121°23'03.80"W,39°15'41.54"N,124°07'19.27"W,39°15'23.08"N,121°26'03.05"W, 40.33287,-122.77509, 41.38280,-124.15770, 41.37729,-121.38439, 39.26154,-124.12202, 39.25641,-121.43418,LC08_L2SP_045032_20150123_20200910_02_T1,LC80450322015023LGN01
LC08_L2SP_045033_20150123_20200910_02_T1,LC08_L1TP_045033_20150123_20200910_02_T1,LC80450332015023LGN01,2015/01/23,T1,2, 045, 033, 045, 033,NADIR,   0.000,2020/09/10,2020/09/10,2015-01-23 18:51:32.420391,2015-01-23 18:52:04.190387,LGN,DAY,   0.28,   1.60,894,5,    7.526,    3.818,    6.486,LPGS_15.3.1c,27.78360336,155.13227097,ACTUAL,OLI_TIRS_L2SP,OLI_TIRS,8,UTM,10,WGS84,WGS84,38°54'15.80"N,123°13'19.31"W,39°57'12.56"N,124°35'10.64"W,39°57'31.75"N,121°52'04.22"W,37°49'35.98"N,124°32'22.78"W,37°49'53.76"N,121°54'04.03"W, 38.90439,-123.22203, 39.95349,-124.58629, 39.95882,-121.86784, 37.82666,-124.53966, 37.83160,-121.90112,LC08_L2SP_045033_20150123_20200910_02_T1,LC80450332015023LGN01
LC08_L2SP_044032_20150217_20200909_02_T1,LC08_L1TP_044032_20150217_20200909_02_T1,LC80440322015048LGN01,2015/02/17,T1,2, 044, 032, 044, 032,NADIR,   0.000,2020/09/09,2020/09/09,2015-02-17 18:44:49.844281,2015-02-17 18:45:21.614277,LGN,DAY,   3.61,   3.61,861,5,    8.026,    4.240,    6.814,LPGS_15.3.1c,33.42225205,152.17770106,FINAL,OLI_TIRS_L2SP,OLI_TIRS,8,UTM,10,WGS84,WGS84,40°19'57.58"N,121°14'22.42"W,41°23'26.05"N,122°34'57.18"W,41°20'52.84"N,119°50'35.84"W,39°17'26.05"N,122°35'43.08"W,39°15'03.71"N,119°56'22.20"W, 40.33266,-121.23956, 41.39057,-122.58255, 41.34801,-119.84329, 39.29057,-122.59530, 39.25103,-119.93950,LC08_L2SP_044032_20150217_20200909_02_T1,LC80440322015048LGN01
LC08_L2SP_044033_20150217_20200910_02_T1,LC08_L1TP_044033_20150217_20200910_02_T1,LC80440332015048LGN01,2015/02/17,T1,2, 044, 033, 044, 033,NADIR,   0.000,2020/09/10,2020/09/10,2015-02-17 18:45:13.731082,2015-02-17 18:45:45.501078,LGN,DAY,  37.86,  37.89,675,5,    7.201,    4.054,    5.952,LPGS_15.3.1c,34.55427209,151.34147966,FINAL,OLI_TIRS_L2SP,OLI_TIRS,8,UTM,10,WGS84,WGS84,38°54'15.01"N,121°41'11"W,39°57'32.18"N,123°00'46.37"W,39°55'40.94"N,120°19'25.43"W,37°51'10.62"N,123°00'45"W,37°49'27.41"N,120°24'05.58"W, 38.90417,-121.68639, 39.95894,-123.01288, 39.92804,-120.32373, 37.85295,-123.01250, 37.82428,-120.40155,LC08_L2SP_044033_20150217_20200910_02_T1,LC80440332015048LGN01
LC08_L2SP_045032_20150224_20200909_02_T1,LC08_L1TP_045032_20150224_20200909_02_T1,LC80450322015055LGN01,2015/02/24,T1,2, 045, 032, 045, 032,NADIR,   0.000,2020/09/09,2020/09/09,2015-02-24 18:50:59.907264,2015-02-24 18:51:31.677261,LGN,DAY,   0.26,   0.25,1268,5,    6.697,    3.693,    5.586,LPGS_15.3.1c,35.83830654,151.24759934,FINAL,OLI_TIRS_L2SP,OLI_TIRS,8,UTM,10,WGS84,WGS84,40°19'57.83"N,122°47'50.03"W,41°22'57.18"N,124°10'58.12"W,41°22'39.50"N,121°24'34.16"W,39°15'40.68"N,124°08'46.86"W,39°15'24.26"N,121°27'30.64"W, 40.33273,-122.79723, 41.38255,-124.18281, 41.37764,-121.40949, 39.26130,-124.14635, 39.25674,-121.45851,LC08_L2SP_045032_20150224_20200909_02_T1,LC80450322015055LGN01
LC08_L2SP_045033_20150224_20200909_02_T1,LC08_L1TP_045033_20150224_20200909_02_T1,LC80450332015055LGN01,2015/02/24,T1,2, 045, 033, 045, 033,NADIR,   0.000,2020/09/09,2020/09/09,2015-02-24 18:51:23.789829,2015-02-24 18:51:55.559826,LGN,DAY,   0.01,   0.01,964,5,    6.240,    3.431,    5.212,LPGS_15.3.1c,36.95459982,150.34025017,FINAL,OLI_TIRS_L2SP,OLI_TIRS,8,UTM,10,WGS84,WGS84,38°54'16.34"N,123°14'38.15"W,39°57'11.52"N,124°36'26.46"W,39°57'32.47"N,121°53'20.08"W,37°49'35"N,124°33'36.40"W,37°49'54.44"N,121°55'17.69"W, 38.90454,-123.24393, 39.95320,-124.60735, 39.95902,-121.88891, 37.82639,-124.56011, 37.83179,-121.92158,LC08_L2SP_045033_20150224_20200909_02_T1,LC80450332015055LGN01
LC08_L2SP_044032_20150305_20200909_02_T1,LC08_L1TP_044032_20150305_20200909_02_T1,LC80440322015064LGN01,2015/03/05,T1,2, 044, 032, 044, 032,NADIR,   0.000,2020/09/09,2020/09/09,2015-03-05 18:44:44.254178,2015-03-05 18:45:16.024175,LGN,DAY,   0.69,   0.69,953,5,    7.734,    3.965,    6.641,LPGS_15.3.1c,39.14963782,150.10173446,ACTUAL,OLI_TIRS_L2SP,OLI_TIRS,8,UTM,10,WGS84,WGS84,40°19'57.68"N,121°15'03.89"W,41°23'26.27"N,122°35'48.88"W,41°20'53.92"N,119°51'14.51"W,39°17'26.20"N,122°36'33.16"W,39°15'04.72"N,119°56'59.71"W, 40.33269,-121.25108, 41.39063,-122.59691, 41.34831,-119.85403, 39.29061,-122.60921, 39.25131,-119.94992,LC08_L2SP_044032_20150305_20200909_02_T1,LC80440322015064LGN01
LC08_L2SP_044033_20150305_20200909_02_T1,LC08_L1TP_044033_20150305_20200909_02_T1,LC80440332015064LGN01,2015/03/05,T1,2, 044, 033, 044, 033,NADIR,   0.000,2020/09/09,2020/09/09,2015-03-05 18:45:08.14098,2015-03-05 18:45:39.910976,LGN,DAY,   0.43,   0.43,1169,5,    6.935,    3.707,    5.861,LPGS_15.3.1c,40.24649043,149.08855305,ACTUAL,OLI_TIRS_L2SP,OLI_TIRS,8,UTM,10,WGS84,WGS84,38°54'15.16"N,121°41'52.01"W,39°57'32.18"N,123°01'24.31"W,39°55'41.81"N,120°20'03.30"W,37°51'10.62"N,123°01'21.83"W,37°49'28.20"N,120°24'42.34"W, 38.90421,-121.69778, 39.95894,-123.02342, 39.92828,-120.33425, 37.85295,-123.02273, 37.82450,-120.41176,LC08_L2SP_044033_20150305_20200909_02_T1,LC80440332015064LGN01
LC08_L2SP_045032_20150312_20200909_02_T1,LC08_L1TP_045032_20150312_20200909_02_T1,LC80450322015071LGN01,2015/03/12,T1,2, 045, 032, 045, 032,NADIR,   0.000,2020/09/09,2020/09/09,2015-03-12 18:50:48.010476,2015-03-12 18:51:19.780472,LGN,DAY,  30.53,  31.83,1147,5,    6.266,    3.945,    4.868,LPGS_15.3.1c,41.83382545,149.21899298,ACTUAL,OLI_TIRS_L2SP,OLI_TIRS,8,UTM,10,WGS84,WGS84,40°19'57.86"N,122°47'02.44"W,41°22'57.72"N,124°10'06.49"W,41°22'38.78"N,121°23'42.54"W,39°15'41.15"N,124°07'56.82"W,39°15'23.58"N,121°26'40.56"W, 40.33274,-122.78401, 41.38270,-124.16847, 41.37744,-121.39515, 39.26143,-124.13245, 39.25655,-121.44460,LC08_L2SP_045032_20150312_20200909_02_T1,LC80450322015071LGN01
LC08_L2SP_044032_20150321_20200909_02_T1,LC08_L1TP_044032_20150321_20200909_02_T1,LC80440322015080LGN02,2015/03/21,T1,2, 044, 032, 044, 032,NADIR,   0.000,2020/09/09,2020/09/09,2015-03-21 18:44:34.610068,2015-03-21 18:45:06.380064,LGN,DAY,   2.12,   2.12,947,5,    6.430,    3.713,    5.250,LPGS_15.3.1c,45.34020661,148.05262874,ACTUAL,OLI_TIRS_L2SP,OLI_TIRS,8,UTM,10,WGS84,WGS84,40°19'58.58"N,121°15'00.65"W,41°23'26.27"N,122°35'48.88"W,41°20'53.92"N,119°51'14.51"W,39°17'26.20"N,122°36'33.16"W,39°15'04.72"N,119°56'59.71"W, 40.33294,-121.25018, 41.39063,-122.59691, 41.34831,-119.85403, 39.29061,-122.60921, 39.25131,-119.94992,LC08_L2SP_044032_20150321_20200909_02_T1,LC80440322015080LGN02
LC08_L2SP_044033_20150321_20200909_02_T1,LC08_L1TP_044033_20150321_20200909_02_T1,LC80440332015080LGN02,2015/03/21,T1,2, 044, 033, 044, 033,NADIR,   0.000,2020/09/09,2020/09/09,2015-03-21 18:44:58.501105,2015-03-21 18:45:30.271101,LGN,DAY,   2.18,   2.20,1124,5,    6.005,    3.712,    4.721,LPGS_15.3.1c,46.40052392,146.80597678,ACTUAL,OLI_TIRS_L2SP,OLI_TIRS,8,UTM,10,WGS84,WGS84,38°54'15.08"N,121°41'48.48"W,39°57'32.18"N,123°01'24.31"W,39°55'41.81"N,120°20'03.30"W,37°51'10.62"N,123°01'21.83"W,37°49'28.20"N,120°24'42.34"W, 38.90419,-121.69680, 39.95894,-123.02342, 39.92828,-120.33425, 37.85295,-123.02273, 37.82450,-120.41176,LC08_L2SP_044033_20150321_20200909_02_T1,LC80440332015080LGN02
LC08_L2SP_045032_20150328_20200909_02_T1,LC08_L1TP_045032_20150328_20200909_02_T1,LC80450322015087LGN01,2015/03/28,T1,2, 045, 032, 045, 032,NADIR,   0.000,2020/09/09,2020/09/09,2015-03-28 18:50:40.272838,2015-03-28 18:51:12.042835,LGN,DAY,  24.31,  24.03,1135,5,    5.365,    3.467,    4.095,LPGS_15.3.1c,48.06051479,147.08585254,ACTUAL,OLI_TIRS_L2SP,OLI_TIRS,8,UTM,10,WGS84,WGS84,40°19'58.73"N,122°47'30.05"W,41°22'57.43"N,124°10'32.30"W,41°22'39.14"N,121°24'08.35"W,39°15'40.93"N,124°08'21.84"W,39°15'23.94"N,121°27'05.62"W, 40.33298,-122.79168, 41.38262,-124.17564, 41.37754,-121.40232, 39.26137,-124.13940, 39.25665,-121.45156,LC08_L2SP_045032_20150328_20200909_02_T1,LC80450322015087LGN01
LC08_L2SP_045033_20150328_20200909_02_T1,LC08_L1TP_045033_20150328_20200909_02_T1,LC80450332015087LGN01,2015/03/28,T1,2, 045, 033, 045, 033,NADIR,   0.000,2020/09/09,2020/09/09,2015-03-28 18:51:04.15964,2015-03-28 18:51:35.929636,LGN,DAY,   0.13,   0.28,967,5,    4.447,    2.898,    3.373,LPGS_15.3.1c,49.10261291,145.71594120,ACTUAL,OLI_TIRS_L2SP,OLI_TIRS,8,UTM,10,WGS84,WGS84,38°54'16.27"N,123°14'17.63"W,39°57'11.88"N,124°36'01.19"W,39°57'32.22"N,121°52'54.80"W,37°49'35.36"N,124°33'11.84"W,37°49'54.23"N,121°54'53.14"W, 38.90452,-123.23823, 39.95330,-124.60033, 39.95895,-121.88189, 37.82649,-124.55329, 37.83173,-121.91476,LC08_L2SP_045033_20150328_20200909_02_T1,LC80450332015087LGN01
LC08_L2SP_044032_20150406_20200909_02_T1,LC08_L1TP_044032_20150406_20200909_02_T1,LC80440322015096LGN03,2015/04/06,T1,2, 044, 032, 044, 032,NADIR,   0.000,2020/09/09,2020/09/09,2015-04-06 18:44:23.730827,2015-04-06 18:44:55.500824,LGN,DAY,  49.51,  49.51,490,5,    6.977,    4.441,    5.381,LPGS_15.3.1c,51.46400577,145.71267277,ACTUAL,OLI_TIRS_L2SP,OLI_TIRS,8,UTM,10,WGS84,WGS84,40°19'58.08"N,121°14'52.62"W,41°23'26.20"N,122°35'35.95"W,41°20'53.56"N,119°51'01.62"W,39°17'26.16"N,122°36'20.66"W,39°15'04.39"N,119°56'47.22"W, 40.33280,-121.24795, 41.39061,-122.59332, 41.34821,-119.85045, 39.29060,-122.60574, 39.25122,-119.94645,LC08_L2SP_044032_20150406_20200909_02_T1,LC80440322015096LGN03
LC08_L2SP_044033_20150406_20200909_02_T1,LC08_L1TP_044033_20150406_20200909_02_T1,LC80440332015096LGN03,2015/04/06,T1,2, 044, 033, 044, 033,NADIR,   0.000,2020/09/09,2020/09/09,2015-04-06 18:44:47.617629,2015-04-06 18:45:19.387625,LGN,DAY,  38.81,  38.82,591,5,    6.588,    4.316,    4.978,LPGS_15.3.1c,52.47998727,144.16217699,ACTUAL,OLI_TIRS_L2SP,OLI_TIRS,8,UTM,10,WGS84,WGS84,38°54'15.37"N,121°41'39.91"W,39°57'32.18"N,123°01'11.64"W,39°55'41.52"N,120°19'50.66"W,37°51'10.62"N,123°01'09.55"W,37°49'27.95"N,120°24'30.10"W, 38.90427,-121.69442, 39.95894,-123.01990, 39.92820,-120.33074, 37.85295,-123.01932, 37.82443,-120.40836,LC08_L2SP_044033_20150406_20200909_02_T1,LC80440332015096LGN03
LC08_L2SP_045032_20150413_20200909_02_T1,LC08_L1TP_045032_20150413_20200909_02_T1,LC80450322015103LGN01,2015/04/13,T1,2, 045, 032, 045, 032,NADIR,   0.000,2020/09/09,2020/09/09,2015-04-13 18:50:34.944127,2015-04-13 18:51:06.714124,LGN,DAY,   4.08,   3.99,1262,5,    4.774,    3.381,    3.370,LPGS_15.3.1c,53.98897984,144.49248242,ACTUAL,OLI_TIRS_L2SP,OLI_TIRS,8,UTM,10,WGS84,WGS84,40°19'57.76"N,122°48'50.44"W,41°22'56.50"N,124°12'02.70"W,41°22'40.19"N,121°25'25.82"W,39°15'40.07"N,124°09'49.46"W,39°15'24.91"N,121°28'20.68"W, 40.33271,-122.81401, 41.38236,-124.20075, 41.37783,-121.42384, 39.26113,-124.16374, 39.25692,-121.47241,LC08_L2SP_045032_20150413_20200909_02_T1,LC80450322015103LGN01
LC08_L2SP_045033_20150413_20200909_02_T1,LC08_L1TP_045033_20150413_20200909_02_T1,LC80450332015103LGN01,2015/04/13,T1,2, 045, 033, 045, 033,NADIR,   0.000,2020/09/09,2020/09/09,2015-04-13 18:50:58.830929,2015-04-13 18:51:30.600925,LGN,DAY,   1.08,   3.26,930,5,    4.466,    3.320,    2.988,LPGS_15.3.1c,54.98115236,142.78272799,ACTUAL,OLI_TIRS_L2SP,OLI_TIRS,8,UTM,10,WGS84,WGS84,38°54'15.05"N,123°15'37.62"W,39°57'10.66"N,124°37'29.68"W,39°57'33.08"N,121°54'23.29"W,37°49'34.21"N,124°34'37.74"W,37°49'55.02"N,121°56'19.03"W, 38.90418,-123.26045, 39.95296,-124.62491, 39.95919,-121.90647, 37.82617,-124.57715, 37.83195,-121.93862,LC08_L2SP_045033_20150413_20200909_02_T1,LC80450332015103LGN01
LC08_L2SP_044032_20150422_20200909_02_T1,LC08_L1TP_044032_20150422_20200909_02_T1,LC80440322015112LGN03,2015/04/22,T1,2, 044, 032, 044, 032,NADIR,   0.000,2020/09/09,2020/09/09,2015-04-22 18:44:22.139132,2015-04-22 18:44:53.909128,LGN,DAY,  16.77,  16.77,926,5,    5.023,    3.534,    3.569,LPGS_15.3.1c,56.99413474,142.66710723,ACTUAL,OLI_TIRS_L2SP,OLI_TIRS,8,UTM,10,WGS84,WGS84,40°19'58.84"N,121°17'15.90"W,41°23'26.70"N,122°37'58.04"W,41°20'57.41"N,119°53'23.42"W,39°17'16.87"N,122°38'38.47"W,39°14'58.24"N,119°59'05.14"W, 40.33301,-121.28775, 41.39075,-122.63279, 41.34928,-119.88984, 39.28802,-122.64402, 39.24951,-119.98476,LC08_L2SP_044032_20150422_20200909_02_T1,LC80440322015112LGN03
LC08_L2SP_044033_20150422_20200909_02_T1,LC08_L1TP_044033_20150422_20200909_02_T1,LC80440332015112LGN03,2015/04/22,T1,2, 044, 033, 044, 033,NADIR,   0.000,2020/09/09,2020/09/09,2015-04-22 18:44:46.030169,2015-04-22 18:45:17.800166,LGN,DAY,   4.95,   4.96,1145,5,    4.892,    3.493,    3.426,LPGS_15.3.1c,57.94998268,140.72811430,ACTUAL,OLI_TIRS_L2SP,OLI_TIRS,8,UTM,10,WGS84,WGS84,38°54'15.19"N,121°44'03.23"W,39°57'32.11"N,123°03'43.38"W,39°55'44.98"N,120°22'22.19"W,37°51'10.58"N,123°03'36.90"W,37°49'31.15"N,120°26'57.19"W, 38.90422,-121.73423, 39.95892,-123.06205, 39.92916,-120.37283, 37.85294,-123.06025, 37.82532,-120.44922,LC08_L2SP_044033_20150422_20200909_02_T1,LC80440332015112LGN03
LC08_L2SP_045032_20150429_20200909_02_T1,LC08_L1TP_045032_20150429_20200909_02_T1,LC80450322015119LGN01,2015/04/29,T1,2, 045, 032, 045, 032,NADIR,   0.000,2020/09/09,2020/09/09,2015-04-29 18:50:27.162566,2015-04-29 18:50:58.932562,LGN,DAY,   2.65,   2.59,1310,5,    4.219,    3.103,    2.858,LPGS_15.3.1c,59.10083413,141.03212280,ACTUAL,OLI_TIRS_L2SP,OLI_TIRS,8,UTM,10,WGS84,WGS84,40°19'58.76"N,122°49'43.32"W,41°23'05.68"N,124°12'54.54"W,41°22'50.81"N,121°26'30.12"W,39°15'39.56"N,124°10'39.50"W,39°15'25.74"N,121°29'23.24"W, 40.33299,-122.82870, 41.38491,-124.21515, 41.38078,-121.44170, 39.26099,-124.17764, 39.25715,-121.48979,LC08_L2SP_045032_20150429_20200909_02_T1,LC80450322015119LGN01
LC08_L2SP_045033_20150429_20200909_02_T1,LC08_L1TP_045033_20150429_20200909_02_T1,LC80450332015119LGN01,2015/04/29,T1,2, 045, 033, 045, 033,NADIR,   0.000,2020/09/09,2020/09/09,2015-04-29 18:50:51.049367,2015-04-29 18:51:22.819363,LGN,DAY,   0.09,   0.06,986,5,    3.884,    2.828,    2.662,LPGS_15.3.1c,60.02302220,138.89843747,ACTUAL,OLI_TIRS_L2SP,OLI_TIRS,8,UTM,10,WGS84,WGS84,38°54'15.80"N,123°16'30.43"W,39°57'09.94"N,124°38'20.22"W,39°57'33.55"N,121°55'13.87"W,37°49'33.53"N,124°35'26.81"W,37°49'55.45"N,121°57'08.10"W, 38.90439,-123.27512, 39.95276,-124.63895, 39.95932,-121.92052, 37.82598,-124.59078, 37.83207,-121.95225,LC08_L2SP_045033_20150429_20200909_02_T1,LC80450332015119LGN01
LC08_L2SP_044032_20150508_20200909_02_T1,LC08_L1TP_044032_20150508_20200909_02_T1,LC80440322015128LGN03,2015/05/08,T1,2, 044, 032, 044, 032,NADIR,   0.000,2020/09/09,2020/09/09,2015-05-08 18:44:06.331147,2015-05-08 18:44:38.101143,LGN,DAY,  22.79,  22.79,770,5,    5.430,    3.871,    3.808,LPGS_15.3.1c,61.44015071,138.65427109,ACTUAL,OLI_TIRS_L2SP,OLI_TIRS,8,UTM,10,WGS84,WGS84,40°19'57.29"N,121°16'14.95"W,41°23'26.48"N,122°36'53.46"W,41°20'56"N,119°52'31.87"W,39°17'16.69"N,122°37'35.83"W,39°14'56.94"N,119°58'15.13"W, 40.33258,-121.27082, 41.39069,-122.61485, 41.34889,-119.87552, 39.28797,-122.62662, 39.24915,-119.97087,LC08_L2SP_044032_20150508_20200909_02_T1,LC80440322015128LGN03
LC08_L2SP_044033_20150508_20200909_02_T1,LC08_L1TP_044033_20150508_20200909_02_T1,LC80440332015128LGN03,2015/05/08,T1,2, 044, 033, 044, 033,NADIR,   0.000,2020/09/09,2020/09/09,2015-05-08 18:44:30.209476,2015-05-08 18:45:01.979472,LGN,DAY,   4.78,   4.78,1172,5,    5.233,    3.750,    3.650,LPGS_15.3.1c,62.31207774,136.25804031,ACTUAL,OLI_TIRS_L2SP,OLI_TIRS,8,UTM,10,WGS84,WGS84,38°54'15.98"N,121°43'00.98"W,39°57'32.15"N,123°02'40.16"W,39°55'43.57"N,120°21'19.04"W,37°51'10.58"N,123°02'35.52"W,37°49'29.82"N,120°25'55.92"W, 38.90444,-121.71694, 39.95893,-123.04449, 39.92877,-120.35529, 37.85294,-123.04320, 37.82495,-120.43220,LC08_L2SP_044033_20150508_20200909_02_T1,LC80440332015128LGN03
LC08_L2SP_045032_20150515_20201015_02_T1,LC08_L1TP_045032_20150515_20201015_02_T1,LC80450322015135LGN01,2015/05/15,T1,2, 045, 032, 045, 032,NADIR,   0.000,2020/10/15,2020/10/15,2015-05-15 18:50:12.426997,2015-05-15 18:50:44.196993,LGN,DAY,  49.28,  48.84,504,5,    5.814,    4.227,    3.992,LPGS_15.3.1c,62.96263002,136.71176570,ACTUAL,OLI_TIRS_L2SP,OLI_TIRS,8,UTM,10,WGS84,WGS84,40°19'57.76"N,122°46'09.70"W,41°23'07.94"N,124°09'14.98"W,41°22'47.78"N,121°22'50.63"W,39°15'41.65"N,124°07'06.74"W,39°15'22.93"N,121°25'50.52"W, 40.33271,-122.76936, 41.38554,-124.15416, 41.37994,-121.38073, 39.26157,-124.11854, 39.25637,-121.43070,LC08_L2SP_045032_20150515_20201015_02_T1,LC80450322015135LGN01
LC08_L2SP_045033_20150515_20200909_02_T1,LC08_L1TP_045033_20150515_20200909_02_T1,LC80450332015135LGN01,2015/05/15,T1,2, 045, 033, 045, 033,NADIR,   0.000,2020/09/09,2020/09/09,2015-05-15 18:50:36.313798,2015-05-15 18:51:08.083794,LGN,DAY,  16.26,  20.24,618,5,    5.138,    3.612,    3.654,LPGS_15.3.1c,63.79140088,134.10678301,ACTUAL,OLI_TIRS_L2SP,OLI_TIRS,8,UTM,10,WGS84,WGS84,38°54'16.02"N,123°13'03.72"W,39°57'12.74"N,124°34'58.01"W,39°57'31.50"N,121°51'38.95"W,37°49'36.16"N,124°32'10.54"W,37°49'53.54"N,121°53'39.52"W, 38.90445,-123.21770, 39.95354,-124.58278, 39.95875,-121.86082, 37.82671,-124.53626, 37.83154,-121.89431,LC08_L2SP_045033_20150515_20200909_02_T1,LC80450332015135LGN01
LC08_L2SP_044032_20150524_20200909_02_T1,LC08_L1TP_044032_20150524_20200909_02_T1,LC80440322015144LGN04,2015/05/24,T1,2, 044, 032, 044, 032,NADIR,   0.000,2020/09/09,2020/09/09,2015-05-24 18:44:04.808939,2015-05-24 18:44:36.578935,LGN,DAY,  23.82,  23.82,720,5,    4.722,    3.301,    3.376,LPGS_15.3.1c,64.45953330,134.10658494,ACTUAL,OLI_TIRS_L2SP,OLI_TIRS,8,UTM,10,WGS84,WGS84,40°19'58.44"N,121°12'59.36"W,41°23'35.52"N,122°33'39.60"W,41°21'00.07"N,119°49'05.16"W,39°17'25.76"N,122°34'27.95"W,39°15'01.40"N,119°54'54.72"W, 40.33290,-121.21649, 41.39320,-122.56100, 41.35002,-119.81810, 39.29049,-122.57443, 39.25039,-119.91520,LC08_L2SP_044032_20150524_20200909_02_T1,LC80440322015144LGN04
LC08_L2SP_044033_20150524_20200909_02_T1,LC08_L1TP_044033_20150524_20200909_02_T1,LC80440332015144LGN04,2015/05/24,T1,2, 044, 033, 044, 033,NADIR,   0.000,2020/09/09,2020/09/09,2015-05-24 18:44:28.699976,2015-05-24 18:45:00.469972,LGN,DAY,   4.06,   4.06,1292,5,    4.020,    2.915,    2.768,LPGS_15.3.1c,65.23073140,131.25949829,ACTUAL,OLI_TIRS_L2SP,OLI_TIRS,8,UTM,10,WGS84,WGS84,38°54'15.88"N,121°39'53.50"W,39°57'32.18"N,122°59'30.48"W,39°55'39.18"N,120°18'09.68"W,37°51'10.62"N,122°59'31.34"W,37°49'25.75"N,120°22'52.03"W, 38.90441,-121.66486, 39.95894,-122.99180, 39.92755,-120.30269, 37.85295,-122.99204, 37.82382,-120.38112,LC08_L2SP_044033_20150524_20200909_02_T1,LC80440332015144LGN04
LC08_L2SP_045032_20150531_20200909_02_T1,LC08_L1TP_045032_20150531_20200909_02_T1,LC80450322015151LGN01,2015/05/31,T1,2, 045, 032, 045, 032,NADIR,   0.000,2020/09/09,2020/09/09,2015-05-31 18:50:18.505257,2015-05-31 18:50:50.275253,LGN,DAY,  50.75,  51.54,897,5,    4.087,    2.775,    3.001,LPGS_15.3.1c,65.26416488,132.16626568,ACTUAL,OLI_TIRS_L2SP,OLI_TIRS,8,UTM,10,WGS84,WGS84,40°19'58.40"N,122°45'21.85"W,41°23'08.48"N,124°08'23.32"W,41°22'47.03"N,121°21'59"W,39°15'42.12"N,124°06'16.67"W,39°15'22.25"N,121°25'00.48"W, 40.33289,-122.75607, 41.38569,-124.13981, 41.37973,-121.36639, 39.26170,-124.10463, 39.25618,-121.41680,LC08_L2SP_045032_20150531_20200909_02_T1,LC80450322015151LGN01
LC08_L2SP_044032_20150609_20200909_02_T1,LC08_L1TP_044032_20150609_20200909_02_T1,LC80440322015160LGN03,2015/06/09,T1,2, 044, 032, 044, 032,NADIR,   0.000,2020/09/09,2020/09/09,2015-06-09 18:44:15.285482,2015-06-09 18:44:47.055478,LGN,DAY,  19.59,  19.59,927,5,    4.349,    2.967,    3.180,LPGS_15.3.1c,65.83691393,130.01811874,ACTUAL,OLI_TIRS_L2SP,OLI_TIRS,8,UTM,10,WGS84,WGS84,40°19'57.36"N,121°13'20.75"W,41°23'25.87"N,122°34'05.52"W,41°20'51.07"N,119°49'31.40"W,39°17'25.87"N,122°34'52.97"W,39°15'02.09"N,119°55'19.70"W, 40.33260,-121.22243, 41.39052,-122.56820, 41.34752,-119.82539, 39.29052,-122.58138, 39.25058,-119.92214,LC08_L2SP_044032_20150609_20200909_02_T1,LC80440322015160LGN03
LC08_L2SP_044033_20150609_20200909_02_T1,LC08_L1TP_044033_20150609_20200909_02_T1,LC80440332015160LGN03,2015/06/09,T1,2, 044, 033, 044, 033,NADIR,   0.000,2020/09/09,2020/09/09,2015-06-09 18:44:39.172283,2015-06-09 18:45:10.94228,LGN,DAY,  44.52,  44.52,1214,5,    4.726,    3.402,    3.281,LPGS_15.3.1c,66.51496527,126.88359327,ACTUAL,OLI_TIRS_L2SP,OLI_TIRS,8,UTM,10,WGS84,WGS84,38°54'15.62"N,121°40'14.48"W,39°57'32.18"N,122°59'43.15"W,39°55'39.47"N,120°18'22.32"W,37°51'10.62"N,122°59'43.62"W,37°49'26.04"N,120°23'04.27"W, 38.90434,-121.67069, 39.95894,-122.99532, 39.92763,-120.30620, 37.85295,-122.99545, 37.82390,-120.38452,LC08_L2SP_044033_20150609_20200909_02_T1,LC80440332015160LGN03
LC08_L2SP_045032_20150616_20200909_02_T1,LC08_L1TP_045032_20150616_20200909_02_T1,LC80450322015167LGN01,2015/06/16,T1,2, 045, 032, 045, 032,NADIR,   0.000,2020/09/09,2020/09/09,2015-06-16 18:50:29.596946,2015-06-16 18:51:01.366942,LGN,DAY,   0.11,   0.10,1371,5,    3.013,    2.013,    2.242,LPGS_15.3.1c,65.94177110,128.78227513,ACTUAL,OLI_TIRS_L2SP,OLI_TIRS,8,UTM,10,WGS84,WGS84,40°19'58.87"N,122°45'55.37"W,41°23'08.09"N,124°09'02.09"W,41°22'47.42"N,121°22'24.82"W,39°15'41.76"N,124°06'54.22"W,39°15'22.57"N,121°25'25.50"W, 40.33302,-122.76538, 41.38558,-124.15058, 41.37984,-121.37356, 39.26160,-124.11506, 39.25627,-121.42375,LC08_L2SP_045032_20150616_20200909_02_T1,LC80450322015167LGN01
LC08_L2SP_045033_20150616_20200909_02_T1,LC08_L1TP_045033_20150616_20200909_02_T1,LC80450332015167LGN01,2015/06/16,T1,2, 045, 033, 045, 033,NADIR,   0.000,2020/09/09,2020/09/09,2015-06-16 18:50:53.492219,2015-06-16 18:51:25.262215,LGN,DAY,   8.42,  16.08,1020,5,    3.120,    2.186,    2.226,LPGS_15.3.1c,66.59162034,125.60095797,ACTUAL,OLI_TIRS_L2SP,OLI_TIRS,8,UTM,10,WGS84,WGS84,38°54'15.34"N,123°12'49.64"W,39°57'12.92"N,124°34'45.37"W,39°57'31.36"N,121°51'26.28"W,37°49'36.30"N,124°31'58.26"W,37°49'53.44"N,121°53'27.24"W, 38.90426,-123.21379, 39.95359,-124.57927, 39.95871,-121.85730, 37.82675,-124.53285, 37.83151,-121.89090,LC08_L2SP_045033_20150616_20200909_02_T1,LC80450332015167LGN01
LC08_L2SP_044032_20150625_20200909_02_T1,LC08_L1TP_044032_20150625_20200909_02_T1,LC80440322015176LGN03,2015/06/25,T1,2, 044, 032, 044, 032,NADIR,   0.000,2020/09/09,2020/09/09,2015-06-25 18:44:20.409335,2015-06-25 18:44:52.179331,LGN,DAY,   0.00,   0.00,1088,5,    3.334,    2.257,    2.453,LPGS_15.3.1c,65.68104550,127.94359237,ACTUAL,OLI_TIRS_L2SP,OLI_TIRS,8,UTM,10,WGS84,WGS84,40°19'58.55"N,121°12'26.64"W,41°23'35.34"N,122°33'00.86"W,41°20'59.35"N,119°48'39.35"W,39°17'25.62"N,122°33'50.36"W,39°15'00.76"N,119°54'29.74"W, 40.33293,-121.20740, 41.39315,-122.55024, 41.34982,-119.81093, 39.29045,-122.56399, 39.25021,-119.90826,LC08_L2SP_044032_20150625_20200909_02_T1,LC80440322015176LGN03
LC08_L2SP_044033_20150625_20200909_02_T1,LC08_L1TP_044033_20150625_20200909_02_T1,LC80440332015176LGN03,2015/06/25,T1,2, 044, 033, 044, 033,NADIR,   0.000,2020/09/09,2020/09/09,2015-06-25 18:44:44.304608,2015-06-25 18:45:16.074604,LGN,DAY,   0.23,   0.23,1419,5,    3.166,    2.166,    2.309,LPGS_15.3.1c,66.31198258,124.77891570,ACTUAL,OLI_TIRS_L2SP,OLI_TIRS,8,UTM,10,WGS84,WGS84,38°54'14.94"N,121°39'20.84"W,39°57'32.18"N,122°58'52.57"W,39°55'38.32"N,120°17'31.81"W,37°51'10.62"N,122°58'54.52"W,37°49'24.96"N,120°22'15.24"W, 38.90415,-121.65579, 39.95894,-122.98127, 39.92731,-120.29217, 37.85295,-122.98181, 37.82360,-120.37090,LC08_L2SP_044033_20150625_20200909_02_T1,LC80440332015176LGN03
LC08_L2SP_045032_20150702_20200909_02_T1,LC08_L1TP_045032_20150702_20200909_02_T1,LC80450322015183LGN01,2015/07/02,T1,2, 045, 032, 045, 032,NADIR,   0.000,2020/09/09,2020/09/09,2015-07-02 18:50:36.588143,2015-07-02 18:51:08.358139,LGN,DAY,  25.01,  26.16,1127,5,    3.903,    2.646,    2.869,LPGS_15.3.1c,65.20439799,127.95462307,ACTUAL,OLI_TIRS_L2SP,OLI_TIRS,8,UTM,10,WGS84,WGS84,40°19'57.97"N,122°45'48.96"W,41°23'08.20"N,124°08'49.16"W,41°22'47.42"N,121°22'24.82"W,39°15'41.90"N,124°06'41.72"W,39°15'22.57"N,121°25'25.50"W, 40.33277,-122.76360, 41.38561,-124.14699, 41.37984,-121.37356, 39.26164,-124.11159, 39.25627,-121.42375,LC08_L2SP_045032_20150702_20200909_02_T1,LC80450322015183LGN01
LC08_L2SP_045033_20150702_20200909_02_T1,LC08_L1TP_045033_20150702_20200909_02_T1,LC80450332015183LGN01,2015/07/02,T1,2, 045, 033, 045, 033,NADIR,   0.000,2020/09/09,2020/09/09,2015-07-02 18:51:00.47918,2015-07-02 18:51:32.249176,LGN,DAY,  25.18,  51.74,708,5,    3.819,    2.494,    2.891,LPGS_15.3.1c,65.83623297,124.85633663,ACTUAL,OLI_TIRS_L2SP,OLI_TIRS,8,UTM,10,WGS84,WGS84,38°54'15.37"N,123°12'42.66"W,39°57'13.10"N,124°34'32.74"W,39°57'31.36"N,121°51'26.28"W,37°49'36.48"N,124°31'45.98"W,37°49'53.44"N,121°53'27.24"W, 38.90427,-123.21185, 39.95364,-124.57576, 39.95871,-121.85730, 37.82680,-124.52944, 37.83151,-121.89090,LC08_L2SP_045033_20150702_20200909_02_T1,LC80450332015183LGN01
LC08_L2SP_044032_20150711_20200909_02_T1,LC08_L1TP_044032_20150711_20200909_02_T1,LC80440322015192LGN04,2015/07/11,T1,2, 044, 032, 044, 032,NADIR,   0.000,2020/09/09,2020/09/09,2015-07-11 18:44:32.187348,2015-07-11 18:45:03.957344,LGN,DAY,  25.83,  25.83,643,5,    5.390,    3.900,    3.721,LPGS_15.3.1c,64.27655393,128.82194256,ACTUAL,OLI_TIRS_L2SP,OLI_TIRS,8,UTM,10,WGS84,WGS84,40°19'58.69"N,121°13'34.21"W,41°23'35.66"N,122°34'18.37"W,41°21'01.15"N,119°49'43.82"W,39°17'25.91"N,122°35'05.50"W,39°15'02.41"N,119°55'32.23"W, 40.33297,-121.22617, 41.39324,-122.57177, 41.35032,-119.82884, 39.29053,-122.58486, 39.25067,-119.92562,LC08_L2SP_044032_20150711_20200909_02_T1,LC80440322015192LGN04
LC08_L2SP_044033_20150711_20200908_02_T1,LC08_L1TP_044033_20150711_20200908_02_T1,LC80440332015192LGN04,2015/07/11,T1,2, 044, 033, 044, 033,NADIR,   0.000,2020/09/08,2020/09/08,2015-07-11 18:44:56.082621,2015-07-11 18:45:27.852617,LGN,DAY,   4.29,   4.29,1306,5,    4.160,    2.951,    2.933,LPGS_15.3.1c,64.92977306,125.86320479,ACTUAL,OLI_TIRS_L2SP,OLI_TIRS,8,UTM,10,WGS84,WGS84,38°54'15.26"N,121°40'28.42"W,39°57'32.18"N,123°00'08.42"W,39°55'39.79"N,120°18'34.92"W,37°51'10.62"N,123°00'08.17"W,37°49'26.33"N,120°23'16.55"W, 38.90424,-121.67456, 39.95894,-123.00234, 39.92772,-120.30970, 37.85295,-123.00227, 37.82398,-120.38793,LC08_L2SP_044033_20150711_20200908_02_T1,LC80440332015192LGN04
LC08_L2SP_045032_20150718_20200908_02_T1,LC08_L1TP_045032_20150718_20200908_02_T1,LC80450322015199LGN01,2015/07/18,T1,2, 045, 032, 045, 032,NADIR,   0.000,2020/09/08,2020/09/08,2015-07-18 18:50:46.059163,2015-07-18 18:51:17.829159,LGN,DAY,   2.59,   3.81,1311,5,    3.114,    2.153,    2.250,LPGS_15.3.1c,63.33017372,130.10848922,ACTUAL,OLI_TIRS_L2SP,OLI_TIRS,8,UTM,10,WGS84,WGS84,40°19'57.32"N,122°46'12.25"W,41°23'07.94"N,124°09'14.98"W,41°22'47.78"N,121°22'50.63"W,39°15'41.65"N,124°07'06.74"W,39°15'22.93"N,121°25'50.52"W, 40.33259,-122.77007, 41.38554,-124.15416, 41.37994,-121.38073, 39.26157,-124.11854, 39.25637,-121.43070,LC08_L2SP_045032_20150718_20200908_02_T1,LC80450322015199LGN01
LC08_L2SP_045033_20150718_20200908_02_T1,LC08_L1TP_045033_20150718_20200908_02_T1,LC80450332015199LGN01,2015/07/18,T1,2, 045, 033, 045, 033,NADIR,   0.000,2020/09/08,2020/09/08,2015-07-18 18:51:09.941728,2015-07-18 18:51:41.711724,LGN,DAY,   1.66,  29.75,1034,5,    2.624,    1.757,    1.949,LPGS_15.3.1c,64.01371625,127.29439232,ACTUAL,OLI_TIRS_L2SP,OLI_TIRS,8,UTM,10,WGS84,WGS84,38°54'16.42"N,123°13'05.27"W,39°57'12.74"N,124°34'58.01"W,39°57'31.61"N,121°51'51.59"W,37°49'36.16"N,124°32'10.54"W,37°49'53.65"N,121°53'51.79"W, 38.90456,-123.21813, 39.95354,-124.58278, 39.95878,-121.86433, 37.82671,-124.53626, 37.83157,-121.89772,LC08_L2SP_045033_20150718_20200908_02_T1,LC80450332015199LGN01
LC08_L2SP_044032_20150727_20200908_02_T1,LC08_L1TP_044032_20150727_20200908_02_T1,LC80440322015208LGN01,2015/07/27,T1,2, 044, 032, 044, 032,NADIR,   0.000,2020/09/08,2020/09/08,2015-07-27 18:44:37.593275,2015-07-27 18:45:09.363271,LGN,DAY,   0.07,   0.07,1067,5,    3.871,    2.667,    2.806,LPGS_15.3.1c,61.85407772,132.43924637,ACTUAL,OLI_TIRS_L2SP,OLI_TIRS,8,UTM,10,WGS84,WGS84,40°19'57.54"N,121°13'01.45"W,41°23'25.76"N,122°33'39.67"W,41°20'50.35"N,119°49'05.63"W,39°17'25.76"N,122°34'27.95"W,39°15'01.40"N,119°54'54.72"W, 40.33265,-121.21707, 41.39049,-122.56102, 41.34732,-119.81823, 39.29049,-122.57443, 39.25039,-119.91520,LC08_L2SP_044032_20150727_20200908_02_T1,LC80440322015208LGN01
LC08_L2SP_044033_20150727_20200908_02_T1,LC08_L1TP_044033_20150727_20200908_02_T1,LC80440332015208LGN01,2015/07/27,T1,2, 044, 033, 044, 033,NADIR,   0.000,2020/09/08,2020/09/08,2015-07-27 18:45:01.480076,2015-07-27 18:45:33.250072,LGN,DAY,   0.19,   0.19,1437,5,    3.360,    2.362,    2.390,LPGS_15.3.1c,62.59167021,129.83898207,ACTUAL,OLI_TIRS_L2SP,OLI_TIRS,8,UTM,10,WGS84,WGS84,38°54'15.59"N,121°39'54.79"W,39°57'32.18"N,122°59'30.48"W,39°55'39.18"N,120°18'09.68"W,37°51'10.62"N,122°59'31.34"W,37°49'25.75"N,120°22'52.03"W, 38.90433,-121.66522, 39.95894,-122.99180, 39.92755,-120.30269, 37.85295,-122.99204, 37.82382,-120.38112,LC08_L2SP_044033_20150727_20200908_02_T1,LC80440332015208LGN01
LC08_L2SP_045032_20150803_20200908_02_T1,LC08_L1TP_045032_20150803_20200908_02_T1,LC80450322015215LGN01,2015/08/03,T1,2, 045, 032, 045, 032,NADIR,   0.000,2020/09/08,2020/09/08,2015-08-03 18:50:49.170786,2015-08-03 18:51:20.940782,LGN,DAY,  10.75,  12.14,1227,5,    3.359,    2.301,    2.448,LPGS_15.3.1c,60.51186625,134.67177128,ACTUAL,OLI_TIRS_L2SP,OLI_TIRS,8,UTM,10,WGS84,WGS84,40°19'58.51"N,122°45'09.32"W,41°23'08.59"N,124°08'10.43"W,41°22'46.85"N,121°21'46.08"W,39°15'42.23"N,124°06'04.18"W,39°15'22.07"N,121°24'47.95"W, 40.33292,-122.75259, 41.38572,-124.13623, 41.37968,-121.36280, 39.26173,-124.10116, 39.25613,-121.41332,LC08_L2SP_045032_20150803_20200908_02_T1,LC80450322015215LGN01
LC08_L2SP_045033_20150803_20200909_02_T1,LC08_L1TP_045033_20150803_20200909_02_T1,LC80450332015215LGN01,2015/08/03,T1,2, 045, 033, 045, 033,NADIR,   0.000,2020/09/09,2020/09/09,2015-08-03 18:51:13.066059,2015-08-03 18:51:44.836056,LGN,DAY,  11.14,  40.15,788,5,    2.701,    1.886,    1.934,LPGS_15.3.1c,61.29989868,132.25343107,ACTUAL,OLI_TIRS_L2SP,OLI_TIRS,8,UTM,10,WGS84,WGS84,38°54'14.83"N,123°12'03.02"W,39°57'13.61"N,124°33'54.79"W,39°57'31"N,121°50'48.37"W,37°49'36.95"N,124°31'09.19"W,37°49'53.08"N,121°52'50.41"W, 38.90412,-123.20084, 39.95378,-124.56522, 39.95861,-121.84677, 37.82693,-124.51922, 37.83141,-121.88067,LC08_L2SP_045033_20150803_20200909_02_T1,LC80450332015215LGN01
LC08_L2SP_044032_20150812_20200908_02_T1,LC08_L1TP_044032_20150812_20200908_02_T1,LC80440322015224LGN01,2015/08/12,T1,2, 044, 032, 044, 032,NADIR,   0.000,2020/09/08,2020/09/08,2015-08-12 18:44:42.290737,2015-08-12 18:45:14.060733,LGN,DAY,   0.01,   0.01,1063,5,    4.462,    2.911,    3.381,LPGS_15.3.1c,58.54609010,137.90188775,ACTUAL,OLI_TIRS_L2SP,OLI_TIRS,8,UTM,10,WGS84,WGS84,40°19'58.22"N,121°12'27.07"W,41°23'35.34"N,122°33'00.86"W,41°20'59.35"N,119°48'39.35"W,39°17'25.62"N,122°33'50.36"W,39°15'00.76"N,119°54'29.74"W, 40.33284,-121.20752, 41.39315,-122.55024, 41.34982,-119.81093, 39.29045,-122.56399, 39.25021,-119.90826,LC08_L2SP_044032_20150812_20200908_02_T1,LC80440322015224LGN01
LC08_L2SP_044033_20150812_20200908_02_T1,LC08_L1TP_044033_20150812_20200908_02_T1,LC80440332015224LGN01,2015/08/12,T1,2, 044, 033, 044, 033,NADIR,   0.000,2020/09/08,2020/09/08,2015-08-12 18:45:06.177538,2015-08-12 18:45:37.947535,LGN,DAY,   0.00,   0.00,1405,5,    3.725,    2.483,    2.777,LPGS_15.3.1c,59.40389919,135.72870952,ACTUAL,OLI_TIRS_L2SP,OLI_TIRS,8,UTM,10,WGS84,WGS84,38°54'16.31"N,121°39'20.23"W,39°57'41.90"N,122°58'52.57"W,39°55'48.04"N,120°17'31.42"W,37°51'20.38"N,122°58'54.52"W,37°49'34.68"N,120°22'14.92"W, 38.90453,-121.65562, 39.96164,-122.98127, 39.93001,-120.29206, 37.85566,-122.98181, 37.82630,-120.37081,LC08_L2SP_044033_20150812_20200908_02_T1,LC80440332015224LGN01
LC08_L2SP_045032_20150819_20200908_02_T1,LC08_L1TP_045032_20150819_20200908_02_T1,LC80450322015231LGN02,2015/08/19,T1,2, 045, 032, 045, 032,NADIR,   0.000,2020/09/08,2020/09/08,2015-08-19 18:50:56.68955,2015-08-19 18:51:28.459546,LGN,DAY,  35.17,  36.22,1252,5,    3.440,    2.318,    2.542,LPGS_15.3.1c,56.83385924,140.58120321,ACTUAL,OLI_TIRS_L2SP,OLI_TIRS,8,UTM,10,WGS84,WGS84,40°19'57.90"N,122°45'24.73"W,41°23'08.48"N,124°08'23.32"W,41°22'47.03"N,121°21'59"W,39°15'42.12"N,124°06'16.67"W,39°15'22.25"N,121°25'00.48"W, 40.33275,-122.75687, 41.38569,-124.13981, 41.37973,-121.36639, 39.26170,-124.10463, 39.25618,-121.41680,LC08_L2SP_045032_20150819_20200908_02_T1,LC80450322015231LGN02
LC08_L2SP_045033_20150819_20200908_02_T1,LC08_L1TP_045033_20150819_20200908_02_T1,LC80450332015231LGN02,2015/08/19,T1,2, 045, 033, 045, 033,NADIR,   0.000,2020/09/08,2020/09/08,2015-08-19 18:51:20.576351,2015-08-19 18:51:52.346348,LGN,DAY,  19.14,  48.33,713,5,    3.028,    2.075,    2.205,LPGS_15.3.1c,57.74739224,138.59879445,ACTUAL,OLI_TIRS_L2SP,OLI_TIRS,8,UTM,10,WGS84,WGS84,38°54'16.27"N,123°12'17.86"W,39°57'13.43"N,124°34'07.43"W,39°57'31.10"N,121°51'01.01"W,37°49'36.80"N,124°31'21.47"W,37°49'53.18"N,121°53'02.69"W, 38.90452,-123.20496, 39.95373,-124.56873, 39.95864,-121.85028, 37.82689,-124.52263, 37.83144,-121.88408,LC08_L2SP_045033_20150819_20200908_02_T1,LC80450332015231LGN02
LC08_L2SP_044032_20150828_20200908_02_T1,LC08_L1TP_044032_20150828_20200908_02_T1,LC80440322015240LGN01,2015/08/28,T1,2, 044, 032, 044, 032,NADIR,   0.000,2020/09/08,2020/09/08,2015-08-28 18:44:48.983462,2015-08-28 18:45:20.753458,LGN,DAY,  48.46,  48.46,778,5,    5.447,    3.505,    4.170,LPGS_15.3.1c,54.42024335,144.09786546,ACTUAL,OLI_TIRS_L2SP,OLI_TIRS,8,UTM,10,WGS84,WGS84,40°19'57.94"N,121°12'36.79"W,41°23'25.69"N,122°33'13.86"W,41°20'49.63"N,119°48'39.85"W,39°17'25.69"N,122°34'02.89"W,39°15'00.76"N,119°54'29.74"W, 40.33276,-121.21022, 41.39047,-122.55385, 41.34712,-119.81107, 39.29047,-122.56747, 39.25021,-119.90826,LC08_L2SP_044032_20150828_20200908_02_T1,LC80440322015240LGN01
LC08_L2SP_044033_20150828_20200908_02_T1,LC08_L1TP_044033_20150828_20200908_02_T1,LC80440332015240LGN01,2015/08/28,T1,2, 044, 033, 044, 033,NADIR,   0.000,2020/09/08,2020/09/08,2015-08-28 18:45:12.870263,2015-08-28 18:45:44.640259,LGN,DAY,  50.03,  50.04,1298,5,    4.418,    2.880,    3.351,LPGS_15.3.1c,55.40364351,142.35216654,ACTUAL,OLI_TIRS_L2SP,OLI_TIRS,8,UTM,10,WGS84,WGS84,38°54'16.02"N,121°39'29.81"W,39°57'32.18"N,122°59'05.21"W,39°55'38.60"N,120°17'44.41"W,37°51'10.62"N,122°59'06.79"W,37°49'25.21"N,120°22'27.52"W, 38.90445,-121.65828, 39.95894,-122.98478, 39.92739,-120.29567, 37.85295,-122.98522, 37.82367,-120.37431,LC08_L2SP_044033_20150828_20200908_02_T1,LC80440332015240LGN01
LC08_L2SP_045032_20150904_20200908_02_T1,LC08_L1TP_045032_20150904_20200908_02_T1,LC80450322015247LGN01,2015/09/04,T1,2, 045, 032, 045, 032,NADIR,   0.000,2020/09/08,2020/09/08,2015-09-04 18:51:01.527597,2015-09-04 18:51:33.297593,LGN,DAY,   8.87,   8.73,1094,5,    4.015,    2.569,    3.086,LPGS_15.3.1c,52.38438109,146.79333912,ACTUAL,OLI_TIRS_L2SP,OLI_TIRS,8,UTM,10,WGS84,WGS84,40°19'57.79"N,122°45'14.22"W,41°23'08.48"N,124°08'23.32"W,41°22'46.85"N,121°21'46.08"W,39°15'42.12"N,124°06'16.67"W,39°15'22.07"N,121°24'47.95"W, 40.33272,-122.75395, 41.38569,-124.13981, 41.37968,-121.36280, 39.26170,-124.10463, 39.25613,-121.41332,LC08_L2SP_045032_20150904_20200908_02_T1,LC80450322015247LGN01
LC08_L2SP_045033_20150904_20200908_02_T1,LC08_L1TP_045033_20150904_20200908_02_T1,LC80450332015247LGN01,2015/09/04,T1,2, 045, 033, 045, 033,NADIR,   0.000,2020/09/08,2020/09/08,2015-09-04 18:51:25.418634,2015-09-04 18:51:57.188631,LGN,DAY,   0.02,   0.01,1051,5,    2.819,    1.770,    2.193,LPGS_15.3.1c,53.41873564,145.22058468,ACTUAL,OLI_TIRS_L2SP,OLI_TIRS,8,UTM,10,WGS84,WGS84,38°54'15.08"N,123°12'07.20"W,39°57'13.61"N,124°33'54.79"W,39°57'31"N,121°50'48.37"W,37°49'36.95"N,124°31'09.19"W,37°49'53.08"N,121°52'50.41"W, 38.90419,-123.20200, 39.95378,-124.56522, 39.95861,-121.84677, 37.82693,-124.51922, 37.83141,-121.88067,LC08_L2SP_045033_20150904_20200908_02_T1,LC80450332015247LGN01
LC08_L2SP_044032_20150913_20200908_02_T1,LC08_L1TP_044032_20150913_20200908_02_T1,LC80440322015256LGN01,2015/09/13,T1,2, 044, 032, 044, 032,NADIR,   0.000,2020/09/08,2020/09/08,2015-09-13 18:44:56.224448,2015-09-13 18:45:27.994444,LGN,DAY,  60.49,  60.49,366,5,    5.916,    3.677,    4.634,LPGS_15.3.1c,49.59299472,150.09159984,ACTUAL,OLI_TIRS_L2SP,OLI_TIRS,8,UTM,10,WGS84,WGS84,40°19'57.90"N,121°13'09.70"W,41°23'25.84"N,122°33'52.60"W,41°20'50.71"N,119°49'18.52"W,39°17'25.84"N,122°34'40.48"W,39°15'01.73"N,119°55'07.21"W, 40.33275,-121.21936, 41.39051,-122.56461, 41.34742,-119.82181, 39.29051,-122.57791, 39.25048,-119.91867,LC08_L2SP_044032_20150913_20200908_02_T1,LC80440322015256LGN01
LC08_L2SP_045032_20150920_20200908_02_T1,LC08_L1TP_045032_20150920_20200908_02_T1,LC80450322015263LGN01,2015/09/20,T1,2, 045, 032, 045, 032,NADIR,   0.000,2020/09/08,2020/09/08,2015-09-20 18:51:10.149676,2015-09-20 18:51:41.919673,LGN,DAY,   0.06,   0.06,1341,5,    4.340,    2.403,    3.614,LPGS_15.3.1c,47.30766713,152.46838728,ACTUAL,OLI_TIRS_L2SP,OLI_TIRS,8,UTM,10,WGS84,WGS84,40°19'57.97"N,122°46'14.23"W,41°23'07.94"N,124°09'14.98"W,41°22'47.78"N,121°22'50.63"W,39°15'41.65"N,124°07'06.74"W,39°15'22.93"N,121°25'50.52"W, 40.33277,-122.77062, 41.38554,-124.15416, 41.37994,-121.38073, 39.26157,-124.11854, 39.25637,-121.43070,LC08_L2SP_045032_20150920_20200908_02_T1,LC80450322015263LGN01
LC08_L2SP_045033_20150920_20200908_02_T1,LC08_L1TP_045033_20150920_20200908_02_T1,LC80450332015263LGN01,2015/09/20,T1,2, 045, 033, 045, 033,NADIR,   0.000,2020/09/08,2020/09/08,2015-09-20 18:51:34.040713,2015-09-20 18:52:05.81071,LGN,DAY,   0.01,   0.01,1036,5,    3.272,    1.882,    2.677,LPGS_15.3.1c,48.44065388,151.23934199,ACTUAL,OLI_TIRS_L2SP,OLI_TIRS,8,UTM,10,WGS84,WGS84,38°54'15.30"N,123°13'07"W,39°57'12.74"N,124°34'58.01"W,39°57'31.61"N,121°51'51.59"W,37°49'36.16"N,124°32'10.54"W,37°49'53.65"N,121°53'51.79"W, 38.90425,-123.21861, 39.95354,-124.58278, 39.95878,-121.86433, 37.82671,-124.53626, 37.83157,-121.89772,LC08_L2SP_045033_20150920_20200908_02_T1,LC80450332015263LGN01
LC08_L2SP_044032_20150929_20200908_02_T1,LC08_L1TP_044032_20150929_20200908_02_T1,LC80440322015272LGN02,2015/09/29,T1,2, 044, 032, 044, 032,NADIR,   0.000,2020/09/08,2020/09/08,2015-09-29 18:45:01.760079,2015-09-29 18:45:33.530076,LGN,DAY,   0.07,   0.07,988,5,    6.051,    3.158,    5.161,LPGS_15.3.1c,44.27628373,155.22138837,ACTUAL,OLI_TIRS_L2SP,OLI_TIRS,8,UTM,10,WGS84,WGS84,40°19'58.26"N,121°13'32.99"W,41°23'25.91"N,122°34'18.44"W,41°20'51.43"N,119°49'44.29"W,39°17'25.91"N,122°35'05.50"W,39°15'02.41"N,119°55'32.23"W, 40.33285,-121.22583, 41.39053,-122.57179, 41.34762,-119.82897, 39.29053,-122.58486, 39.25067,-119.92562,LC08_L2SP_044032_20150929_20200908_02_T1,LC80440322015272LGN02
LC08_L2SP_044033_20150929_20200908_02_T1,LC08_L1TP_044033_20150929_20200908_02_T1,LC80440332015272LGN02,2015/09/29,T1,2, 044, 033, 044, 033,NADIR,   0.000,2020/09/08,2020/09/08,2015-09-29 18:45:25.651117,2015-09-29 18:45:57.421113,LGN,DAY,  12.08,  12.08,1287,5,    5.027,    2.842,    4.146,LPGS_15.3.1c,45.45290866,154.14981057,ACTUAL,OLI_TIRS_L2SP,OLI_TIRS,8,UTM,10,WGS84,WGS84,38°54'15.48"N,121°40'25.46"W,39°57'32.18"N,122°59'55.79"W,39°55'39.79"N,120°18'34.92"W,37°51'10.62"N,122°59'55.90"W,37°49'26.33"N,120°23'16.55"W, 38.90430,-121.67374, 39.95894,-122.99883, 39.92772,-120.30970, 37.85295,-122.99886, 37.82398,-120.38793,LC08_L2SP_044033_20150929_20200908_02_T1,LC80440332015272LGN02
LC08_L2SP_045032_20151006_20200908_02_T1,LC08_L1TP_045032_20151006_20200908_02_T1,LC80450322015279LGN01,2015/10/06,T1,2, 045, 032, 045, 032,NADIR,   0.000,2020/09/08,2020/09/08,2015-10-06 18:51:13.00895,2015-10-06 18:51:44.778947,LGN,DAY,   2.77,   3.42,1268,5,    5.291,    2.687,    4.558,LPGS_15.3.1c,41.87346788,157.08823247,ACTUAL,OLI_TIRS_L2SP,OLI_TIRS,8,UTM,10,WGS84,WGS84,40°19'58.69"N,122°46'01.31"W,41°23'08.09"N,124°09'02.09"W,41°22'47.60"N,121°22'37.74"W,39°15'41.76"N,124°06'54.22"W,39°15'22.75"N,121°25'38.03"W, 40.33297,-122.76703, 41.38558,-124.15058, 41.37989,-121.37715, 39.26160,-124.11506, 39.25632,-121.42723,LC08_L2SP_045032_20151006_20200908_02_T1,LC80450322015279LGN01
LC08_L2SP_045033_20151006_20200908_02_T1,LC08_L1TP_045033_20151006_20200908_02_T1,LC80450332015279LGN01,2015/10/06,T1,2, 045, 033, 045, 033,NADIR,   0.000,2020/09/08,2020/09/08,2015-10-06 18:51:36.904224,2015-10-06 18:52:08.67422,LGN,DAY,   4.00,  32.14,876,5,    4.135,    2.114,    3.554,LPGS_15.3.1c,43.07813450,156.12099499,ACTUAL,OLI_TIRS_L2SP,OLI_TIRS,8,UTM,10,WGS84,WGS84,38°54'15.23"N,123°12'54.29"W,39°57'12.92"N,124°34'45.37"W,39°57'31.50"N,121°51'38.95"W,37°49'36.30"N,124°31'58.26"W,37°49'53.54"N,121°53'39.52"W, 38.90423,-123.21508, 39.95359,-124.57927, 39.95875,-121.86082, 37.82675,-124.53285, 37.83154,-121.89431,LC08_L2SP_045033_20151006_20200908_02_T1,LC80450332015279LGN01
LC08_L2SP_044032_20151015_20200908_02_T1,LC08_L1TP_044032_20151015_20200908_02_T1,LC80440322015288LGN01,2015/10/15,T1,2, 044, 032, 044, 032,NADIR,   0.000,2020/09/08,2020/09/08,2015-10-15 18:45:01.112981,2015-10-15 18:45:32.882978,LGN,DAY,   2.88,   2.88,938,5,    7.176,    3.766,    6.109,LPGS_15.3.1c,38.79009074,159.09785118,ACTUAL,OLI_TIRS_L2SP,OLI_TIRS,8,UTM,10,WGS84,WGS84,40°19'57.65"N,121°12'37.30"W,41°23'25.69"N,122°33'13.86"W,41°20'49.63"N,119°48'39.85"W,39°17'25.69"N,122°34'02.89"W,39°15'00.76"N,119°54'29.74"W, 40.33268,-121.21036, 41.39047,-122.55385, 41.34712,-119.81107, 39.29047,-122.56747, 39.25021,-119.90826,LC08_L2SP_044032_20151015_20200908_02_T1,LC80440322015288LGN01
LC08_L2SP_044033_20151015_20200908_02_T1,LC08_L1TP_044033_20151015_20200908_02_T1,LC80440332015288LGN01,2015/10/15,T1,2, 044, 033, 044, 033,NADIR,   0.000,2020/09/08,2020/09/08,2015-10-15 18:45:25.004019,2015-10-15 18:45:56.774015,LGN,DAY,  15.28,  15.28,1110,5,    5.960,    3.269,    4.983,LPGS_15.3.1c,40.02315046,158.24345788,ACTUAL,OLI_TIRS_L2SP,OLI_TIRS,8,UTM,10,WGS84,WGS84,38°54'14.94"N,121°39'29.56"W,39°57'32.18"N,122°59'05.21"W,39°55'38.60"N,120°17'44.41"W,37°51'10.62"N,122°59'06.79"W,37°49'25.21"N,120°22'27.52"W, 38.90415,-121.65821, 39.95894,-122.98478, 39.92739,-120.29567, 37.85295,-122.98522, 37.82367,-120.37431,LC08_L2SP_044033_20151015_20200908_02_T1,LC80440332015288LGN01
LC08_L2SP_045032_20151022_20200908_02_T1,LC08_L1TP_045032_20151022_20200908_02_T1,LC80450322015295LGN01,2015/10/22,T1,2, 045, 032, 045, 032,NADIR,   0.000,2020/09/08,2020/09/08,2015-10-22 18:51:16.014638,2015-10-22 18:51:47.784635,LGN,DAY,   0.05,   0.05,1291,5,    5.988,    2.895,    5.242,LPGS_15.3.1c,36.43798568,160.35031001,ACTUAL,OLI_TIRS_L2SP,OLI_TIRS,8,UTM,10,WGS84,WGS84,40°19'57.18"N,122°46'06.35"W,41°22'58.22"N,124°09'14.83"W,41°22'37.85"N,121°22'37.99"W,39°15'41.65"N,124°07'06.74"W,39°15'22.75"N,121°25'38.03"W, 40.33255,-122.76843, 41.38284,-124.15412, 41.37718,-121.37722, 39.26157,-124.11854, 39.25632,-121.42723,LC08_L2SP_045032_20151022_20200908_02_T1,LC80450322015295LGN01
LC08_L2SP_045033_20151022_20200908_02_T1,LC08_L1TP_045033_20151022_20200908_02_T1,LC80450332015295LGN01,2015/10/22,T1,2, 045, 033, 045, 033,NADIR,   0.000,2020/09/08,2020/09/08,2015-10-22 18:51:39.90144,2015-10-22 18:52:11.671436,LGN,DAY,   0.58,   6.22,1022,5,    5.249,    2.371,    4.683,LPGS_15.3.1c,37.68785532,159.56825021,ACTUAL,OLI_TIRS_L2SP,OLI_TIRS,8,UTM,10,WGS84,WGS84,38°54'15.30"N,123°12'58.10"W,39°57'12.92"N,124°34'45.37"W,39°57'31.50"N,121°51'38.95"W,37°49'36.30"N,124°31'58.26"W,37°49'53.54"N,121°53'39.52"W, 38.90425,-123.21614, 39.95359,-124.57927, 39.95875,-121.86082, 37.82675,-124.53285, 37.83154,-121.89431,LC08_L2SP_045033_20151022_20200908_02_T1,LC80450332015295LGN01
LC08_L2SP_044032_20151031_20200908_02_T1,LC08_L1TP_044032_20151031_20200908_02_T1,LC80440322015304LGN01,2015/10/31,T1,2, 044, 032, 044, 032,NADIR,   0.000,2020/09/08,2020/09/08,2015-10-31 18:45:07.73654,2015-10-31 18:45:39.506536,LGN,DAY,   5.85,   5.85,854,5,    7.521,    4.192,    6.245,LPGS_15.3.1c,33.54781829,161.55285322,ACTUAL,OLI_TIRS_L2SP,OLI_TIRS,8,UTM,10,WGS84,WGS84,40°19'58.51"N,121°13'47.78"W,41°23'25.98"N,122°34'31.37"W,41°20'51.79"N,119°49'57.18"W,39°17'25.94"N,122°35'18.02"W,39°15'02.74"N,119°55'44.72"W, 40.33292,-121.22994, 41.39055,-122.57538, 41.34772,-119.83255, 39.29054,-122.58834, 39.25076,-119.92909,LC08_L2SP_044032_20151031_20200908_02_T1,LC80440322015304LGN01
LC08_L2SP_044033_20151031_20200908_02_T1,LC08_L1TP_044033_20151031_20200908_02_T1,LC80440332015304LGN01,2015/10/31,T1,2, 044, 033, 044, 033,NADIR,   0.000,2020/09/08,2020/09/08,2015-10-31 18:45:31.627577,2015-10-31 18:46:03.397573,LGN,DAY,   0.03,   0.03,1303,5,    6.261,    3.070,    5.457,LPGS_15.3.1c,34.81368171,160.84567055,ACTUAL,OLI_TIRS_L2SP,OLI_TIRS,8,UTM,10,WGS84,WGS84,38°54'15.70"N,121°40'39.68"W,39°57'32.18"N,123°00'08.42"W,39°55'40.08"N,120°18'47.56"W,37°51'10.62"N,123°00'08.17"W,37°49'26.58"N,120°23'28.79"W, 38.90436,-121.67769, 39.95894,-123.00234, 39.92780,-120.31321, 37.85295,-123.00227, 37.82405,-120.39133,LC08_L2SP_044033_20151031_20200908_02_T1,LC80440332015304LGN01
LC08_L2SP_045032_20151107_20200908_02_T1,LC08_L1TP_045032_20151107_20200908_02_T1,LC80450322015311LGN01,2015/11/07,T1,2, 045, 032, 045, 032,NADIR,   0.000,2020/09/08,2020/09/08,2015-11-07 18:51:18.694715,2015-11-07 18:51:50.464711,LGN,DAY,   0.15,   0.14,1233,5,    6.761,    3.241,    5.934,LPGS_15.3.1c,31.44768372,162.17073236,FINAL,OLI_TIRS_L2SP,OLI_TIRS,8,UTM,10,WGS84,WGS84,40°19'57.07"N,122°46'18.44"W,41°22'58.08"N,124°09'27.72"W,41°22'38.06"N,121°22'50.88"W,39°15'41.54"N,124°07'19.27"W,39°15'22.93"N,121°25'50.52"W, 40.33252,-122.77179, 41.38280,-124.15770, 41.37724,-121.38080, 39.26154,-124.12202, 39.25637,-121.43070,LC08_L2SP_045032_20151107_20200908_02_T1,LC80450322015311LGN01
LC08_L2SP_045033_20151107_20200908_02_T1,LC08_L1TP_045033_20151107_20200908_02_T1,LC80450332015311LGN01,2015/11/07,T1,2, 045, 033, 045, 033,NADIR,   0.000,2020/09/08,2020/09/08,2015-11-07 18:51:42.57728,2015-11-07 18:52:14.347277,LGN,DAY,   0.02,   3.00,1006,5,    5.949,    2.714,    5.294,LPGS_15.3.1c,32.72107653,161.50996659,FINAL,OLI_TIRS_L2SP,OLI_TIRS,8,UTM,10,WGS84,WGS84,38°54'15.84"N,123°13'09.70"W,39°57'12.74"N,124°34'58.01"W,39°57'31.61"N,121°51'51.59"W,37°49'36.16"N,124°32'10.54"W,37°49'53.65"N,121°53'51.79"W, 38.90440,-123.21936, 39.95354,-124.58278, 39.95878,-121.86433, 37.82671,-124.53626, 37.83157,-121.89772,LC08_L2SP_045033_20151107_20200908_02_T1,LC80450332015311LGN01
LC08_L2SP_044032_20151116_20200908_02_T1,LC08_L1TP_044032_20151116_20200908_02_T1,LC80440322015320LGN01,2015/11/16,T1,2, 044, 032, 044, 032,NADIR,   0.000,2020/09/08,2020/09/08,2015-11-16 18:45:08.549403,2015-11-16 18:45:40.319399,LGN,DAY,  27.48,  27.48,648,5,    8.573,    4.792,    7.109,LPGS_15.3.1c,29.01098514,162.56445340,FINAL,OLI_TIRS_L2SP,OLI_TIRS,8,UTM,10,WGS84,WGS84,40°19'58.33"N,121°13'41.59"W,41°23'25.91"N,122°34'18.44"W,41°20'51.43"N,119°49'44.29"W,39°17'25.91"N,122°35'05.50"W,39°15'02.41"N,119°55'32.23"W, 40.33287,-121.22822, 41.39053,-122.57179, 41.34762,-119.82897, 39.29053,-122.58486, 39.25067,-119.92562,LC08_L2SP_044032_20151116_20200908_02_T1,LC80440322015320LGN01
LC08_L2SP_044033_20151116_20200908_02_T1,LC08_L1TP_044033_20151116_20200908_02_T1,LC80440332015320LGN01,2015/11/16,T1,2, 044, 033, 044, 033,NADIR,   0.000,2020/09/08,2020/09/08,2015-11-16 18:45:32.44044,2015-11-16 18:46:04.210437,LGN,DAY,   2.92,   2.92,1132,5,    7.376,    3.595,    6.440,LPGS_15.3.1c,30.28980536,161.94918745,FINAL,OLI_TIRS_L2SP,OLI_TIRS,8,UTM,10,WGS84,WGS84,38°54'15.66"N,121°40'33.20"W,39°57'32.18"N,123°00'08.42"W,39°55'40.08"N,120°18'47.56"W,37°51'10.62"N,123°00'08.17"W,37°49'26.58"N,120°23'28.79"W, 38.90435,-121.67589, 39.95894,-123.00234, 39.92780,-120.31321, 37.85295,-123.00227, 37.82405,-120.39133,LC08_L2SP_044033_20151116_20200908_02_T1,LC80440332015320LGN01
LC08_L2SP_045032_20151123_20200908_02_T1,LC08_L1TP_045032_20151123_20200908_02_T1,LC80450322015327LGN01,2015/11/23,T1,2, 045, 032, 045, 032,NADIR,   0.000,2020/09/08,2020/09/08,2015-11-23 18:51:20.927394,2015-11-23 18:51:52.697391,LGN,DAY,   2.59,   4.02,1054,5,    7.638,    4.218,    6.367,LPGS_15.3.1c,27.36963933,162.58561200,FINAL,OLI_TIRS_L2SP,OLI_TIRS,8,UTM,10,WGS84,WGS84,40°19'57.40"N,122°46'37.56"W,41°22'57.97"N,124°09'40.64"W,41°22'38.42"N,121°23'16.69"W,39°15'41.40"N,124°07'31.76"W,39°15'23.26"N,121°26'15.54"W, 40.33261,-122.77710, 41.38277,-124.16129, 41.37734,-121.38797, 39.26150,-124.12549, 39.25646,-121.43765,LC08_L2SP_045032_20151123_20200908_02_T1,LC80450322015327LGN01
LC08_L2SP_045033_20151123_20200908_02_T1,LC08_L1TP_045033_20151123_20200908_02_T1,LC80450332015327LGN01,2015/11/23,T1,2, 045, 033, 045, 033,NADIR,   0.000,2020/09/08,2020/09/08,2015-11-23 18:51:44.814196,2015-11-23 18:52:16.584192,LGN,DAY,  10.20,  20.09,707,5,    6.712,    3.301,    5.844,LPGS_15.3.1c,28.64873000,161.99659555,FINAL,OLI_TIRS_L2SP,OLI_TIRS,8,UTM,10,WGS84,WGS84,38°54'15.34"N,123°13'28.99"W,39°57'12.38"N,124°35'23.28"W,39°57'31.75"N,121°52'04.22"W,37°49'35.83"N,124°32'35.05"W,37°49'53.76"N,121°54'04.03"W, 38.90426,-123.22472, 39.95344,-124.58980, 39.95882,-121.86784, 37.82662,-124.54307, 37.83160,-121.90112,LC08_L2SP_045033_20151123_20200908_02_T1,LC80450332015327LGN01
LC08_L2SP_044032_20151202_20200908_02_T1,LC08_L1TP_044032_20151202_20200908_02_T1,LC80440322015336LGN01,2015/12/02,T1,2, 044, 032, 044, 032,NADIR,   0.000,2020/09/08,2020/09/08,2015-12-02 18:45:09.756808,2015-12-02 18:45:41.526805,LGN,DAY,  53.85,  53.85,108,5,    8.675,    5.694,    6.544,LPGS_15.3.1c,25.65058847,162.26902396,FINAL,OLI_TIRS_L2SP,OLI_TIRS,8,UTM,10,WGS84,WGS84,40°19'57.18"N,121°13'55.16"W,41°23'25.98"N,122°34'31.37"W,41°20'52.15"N,119°50'10.07"W,39°17'25.94"N,122°35'18.02"W,39°15'03.06"N,119°55'57.22"W, 40.33255,-121.23199, 41.39055,-122.57538, 41.34782,-119.83613, 39.29054,-122.58834, 39.25085,-119.93256,LC08_L2SP_044032_20151202_20200908_02_T1,LC80440322015336LGN01
LC08_L2SP_045032_20151225_20200908_02_T1,LC08_L1TP_045032_20151225_20200908_02_T1,LC80450322015359LGN01,2015/12/25,T1,2, 045, 032, 045, 032,NADIR,   0.000,2020/09/08,2020/09/08,2015-12-25 18:51:19.992771,2015-12-25 18:51:51.762768,LGN,DAY,  15.33,  15.08,534,5,    8.894,    5.186,    7.225,LPGS_15.3.1c,23.64255793,160.06907359,ACTUAL,OLI_TIRS_L2SP,OLI_TIRS,8,UTM,10,WGS84,WGS84,40°19'58.15"N,122°46'39.90"W,41°22'57.97"N,124°09'40.64"W,41°22'38.42"N,121°23'16.69"W,39°15'41.40"N,124°07'31.76"W,39°15'23.26"N,121°26'15.54"W, 40.33282,-122.77775, 41.38277,-124.16129, 41.37734,-121.38797, 39.26150,-124.12549, 39.25646,-121.43765,LC08_L2SP_045032_20151225_20200908_02_T1,LC80450322015359LGN01
LC08_L2SP_045033_20151225_20200908_02_T1,LC08_L1TP_045033_20151225_20200908_02_T1,LC80450332015359LGN01,2015/12/25,T1,2, 045, 033, 045, 033,NADIR,   0.000,2020/09/08,2020/09/08,2015-12-25 18:51:43.879572,2015-12-25 18:52:15.649569,LGN,DAY,   6.70,   6.64,714,5,    8.341,    4.626,    6.941,LPGS_15.3.1c,24.89049915,159.51129922,ACTUAL,OLI_TIRS_L2SP,OLI_TIRS,8,UTM,10,WGS84,WGS84,38°54'15.80"N,123°13'30.58"W,39°57'12.38"N,124°35'23.28"W,39°57'31.86"N,121°52'16.86"W,37°49'35.83"N,124°32'35.05"W,37°49'53.87"N,121°54'16.31"W, 38.90439,-123.22516, 39.95344,-124.58980, 39.95885,-121.87135, 37.82662,-124.54307, 37.83163,-121.90453,LC08_L2SP_045033_20151225_20200908_02_T1,LC80450332015359LGN01
LC08_L2SP_045032_20160110_20200907_02_T1,LC08_L1TP_045032_20160110_20200907_02_T1,LC80450322016010LGN01,2016/01/10,T1,2, 045, 032, 045, 032,NADIR,   0.000,2020/09/07,2020/09/07,2016-01-10 18:51:16.166055,2016-01-10 18:51:47.936051,LGN,DAY,  15.07,  14.82,740,5,    8.518,    5.066,    6.848,LPGS_15.3.1c,24.50363869,157.81500218,FINAL,OLI_TIRS_L2SP,OLI_TIRS,8,UTM,10,WGS84,WGS84,40°19'58.51"N,122°46'12.90"W,41°22'58.22"N,124°09'14.83"W,41°22'38.06"N,121°22'50.88"W,39°15'41.65"N,124°07'06.74"W,39°15'22.93"N,121°25'50.52"W, 40.33292,-122.77025, 41.38284,-124.15412, 41.37724,-121.38080, 39.26157,-124.11854, 39.25637,-121.43070,LC08_L2SP_045032_20160110_20200907_02_T1,LC80450322016010LGN01
LC08_L2SP_045033_20160110_20200907_02_T1,LC08_L1TP_045033_20160110_20200907_02_T1,LC80450332016010LGN01,2016/01/10,T1,2, 045, 033, 045, 033,NADIR,   0.000,2020/09/07,2020/09/07,2016-01-10 18:51:40.052856,2016-01-10 18:52:11.822853,LGN,DAY,  32.96,  43.95,585,5,    8.522,    4.485,    7.246,LPGS_15.3.1c,25.72114998,157.22109511,FINAL,OLI_TIRS_L2SP,OLI_TIRS,8,UTM,10,WGS84,WGS84,38°54'16.16"N,123°13'03.14"W,39°57'12.92"N,124°34'45.37"W,39°57'31.50"N,121°51'38.95"W,37°49'36.30"N,124°31'58.26"W,37°49'53.54"N,121°53'39.52"W, 38.90449,-123.21754, 39.95359,-124.57927, 39.95875,-121.86082, 37.82675,-124.53285, 37.83154,-121.89431,LC08_L2SP_045033_20160110_20200907_02_T1,LC80450332016010LGN01
LC08_L2SP_045032_20160126_20200907_02_T1,LC08_L1TP_045032_20160126_20200907_02_T1,LC80450322016026LGN01,2016/01/26,T1,2, 045, 032, 045, 032,NADIR,   0.000,2020/09/07,2020/09/07,2016-01-26 18:51:16.360957,2016-01-26 18:51:48.130954,LGN,DAY,  34.89,  35.37,733,5,    7.884,    4.810,    6.246,LPGS_15.3.1c,27.18721617,155.39386006,FINAL,OLI_TIRS_L2SP,OLI_TIRS,8,UTM,10,WGS84,WGS84,40°19'58.84"N,122°47'04.81"W,41°23'07.44"N,124°10'06.64"W,41°22'48.50"N,121°23'42.29"W,39°15'41.15"N,124°07'56.82"W,39°15'23.58"N,121°26'40.56"W, 40.33301,-122.78467, 41.38540,-124.16851, 41.38014,-121.39508, 39.26143,-124.13245, 39.25655,-121.44460,LC08_L2SP_045032_20160126_20200907_02_T1,LC80450322016026LGN01
LC08_L2SP_045032_20160211_20200907_02_T1,LC08_L1TP_045032_20160211_20200907_02_T1,LC80450322016042LGN01,2016/02/11,T1,2, 045, 032, 045, 032,NADIR,   0.000,2020/09/07,2020/09/07,2016-02-11 18:51:10.27352,2016-02-11 18:51:42.043516,LGN,DAY,  35.33,  36.20,1014,5,    7.689,    4.747,    6.049,LPGS_15.3.1c,31.43842186,153.06778065,FINAL,OLI_TIRS_L2SP,OLI_TIRS,8,UTM,10,WGS84,WGS84,40°19'58.26"N,122°46'38.21"W,41°22'57.97"N,124°09'40.64"W,41°22'38.42"N,121°23'16.69"W,39°15'41.40"N,124°07'31.76"W,39°15'23.26"N,121°26'15.54"W, 40.33285,-122.77728, 41.38277,-124.16129, 41.37734,-121.38797, 39.26150,-124.12549, 39.25646,-121.43765,LC08_L2SP_045032_20160211_20200907_02_T1,LC80450322016042LGN01
LC08_L2SP_045033_20160211_20200907_02_T1,LC08_L1TP_045033_20160211_20200907_02_T1,LC80450332016042LGN01,2016/02/11,T1,2, 045, 033, 045, 033,NADIR,   0.000,2020/09/07,2020/09/07,2016-02-11 18:51:34.164557,2016-02-11 18:52:05.934554,LGN,DAY,  46.06,  57.57,880,5,    7.125,    4.506,    5.520,LPGS_15.3.1c,32.58492520,152.28733008,FINAL,OLI_TIRS_L2SP,OLI_TIRS,8,UTM,10,WGS84,WGS84,38°54'15.12"N,123°13'27.91"W,39°57'12.56"N,124°35'10.64"W,39°57'31.75"N,121°52'04.22"W,37°49'35.98"N,124°32'22.78"W,37°49'53.76"N,121°54'04.03"W, 38.90420,-123.22442, 39.95349,-124.58629, 39.95882,-121.86784, 37.82666,-124.53966, 37.83160,-121.90112,LC08_L2SP_045033_20160211_20200907_02_T1,LC80450332016042LGN01
LC08_L2SP_044032_20160220_20200907_02_T1,LC08_L1TP_044032_20160220_20200907_02_T1,LC80440322016051LGN01,2016/02/20,T1,2, 044, 032, 044, 032,NADIR,   0.000,2020/09/07,2020/09/07,2016-02-20 18:44:54.514348,2016-02-20 18:45:26.284345,LGN,DAY,   4.66,   4.66,608,5,    8.696,    5.130,    7.021,LPGS_15.3.1c,34.36895089,151.85266883,FINAL,OLI_TIRS_L2SP,OLI_TIRS,8,UTM,10,WGS84,WGS84,40°19'58.12"N,121°13'19.45"W,41°23'25.87"N,122°34'05.52"W,41°20'51.07"N,119°49'31.40"W,39°17'25.87"N,122°34'52.97"W,39°15'02.09"N,119°55'19.70"W, 40.33281,-121.22207, 41.39052,-122.56820, 41.34752,-119.82539, 39.29052,-122.58138, 39.25058,-119.92214,LC08_L2SP_044032_20160220_20200907_02_T1,LC80440322016051LGN01
LC08_L2SP_044033_20160220_20200907_02_T1,LC08_L1TP_044033_20160220_20200907_02_T1,LC80440332016051LGN01,2016/02/20,T1,2, 044, 033, 044, 033,NADIR,   0.000,2020/09/07,2020/09/07,2016-02-20 18:45:18.405385,2016-02-20 18:45:50.175382,LGN,DAY,  37.64,  37.63,872,5,    7.866,    4.559,    6.410,LPGS_15.3.1c,35.49560373,150.98933940,FINAL,OLI_TIRS_L2SP,OLI_TIRS,8,UTM,10,WGS84,WGS84,38°54'15.01"N,121°40'09.08"W,39°57'32.18"N,122°59'43.15"W,39°55'39.47"N,120°18'22.32"W,37°51'10.62"N,122°59'43.62"W,37°49'26.04"N,120°23'04.27"W, 38.90417,-121.66919, 39.95894,-122.99532, 39.92763,-120.30620, 37.85295,-122.99545, 37.82390,-120.38452,LC08_L2SP_044033_20160220_20200907_02_T1,LC80440332016051LGN01
LC08_L2SP_045032_20160314_20200907_02_T1,LC08_L1TP_045032_20160314_20200907_02_T1,LC80450322016074LGN01,2016/03/14,T1,2, 045, 032, 045, 032,NADIR,   0.000,2020/09/07,2020/09/07,2016-03-14 18:51:01.973332,2016-03-14 18:51:33.743328,LGN,DAY,  51.02,  50.43,467,5,    7.946,    5.153,    6.049,LPGS_15.3.1c,42.92778079,148.93217517,FINAL,OLI_TIRS_L2SP,OLI_TIRS,8,UTM,10,WGS84,WGS84,40°19'57.14"N,122°47'32.75"W,41°22'57.43"N,124°10'32.30"W,41°22'39.14"N,121°24'08.35"W,39°15'40.93"N,124°08'21.84"W,39°15'23.94"N,121°27'05.62"W, 40.33254,-122.79243, 41.38262,-124.17564, 41.37754,-121.40232, 39.26137,-124.13940, 39.25665,-121.45156,LC08_L2SP_045032_20160314_20200907_02_T1,LC80450322016074LGN01
LC08_L2SP_045033_20160314_20200907_02_T1,LC08_L1TP_045033_20160314_20200907_02_T1,LC80450332016074LGN01,2016/03/14,T1,2, 045, 033, 045, 033,NADIR,   0.000,2020/09/07,2020/09/07,2016-03-14 18:51:25.851661,2016-03-14 18:51:57.621658,LGN,DAY,  48.75,  45.08,365,5,    7.945,    5.262,    5.953,LPGS_15.3.1c,44.00334985,147.78483716,FINAL,OLI_TIRS_L2SP,OLI_TIRS,8,UTM,10,WGS84,WGS84,38°54'16.60"N,123°14'20.69"W,39°57'11.70"N,124°36'13.82"W,39°57'32.36"N,121°53'07.44"W,37°49'35.18"N,124°33'24.12"W,37°49'54.34"N,121°55'05.41"W, 38.90461,-123.23908, 39.95325,-124.60384, 39.95899,-121.88540, 37.82644,-124.55670, 37.83176,-121.91817,LC08_L2SP_045033_20160314_20200907_02_T1,LC80450332016074LGN01
LC08_L2SP_044032_20160323_20200907_02_T1,LC08_L1TP_044032_20160323_20200907_02_T1,LC80440322016083LGN01,2016/03/23,T1,2, 044, 032, 044, 032,NADIR,   0.000,2020/09/07,2020/09/07,2016-03-23 18:44:46.031299,2016-03-23 18:45:17.801296,LGN,DAY,   7.36,   7.36,791,5,    7.467,    4.562,    5.912,LPGS_15.3.1c,46.44100325,147.76306691,FINAL,OLI_TIRS_L2SP,OLI_TIRS,8,UTM,10,WGS84,WGS84,40°19'58.48"N,121°14'32.86"W,41°23'26.12"N,122°35'10.10"W,41°20'53.20"N,119°50'48.73"W,39°17'26.09"N,122°35'55.61"W,39°15'04.07"N,119°56'34.73"W, 40.33291,-121.24246, 41.39059,-122.58614, 41.34811,-119.84687, 39.29058,-122.59878, 39.25113,-119.94298,LC08_L2SP_044032_20160323_20200907_02_T1,LC80440322016083LGN01
LC08_L2SP_044033_20160323_20200907_02_T1,LC08_L1TP_044033_20160323_20200907_02_T1,LC80440332016083LGN01,2016/03/23,T1,2, 044, 033, 044, 033,NADIR,   0.000,2020/09/07,2020/09/07,2016-03-23 18:45:09.918101,2016-03-23 18:45:41.688097,LGN,DAY,   1.89,   1.90,1118,5,    6.732,    4.151,    5.299,LPGS_15.3.1c,47.49554491,146.47000619,FINAL,OLI_TIRS_L2SP,OLI_TIRS,8,UTM,10,WGS84,WGS84,38°54'16.02"N,121°41'21.41"W,39°57'32.18"N,123°00'59"W,39°55'41.23"N,120°19'38.06"W,37°51'10.62"N,123°00'57.28"W,37°49'27.66"N,120°24'17.82"W, 38.90445,-121.68928, 39.95894,-123.01639, 39.92812,-120.32724, 37.85295,-123.01591, 37.82435,-120.40495,LC08_L2SP_044033_20160323_20200907_02_T1,LC80440332016083LGN01
LC08_L2SP_045032_20160330_20200907_02_T1,LC08_L1TP_045032_20160330_20200907_02_T1,LC80450322016090LGN01,2016/03/30,T1,2, 045, 032, 045, 032,NADIR,   0.000,2020/09/07,2020/09/07,2016-03-30 18:50:51.721283,2016-03-30 18:51:23.49128,LGN,DAY,   0.85,   1.42,1197,5,    4.852,    3.098,    3.735,LPGS_15.3.1c,49.14652965,146.77781097,FINAL,OLI_TIRS_L2SP,OLI_TIRS,8,UTM,10,WGS84,WGS84,40°19'57.32"N,122°46'52.64"W,41°22'57.83"N,124°09'53.57"W,41°22'38.60"N,121°23'29.62"W,39°15'41.29"N,124°07'44.29"W,39°15'23.44"N,121°26'28.07"W, 40.33259,-122.78129, 41.38273,-124.16488, 41.37739,-121.39156, 39.26147,-124.12897, 39.25651,-121.44113,LC08_L2SP_045032_20160330_20200907_02_T1,LC80450322016090LGN01
LC08_L2SP_045033_20160330_20200907_02_T1,LC08_L1TP_045033_20160330_20200907_02_T1,LC80450332016090LGN01,2016/03/30,T1,2, 045, 033, 045, 033,NADIR,   0.000,2020/09/07,2020/09/07,2016-03-30 18:51:15.603848,2016-03-30 18:51:47.373845,LGN,DAY,   3.59,  29.64,870,5,    4.575,    3.098,    3.367,LPGS_15.3.1c,50.18248913,145.35603875,FINAL,OLI_TIRS_L2SP,OLI_TIRS,8,UTM,10,WGS84,WGS84,38°54'15.62"N,123°13'40.48"W,39°57'12.38"N,124°35'23.28"W,39°57'32"N,121°52'29.50"W,37°49'35.83"N,124°32'35.05"W,37°49'54.01"N,121°54'28.58"W, 38.90434,-123.22791, 39.95344,-124.58980, 39.95889,-121.87486, 37.82662,-124.54307, 37.83167,-121.90794,LC08_L2SP_045033_20160330_20200907_02_T1,LC80450332016090LGN01
LC08_L2SP_044032_20160408_20200907_02_T1,LC08_L1TP_044032_20160408_20200907_02_T1,LC80440322016099LGN01,2016/04/08,T1,2, 044, 032, 044, 032,NADIR,   0.000,2020/09/07,2020/09/07,2016-04-08 18:44:38.570122,2016-04-08 18:45:10.340119,LGN,DAY,   7.05,   7.05,878,5,    6.366,    3.980,    4.969,LPGS_15.3.1c,52.50499775,145.35188292,FINAL,OLI_TIRS_L2SP,OLI_TIRS,8,UTM,10,WGS84,WGS84,40°19'58.12"N,121°14'44.16"W,41°23'26.16"N,122°35'23.03"W,41°20'53.56"N,119°51'01.62"W,39°17'26.12"N,122°36'08.14"W,39°15'04.39"N,119°56'47.22"W, 40.33281,-121.24560, 41.39060,-122.58973, 41.34821,-119.85045, 39.29059,-122.60226, 39.25122,-119.94645,LC08_L2SP_044032_20160408_20200907_02_T1,LC80440322016099LGN01
LC08_L2SP_044033_20160408_20200907_02_T1,LC08_L1TP_044033_20160408_20200907_02_T1,LC80440332016099LGN01,2016/04/08,T1,2, 044, 033, 044, 033,NADIR,   0.000,2020/09/07,2020/09/07,2016-04-08 18:45:02.456923,2016-04-08 18:45:34.22692,LGN,DAY,  46.34,  46.37,738,5,    6.475,    4.345,    4.801,LPGS_15.3.1c,53.51380985,143.74114621,FINAL,OLI_TIRS_L2SP,OLI_TIRS,8,UTM,10,WGS84,WGS84,38°54'15.34"N,121°41'32.10"W,39°57'32.18"N,123°00'59"W,39°55'41.52"N,120°19'50.66"W,37°51'10.62"N,123°00'57.28"W,37°49'27.95"N,120°24'30.10"W, 38.90426,-121.69225, 39.95894,-123.01639, 39.92820,-120.33074, 37.85295,-123.01591, 37.82443,-120.40836,LC08_L2SP_044033_20160408_20200907_02_T1,LC80440332016099LGN01
LC08_L2SP_045032_20160415_20200907_02_T1,LC08_L1TP_045032_20160415_20200907_02_T1,LC80450322016106LGN02,2016/04/15,T1,2, 045, 032, 045, 032,NADIR,   0.000,2020/09/07,2020/09/07,2016-04-15 18:50:46.869709,2016-04-15 18:51:18.639706,LGN,DAY,   2.28,   2.23,1191,5,    5.061,    3.490,    3.665,LPGS_15.3.1c,54.97579769,144.07697452,FINAL,OLI_TIRS_L2SP,OLI_TIRS,8,UTM,10,WGS84,WGS84,40°19'57.94"N,122°47'44.20"W,41°22'57.32"N,124°10'45.23"W,41°22'39.32"N,121°24'21.28"W,39°15'40.79"N,124°08'34.37"W,39°15'24.08"N,121°27'18.11"W, 40.33276,-122.79561, 41.38259,-124.17923, 41.37759,-121.40591, 39.26133,-124.14288, 39.25669,-121.45503,LC08_L2SP_045032_20160415_20200907_02_T1,LC80450322016106LGN02
LC08_L2SP_045033_20160415_20200907_02_T1,LC08_L1TP_045033_20160415_20200907_02_T1,LC80450332016106LGN02,2016/04/15,T1,2, 045, 033, 045, 033,NADIR,   0.000,2020/09/07,2020/09/07,2016-04-15 18:51:10.752275,2016-04-15 18:51:42.522272,LGN,DAY,   0.30,   0.19,942,5,    4.483,    3.165,    3.174,LPGS_15.3.1c,55.95940258,142.30065049,FINAL,OLI_TIRS_L2SP,OLI_TIRS,8,UTM,10,WGS84,WGS84,38°54'15.98"N,123°14'31.74"W,39°57'11.52"N,124°36'26.46"W,39°57'32.47"N,121°53'20.08"W,37°49'35"N,124°33'36.40"W,37°49'54.44"N,121°55'17.69"W, 38.90444,-123.24215, 39.95320,-124.60735, 39.95902,-121.88891, 37.82639,-124.56011, 37.83179,-121.92158,LC08_L2SP_045033_20160415_20200907_02_T1,LC80450332016106LGN02
LC08_L2SP_044032_20160424_20200907_02_T1,LC08_L1TP_044032_20160424_20200907_02_T1,LC80440322016115LGN01,2016/04/24,T1,2, 044, 032, 044, 032,NADIR,   0.000,2020/09/07,2020/09/07,2016-04-24 18:44:31.380137,2016-04-24 18:45:03.150133,LGN,DAY,  46.38,  46.38,458,5,    7.010,    4.864,    5.047,LPGS_15.3.1c,57.88965771,142.18150996,FINAL,OLI_TIRS_L2SP,OLI_TIRS,8,UTM,10,WGS84,WGS84,40°19'57.68"N,121°15'10.51"W,41°23'26.27"N,122°35'48.88"W,41°20'54.28"N,119°51'27.40"W,39°17'26.20"N,122°36'33.16"W,39°15'05.04"N,119°57'12.20"W, 40.33269,-121.25292, 41.39063,-122.59691, 41.34841,-119.85761, 39.29061,-122.60921, 39.25140,-119.95339,LC08_L2SP_044032_20160424_20200907_02_T1,LC80440322016115LGN01
LC08_L2SP_044033_20160424_20200907_02_T1,LC08_L1TP_044033_20160424_20200907_02_T1,LC80440332016115LGN01,2016/04/24,T1,2, 044, 033, 044, 033,NADIR,   0.000,2020/09/07,2020/09/07,2016-04-24 18:44:55.262702,2016-04-24 18:45:27.032699,LGN,DAY,  15.38,  15.37,839,5,    6.202,    4.283,    4.486,LPGS_15.3.1c,58.83505779,140.16846908,FINAL,OLI_TIRS_L2SP,OLI_TIRS,8,UTM,10,WGS84,WGS84,38°54'15.80"N,121°41'57.98"W,39°57'32.18"N,123°01'36.95"W,39°55'42.10"N,120°20'15.94"W,37°51'10.62"N,123°01'34.10"W,37°49'28.49"N,120°24'54.61"W, 38.90439,-121.69944, 39.95894,-123.02693, 39.92836,-120.33776, 37.85295,-123.02614, 37.82458,-120.41517,LC08_L2SP_044033_20160424_20200907_02_T1,LC80440332016115LGN01
LC08_L2SP_045032_20160501_20200907_02_T1,LC08_L1TP_045032_20160501_20200907_02_T1,LC80450322016122LGN01,2016/05/01,T1,2, 045, 032, 045, 032,NADIR,   0.000,2020/09/07,2020/09/07,2016-05-01 18:50:49.062339,2016-05-01 18:51:20.832336,LGN,DAY,   3.45,   3.36,1244,5,    4.360,    3.126,    3.040,LPGS_15.3.1c,59.90668604,140.48166898,FINAL,OLI_TIRS_L2SP,OLI_TIRS,8,UTM,10,WGS84,WGS84,40°19'58.01"N,122°50'36.28"W,41°23'05.14"N,124°13'46.20"W,41°22'51.49"N,121°27'21.78"W,39°15'39.02"N,124°11'29.58"W,39°15'26.39"N,121°30'13.32"W, 40.33278,-122.84341, 41.38476,-124.22950, 41.38097,-121.45605, 39.26084,-124.19155, 39.25733,-121.50370,LC08_L2SP_045032_20160501_20200907_02_T1,LC80450322016122LGN01
LC08_L2SP_045033_20160501_20200907_02_T1,LC08_L1TP_045033_20160501_20200907_02_T1,LC80450332016122LGN01,2016/05/01,T1,2, 045, 033, 045, 033,NADIR,   0.000,2020/09/07,2020/09/07,2016-05-01 18:51:12.944904,2016-05-01 18:51:44.714901,LGN,DAY,   1.62,   1.03,926,5,    4.334,    3.246,    2.872,LPGS_15.3.1c,60.81697742,138.26904590,FINAL,OLI_TIRS_L2SP,OLI_TIRS,8,UTM,10,WGS84,WGS84,38°54'16.27"N,123°17'23.53"W,39°57'09.04"N,124°39'23.40"W,39°57'34.02"N,121°56'04.42"W,37°49'32.70"N,124°36'28.15"W,37°49'55.88"N,121°57'57.20"W, 38.90452,-123.28987, 39.95251,-124.65650, 39.95945,-121.93456, 37.82575,-124.60782, 37.83219,-121.96589,LC08_L2SP_045033_20160501_20200907_02_T1,LC80450332016122LGN01
LC08_L2SP_044032_20160510_20200907_02_T1,LC08_L1TP_044032_20160510_20200907_02_T1,LC80440322016131LGN01,2016/05/10,T1,2, 044, 032, 044, 032,NADIR,   0.000,2020/09/07,2020/09/07,2016-05-10 18:44:33.959558,2016-05-10 18:45:05.729555,LGN,DAY,   0.71,   0.71,1008,5,    5.200,    3.752,    3.600,LPGS_15.3.1c,62.14612962,138.14182663,FINAL,OLI_TIRS_L2SP,OLI_TIRS,8,UTM,10,WGS84,WGS84,40°19'57.18"N,121°14'04.24"W,41°23'26.02"N,122°34'44.26"W,41°20'52.15"N,119°50'10.07"W,39°17'16.26"N,122°35'30.62"W,39°14'53.34"N,119°55'57.65"W, 40.33255,-121.23451, 41.39056,-122.57896, 41.34782,-119.83613, 39.28785,-122.59184, 39.24815,-119.93268,LC08_L2SP_044032_20160510_20200907_02_T1,LC80440322016131LGN01
LC08_L2SP_044033_20160510_20200907_02_T1,LC08_L1TP_044033_20160510_20200907_02_T1,LC80440332016131LGN01,2016/05/10,T1,2, 044, 033, 044, 033,NADIR,   0.000,2020/09/07,2020/09/07,2016-05-10 18:44:57.842124,2016-05-10 18:45:29.61212,LGN,DAY,   0.44,   0.44,1300,5,    5.151,    3.713,    3.570,LPGS_15.3.1c,63.00571070,135.66082348,FINAL,OLI_TIRS_L2SP,OLI_TIRS,8,UTM,10,WGS84,WGS84,38°54'16.13"N,121°40'57.22"W,39°57'32.18"N,123°00'33.73"W,39°55'40.66"N,120°19'12.79"W,37°51'10.62"N,123°00'32.72"W,37°49'27.12"N,120°23'53.30"W, 38.90448,-121.68256, 39.95894,-123.00937, 39.92796,-120.32022, 37.85295,-123.00909, 37.82420,-120.39814,LC08_L2SP_044033_20160510_20200907_02_T1,LC80440332016131LGN01
LC08_L2SP_045032_20160517_20200907_02_T1,LC08_L1TP_045032_20160517_20200907_02_T1,LC80450322016138LGN01,2016/05/17,T1,2, 045, 032, 045, 032,NADIR,   0.000,2020/09/07,2020/09/07,2016-05-17 18:50:46.215798,2016-05-17 18:51:17.985795,LGN,DAY,   0.44,   0.43,1337,5,    4.086,    2.935,    2.842,LPGS_15.3.1c,63.54709723,136.14744467,FINAL,OLI_TIRS_L2SP,OLI_TIRS,8,UTM,10,WGS84,WGS84,40°19'58.37"N,122°46'14.66"W,41°23'07.94"N,124°09'14.98"W,41°22'47.78"N,121°22'50.63"W,39°15'41.65"N,124°07'06.74"W,39°15'22.93"N,121°25'50.52"W, 40.33288,-122.77074, 41.38554,-124.15416, 41.37994,-121.38073, 39.26157,-124.11854, 39.25637,-121.43070,LC08_L2SP_045032_20160517_20200907_02_T1,LC80450322016138LGN01
LC08_L2SP_045033_20160517_20200907_02_T1,LC08_L1TP_045033_20160517_20200907_02_T1,LC80450332016138LGN01,2016/05/17,T1,2, 045, 033, 045, 033,NADIR,   0.000,2020/09/07,2020/09/07,2016-05-17 18:51:10.106836,2016-05-17 18:51:41.876832,LGN,DAY,   0.20,   0.29,1041,5,    4.072,    2.961,    2.796,LPGS_15.3.1c,64.36350768,133.46329734,FINAL,OLI_TIRS_L2SP,OLI_TIRS,8,UTM,10,WGS84,WGS84,38°54'15.70"N,123°13'08.26"W,39°57'12.74"N,124°34'58.01"W,39°57'31.61"N,121°51'51.59"W,37°49'36.16"N,124°32'10.54"W,37°49'53.65"N,121°53'51.79"W, 38.90436,-123.21896, 39.95354,-124.58278, 39.95878,-121.86433, 37.82671,-124.53626, 37.83157,-121.89772,LC08_L2SP_045033_20160517_20200907_02_T1,LC80450332016138LGN01
LC08_L2SP_044032_20160526_20200906_02_T1,LC08_L1TP_044032_20160526_20200906_02_T1,LC80440322016147LGN01,2016/05/26,T1,2, 044, 032, 044, 032,NADIR,   0.000,2020/09/06,2020/09/06,2016-05-26 18:44:39.165928,2016-05-26 18:45:10.935925,LGN,DAY,  17.90,  17.90,765,5,    5.403,    3.869,    3.772,LPGS_15.3.1c,64.88719424,133.55945629,FINAL,OLI_TIRS_L2SP,OLI_TIRS,8,UTM,10,WGS84,WGS84,40°19'57.54"N,121°13'31.94"W,41°23'25.91"N,122°34'18.44"W,41°20'51.43"N,119°49'44.29"W,39°17'25.91"N,122°35'05.50"W,39°15'02.41"N,119°55'32.23"W, 40.33265,-121.22554, 41.39053,-122.57179, 41.34762,-119.82897, 39.29053,-122.58486, 39.25067,-119.92562,LC08_L2SP_044032_20160526_20200906_02_T1,LC80440322016147LGN01
LC08_L2SP_044033_20160526_20200906_02_T1,LC08_L1TP_044033_20160526_20200906_02_T1,LC80440332016147LGN01,2016/05/26,T1,2, 044, 033, 044, 033,NADIR,   0.000,2020/09/06,2020/09/06,2016-05-26 18:45:03.05273,2016-05-26 18:45:34.822726,LGN,DAY,   4.52,   4.52,1286,5,    4.726,    3.318,    3.366,LPGS_15.3.1c,65.64588381,130.64543419,FINAL,OLI_TIRS_L2SP,OLI_TIRS,8,UTM,10,WGS84,WGS84,38°54'15.77"N,121°40'24.96"W,39°57'32.18"N,122°59'55.79"W,39°55'39.79"N,120°18'34.92"W,37°51'10.62"N,122°59'55.90"W,37°49'26.33"N,120°23'16.55"W, 38.90438,-121.67360, 39.95894,-122.99883, 39.92772,-120.30970, 37.85295,-122.99886, 37.82398,-120.38793,LC08_L2SP_044033_20160526_20200906_02_T1,LC80440332016147LGN01
LC08_L2SP_045032_20160602_20200906_02_T1,LC08_L1TP_045032_20160602_20200906_02_T1,LC80450322016154LGN01,2016/06/02,T1,2, 045, 032, 045, 032,NADIR,   0.000,2020/09/06,2020/09/06,2016-06-02 18:50:51.981998,2016-06-02 18:51:23.751994,LGN,DAY,   9.94,   9.78,1287,5,    3.839,    2.729,    2.700,LPGS_15.3.1c,65.56618589,131.68140415,FINAL,OLI_TIRS_L2SP,OLI_TIRS,8,UTM,10,WGS84,WGS84,40°19'58.84"N,122°45'52.96"W,41°23'08.09"N,124°09'02.09"W,41°22'47.42"N,121°22'24.82"W,39°15'41.76"N,124°06'54.22"W,39°15'22.57"N,121°25'25.50"W, 40.33301,-122.76471, 41.38558,-124.15058, 41.37984,-121.37356, 39.26160,-124.11506, 39.25627,-121.42375,LC08_L2SP_045032_20160602_20200906_02_T1,LC80450322016154LGN01
LC08_L2SP_045033_20160602_20200906_02_T1,LC08_L1TP_045033_20160602_20200906_02_T1,LC80450332016154LGN01,2016/06/02,T1,2, 045, 033, 045, 033,NADIR,   0.000,2020/09/06,2020/09/06,2016-06-02 18:51:15.873035,2016-06-02 18:51:47.643032,LGN,DAY,  13.87,  22.35,991,5,    3.818,    2.761,    2.637,LPGS_15.3.1c,66.28242985,128.62720364,FINAL,OLI_TIRS_L2SP,OLI_TIRS,8,UTM,10,WGS84,WGS84,38°54'16.02"N,123°12'46.33"W,39°57'13.10"N,124°34'32.74"W,39°57'31.36"N,121°51'26.28"W,37°49'36.48"N,124°31'45.98"W,37°49'53.44"N,121°53'27.24"W, 38.90445,-123.21287, 39.95364,-124.57576, 39.95871,-121.85730, 37.82680,-124.52944, 37.83151,-121.89090,LC08_L2SP_045033_20160602_20200906_02_T1,LC80450332016154LGN01
LC08_L2SP_044032_20160611_20200906_02_T1,LC08_L1TP_044032_20160611_20200906_02_T1,LC80440322016163LGN01,2016/06/11,T1,2, 044, 032, 044, 032,NADIR,   0.000,2020/09/06,2020/09/06,2016-06-11 18:44:42.58603,2016-06-11 18:45:14.356027,LGN,DAY,  14.81,  14.81,1029,5,    4.732,    3.402,    3.289,LPGS_15.3.1c,65.98247452,129.68519935,FINAL,OLI_TIRS_L2SP,OLI_TIRS,8,UTM,10,WGS84,WGS84,40°19'58.15"N,121°12'36.32"W,41°23'35.41"N,122°33'13.79"W,41°20'59.35"N,119°48'39.35"W,39°17'25.69"N,122°34'02.89"W,39°15'00.76"N,119°54'29.74"W, 40.33282,-121.21009, 41.39317,-122.55383, 41.34982,-119.81093, 39.29047,-122.56747, 39.25021,-119.90826,LC08_L2SP_044032_20160611_20200906_02_T1,LC80440322016163LGN01
LC08_L2SP_044033_20160611_20200906_02_T1,LC08_L1TP_044033_20160611_20200906_02_T1,LC80440332016163LGN01,2016/06/11,T1,2, 044, 033, 044, 033,NADIR,   0.000,2020/09/06,2020/09/06,2016-06-11 18:45:06.477068,2016-06-11 18:45:38.247064,LGN,DAY,  25.78,  25.79,1334,5,    4.628,    3.359,    3.183,LPGS_15.3.1c,66.65297329,126.52147788,FINAL,OLI_TIRS_L2SP,OLI_TIRS,8,UTM,10,WGS84,WGS84,38°54'15.41"N,121°39'29.59"W,39°57'32.18"N,122°59'05.21"W,39°55'38.60"N,120°17'44.41"W,37°51'10.62"N,122°59'06.79"W,37°49'25.21"N,120°22'27.52"W, 38.90428,-121.65822, 39.95894,-122.98478, 39.92739,-120.29567, 37.85295,-122.98522, 37.82367,-120.37431,LC08_L2SP_044033_20160611_20200906_02_T1,LC80440332016163LGN01
LC08_L2SP_045032_20160618_20200906_02_T1,LC08_L1TP_045032_20160618_20200906_02_T1,LC80450322016170LGN01,2016/06/18,T1,2, 045, 032, 045, 032,NADIR,   0.000,2020/09/06,2020/09/06,2016-06-18 18:50:55.14437,2016-06-18 18:51:26.914367,LGN,DAY,   7.24,   7.13,1202,5,    4.268,    3.146,    2.884,LPGS_15.3.1c,65.97865879,128.63411685,FINAL,OLI_TIRS_L2SP,OLI_TIRS,8,UTM,10,WGS84,WGS84,40°19'58.76"N,122°44'58.09"W,41°23'08.74"N,124°07'57.50"W,41°22'46.67"N,121°21'33.19"W,39°15'42.37"N,124°05'51.65"W,39°15'21.89"N,121°24'35.46"W, 40.33299,-122.74947, 41.38576,-124.13264, 41.37963,-121.35922, 39.26177,-124.09768, 39.25608,-121.40985,LC08_L2SP_045032_20160618_20200906_02_T1,LC80450322016170LGN01
LC08_L2SP_045033_20160618_20200906_02_T1,LC08_L1TP_045033_20160618_20200906_02_T1,LC80450332016170LGN01,2016/06/18,T1,2, 045, 033, 045, 033,NADIR,   0.000,2020/09/06,2020/09/06,2016-06-18 18:51:19.039644,2016-06-18 18:51:50.809641,LGN,DAY,   3.89,   4.41,1000,5,    3.731,    2.581,    2.695,LPGS_15.3.1c,66.62515007,125.44423849,FINAL,OLI_TIRS_L2SP,OLI_TIRS,8,UTM,10,WGS84,WGS84,38°54'15.26"N,123°11'51.72"W,39°57'13.79"N,124°33'42.16"W,39°57'30.85"N,121°50'35.74"W,37°49'37.09"N,124°30'56.92"W,37°49'52.97"N,121°52'38.14"W, 38.90424,-123.19770, 39.95383,-124.56171, 39.95857,-121.84326, 37.82697,-124.51581, 37.83138,-121.87726,LC08_L2SP_045033_20160618_20200906_02_T1,LC80450332016170LGN01
LC08_L2SP_044032_20160627_20200906_02_T1,LC08_L1TP_044032_20160627_20200906_02_T1,LC80440322016179LGN02,2016/06/27,T1,2, 044, 032, 044, 032,NADIR,   0.000,2020/09/06,2020/09/06,2016-06-27 18:44:49.96875,2016-06-27 18:45:21.738747,LGN,DAY,   0.05,   0.05,1088,5,    4.534,    3.154,    3.257,LPGS_15.3.1c,65.59169484,128.07548252,FINAL,OLI_TIRS_L2SP,OLI_TIRS,8,UTM,10,WGS84,WGS84,40°19'57.54"N,121°12'48.78"W,41°23'25.73"N,122°33'26.75"W,41°20'49.99"N,119°48'52.74"W,39°17'25.73"N,122°34'15.42"W,39°15'01.08"N,119°54'42.23"W, 40.33265,-121.21355, 41.39048,-122.55743, 41.34722,-119.81465, 39.29048,-122.57095, 39.25030,-119.91173,LC08_L2SP_044032_20160627_20200906_02_T1,LC80440322016179LGN02
LC08_L2SP_044033_20160627_20200906_02_T1,LC08_L1TP_044033_20160627_20200906_02_T1,LC80440332016179LGN02,2016/06/27,T1,2, 044, 033, 044, 033,NADIR,   0.000,2020/09/06,2020/09/06,2016-06-27 18:45:13.855552,2016-06-27 18:45:45.625549,LGN,DAY,   0.16,   0.16,1460,5,    4.240,    2.916,    3.077,LPGS_15.3.1c,66.22578590,124.92784274,FINAL,OLI_TIRS_L2SP,OLI_TIRS,8,UTM,10,WGS84,WGS84,38°54'15.62"N,121°39'41.51"W,39°57'32.18"N,122°59'17.84"W,39°55'38.89"N,120°17'57.05"W,37°51'10.62"N,122°59'19.07"W,37°49'25.50"N,120°22'39.76"W, 38.90434,-121.66153, 39.95894,-122.98829, 39.92747,-120.29918, 37.85295,-122.98863, 37.82375,-120.37771,LC08_L2SP_044033_20160627_20200906_02_T1,LC80440332016179LGN02
LC08_L2SP_045032_20160704_20200906_02_T1,LC08_L1TP_045032_20160704_20200906_02_T1,LC80450322016186LGN01,2016/07/04,T1,2, 045, 032, 045, 032,NADIR,   0.000,2020/09/06,2020/09/06,2016-07-04 18:51:04.54397,2016-07-04 18:51:36.313967,LGN,DAY,  21.18,  22.39,1314,5,    3.549,    2.568,    2.450,LPGS_15.3.1c,65.02277584,128.30539153,FINAL,OLI_TIRS_L2SP,OLI_TIRS,8,UTM,10,WGS84,WGS84,40°19'57.86"N,122°45'43.74"W,41°23'08.20"N,124°08'49.16"W,41°22'47.42"N,121°22'24.82"W,39°15'41.90"N,124°06'41.72"W,39°15'22.57"N,121°25'25.50"W, 40.33274,-122.76215, 41.38561,-124.14699, 41.37984,-121.37356, 39.26164,-124.11159, 39.25627,-121.42375,LC08_L2SP_045032_20160704_20200906_02_T1,LC80450322016186LGN01
LC08_L2SP_045033_20160704_20200906_02_T1,LC08_L1TP_045033_20160704_20200906_02_T1,LC80450332016186LGN01,2016/07/04,T1,2, 045, 033, 045, 033,NADIR,   0.000,2020/09/06,2020/09/06,2016-07-04 18:51:28.430772,2016-07-04 18:52:00.200768,LGN,DAY,   7.52,  40.39,931,5,    3.264,    2.298,    2.317,LPGS_15.3.1c,65.66299343,125.24013427,FINAL,OLI_TIRS_L2SP,OLI_TIRS,8,UTM,10,WGS84,WGS84,38°54'15.98"N,123°12'36.65"W,39°57'13.25"N,124°34'20.10"W,39°57'31.25"N,121°51'13.64"W,37°49'36.62"N,124°31'33.71"W,37°49'53.29"N,121°53'14.96"W, 38.90444,-123.21018, 39.95368,-124.57225, 39.95868,-121.85379, 37.82684,-124.52603, 37.83147,-121.88749,LC08_L2SP_045033_20160704_20200906_02_T1,LC80450332016186LGN01
LC08_L2SP_044032_20160713_20200906_02_T1,LC08_L1TP_044032_20160713_20200906_02_T1,LC80440322016195LGN01,2016/07/13,T1,2, 044, 032, 044, 032,NADIR,   0.000,2020/09/06,2020/09/06,2016-07-13 18:44:57.657534,2016-07-13 18:45:29.427531,LGN,DAY,   0.02,   0.02,1120,5,    4.051,    2.739,    2.985,LPGS_15.3.1c,63.98869616,129.43992726,FINAL,OLI_TIRS_L2SP,OLI_TIRS,8,UTM,10,WGS84,WGS84,40°19'58.19"N,121°13'11.14"W,41°23'25.84"N,122°33'52.60"W,41°20'50.71"N,119°49'18.52"W,39°17'25.84"N,122°34'40.48"W,39°15'01.73"N,119°55'07.21"W, 40.33283,-121.21976, 41.39051,-122.56461, 41.34742,-119.82181, 39.29051,-122.57791, 39.25048,-119.91867,LC08_L2SP_044032_20160713_20200906_02_T1,LC80440322016195LGN01
LC08_L2SP_044033_20160713_20200906_02_T1,LC08_L1TP_044033_20160713_20200906_02_T1,LC80440332016195LGN01,2016/07/13,T1,2, 044, 033, 044, 033,NADIR,   0.000,2020/09/06,2020/09/06,2016-07-13 18:45:21.544336,2016-07-13 18:45:53.314333,LGN,DAY,   0.02,   0.02,1485,5,    3.836,    2.745,    2.679,LPGS_15.3.1c,64.65640671,126.53215898,FINAL,OLI_TIRS_L2SP,OLI_TIRS,8,UTM,10,WGS84,WGS84,38°54'16.27"N,121°40'03.94"W,39°57'32.18"N,122°59'43.15"W,39°55'39.47"N,120°18'22.32"W,37°51'10.62"N,122°59'43.62"W,37°49'26.04"N,120°23'04.27"W, 38.90452,-121.66776, 39.95894,-122.99532, 39.92763,-120.30620, 37.85295,-122.99545, 37.82390,-120.38452,LC08_L2SP_044033_20160713_20200906_02_T1,LC80440332016195LGN01
LC08_L2SP_045032_20160720_20200906_02_T1,LC08_L1TP_045032_20160720_20200906_02_T1,LC80450322016202LGN01,2016/07/20,T1,2, 045, 032, 045, 032,NADIR,   0.000,2020/09/06,2020/09/06,2016-07-20 18:51:10.729205,2016-07-20 18:51:42.499201,LGN,DAY,   0.19,   1.81,1355,5,    3.562,    2.557,    2.480,LPGS_15.3.1c,62.97054314,130.92040418,FINAL,OLI_TIRS_L2SP,OLI_TIRS,8,UTM,10,WGS84,WGS84,40°19'57.40"N,122°45'48.67"W,41°23'08.20"N,124°08'49.16"W,41°22'47.42"N,121°22'24.82"W,39°15'41.90"N,124°06'41.72"W,39°15'22.57"N,121°25'25.50"W, 40.33261,-122.76352, 41.38561,-124.14699, 41.37984,-121.37356, 39.26164,-124.11159, 39.25627,-121.42375,LC08_L2SP_045032_20160720_20200906_02_T1,LC80450322016202LGN01
LC08_L2SP_045033_20160720_20200906_02_T1,LC08_L1TP_045033_20160720_20200906_02_T1,LC80450332016202LGN01,2016/07/20,T1,2, 045, 033, 045, 033,NADIR,   0.000,2020/09/06,2020/09/06,2016-07-20 18:51:34.61177,2016-07-20 18:52:06.381767,LGN,DAY,   2.05,  20.98,1005,5,    3.272,    2.377,    2.249,LPGS_15.3.1c,63.67293900,128.16616216,FINAL,OLI_TIRS_L2SP,OLI_TIRS,8,UTM,10,WGS84,WGS84,38°54'16.42"N,123°12'41.18"W,39°57'13.10"N,124°34'32.74"W,39°57'31.36"N,121°51'26.28"W,37°49'36.48"N,124°31'45.98"W,37°49'53.44"N,121°53'27.24"W, 38.90456,-123.21144, 39.95364,-124.57576, 39.95871,-121.85730, 37.82680,-124.52944, 37.83151,-121.89090,LC08_L2SP_045033_20160720_20200906_02_T1,LC80450332016202LGN01
LC08_L2SP_044032_20160729_20200906_02_T1,LC08_L1TP_044032_20160729_20200906_02_T1,LC80440322016211LGN01,2016/07/29,T1,2, 044, 032, 044, 032,NADIR,   0.000,2020/09/06,2020/09/06,2016-07-29 18:45:01.781109,2016-07-29 18:45:33.551106,LGN,DAY,   0.13,   0.13,1104,5,    4.133,    2.839,    3.004,LPGS_15.3.1c,61.40335069,133.44366022,FINAL,OLI_TIRS_L2SP,OLI_TIRS,8,UTM,10,WGS84,WGS84,40°19'57.14"N,121°12'49"W,41°23'25.73"N,122°33'26.75"W,41°20'49.99"N,119°48'52.74"W,39°17'25.73"N,122°34'15.42"W,39°15'01.08"N,119°54'42.23"W, 40.33254,-121.21361, 41.39048,-122.55743, 41.34722,-119.81465, 39.29048,-122.57095, 39.25030,-119.91173,LC08_L2SP_044032_20160729_20200906_02_T1,LC80440322016211LGN01
LC08_L2SP_044033_20160729_20200906_02_T1,LC08_L1TP_044033_20160729_20200906_02_T1,LC80440332016211LGN01,2016/07/29,T1,2, 044, 033, 044, 033,NADIR,   0.000,2020/09/06,2020/09/06,2016-07-29 18:45:25.663675,2016-07-29 18:45:57.433672,LGN,DAY,   0.02,   0.02,1474,5,    3.846,    2.777,    2.661,LPGS_15.3.1c,62.16345579,130.91303837,FINAL,OLI_TIRS_L2SP,OLI_TIRS,8,UTM,10,WGS84,WGS84,38°54'16.20"N,121°39'41.51"W,39°57'32.18"N,122°59'17.84"W,39°55'38.89"N,120°17'57.05"W,37°51'20.38"N,122°59'19.07"W,37°49'35.22"N,120°22'39.43"W, 38.90450,-121.66153, 39.95894,-122.98829, 39.92747,-120.29918, 37.85566,-122.98863, 37.82645,-120.37762,LC08_L2SP_044033_20160729_20200906_02_T1,LC80440332016211LGN01
LC08_L2SP_045032_20160805_20200906_02_T1,LC08_L1TP_045032_20160805_20200906_02_T1,LC80450322016218LGN01,2016/08/05,T1,2, 045, 032, 045, 032,NADIR,   0.000,2020/09/06,2020/09/06,2016-08-05 18:51:13.481084,2016-08-05 18:51:45.251081,LGN,DAY,   0.72,   2.17,1332,5,    3.400,    2.334,    2.472,LPGS_15.3.1c,59.98872206,135.77554519,FINAL,OLI_TIRS_L2SP,OLI_TIRS,8,UTM,10,WGS84,WGS84,40°19'57.65"N,122°45'11.70"W,41°23'08.59"N,124°08'10.43"W,41°22'46.85"N,121°21'46.08"W,39°15'42.23"N,124°06'04.18"W,39°15'22.07"N,121°24'47.95"W, 40.33268,-122.75325, 41.38572,-124.13623, 41.37968,-121.36280, 39.26173,-124.10116, 39.25613,-121.41332,LC08_L2SP_045032_20160805_20200906_02_T1,LC80450322016218LGN01
LC08_L2SP_045033_20160805_20200906_02_T1,LC08_L1TP_045033_20160805_20200906_02_T1,LC80450332016218LGN01,2016/08/05,T1,2, 045, 033, 045, 033,NADIR,   0.000,2020/09/06,2020/09/06,2016-08-05 18:51:37.367886,2016-08-05 18:52:09.137883,LGN,DAY,  15.93,  44.69,775,5,    3.748,    2.637,    2.662,LPGS_15.3.1c,60.80078292,133.43166266,FINAL,OLI_TIRS_L2SP,OLI_TIRS,8,UTM,10,WGS84,WGS84,38°54'15.52"N,123°12'04.18"W,39°57'13.61"N,124°33'54.79"W,39°57'31"N,121°50'48.37"W,37°49'36.95"N,124°31'09.19"W,37°49'53.08"N,121°52'50.41"W, 38.90431,-123.20116, 39.95378,-124.56522, 39.95861,-121.84677, 37.82693,-124.51922, 37.83141,-121.88067,LC08_L2SP_045033_20160805_20200906_02_T1,LC80450332016218LGN01
LC08_L2SP_044032_20160814_20200906_02_T1,LC08_L1TP_044032_20160814_20200906_02_T1,LC80440322016227LGN02,2016/08/14,T1,2, 044, 032, 044, 032,NADIR,   0.000,2020/09/06,2020/09/06,2016-08-14 18:45:04.635157,2016-08-14 18:45:36.405153,LGN,DAY,   2.38,   2.38,1082,5,    4.748,    3.070,    3.621,LPGS_15.3.1c,57.93713166,139.08681128,FINAL,OLI_TIRS_L2SP,OLI_TIRS,8,UTM,10,WGS84,WGS84,40°19'58.40"N,121°12'18.83"W,41°23'35.34"N,122°33'00.86"W,41°20'58.99"N,119°48'26.46"W,39°17'25.62"N,122°33'50.36"W,39°15'00.43"N,119°54'17.24"W, 40.33289,-121.20523, 41.39315,-122.55024, 41.34972,-119.80735, 39.29045,-122.56399, 39.25012,-119.90479,LC08_L2SP_044032_20160814_20200906_02_T1,LC80440322016227LGN02
LC08_L2SP_044033_20160814_20200906_02_T1,LC08_L1TP_044033_20160814_20200906_02_T1,LC80440332016227LGN02,2016/08/14,T1,2, 044, 033, 044, 033,NADIR,   0.000,2020/09/06,2020/09/06,2016-08-14 18:45:28.526194,2016-08-14 18:46:00.296191,LGN,DAY,   0.13,   0.13,1427,5,    4.129,    2.817,    3.019,LPGS_15.3.1c,58.82007053,136.98888944,FINAL,OLI_TIRS_L2SP,OLI_TIRS,8,UTM,10,WGS84,WGS84,38°54'15.41"N,121°39'11.56"W,39°57'32.18"N,122°58'39.90"W,39°55'38.03"N,120°17'19.18"W,37°51'10.62"N,122°58'42.24"W,37°49'24.67"N,120°22'03"W, 38.90428,-121.65321, 39.95894,-122.97775, 39.92723,-120.28866, 37.85295,-122.97840, 37.82352,-120.36750,LC08_L2SP_044033_20160814_20200906_02_T1,LC80440332016227LGN02
LC08_L2SP_045032_20160821_20200906_02_T1,LC08_L1TP_045032_20160821_20200906_02_T1,LC80450322016234LGN01,2016/08/21,T1,2, 045, 032, 045, 032,NADIR,   0.000,2020/09/06,2020/09/06,2016-08-21 18:51:18.959156,2016-08-21 18:51:50.729153,LGN,DAY,   0.16,   1.48,1380,5,    3.445,    2.353,    2.517,LPGS_15.3.1c,56.16425636,141.79586218,FINAL,OLI_TIRS_L2SP,OLI_TIRS,8,UTM,10,WGS84,WGS84,40°19'58.22"N,122°45'27.61"W,41°23'08.34"N,124°08'36.24"W,41°22'47.03"N,121°21'59"W,39°15'42.01"N,124°06'29.20"W,39°15'22.25"N,121°25'00.48"W, 40.33284,-122.75767, 41.38565,-124.14340, 41.37973,-121.36639, 39.26167,-124.10811, 39.25618,-121.41680,LC08_L2SP_045032_20160821_20200906_02_T1,LC80450322016234LGN01
LC08_L2SP_045033_20160821_20200906_02_T1,LC08_L1TP_045033_20160821_20200906_02_T1,LC80450332016234LGN01,2016/08/21,T1,2, 045, 033, 045, 033,NADIR,   0.000,2020/09/06,2020/09/06,2016-08-21 18:51:42.850194,2016-08-21 18:52:14.620191,LGN,DAY,   9.30,  36.34,965,5,    3.196,    2.241,    2.279,LPGS_15.3.1c,57.10260671,139.88772431,FINAL,OLI_TIRS_L2SP,OLI_TIRS,8,UTM,10,WGS84,WGS84,38°54'15.34"N,123°12'20.16"W,39°57'13.43"N,124°34'07.43"W,39°57'31.10"N,121°51'01.01"W,37°49'36.80"N,124°31'21.47"W,37°49'53.18"N,121°53'02.69"W, 38.90426,-123.20560, 39.95373,-124.56873, 39.95864,-121.85028, 37.82689,-124.52263, 37.83144,-121.88408,LC08_L2SP_045033_20160821_20200906_02_T1,LC80450332016234LGN01
LC08_L2SP_044032_20160830_20200906_02_T1,LC08_L1TP_044032_20160830_20200906_02_T1,LC80440322016243LGN01,2016/08/30,T1,2, 044, 032, 044, 032,NADIR,   0.000,2020/09/06,2020/09/06,2016-08-30 18:45:11.720669,2016-08-30 18:45:43.490666,LGN,DAY,   2.93,   2.93,1014,5,    5.225,    3.215,    4.119,LPGS_15.3.1c,53.67241737,145.29384180,FINAL,OLI_TIRS_L2SP,OLI_TIRS,8,UTM,10,WGS84,WGS84,40°19'58.55"N,121°13'04.84"W,41°23'25.76"N,122°33'39.67"W,41°20'50.71"N,119°49'18.52"W,39°17'25.76"N,122°34'27.95"W,39°15'01.73"N,119°55'07.21"W, 40.33293,-121.21801, 41.39049,-122.56102, 41.34742,-119.82181, 39.29049,-122.57443, 39.25048,-119.91867,LC08_L2SP_044032_20160830_20200906_02_T1,LC80440322016243LGN01
LC08_L2SP_044033_20160830_20200906_02_T1,LC08_L1TP_044033_20160830_20200906_02_T1,LC80440332016243LGN01,2016/08/30,T1,2, 044, 033, 044, 033,NADIR,   0.000,2020/09/06,2020/09/06,2016-08-30 18:45:35.611706,2016-08-30 18:46:07.381703,LGN,DAY,   0.02,   0.02,1446,5,    4.402,    2.914,    3.300,LPGS_15.3.1c,54.67885679,143.61862685,FINAL,OLI_TIRS_L2SP,OLI_TIRS,8,UTM,10,WGS84,WGS84,38°54'15.66"N,121°39'57.46"W,39°57'32.18"N,122°59'30.48"W,39°55'39.18"N,120°18'09.68"W,37°51'10.62"N,122°59'31.34"W,37°49'25.75"N,120°22'52.03"W, 38.90435,-121.66596, 39.95894,-122.99180, 39.92755,-120.30269, 37.85295,-122.99204, 37.82382,-120.38112,LC08_L2SP_044033_20160830_20200906_02_T1,LC80440332016243LGN01
LC08_L2SP_045032_20160906_20200906_02_T1,LC08_L1TP_045032_20160906_20200906_02_T1,LC80450322016250LGN01,2016/09/06,T1,2, 045, 032, 045, 032,NADIR,   0.000,2020/09/06,2020/09/06,2016-09-06 18:51:24.494471,2016-09-06 18:51:56.264468,LGN,DAY,   0.43,   0.42,1396,5,    3.969,    2.448,    3.124,LPGS_15.3.1c,51.58042783,147.94135100,FINAL,OLI_TIRS_L2SP,OLI_TIRS,8,UTM,10,WGS84,WGS84,40°19'58.19"N,122°45'58.39"W,41°23'08.09"N,124°09'02.09"W,41°22'47.60"N,121°22'37.74"W,39°15'41.76"N,124°06'54.22"W,39°15'22.75"N,121°25'38.03"W, 40.33283,-122.76622, 41.38558,-124.15058, 41.37989,-121.37715, 39.26160,-124.11506, 39.25632,-121.42723,LC08_L2SP_045032_20160906_20200906_02_T1,LC80450322016250LGN01
LC08_L2SP_045033_20160906_20200906_02_T1,LC08_L1TP_045033_20160906_20200906_02_T1,LC80450332016250LGN01,2016/09/06,T1,2, 045, 033, 045, 033,NADIR,   0.000,2020/09/06,2020/09/06,2016-09-06 18:51:48.385509,2016-09-06 18:52:20.155506,LGN,DAY,   0.74,   0.47,1068,5,    3.188,    2.140,    2.364,LPGS_15.3.1c,52.63573683,146.43470565,FINAL,OLI_TIRS_L2SP,OLI_TIRS,8,UTM,10,WGS84,WGS84,38°54'15.26"N,123°12'50.69"W,39°57'12.92"N,124°34'45.37"W,39°57'31.36"N,121°51'26.28"W,37°49'36.30"N,124°31'58.26"W,37°49'53.44"N,121°53'27.24"W, 38.90424,-123.21408, 39.95359,-124.57927, 39.95871,-121.85730, 37.82675,-124.53285, 37.83151,-121.89090,LC08_L2SP_045033_20160906_20200906_02_T1,LC80450332016250LGN01
LC08_L2SP_044032_20160915_20200906_02_T1,LC08_L1TP_044032_20160915_20200906_02_T1,LC80440322016259LGN01,2016/09/15,T1,2, 044, 032, 044, 032,NADIR,   0.000,2020/09/06,2020/09/06,2016-09-15 18:45:15.019664,2016-09-15 18:45:46.789661,LGN,DAY,   0.01,   0.01,1044,5,    5.715,    3.191,    4.742,LPGS_15.3.1c,48.73353392,151.15693503,FINAL,OLI_TIRS_L2SP,OLI_TIRS,8,UTM,10,WGS84,WGS84,40°19'57.40"N,121°13'09.30"W,41°23'25.84"N,122°33'52.60"W,41°20'50.71"N,119°49'18.52"W,39°17'25.84"N,122°34'40.48"W,39°15'01.73"N,119°55'07.21"W, 40.33261,-121.21925, 41.39051,-122.56461, 41.34742,-119.82181, 39.29051,-122.57791, 39.25048,-119.91867,LC08_L2SP_044032_20160915_20200906_02_T1,LC80440322016259LGN01
LC08_L2SP_044033_20160915_20200906_02_T1,LC08_L1TP_044033_20160915_20200906_02_T1,LC80440332016259LGN01,2016/09/15,T1,2, 044, 033, 044, 033,NADIR,   0.000,2020/09/06,2020/09/06,2016-09-15 18:45:38.90223,2016-09-15 18:46:10.672227,LGN,DAY,   0.14,   0.14,1407,5,    4.741,    2.955,    3.707,LPGS_15.3.1c,49.84447153,149.84635338,FINAL,OLI_TIRS_L2SP,OLI_TIRS,8,UTM,10,WGS84,WGS84,38°54'16.20"N,121°40'00.95"W,39°57'32.18"N,122°59'30.48"W,39°55'39.18"N,120°18'09.68"W,37°51'10.62"N,122°59'31.34"W,37°49'25.75"N,120°22'52.03"W, 38.90450,-121.66693, 39.95894,-122.99180, 39.92755,-120.30269, 37.85295,-122.99204, 37.82382,-120.38112,LC08_L2SP_044033_20160915_20200906_02_T1,LC80440332016259LGN01
LC08_L2SP_045032_20160922_20200906_02_T1,LC08_L1TP_045032_20160922_20200906_02_T1,LC80450322016266LGN02,2016/09/22,T1,2, 045, 032, 045, 032,NADIR,   0.000,2020/09/06,2020/09/06,2016-09-22 18:51:26.001441,2016-09-22 18:51:57.771438,LGN,DAY,  20.98,  20.65,1044,5,    4.892,    2.999,    3.865,LPGS_15.3.1c,46.41613137,153.45206214,FINAL,OLI_TIRS_L2SP,OLI_TIRS,8,UTM,10,WGS84,WGS84,40°19'57.65"N,122°45'43.99"W,41°22'58.48"N,124°08'48.98"W,41°22'37.67"N,121°22'25.07"W,39°15'41.90"N,124°06'41.72"W,39°15'22.57"N,121°25'25.50"W, 40.33268,-122.76222, 41.38291,-124.14694, 41.37713,-121.37363, 39.26164,-124.11159, 39.25627,-121.42375,LC08_L2SP_045032_20160922_20200906_02_T1,LC80450322016266LGN02
LC08_L2SP_045033_20160922_20200906_02_T1,LC08_L1TP_045033_20160922_20200906_02_T1,LC80450332016266LGN02,2016/09/22,T1,2, 045, 033, 045, 033,NADIR,   0.000,2020/09/06,2020/09/06,2016-09-22 18:51:49.884007,2016-09-22 18:52:21.654004,LGN,DAY,   1.23,   2.21,1037,5,    3.745,    2.363,    2.906,LPGS_15.3.1c,47.56476484,152.27598077,FINAL,OLI_TIRS_L2SP,OLI_TIRS,8,UTM,10,WGS84,WGS84,38°54'16.38"N,123°12'35.28"W,39°57'13.25"N,124°34'20.10"W,39°57'31.25"N,121°51'13.64"W,37°49'36.62"N,124°31'33.71"W,37°49'53.29"N,121°53'14.96"W, 38.90455,-123.20980, 39.95368,-124.57225, 39.95868,-121.85379, 37.82684,-124.52603, 37.83147,-121.88749,LC08_L2SP_045033_20160922_20200906_02_T1,LC80450332016266LGN02
LC08_L2SP_044032_20161001_20200906_02_T1,LC08_L1TP_044032_20161001_20200906_02_T1,LC80440322016275LGN01,2016/10/01,T1,2, 044, 032, 044, 032,NADIR,   0.000,2020/09/06,2020/09/06,2016-10-01 18:45:15.729933,2016-10-01 18:45:47.499929,LGN,DAY,   0.63,   0.63,988,5,    6.581,    3.517,    5.563,LPGS_15.3.1c,43.35475200,156.07316484,FINAL,OLI_TIRS_L2SP,OLI_TIRS,8,UTM,10,WGS84,WGS84,40°19'57.36"N,121°12'50.51"W,41°23'25.73"N,122°33'26.75"W,41°20'49.99"N,119°48'52.74"W,39°17'25.73"N,122°34'15.42"W,39°15'01.08"N,119°54'42.23"W, 40.33260,-121.21403, 41.39048,-122.55743, 41.34722,-119.81465, 39.29048,-122.57095, 39.25030,-119.91173,LC08_L2SP_044032_20161001_20200906_02_T1,LC80440322016275LGN01
LC08_L2SP_044033_20161001_20200906_02_T1,LC08_L1TP_044033_20161001_20200906_02_T1,LC80440332016275LGN01,2016/10/01,T1,2, 044, 033, 044, 033,NADIR,   0.000,2020/09/06,2020/09/06,2016-10-01 18:45:39.612498,2016-10-01 18:46:11.382495,LGN,DAY,   0.01,   0.01,1376,5,    5.557,    3.100,    4.612,LPGS_15.3.1c,44.54392850,155.04627599,FINAL,OLI_TIRS_L2SP,OLI_TIRS,8,UTM,10,WGS84,WGS84,38°54'16.24"N,121°39'41.83"W,39°57'32.18"N,122°59'17.84"W,39°55'38.89"N,120°17'57.05"W,37°51'20.38"N,122°59'19.07"W,37°49'35.22"N,120°22'39.43"W, 38.90451,-121.66162, 39.95894,-122.98829, 39.92747,-120.29918, 37.85566,-122.98863, 37.82645,-120.37762,LC08_L2SP_044033_20161001_20200906_02_T1,LC80440332016275LGN01
LC08_L2SP_045032_20161008_20200905_02_T1,LC08_L1TP_045032_20161008_20200905_02_T1,LC80450322016282LGN01,2016/10/08,T1,2, 045, 032, 045, 032,NADIR,   0.000,2020/09/05,2020/09/05,2016-10-08 18:51:29.583697,2016-10-08 18:52:01.353694,LGN,DAY,   4.87,   4.80,1331,5,    5.625,    2.967,    4.780,LPGS_15.3.1c,40.94324605,157.82775196,FINAL,OLI_TIRS_L2SP,OLI_TIRS,8,UTM,10,WGS84,WGS84,40°19'57.72"N,122°46'14.59"W,41°22'58.22"N,124°09'14.83"W,41°22'38.06"N,121°22'50.88"W,39°15'41.65"N,124°07'06.74"W,39°15'22.93"N,121°25'50.52"W, 40.33270,-122.77072, 41.38284,-124.15412, 41.37724,-121.38080, 39.26157,-124.11854, 39.25637,-121.43070,LC08_L2SP_045032_20161008_20200905_02_T1,LC80450322016282LGN01
LC08_L2SP_045033_20161008_20200906_02_T1,LC08_L1TP_045033_20161008_20200906_02_T1,LC80450332016282LGN01,2016/10/08,T1,2, 045, 033, 045, 033,NADIR,   0.000,2020/09/06,2020/09/06,2016-10-08 18:51:53.470499,2016-10-08 18:52:25.240496,LGN,DAY,   7.26,  18.23,1031,5,    4.309,    2.297,    3.646,LPGS_15.3.1c,42.15831241,156.89919276,FINAL,OLI_TIRS_L2SP,OLI_TIRS,8,UTM,10,WGS84,WGS84,38°54'15.80"N,123°13'05.95"W,39°57'12.74"N,124°34'58.01"W,39°57'31.61"N,121°51'51.59"W,37°49'36.16"N,124°32'10.54"W,37°49'53.65"N,121°53'51.79"W, 38.90439,-123.21832, 39.95354,-124.58278, 39.95878,-121.86433, 37.82671,-124.53626, 37.83157,-121.89772,LC08_L2SP_045033_20161008_20200906_02_T1,LC80450332016282LGN01
LC08_L2SP_044033_20161017_20200905_02_T1,LC08_L1TP_044033_20161017_20200905_02_T1,LC80440332016291LGN01,2016/10/17,T1,2, 044, 033, 044, 033,NADIR,   0.000,2020/09/05,2020/09/05,2016-10-17 18:45:45.160627,2016-10-17 18:46:16.930624,LGN,DAY,  32.97,  32.97,415,5,    7.285,    4.619,    5.633,LPGS_15.3.1c,39.11545296,158.87419962,FINAL,OLI_TIRS_L2SP,OLI_TIRS,8,UTM,10,WGS84,WGS84,38°54'15.91"N,121°40'51.49"W,39°57'32.18"N,123°00'21.06"W,39°55'40.37"N,120°19'00.19"W,37°51'10.62"N,123°00'20.45"W,37°49'26.87"N,120°23'41.06"W, 38.90442,-121.68097, 39.95894,-123.00585, 39.92788,-120.31672, 37.85295,-123.00568, 37.82413,-120.39474,LC08_L2SP_044033_20161017_20200905_02_T1,LC80440332016291LGN01
LC08_L2SP_044032_20161102_20200905_02_T1,LC08_L1TP_044032_20161102_20200905_02_T1,LC80440322016307LGN01,2016/11/02,T1,2, 044, 032, 044, 032,NADIR,   0.000,2020/09/05,2020/09/05,2016-11-02 18:45:21.841714,2016-11-02 18:45:53.611711,LGN,DAY,  14.37,  14.37,654,5,    8.412,    4.850,    6.873,LPGS_15.3.1c,32.71469730,161.88279001,FINAL,OLI_TIRS_L2SP,OLI_TIRS,8,UTM,10,WGS84,WGS84,40°19'57.36"N,121°14'09.49"W,41°23'26.05"N,122°34'57.18"W,41°20'52.51"N,119°50'22.96"W,39°17'26.05"N,122°35'43.08"W,39°15'03.38"N,119°56'09.71"W, 40.33260,-121.23597, 41.39057,-122.58255, 41.34792,-119.83971, 39.29057,-122.59530, 39.25094,-119.93603,LC08_L2SP_044032_20161102_20200905_02_T1,LC80440322016307LGN01
LC08_L2SP_044033_20161102_20200905_02_T1,LC08_L1TP_044033_20161102_20200905_02_T1,LC80440332016307LGN01,2016/11/02,T1,2, 044, 033, 044, 033,NADIR,   0.000,2020/09/05,2020/09/05,2016-11-02 18:45:45.728515,2016-11-02 18:46:17.498513,LGN,DAY,   4.18,   4.18,1149,5,    7.256,    3.902,    6.117,LPGS_15.3.1c,33.98463330,161.19585459,FINAL,OLI_TIRS_L2SP,OLI_TIRS,8,UTM,10,WGS84,WGS84,38°54'15.30"N,121°41'00.49"W,39°57'32.18"N,123°00'33.73"W,39°55'40.66"N,120°19'12.79"W,37°51'10.62"N,123°00'32.72"W,37°49'27.12"N,120°23'53.30"W, 38.90425,-121.68347, 39.95894,-123.00937, 39.92796,-120.32022, 37.85295,-123.00909, 37.82420,-120.39814,LC08_L2SP_044033_20161102_20200905_02_T1,LC80440332016307LGN01
LC08_L2SP_045032_20161109_20200905_02_T1,LC08_L1TP_045032_20161109_20200905_02_T1,LC80450322016314LGN01,2016/11/09,T1,2, 045, 032, 045, 032,NADIR,   0.000,2020/09/05,2020/09/05,2016-11-09 18:51:31.473917,2016-11-09 18:52:03.243914,LGN,DAY,   2.71,   2.66,1120,5,    7.694,    4.076,    6.526,LPGS_15.3.1c,30.67653179,162.38607363,FINAL,OLI_TIRS_L2SP,OLI_TIRS,8,UTM,10,WGS84,WGS84,40°19'57.32"N,122°46'38.32"W,41°22'57.97"N,124°09'40.64"W,41°22'38.42"N,121°23'16.69"W,39°15'41.40"N,124°07'31.76"W,39°15'23.26"N,121°26'15.54"W, 40.33259,-122.77731, 41.38277,-124.16129, 41.37734,-121.38797, 39.26150,-124.12549, 39.25646,-121.43765,LC08_L2SP_045032_20161109_20200905_02_T1,LC80450322016314LGN01
LC08_L2SP_045033_20161109_20200905_02_T1,LC08_L1TP_045033_20161109_20200905_02_T1,LC80450332016314LGN01,2016/11/09,T1,2, 045, 033, 045, 033,NADIR,   0.000,2020/09/05,2020/09/05,2016-11-09 18:51:55.360719,2016-11-09 18:52:27.130716,LGN,DAY,   3.82,   6.47,886,5,    6.902,    3.458,    5.973,LPGS_15.3.1c,31.95290407,161.74138417,FINAL,OLI_TIRS_L2SP,OLI_TIRS,8,UTM,10,WGS84,WGS84,38°54'15.19"N,123°13'29.28"W,39°57'12.38"N,124°35'23.28"W,39°57'31.86"N,121°52'16.86"W,37°49'35.83"N,124°32'35.05"W,37°49'53.87"N,121°54'16.31"W, 38.90422,-123.22480, 39.95344,-124.58980, 39.95885,-121.87135, 37.82662,-124.54307, 37.83163,-121.90453,LC08_L2SP_045033_20161109_20200905_02_T1,LC80450332016314LGN01
LC08_L2SP_044032_20161118_20200905_02_T1,LC08_L1TP_044032_20161118_20200905_02_T1,LC80440322016323LGN01,2016/11/18,T1,2, 044, 032, 044, 032,NADIR,   0.000,2020/09/05,2020/09/05,2016-11-18 18:45:21.488221,2016-11-18 18:45:53.258218,LGN,DAY,   9.60,   9.60,731,5,    8.754,    4.707,    7.381,LPGS_15.3.1c,28.34700804,162.64793969,FINAL,OLI_TIRS_L2SP,OLI_TIRS,8,UTM,10,WGS84,WGS84,40°19'57.29"N,121°14'20.44"W,41°23'26.05"N,122°34'57.18"W,41°20'52.84"N,119°50'35.84"W,39°17'16.30"N,122°35'43.15"W,39°14'53.99"N,119°56'22.63"W, 40.33258,-121.23901, 41.39057,-122.58255, 41.34801,-119.84329, 39.28786,-122.59532, 39.24833,-119.93962,LC08_L2SP_044032_20161118_20200905_02_T1,LC80440322016323LGN01
LC08_L2SP_044033_20161118_20200905_02_T1,LC08_L1TP_044033_20161118_20200905_02_T1,LC80440332016323LGN01,2016/11/18,T1,2, 044, 033, 044, 033,NADIR,   0.000,2020/09/05,2020/09/05,2016-11-18 18:45:45.370786,2016-11-18 18:46:17.140783,LGN,DAY,   0.19,   0.19,1140,5,    7.986,    4.272,    6.747,LPGS_15.3.1c,29.62664948,162.04470727,FINAL,OLI_TIRS_L2SP,OLI_TIRS,8,UTM,10,WGS84,WGS84,38°54'15.91"N,121°41'10.72"W,39°57'32.18"N,123°00'46.37"W,39°55'40.94"N,120°19'25.43"W,37°51'10.62"N,123°00'45"W,37°49'27.41"N,120°24'05.58"W, 38.90442,-121.68631, 39.95894,-123.01288, 39.92804,-120.32373, 37.85295,-123.01250, 37.82428,-120.40155,LC08_L2SP_044033_20161118_20200905_02_T1,LC80440332016323LGN01
LC08_L2SP_045032_20161211_20200905_02_T1,LC08_L1TP_045032_20161211_20200905_02_T1,LC80450322016346LGN02,2016/12/11,T1,2, 045, 032, 045, 032,NADIR,   0.000,2020/09/05,2020/09/05,2016-12-11 18:51:29.327262,2016-12-11 18:52:01.09726,LGN,DAY,  53.19,  52.35,604,5,    8.208,    5.160,    6.383,LPGS_15.3.1c,24.35788466,161.57339347,FINAL,OLI_TIRS_L2SP,OLI_TIRS,8,UTM,10,WGS84,WGS84,40°19'57.76"N,122°46'53.51"W,41°22'57.83"N,124°09'53.57"W,41°22'38.60"N,121°23'29.62"W,39°15'41.29"N,124°07'44.29"W,39°15'23.44"N,121°26'28.07"W, 40.33271,-122.78153, 41.38273,-124.16488, 41.37739,-121.39156, 39.26147,-124.12897, 39.25651,-121.44113,LC08_L2SP_045032_20161211_20200905_02_T1,LC80450322016346LGN02
LC08_L2SP_044033_20161220_20200905_02_T1,LC08_L1TP_044033_20161220_20200905_02_T1,LC80440332016355LGN01,2016/12/20,T1,2, 044, 033, 044, 033,NADIR,   0.000,2020/09/05,2020/09/05,2016-12-20 18:45:39.08501,2016-12-20 18:46:10.855007,LGN,DAY,  38.98,  38.96,968,5,    8.477,    4.484,    7.194,LPGS_15.3.1c,24.99342436,160.06440255,FINAL,OLI_TIRS_L2SP,OLI_TIRS,8,UTM,10,WGS84,WGS84,38°54'15.55"N,121°40'42.17"W,39°57'32.18"N,123°00'21.06"W,39°55'40.37"N,120°19'00.19"W,37°51'10.62"N,123°00'20.45"W,37°49'26.87"N,120°23'41.06"W, 38.90432,-121.67838, 39.95894,-123.00585, 39.92788,-120.31672, 37.85295,-123.00568, 37.82413,-120.39474,LC08_L2SP_044033_20161220_20200905_02_T1,LC80440332016355LGN01
LC08_L2SP_045033_20161227_20200905_02_T1,LC08_L1TP_045033_20161227_20200905_02_T1,LC80450332016362LGN01,2016/12/27,T1,2, 045, 033, 045, 033,NADIR,   0.000,2020/09/05,2020/09/05,2016-12-27 18:51:49.818333,2016-12-27 18:52:21.58833,LGN,DAY,  28.34,  30.14,845,5,    7.752,    4.174,    6.532,LPGS_15.3.1c,24.90540237,159.16871555,FINAL,OLI_TIRS_L2SP,OLI_TIRS,8,UTM,10,WGS84,WGS84,38°54'16.45"N,123°13'38.96"W,39°57'12.38"N,124°35'23.28"W,39°57'31.86"N,121°52'16.86"W,37°49'35.83"N,124°32'35.05"W,37°49'53.87"N,121°54'16.31"W, 38.90457,-123.22749, 39.95344,-124.58980, 39.95885,-121.87135, 37.82662,-124.54307, 37.83163,-121.90453,LC08_L2SP_045033_20161227_20200905_02_T1,LC80450332016362LGN01
LC08_L2SP_044032_20170105_20200905_02_T1,LC08_L1TP_044032_20170105_20200905_02_T1,LC80440322017005LGN01,2017/01/05,T1,2, 044, 032, 044, 032,NADIR,   0.000,2020/09/05,2020/09/05,2017-01-05 18:45:12.97671,2017-01-05 18:45:44.746707,LGN,DAY,  17.22,  17.22,395,5,    9.390,    5.461,    7.638,LPGS_15.3.1c,24.09543027,158.45776591,FINAL,OLI_TIRS_L2SP,OLI_TIRS,8,UTM,10,WGS84,WGS84,40°19'57.11"N,121°14'28.14"W,41°23'26.12"N,122°35'10.10"W,41°20'52.84"N,119°50'35.84"W,39°17'26.09"N,122°35'55.61"W,39°15'03.71"N,119°56'22.20"W, 40.33253,-121.24115, 41.39059,-122.58614, 41.34801,-119.84329, 39.29058,-122.59878, 39.25103,-119.93950,LC08_L2SP_044032_20170105_20200905_02_T1,LC80440322017005LGN01
LC08_L2SP_044033_20170105_20200905_02_T1,LC08_L1TP_044033_20170105_20200905_02_T1,LC80440332017005LGN01,2017/01/05,T1,2, 044, 033, 044, 033,NADIR,   0.000,2020/09/05,2020/09/05,2017-01-05 18:45:36.859276,2017-01-05 18:46:08.629273,LGN,DAY,  14.30,  14.29,731,5,    7.788,    4.416,    6.415,LPGS_15.3.1c,25.32165023,157.87730318,FINAL,OLI_TIRS_L2SP,OLI_TIRS,8,UTM,10,WGS84,WGS84,38°54'15.77"N,121°41'17.52"W,39°57'32.18"N,123°00'46.37"W,39°55'40.94"N,120°19'25.43"W,37°51'10.62"N,123°00'45"W,37°49'27.41"N,120°24'05.58"W, 38.90438,-121.68820, 39.95894,-123.01288, 39.92804,-120.32373, 37.85295,-123.01250, 37.82428,-120.40155,LC08_L2SP_044033_20170105_20200905_02_T1,LC80440332017005LGN01
LC08_L2SP_045032_20170112_20200905_02_T1,LC08_L1TP_045032_20170112_20200905_02_T1,LC80450322017012LGN01,2017/01/12,T1,2, 045, 032, 045, 032,NADIR,   0.000,2020/09/05,2020/09/05,2017-01-12 18:51:22.165102,2017-01-12 18:51:53.935099,LGN,DAY,  49.32,  48.40,466,5,    8.550,    5.201,    6.786,LPGS_15.3.1c,24.84477293,157.41463266,FINAL,OLI_TIRS_L2SP,OLI_TIRS,8,UTM,10,WGS84,WGS84,40°19'57.25"N,122°47'10.28"W,41°22'57.58"N,124°10'19.38"W,41°22'38.78"N,121°23'42.54"W,39°15'41.04"N,124°08'09.31"W,39°15'23.58"N,121°26'40.56"W, 40.33257,-122.78619, 41.38266,-124.17205, 41.37744,-121.39515, 39.26140,-124.13592, 39.25655,-121.44460,LC08_L2SP_045032_20170112_20200905_02_T1,LC80450322017012LGN01
LC08_L2SP_045033_20170112_20200905_02_T1,LC08_L1TP_045033_20170112_20200905_02_T1,LC80450332017012LGN01,2017/01/12,T1,2, 045, 033, 045, 033,NADIR,   0.000,2020/09/05,2020/09/05,2017-01-12 18:51:46.047668,2017-01-12 18:52:17.817665,LGN,DAY,  73.32,  51.25,301,5,    7.871,    4.708,    6.308,LPGS_15.3.1c,26.05647903,156.81120223,FINAL,OLI_TIRS_L2SP,OLI_TIRS,8,UTM,10,WGS84,WGS84,38°54'15.84"N,123°13'59.56"W,39°57'12.06"N,124°35'48.55"W,39°57'32.11"N,121°52'42.17"W,37°49'35.51"N,124°32'59.60"W,37°49'54.12"N,121°54'40.86"W, 38.90440,-123.23321, 39.95335,-124.59682, 39.95892,-121.87838, 37.82653,-124.54989, 37.83170,-121.91135,LC08_L2SP_045033_20170112_20200905_02_T1,LC80450332017012LGN01
LC08_L2SP_045032_20170128_20200905_02_T1,LC08_L1TP_045032_20170128_20200905_02_T1,LC80450322017028LGN01,2017/01/28,T1,2, 045, 032, 045, 032,NADIR,   0.000,2020/09/05,2020/09/05,2017-01-28 18:51:16.163598,2017-01-28 18:51:47.933595,LGN,DAY,  30.08,  29.99,818,5,    8.369,    4.933,    6.760,LPGS_15.3.1c,27.81981770,154.98693428,FINAL,OLI_TIRS_L2SP,OLI_TIRS,8,UTM,10,WGS84,WGS84,40°19'57.36"N,122°46'58.80"W,41°22'57.72"N,124°10'06.49"W,41°22'38.78"N,121°23'42.54"W,39°15'41.15"N,124°07'56.82"W,39°15'23.58"N,121°26'40.56"W, 40.33260,-122.78300, 41.38270,-124.16847, 41.37744,-121.39515, 39.26143,-124.13245, 39.25655,-121.44460,LC08_L2SP_045032_20170128_20200905_02_T1,LC80450322017028LGN01
LC08_L2SP_045033_20170128_20200905_02_T1,LC08_L1TP_045033_20170128_20200905_02_T1,LC80450332017028LGN01,2017/01/28,T1,2, 045, 033, 045, 033,NADIR,   0.000,2020/09/05,2020/09/05,2017-01-28 18:51:40.046164,2017-01-28 18:52:11.816161,LGN,DAY,  22.80,  20.89,888,5,    7.642,    4.270,    6.337,LPGS_15.3.1c,28.99597621,154.30369507,FINAL,OLI_TIRS_L2SP,OLI_TIRS,8,UTM,10,WGS84,WGS84,38°54'15.84"N,123°13'47.68"W,39°57'12.24"N,124°35'35.92"W,39°57'32"N,121°52'29.50"W,37°49'35.65"N,124°32'47.33"W,37°49'54.01"N,121°54'28.58"W, 38.90440,-123.22991, 39.95340,-124.59331, 39.95889,-121.87486, 37.82657,-124.54648, 37.83167,-121.90794,LC08_L2SP_045033_20170128_20200905_02_T1,LC80450332017028LGN01
LC08_L2SP_044032_20170222_20200905_02_T1,LC08_L1TP_044032_20170222_20200905_02_T1,LC80440322017053LGN00,2017/02/22,T1,2, 044, 032, 044, 032,NADIR,   0.000,2020/09/05,2020/09/05,2017-02-22 18:44:55.039294,2017-02-22 18:45:26.809291,LGN,DAY,  23.28,  23.28,489,5,    8.408,    5.304,    6.523,LPGS_15.3.1c,35.32508670,151.48849681,FINAL,OLI_TIRS_L2SP,OLI_TIRS,8,UTM,10,WGS84,WGS84,40°19'57.14"N,121°14'16.08"W,41°23'26.05"N,122°34'57.18"W,41°20'52.51"N,119°50'22.96"W,39°17'26.05"N,122°35'43.08"W,39°15'03.38"N,119°56'09.71"W, 40.33254,-121.23780, 41.39057,-122.58255, 41.34792,-119.83971, 39.29057,-122.59530, 39.25094,-119.93603,LC08_L2SP_044032_20170222_20200905_02_T1,LC80440322017053LGN00
LC08_L2SP_044033_20170222_20200905_02_T1,LC08_L1TP_044033_20170222_20200905_02_T1,LC80440332017053LGN00,2017/02/22,T1,2, 044, 033, 044, 033,NADIR,   0.000,2020/09/05,2020/09/05,2017-02-22 18:45:18.917624,2017-02-22 18:45:50.687621,LGN,DAY,  56.43,  56.43,601,5,    7.978,    4.909,    6.288,LPGS_15.3.1c,36.44525241,150.59748447,FINAL,OLI_TIRS_L2SP,OLI_TIRS,8,UTM,10,WGS84,WGS84,38°54'16.31"N,121°41'04.06"W,39°57'32.18"N,123°00'33.73"W,39°55'40.66"N,120°19'12.79"W,37°51'10.62"N,123°00'32.72"W,37°49'27.12"N,120°23'53.30"W, 38.90453,-121.68446, 39.95894,-123.00937, 39.92796,-120.32022, 37.85295,-123.00909, 37.82420,-120.39814,LC08_L2SP_044033_20170222_20200905_02_T1,LC80440332017053LGN00
LC08_L2SP_045032_20170301_20200905_02_T1,LC08_L1TP_045032_20170301_20200905_02_T1,LC80450322017060LGN00,2017/03/01,T1,2, 045, 032, 045, 032,NADIR,   0.000,2020/09/05,2020/09/05,2017-03-01 18:51:02.963269,2017-03-01 18:51:34.733266,LGN,DAY,   2.21,   2.17,1106,5,    7.233,    4.373,    5.762,LPGS_15.3.1c,37.85967138,150.58470433,FINAL,OLI_TIRS_L2SP,OLI_TIRS,8,UTM,10,WGS84,WGS84,40°19'57.61"N,122°47'11.29"W,41°22'57.58"N,124°10'19.38"W,41°22'38.96"N,121°23'55.43"W,39°15'41.04"N,124°08'09.31"W,39°15'23.76"N,121°26'53.09"W, 40.33267,-122.78647, 41.38266,-124.17205, 41.37749,-121.39873, 39.26140,-124.13592, 39.25660,-121.44808,LC08_L2SP_045032_20170301_20200905_02_T1,LC80450322017060LGN00
LC08_L2SP_045033_20170301_20200905_02_T1,LC08_L1TP_045033_20170301_20200905_02_T1,LC80450332017060LGN00,2017/03/01,T1,2, 045, 033, 045, 033,NADIR,   0.000,2020/09/05,2020/09/05,2017-03-01 18:51:26.845834,2017-03-01 18:51:58.615832,LGN,DAY,   0.32,   0.21,963,5,    6.473,    3.766,    5.265,LPGS_15.3.1c,38.96472232,149.61483739,FINAL,OLI_TIRS_L2SP,OLI_TIRS,8,UTM,10,WGS84,WGS84,38°54'15.80"N,123°13'59.16"W,39°57'12.06"N,124°35'48.55"W,39°57'32.11"N,121°52'42.17"W,37°49'35.51"N,124°32'59.60"W,37°49'54.12"N,121°54'40.86"W, 38.90439,-123.23310, 39.95335,-124.59682, 39.95892,-121.87838, 37.82653,-124.54989, 37.83170,-121.91135,LC08_L2SP_045033_20170301_20200905_02_T1,LC80450332017060LGN00
LC08_L2SP_045032_20170317_20200904_02_T1,LC08_L1TP_045032_20170317_20200904_02_T1,LC80450322017076LGN00,2017/03/17,T1,2, 045, 032, 045, 032,NADIR,   0.000,2020/09/04,2020/09/04,2017-03-17 18:50:53.624155,2017-03-17 18:51:25.394152,LGN,DAY,  42.99,  43.23,627,5,    6.205,    4.166,    4.598,LPGS_15.3.1c,43.99666986,148.56463302,FINAL,OLI_TIRS_L2SP,OLI_TIRS,8,UTM,10,WGS84,WGS84,40°19'57.79"N,122°47'00.38"W,41°22'57.72"N,124°10'06.49"W,41°22'38.78"N,121°23'42.54"W,39°15'41.15"N,124°07'56.82"W,39°15'23.58"N,121°26'40.56"W, 40.33272,-122.78344, 41.38270,-124.16847, 41.37744,-121.39515, 39.26143,-124.13245, 39.25655,-121.44460,LC08_L2SP_045032_20170317_20200904_02_T1,LC80450322017076LGN00
LC08_L2SP_045033_20170317_20200904_02_T1,LC08_L1TP_045033_20170317_20200904_02_T1,LC80450332017076LGN00,2017/03/17,T1,2, 045, 033, 045, 033,NADIR,   0.000,2020/09/04,2020/09/04,2017-03-17 18:51:17.510957,2017-03-17 18:51:49.280954,LGN,DAY,   0.62,   4.30,937,5,    5.279,    3.451,    3.994,LPGS_15.3.1c,45.06616918,147.37480120,FINAL,OLI_TIRS_L2SP,OLI_TIRS,8,UTM,10,WGS84,WGS84,38°54'14.94"N,123°13'48.11"W,39°57'02.48"N,124°35'35.70"W,39°57'22.25"N,121°52'29.68"W,37°49'35.65"N,124°32'47.33"W,37°49'54.01"N,121°54'28.58"W, 38.90415,-123.23003, 39.95069,-124.59325, 39.95618,-121.87491, 37.82657,-124.54648, 37.83167,-121.90794,LC08_L2SP_045033_20170317_20200904_02_T1,LC80450332017076LGN00
LC08_L2SP_045032_20170402_20200904_02_T1,LC08_L1TP_045032_20170402_20200904_02_T1,LC80450322017092LGN00,2017/04/02,T1,2, 045, 032, 045, 032,NADIR,   0.000,2020/09/04,2020/09/04,2017-04-02 18:50:45.781537,2017-04-02 18:51:17.551535,LGN,DAY,   1.10,   1.08,1187,5,    5.270,    3.395,    4.032,LPGS_15.3.1c,50.18171817,146.32472960,FINAL,OLI_TIRS_L2SP,OLI_TIRS,8,UTM,10,WGS84,WGS84,40°19'57.50"N,122°47'26.95"W,41°22'57.43"N,124°10'32.30"W,41°22'39.14"N,121°24'08.35"W,39°15'40.93"N,124°08'21.84"W,39°15'23.94"N,121°27'05.62"W, 40.33264,-122.79082, 41.38262,-124.17564, 41.37754,-121.40232, 39.26137,-124.13940, 39.25665,-121.45156,LC08_L2SP_045032_20170402_20200904_02_T1,LC80450322017092LGN00
LC08_L2SP_045033_20170402_20200904_02_T1,LC08_L1TP_045033_20170402_20200904_02_T1,LC80450332017092LGN00,2017/04/02,T1,2, 045, 033, 045, 033,NADIR,   0.000,2020/09/04,2020/09/04,2017-04-02 18:51:09.664103,2017-04-02 18:51:41.434101,LGN,DAY,   0.21,   0.18,936,5,    4.772,    3.231,    3.512,LPGS_15.3.1c,51.20920693,144.84786024,FINAL,OLI_TIRS_L2SP,OLI_TIRS,8,UTM,10,WGS84,WGS84,38°54'15.62"N,123°14'14.21"W,39°57'11.88"N,124°36'01.19"W,39°57'32.22"N,121°52'54.80"W,37°49'35.36"N,124°33'11.84"W,37°49'54.23"N,121°54'53.14"W, 38.90434,-123.23728, 39.95330,-124.60033, 39.95895,-121.88189, 37.82649,-124.55329, 37.83173,-121.91476,LC08_L2SP_045033_20170402_20200904_02_T1,LC80450332017092LGN00
LC08_L2SP_045032_20170418_20200904_02_T1,LC08_L1TP_045032_20170418_20200904_02_T1,LC80450322017108LGN00,2017/04/18,T1,2, 045, 032, 045, 032,NADIR,   0.000,2020/09/04,2020/09/04,2017-04-18 18:50:37.067943,2017-04-18 18:51:08.83794,LGN,DAY,  36.79,  36.20,305,5,    7.461,    5.361,    5.188,LPGS_15.3.1c,55.88802564,143.48378282,FINAL,OLI_TIRS_L2SP,OLI_TIRS,8,UTM,10,WGS84,WGS84,40°19'57.29"N,122°47'54.35"W,41°22'57.18"N,124°10'58.12"W,41°22'39.50"N,121°24'34.16"W,39°15'40.68"N,124°08'46.86"W,39°15'24.26"N,121°27'30.64"W, 40.33258,-122.79843, 41.38255,-124.18281, 41.37764,-121.40949, 39.26130,-124.14635, 39.25674,-121.45851,LC08_L2SP_045032_20170418_20200904_02_T1,LC80450322017108LGN00
LC08_L2SP_045033_20170418_20200904_02_T1,LC08_L1TP_045033_20170418_20200904_02_T1,LC80450332017108LGN00,2017/04/18,T1,2, 045, 033, 045, 033,NADIR,   0.000,2020/09/04,2020/09/04,2017-04-18 18:51:00.950509,2017-04-18 18:51:32.720506,LGN,DAY,  27.33,  21.93,278,5,    7.289,    5.143,    5.165,LPGS_15.3.1c,56.85986545,141.63772533,FINAL,OLI_TIRS_L2SP,OLI_TIRS,8,UTM,10,WGS84,WGS84,38°54'15.59"N,123°14'41.32"W,39°57'11.52"N,124°36'26.46"W,39°57'32.47"N,121°53'20.08"W,37°49'35"N,124°33'36.40"W,37°49'54.44"N,121°55'17.69"W, 38.90433,-123.24481, 39.95320,-124.60735, 39.95902,-121.88891, 37.82639,-124.56011, 37.83179,-121.92158,LC08_L2SP_045033_20170418_20200904_02_T1,LC80450332017108LGN00
LC08_L2SP_044032_20170427_20200904_02_T1,LC08_L1TP_044032_20170427_20200904_02_T1,LC80440322017117LGN00,2017/04/27,T1,2, 044, 032, 044, 032,NADIR,   0.000,2020/09/04,2020/09/04,2017-04-27 18:44:19.676785,2017-04-27 18:44:51.446782,LGN,DAY,  36.85,  36.85,679,5,    6.768,    4.661,    4.908,LPGS_15.3.1c,58.71118571,141.53407996,FINAL,OLI_TIRS_L2SP,OLI_TIRS,8,UTM,10,WGS84,WGS84,40°19'58.44"N,121°12'51.73"W,41°23'25.76"N,122°33'39.67"W,41°20'50.35"N,119°49'05.63"W,39°17'25.76"N,122°34'27.95"W,39°15'01.40"N,119°54'54.72"W, 40.33290,-121.21437, 41.39049,-122.56102, 41.34732,-119.81823, 39.29049,-122.57443, 39.25039,-119.91520,LC08_L2SP_044032_20170427_20200904_02_T1,LC80440322017117LGN00
LC08_L2SP_044033_20170427_20200904_02_T1,LC08_L1TP_044033_20170427_20200904_02_T1,LC80440332017117LGN00,2017/04/27,T1,2, 044, 033, 044, 033,NADIR,   0.000,2020/09/04,2020/09/04,2017-04-27 18:44:43.572059,2017-04-27 18:45:15.342056,LGN,DAY,  16.25,  16.25,838,5,    5.726,    3.940,    4.155,LPGS_15.3.1c,59.64273563,139.44032641,FINAL,OLI_TIRS_L2SP,OLI_TIRS,8,UTM,10,WGS84,WGS84,38°54'14.98"N,121°39'45.94"W,39°57'32.18"N,122°59'17.84"W,39°55'38.89"N,120°17'57.05"W,37°51'10.62"N,122°59'19.07"W,37°49'25.50"N,120°22'39.76"W, 38.90416,-121.66276, 39.95894,-122.98829, 39.92747,-120.29918, 37.85295,-122.98863, 37.82375,-120.37771,LC08_L2SP_044033_20170427_20200904_02_T1,LC80440332017117LGN00
LC08_L2SP_045032_20170504_20200904_02_T1,LC08_L1TP_045032_20170504_20200904_02_T1,LC80450322017124LGN01,2017/05/04,T1,2, 045, 032, 045, 032,NADIR,   0.000,2020/09/04,2020/09/04,2017-05-04 18:50:29.654444,2017-05-04 18:51:01.424441,LGN,DAY,   1.89,   3.20,1177,5,    4.716,    3.295,    3.374,LPGS_15.3.1c,60.64555404,139.80677758,FINAL,OLI_TIRS_L2SP,OLI_TIRS,8,UTM,10,WGS84,WGS84,40°19'57.65"N,122°44'28.86"W,41°23'08.99"N,124°07'31.69"W,41°22'46.31"N,121°21'07.34"W,39°15'42.59"N,124°05'26.63"W,39°15'21.56"N,121°24'10.44"W, 40.33268,-122.74135, 41.38583,-124.12547, 41.37953,-121.35204, 39.26183,-124.09073, 39.25599,-121.40290,LC08_L2SP_045032_20170504_20200904_02_T1,LC80450322017124LGN01
LC08_L2SP_045033_20170504_20200904_02_T1,LC08_L1TP_045033_20170504_20200904_02_T1,LC80450332017124LGN01,2017/05/04,T1,2, 045, 033, 045, 033,NADIR,   0.000,2020/09/04,2020/09/04,2017-05-04 18:50:53.541246,2017-05-04 18:51:25.311243,LGN,DAY,   3.00,  35.73,910,5,    4.819,    3.614,    3.188,LPGS_15.3.1c,61.54077482,137.51049603,FINAL,OLI_TIRS_L2SP,OLI_TIRS,8,UTM,10,WGS84,WGS84,38°54'15.98"N,123°11'22.02"W,39°57'14.11"N,124°33'16.88"W,39°57'30.49"N,121°49'57.79"W,37°49'37.42"N,124°30'32.36"W,37°49'52.61"N,121°52'01.34"W, 38.90444,-123.18945, 39.95392,-124.55469, 39.95847,-121.83272, 37.82706,-124.50899, 37.83128,-121.86704,LC08_L2SP_045033_20170504_20200904_02_T1,LC80450332017124LGN01
LC08_L2SP_044032_20170513_20200904_02_T1,LC08_L1TP_044032_20170513_20200904_02_T1,LC80440322017133LGN00,2017/05/13,T1,2, 044, 032, 044, 032,NADIR,   0.000,2020/09/04,2020/09/04,2017-05-13 18:44:25.861747,2017-05-13 18:44:57.631745,LGN,DAY,  23.64,  23.64,597,5,    6.597,    4.742,    4.586,LPGS_15.3.1c,62.72887547,137.35298560,FINAL,OLI_TIRS_L2SP,OLI_TIRS,8,UTM,10,WGS84,WGS84,40°19'57.68"N,121°12'32.90"W,41°23'25.69"N,122°33'13.86"W,41°20'49.63"N,119°48'39.85"W,39°17'25.69"N,122°34'02.89"W,39°15'00.76"N,119°54'29.74"W, 40.33269,-121.20914, 41.39047,-122.55385, 41.34712,-119.81107, 39.29047,-122.56747, 39.25021,-119.90826,LC08_L2SP_044032_20170513_20200904_02_T1,LC80440322017133LGN00
LC08_L2SP_044033_20170513_20200904_02_T1,LC08_L1TP_044033_20170513_20200904_02_T1,LC80440332017133LGN00,2017/05/13,T1,2, 044, 033, 044, 033,NADIR,   0.000,2020/09/04,2020/09/04,2017-05-13 18:44:49.74855,2017-05-13 18:45:21.518547,LGN,DAY,   4.95,   4.94,1114,5,    5.869,    4.215,    4.084,LPGS_15.3.1c,63.57152643,134.79091763,FINAL,OLI_TIRS_L2SP,OLI_TIRS,8,UTM,10,WGS84,WGS84,38°54'16.02"N,121°39'26.03"W,39°57'32.18"N,122°59'05.21"W,39°55'38.60"N,120°17'44.41"W,37°51'10.62"N,122°59'06.79"W,37°49'25.21"N,120°22'27.52"W, 38.90445,-121.65723, 39.95894,-122.98478, 39.92739,-120.29567, 37.85295,-122.98522, 37.82367,-120.37431,LC08_L2SP_044033_20170513_20200904_02_T1,LC80440332017133LGN00
LC08_L2SP_045032_20170520_20200904_02_T1,LC08_L1TP_045032_20170520_20200904_02_T1,LC80450322017140LGN00,2017/05/20,T1,2, 045, 032, 045, 032,NADIR,   0.000,2020/09/04,2020/09/04,2017-05-20 18:50:41.535408,2017-05-20 18:51:13.305406,LGN,DAY,   0.71,   0.70,1302,5,    4.224,    2.926,    3.047,LPGS_15.3.1c,64.00780672,135.33202842,FINAL,OLI_TIRS_L2SP,OLI_TIRS,8,UTM,10,WGS84,WGS84,40°19'57.86"N,122°45'39.64"W,41°23'08.20"N,124°08'49.16"W,41°22'47.21"N,121°22'11.93"W,39°15'41.90"N,124°06'41.72"W,39°15'22.43"N,121°25'12.97"W, 40.33274,-122.76101, 41.38561,-124.14699, 41.37978,-121.36998, 39.26164,-124.11159, 39.25623,-121.42027,LC08_L2SP_045032_20170520_20200904_02_T1,LC80450322017140LGN00
LC08_L2SP_045033_20170520_20200904_02_T1,LC08_L1TP_045033_20170520_20200904_02_T1,LC80450332017140LGN00,2017/05/20,T1,2, 045, 033, 045, 033,NADIR,   0.000,2020/09/04,2020/09/04,2017-05-20 18:51:05.42221,2017-05-20 18:51:37.192208,LGN,DAY,   0.29,   7.07,1024,5,    4.164,    3.008,    2.880,LPGS_15.3.1c,64.80609968,132.57346891,FINAL,OLI_TIRS_L2SP,OLI_TIRS,8,UTM,10,WGS84,WGS84,38°54'16.24"N,123°12'32.65"W,39°57'13.25"N,124°34'20.10"W,39°57'31.25"N,121°51'13.64"W,37°49'36.62"N,124°31'33.71"W,37°49'53.29"N,121°53'14.96"W, 38.90451,-123.20907, 39.95368,-124.57225, 39.95868,-121.85379, 37.82684,-124.52603, 37.83147,-121.88749,LC08_L2SP_045033_20170520_20200904_02_T1,LC80450332017140LGN00
LC08_L2SP_044032_20170529_20200903_02_T1,LC08_L1TP_044032_20170529_20200903_02_T1,LC80440322017149LGN00,2017/05/29,T1,2, 044, 032, 044, 032,NADIR,   0.000,2020/09/03,2020/09/03,2017-05-29 18:44:36.08957,2017-05-29 18:45:07.859568,LGN,DAY,  10.34,  10.34,986,5,    4.697,    3.312,    3.331,LPGS_15.3.1c,65.18346274,132.76779608,FINAL,OLI_TIRS_L2SP,OLI_TIRS,8,UTM,10,WGS84,WGS84,40°19'58.73"N,121°13'21.40"W,41°23'35.59"N,122°34'05.45"W,41°21'00.79"N,119°49'30.94"W,39°17'25.87"N,122°34'52.97"W,39°15'02.09"N,119°55'19.70"W, 40.33298,-121.22261, 41.39322,-122.56818, 41.35022,-119.82526, 39.29052,-122.58138, 39.25058,-119.92214,LC08_L2SP_044032_20170529_20200903_02_T1,LC80440322017149LGN00
LC08_L2SP_044033_20170529_20200903_02_T1,LC08_L1TP_044033_20170529_20200903_02_T1,LC80440332017149LGN00,2017/05/29,T1,2, 044, 033, 044, 033,NADIR,   0.000,2020/09/03,2020/09/03,2017-05-29 18:44:59.984845,2017-05-29 18:45:31.754843,LGN,DAY,  16.87,  16.89,1320,5,    4.572,    3.132,    3.331,LPGS_15.3.1c,65.92458434,129.79317856,FINAL,OLI_TIRS_L2SP,OLI_TIRS,8,UTM,10,WGS84,WGS84,38°54'15.12"N,121°40'14.84"W,39°57'32.18"N,122°59'43.15"W,39°55'39.47"N,120°18'22.32"W,37°51'10.62"N,122°59'43.62"W,37°49'26.04"N,120°23'04.27"W, 38.90420,-121.67079, 39.95894,-122.99532, 39.92763,-120.30620, 37.85295,-122.99545, 37.82390,-120.38452,LC08_L2SP_044033_20170529_20200903_02_T1,LC80440332017149LGN00
LC08_L2SP_045032_20170605_20200903_02_T1,LC08_L1TP_045032_20170605_20200903_02_T1,LC80450322017156LGN00,2017/06/05,T1,2, 045, 032, 045, 032,NADIR,   0.000,2020/09/03,2020/09/03,2017-06-05 18:50:50.333506,2017-06-05 18:51:22.103503,LGN,DAY,   1.45,   2.96,1340,5,    3.751,    2.716,    2.588,LPGS_15.3.1c,65.73856552,130.97984275,FINAL,OLI_TIRS_L2SP,OLI_TIRS,8,UTM,10,WGS84,WGS84,40°19'58.37"N,122°46'07.14"W,41°23'07.94"N,124°09'14.98"W,41°22'47.60"N,121°22'37.74"W,39°15'41.65"N,124°07'06.74"W,39°15'22.75"N,121°25'38.03"W, 40.33288,-122.76865, 41.38554,-124.15416, 41.37989,-121.37715, 39.26157,-124.11854, 39.25632,-121.42723,LC08_L2SP_045032_20170605_20200903_02_T1,LC80450322017156LGN00
LC08_L2SP_045033_20170605_20200903_02_T1,LC08_L1TP_045033_20170605_20200903_02_T1,LC80450332017156LGN00,2017/06/05,T1,2, 045, 033, 045, 033,NADIR,   0.000,2020/09/03,2020/09/03,2017-06-05 18:51:14.224544,2017-06-05 18:51:45.994542,LGN,DAY,   1.91,   8.76,1042,5,    3.663,    2.541,    2.638,LPGS_15.3.1c,66.43876276,127.88358386,FINAL,OLI_TIRS_L2SP,OLI_TIRS,8,UTM,10,WGS84,WGS84,38°54'15.66"N,123°13'00.55"W,39°57'12.92"N,124°34'45.37"W,39°57'31.50"N,121°51'38.95"W,37°49'36.30"N,124°31'58.26"W,37°49'53.54"N,121°53'39.52"W, 38.90435,-123.21682, 39.95359,-124.57927, 39.95875,-121.86082, 37.82675,-124.53285, 37.83154,-121.89431,LC08_L2SP_045033_20170605_20200903_02_T1,LC80450332017156LGN00
LC08_L2SP_044032_20170614_20200903_02_T1,LC08_L1TP_044032_20170614_20200903_02_T1,LC80440322017165LGN00,2017/06/14,T1,2, 044, 032, 044, 032,NADIR,   0.000,2020/09/03,2020/09/03,2017-06-14 18:44:43.210183,2017-06-14 18:45:14.98018,LGN,DAY,   0.70,   0.70,1052,5,    4.594,    3.330,    3.165,LPGS_15.3.1c,66.00637624,129.18993805,FINAL,OLI_TIRS_L2SP,OLI_TIRS,8,UTM,10,WGS84,WGS84,40°19'57.79"N,121°13'29.28"W,41°23'25.87"N,122°34'05.52"W,41°20'51.07"N,119°49'31.40"W,39°17'25.87"N,122°34'52.97"W,39°15'02.09"N,119°55'19.70"W, 40.33272,-121.22480, 41.39052,-122.56820, 41.34752,-119.82539, 39.29052,-122.58138, 39.25058,-119.92214,LC08_L2SP_044032_20170614_20200903_02_T1,LC80440322017165LGN00
LC08_L2SP_044033_20170614_20200903_02_T1,LC08_L1TP_044033_20170614_20200903_02_T1,LC80440332017165LGN00,2017/06/14,T1,2, 044, 033, 044, 033,NADIR,   0.000,2020/09/03,2020/09/03,2017-06-14 18:45:07.096985,2017-06-14 18:45:38.866983,LGN,DAY,   0.51,   0.51,1429,5,    4.375,    3.091,    3.096,LPGS_15.3.1c,66.66547456,126.01097465,FINAL,OLI_TIRS_L2SP,OLI_TIRS,8,UTM,10,WGS84,WGS84,38°54'15.80"N,121°40'22.01"W,39°57'32.18"N,122°59'55.79"W,39°55'39.79"N,120°18'34.92"W,37°51'10.62"N,122°59'55.90"W,37°49'26.33"N,120°23'16.55"W, 38.90439,-121.67278, 39.95894,-122.99883, 39.92772,-120.30970, 37.85295,-122.99886, 37.82398,-120.38793,LC08_L2SP_044033_20170614_20200903_02_T1,LC80440332017165LGN00
LC08_L2SP_045032_20170621_20200903_02_T1,LC08_L1TP_045032_20170621_20200903_02_T1,LC80450322017172LGN00,2017/06/21,T1,2, 045, 032, 045, 032,NADIR,   0.000,2020/09/03,2020/09/03,2017-06-21 18:50:56.294192,2017-06-21 18:51:28.06419,LGN,DAY,   0.32,   0.32,1347,5,    3.543,    2.572,    2.437,LPGS_15.3.1c,65.89440813,128.33722137,FINAL,OLI_TIRS_L2SP,OLI_TIRS,8,UTM,10,WGS84,WGS84,40°19'58.15"N,122°45'59.80"W,41°23'08.09"N,124°09'02.09"W,41°22'47.60"N,121°22'37.74"W,39°15'41.76"N,124°06'54.22"W,39°15'22.75"N,121°25'38.03"W, 40.33282,-122.76661, 41.38558,-124.15058, 41.37989,-121.37715, 39.26160,-124.11506, 39.25632,-121.42723,LC08_L2SP_045032_20170621_20200903_02_T1,LC80450322017172LGN00
LC08_L2SP_045033_20170621_20200903_02_T1,LC08_L1TP_045033_20170621_20200903_02_T1,LC80450332017172LGN00,2017/06/21,T1,2, 045, 033, 045, 033,NADIR,   0.000,2020/09/03,2020/09/03,2017-06-21 18:51:20.180994,2017-06-21 18:51:51.950992,LGN,DAY,   0.30,   1.32,1053,5,    3.464,    2.463,    2.436,LPGS_15.3.1c,66.53401990,125.15317577,FINAL,OLI_TIRS_L2SP,OLI_TIRS,8,UTM,10,WGS84,WGS84,38°54'16.24"N,123°12'52.81"W,39°57'12.92"N,124°34'45.37"W,39°57'31.50"N,121°51'38.95"W,37°49'36.30"N,124°31'58.26"W,37°49'53.54"N,121°53'39.52"W, 38.90451,-123.21467, 39.95359,-124.57927, 39.95875,-121.86082, 37.82675,-124.53285, 37.83154,-121.89431,LC08_L2SP_045033_20170621_20200903_02_T1,LC80450332017172LGN00
LC08_L2SP_044032_20170630_20200903_02_T1,LC08_L1TP_044032_20170630_20200903_02_T1,LC80440322017181LGN00,2017/06/30,T1,2, 044, 032, 044, 032,NADIR,   0.000,2020/09/03,2020/09/03,2017-06-30 18:44:47.677339,2017-06-30 18:45:19.447337,LGN,DAY,   0.18,   0.18,1067,5,    4.275,    3.064,    2.980,LPGS_15.3.1c,65.38169345,128.06080351,FINAL,OLI_TIRS_L2SP,OLI_TIRS,8,UTM,10,WGS84,WGS84,40°19'57.25"N,121°13'00.95"W,41°23'25.76"N,122°33'39.67"W,41°20'50.35"N,119°49'05.63"W,39°17'25.76"N,122°34'27.95"W,39°15'01.40"N,119°54'54.72"W, 40.33257,-121.21693, 41.39049,-122.56102, 41.34732,-119.81823, 39.29049,-122.57443, 39.25039,-119.91520,LC08_L2SP_044032_20170630_20200903_02_T1,LC80440322017181LGN00
LC08_L2SP_044033_20170630_20200903_02_T1,LC08_L1TP_044033_20170630_20200903_02_T1,LC80440332017181LGN00,2017/06/30,T1,2, 044, 033, 044, 033,NADIR,   0.000,2020/09/03,2020/09/03,2017-06-30 18:45:11.559906,2017-06-30 18:45:43.329903,LGN,DAY,   0.59,   0.58,1416,5,    4.116,    2.914,    2.906,LPGS_15.3.1c,66.01567656,124.94223868,FINAL,OLI_TIRS_L2SP,OLI_TIRS,8,UTM,10,WGS84,WGS84,38°54'16.20"N,121°39'53.39"W,39°57'32.18"N,122°59'30.48"W,39°55'39.18"N,120°18'09.68"W,37°51'10.62"N,122°59'31.34"W,37°49'25.75"N,120°22'52.03"W, 38.90450,-121.66483, 39.95894,-122.99180, 39.92755,-120.30269, 37.85295,-122.99204, 37.82382,-120.38112,LC08_L2SP_044033_20170630_20200903_02_T1,LC80440332017181LGN00
LC08_L2SP_045032_20170707_20200903_02_T1,LC08_L1TP_045032_20170707_20200903_02_T1,LC80450322017188LGN00,2017/07/07,T1,2, 045, 032, 045, 032,NADIR,   0.000,2020/09/03,2020/09/03,2017-07-07 18:50:59.689441,2017-07-07 18:51:31.459439,LGN,DAY,   0.16,   0.47,1349,5,    3.343,    2.430,    2.295,LPGS_15.3.1c,64.73005033,128.52595729,FINAL,OLI_TIRS_L2SP,OLI_TIRS,8,UTM,10,WGS84,WGS84,40°19'57.86"N,122°45'19.37"W,41°23'08.48"N,124°08'23.32"W,41°22'47.03"N,121°21'59"W,39°15'42.12"N,124°06'16.67"W,39°15'22.25"N,121°25'00.48"W, 40.33274,-122.75538, 41.38569,-124.13981, 41.37973,-121.36639, 39.26170,-124.10463, 39.25618,-121.41680,LC08_L2SP_045032_20170707_20200903_02_T1,LC80450322017188LGN00
LC08_L2SP_045033_20170707_20200903_02_T1,LC08_L1TP_045033_20170707_20200903_02_T1,LC80450332017188LGN00,2017/07/07,T1,2, 045, 033, 045, 033,NADIR,   0.000,2020/09/03,2020/09/03,2017-07-07 18:51:23.58048,2017-07-07 18:51:55.350478,LGN,DAY,   0.08,   0.44,1066,5,    3.232,    2.248,    2.322,LPGS_15.3.1c,65.37592174,125.50343142,FINAL,OLI_TIRS_L2SP,OLI_TIRS,8,UTM,10,WGS84,WGS84,38°54'14.83"N,123°12'12.56"W,39°57'13.61"N,124°33'54.79"W,39°57'31"N,121°50'48.37"W,37°49'36.95"N,124°31'09.19"W,37°49'53.08"N,121°52'50.41"W, 38.90412,-123.20349, 39.95378,-124.56522, 39.95861,-121.84677, 37.82693,-124.51922, 37.83141,-121.88067,LC08_L2SP_045033_20170707_20200903_02_T1,LC80450332017188LGN00
LC08_L2SP_044032_20170716_20200903_02_T1,LC08_L1TP_044032_20170716_20200903_02_T1,LC80440322017197LGN01,2017/07/16,T1,2, 044, 032, 044, 032,NADIR,   0.000,2020/09/03,2020/09/03,2017-07-16 18:44:51.321391,2017-07-16 18:45:23.091389,LGN,DAY,   0.04,   0.04,1070,5,    4.272,    2.955,    3.085,LPGS_15.3.1c,63.59989425,129.93831136,FINAL,OLI_TIRS_L2SP,OLI_TIRS,8,UTM,10,WGS84,WGS84,40°19'57.61"N,121°12'28.55"W,41°23'25.69"N,122°33'13.86"W,41°20'49.63"N,119°48'39.85"W,39°17'25.69"N,122°34'02.89"W,39°15'00.76"N,119°54'29.74"W, 40.33267,-121.20793, 41.39047,-122.55385, 41.34712,-119.81107, 39.29047,-122.56747, 39.25021,-119.90826,LC08_L2SP_044032_20170716_20200903_02_T1,LC80440322017197LGN01
LC08_L2SP_044033_20170716_20200903_02_T1,LC08_L1TP_044033_20170716_20200903_02_T1,LC80440332017197LGN01,2017/07/16,T1,2, 044, 033, 044, 033,NADIR,   0.000,2020/09/03,2020/09/03,2017-07-16 18:45:15.203957,2017-07-16 18:45:46.973955,LGN,DAY,   0.01,   0.01,1424,5,    4.027,    2.822,    2.874,LPGS_15.3.1c,64.27935371,127.08911327,FINAL,OLI_TIRS_L2SP,OLI_TIRS,8,UTM,10,WGS84,WGS84,38°54'16.60"N,121°39'20.95"W,39°57'41.90"N,122°58'52.57"W,39°55'48.04"N,120°17'31.42"W,37°51'20.38"N,122°58'54.52"W,37°49'34.68"N,120°22'14.92"W, 38.90461,-121.65582, 39.96164,-122.98127, 39.93001,-120.29206, 37.85566,-122.98181, 37.82630,-120.37081,LC08_L2SP_044033_20170716_20200903_02_T1,LC80440332017197LGN01
LC08_L2SP_045032_20170723_20201015_02_T1,LC08_L1TP_045032_20170723_20201015_02_T1,LC80450322017204LGN00,2017/07/23,T1,2, 045, 032, 045, 032,NADIR,   0.000,2020/10/15,2020/10/15,2017-07-23 18:51:05.866633,2017-07-23 18:51:37.636631,LGN,DAY,  12.07,  13.02,1264,5,    3.468,    2.439,    2.464,LPGS_15.3.1c,62.50815549,131.59416945,FINAL,OLI_TIRS_L2SP,OLI_TIRS,8,UTM,10,WGS84,WGS84,40°19'57.43"N,122°45'28.84"W,41°23'08.34"N,124°08'36.24"W,41°22'47.03"N,121°21'59"W,39°15'42.01"N,124°06'29.20"W,39°15'22.25"N,121°25'00.48"W, 40.33262,-122.75801, 41.38565,-124.14340, 41.37973,-121.36639, 39.26167,-124.10811, 39.25618,-121.41680,LC08_L2SP_045032_20170723_20201015_02_T1,LC80450322017204LGN00
LC08_L2SP_045033_20170723_20200903_02_T1,LC08_L1TP_045033_20170723_20200903_02_T1,LC80450332017204LGN00,2017/07/23,T1,2, 045, 033, 045, 033,NADIR,   0.000,2020/09/03,2020/09/03,2017-07-23 18:51:29.7492,2017-07-23 18:52:01.519197,LGN,DAY,   0.66,  34.93,1061,5,    3.166,    2.196,    2.281,LPGS_15.3.1c,63.22623421,128.90624060,FINAL,OLI_TIRS_L2SP,OLI_TIRS,8,UTM,10,WGS84,WGS84,38°54'16.24"N,123°12'21.31"W,39°57'13.43"N,124°34'07.43"W,39°57'31.10"N,121°51'01.01"W,37°49'36.80"N,124°31'21.47"W,37°49'53.18"N,121°53'02.69"W, 38.90451,-123.20592, 39.95373,-124.56873, 39.95864,-121.85028, 37.82689,-124.52263, 37.83144,-121.88408,LC08_L2SP_045033_20170723_20200903_02_T1,LC80450332017204LGN00
LC08_L2SP_044032_20170801_20200903_02_T1,LC08_L1TP_044032_20170801_20200903_02_T1,LC80440322017213LGN00,2017/08/01,T1,2, 044, 032, 044, 032,NADIR,   0.000,2020/09/03,2020/09/03,2017-08-01 18:44:59.137884,2017-08-01 18:45:30.907882,LGN,DAY,   2.15,   2.15,1008,5,    4.521,    2.947,    3.428,LPGS_15.3.1c,60.85287140,134.29340404,FINAL,OLI_TIRS_L2SP,OLI_TIRS,8,UTM,10,WGS84,WGS84,40°19'57.32"N,121°13'06.67"W,41°23'25.84"N,122°33'52.60"W,41°20'50.71"N,119°49'18.52"W,39°17'25.84"N,122°34'40.48"W,39°15'01.73"N,119°55'07.21"W, 40.33259,-121.21852, 41.39051,-122.56461, 41.34742,-119.82181, 39.29051,-122.57791, 39.25048,-119.91867,LC08_L2SP_044032_20170801_20200903_02_T1,LC80440322017213LGN00
LC08_L2SP_044033_20170801_20200903_02_T1,LC08_L1TP_044033_20170801_20200903_02_T1,LC80440332017213LGN00,2017/08/01,T1,2, 044, 033, 044, 033,NADIR,   0.000,2020/09/03,2020/09/03,2017-08-01 18:45:23.020451,2017-08-01 18:45:54.790449,LGN,DAY,   0.27,   0.27,1418,5,    4.073,    2.772,    2.984,LPGS_15.3.1c,61.63212039,131.83602059,FINAL,OLI_TIRS_L2SP,OLI_TIRS,8,UTM,10,WGS84,WGS84,38°54'16.27"N,121°39'58.82"W,39°57'32.18"N,122°59'30.48"W,39°55'39.18"N,120°18'09.68"W,37°51'10.62"N,122°59'31.34"W,37°49'25.75"N,120°22'52.03"W, 38.90452,-121.66634, 39.95894,-122.99180, 39.92755,-120.30269, 37.85295,-122.99204, 37.82382,-120.38112,LC08_L2SP_044033_20170801_20200903_02_T1,LC80440332017213LGN00
LC08_L2SP_045032_20170808_20200903_02_T1,LC08_L1TP_045032_20170808_20200903_02_T1,LC80450322017220LGN00,2017/08/08,T1,2, 045, 032, 045, 032,NADIR,   0.000,2020/09/03,2020/09/03,2017-08-08 18:51:12.667123,2017-08-08 18:51:44.437121,LGN,DAY,   1.20,   2.83,1348,5,    3.888,    2.832,    2.664,LPGS_15.3.1c,59.37720242,136.73092550,FINAL,OLI_TIRS_L2SP,OLI_TIRS,8,UTM,10,WGS84,WGS84,40°19'58.55"N,122°45'56.88"W,41°23'08.09"N,124°09'02.09"W,41°22'47.60"N,121°22'37.74"W,39°15'41.76"N,124°06'54.22"W,39°15'22.75"N,121°25'38.03"W, 40.33293,-122.76580, 41.38558,-124.15058, 41.37989,-121.37715, 39.26160,-124.11506, 39.25632,-121.42723,LC08_L2SP_045032_20170808_20200903_02_T1,LC80450322017220LGN00
LC08_L2SP_045033_20170808_20200903_02_T1,LC08_L1TP_045033_20170808_20200903_02_T1,LC80450332017220LGN00,2017/08/08,T1,2, 045, 033, 045, 033,NADIR,   0.000,2020/09/03,2020/09/03,2017-08-08 18:51:36.562397,2017-08-08 18:52:08.332395,LGN,DAY,   7.95,  41.82,914,5,    3.483,    2.642,    2.270,LPGS_15.3.1c,60.21028291,134.46174976,FINAL,OLI_TIRS_L2SP,OLI_TIRS,8,UTM,10,WGS84,WGS84,38°54'14.83"N,123°12'49.82"W,39°57'12.92"N,124°34'45.37"W,39°57'31.36"N,121°51'26.28"W,37°49'36.30"N,124°31'58.26"W,37°49'53.44"N,121°53'27.24"W, 38.90412,-123.21384, 39.95359,-124.57927, 39.95871,-121.85730, 37.82675,-124.53285, 37.83151,-121.89090,LC08_L2SP_045033_20170808_20200903_02_T1,LC80450332017220LGN00
LC08_L2SP_044032_20170817_20200903_02_T1,LC08_L1TP_044032_20170817_20200903_02_T1,LC80440322017229LGN00,2017/08/17,T1,2, 044, 032, 044, 032,NADIR,   0.000,2020/09/03,2020/09/03,2017-08-17 18:45:04.626498,2017-08-17 18:45:36.396496,LGN,DAY,   0.41,   0.41,1050,5,    4.979,    3.127,    3.875,LPGS_15.3.1c,57.24696704,140.11518006,FINAL,OLI_TIRS_L2SP,OLI_TIRS,8,UTM,10,WGS84,WGS84,40°19'58.40"N,121°13'20.68"W,41°23'25.87"N,122°34'05.52"W,41°20'51.07"N,119°49'31.40"W,39°17'25.87"N,122°34'52.97"W,39°15'02.09"N,119°55'19.70"W, 40.33289,-121.22241, 41.39052,-122.56820, 41.34752,-119.82539, 39.29052,-122.58138, 39.25058,-119.92214,LC08_L2SP_044032_20170817_20200903_02_T1,LC80440322017229LGN00
LC08_L2SP_044033_20170817_20200903_02_T1,LC08_L1TP_044033_20170817_20200903_02_T1,LC80440332017229LGN00,2017/08/17,T1,2, 044, 033, 044, 033,NADIR,   0.000,2020/09/03,2020/09/03,2017-08-17 18:45:28.517537,2017-08-17 18:46:00.287535,LGN,DAY,   0.90,   0.90,1400,5,    4.356,    2.914,    3.237,LPGS_15.3.1c,58.15121955,138.09250269,FINAL,OLI_TIRS_L2SP,OLI_TIRS,8,UTM,10,WGS84,WGS84,38°54'15.48"N,121°40'13.33"W,39°57'32.18"N,122°59'43.15"W,39°55'39.47"N,120°18'22.32"W,37°51'10.62"N,122°59'43.62"W,37°49'26.04"N,120°23'04.27"W, 38.90430,-121.67037, 39.95894,-122.99532, 39.92763,-120.30620, 37.85295,-122.99545, 37.82390,-120.38452,LC08_L2SP_044033_20170817_20200903_02_T1,LC80440332017229LGN00
LC08_L2SP_045032_20170824_20200903_02_T1,LC08_L1TP_045032_20170824_20200903_02_T1,LC80450322017236LGN00,2017/08/24,T1,2, 045, 032, 045, 032,NADIR,   0.000,2020/09/03,2020/09/03,2017-08-24 18:51:17.076559,2017-08-24 18:51:48.846557,LGN,DAY,   2.81,   3.39,1374,5,    3.741,    2.469,    2.811,LPGS_15.3.1c,55.41258669,142.83603237,FINAL,OLI_TIRS_L2SP,OLI_TIRS,8,UTM,10,WGS84,WGS84,40°19'57.83"N,122°46'02.42"W,41°23'08.09"N,124°09'02.09"W,41°22'47.60"N,121°22'37.74"W,39°15'41.76"N,124°06'54.22"W,39°15'22.75"N,121°25'38.03"W, 40.33273,-122.76734, 41.38558,-124.15058, 41.37989,-121.37715, 39.26160,-124.11506, 39.25632,-121.42723,LC08_L2SP_045032_20170824_20200903_02_T1,LC80450322017236LGN00
LC08_L2SP_045033_20170824_20200903_02_T1,LC08_L1TP_045033_20170824_20200903_02_T1,LC80450332017236LGN00,2017/08/24,T1,2, 045, 033, 045, 033,NADIR,   0.000,2020/09/03,2020/09/03,2017-08-24 18:51:40.967597,2017-08-24 18:52:12.737595,LGN,DAY,   6.87,  38.27,1008,5,    3.263,    2.373,    2.239,LPGS_15.3.1c,56.37162856,141.00093187,FINAL,OLI_TIRS_L2SP,OLI_TIRS,8,UTM,10,WGS84,WGS84,38°54'15.05"N,123°12'54.76"W,39°57'12.92"N,124°34'45.37"W,39°57'31.50"N,121°51'38.95"W,37°49'36.30"N,124°31'58.26"W,37°49'53.54"N,121°53'39.52"W, 38.90418,-123.21521, 39.95359,-124.57927, 39.95875,-121.86082, 37.82675,-124.53285, 37.83154,-121.89431,LC08_L2SP_045033_20170824_20200903_02_T1,LC80450332017236LGN00
LC08_L2SP_044032_20170902_20200903_02_T1,LC08_L1TP_044032_20170902_20200903_02_T1,LC80440322017245LGN00,2017/09/02,T1,2, 044, 032, 044, 032,NADIR,   0.000,2020/09/03,2020/09/03,2017-09-02 18:45:07.486615,2017-09-02 18:45:39.256613,LGN,DAY,   0.01,   0.01,1071,5,    5.300,    3.099,    4.300,LPGS_15.3.1c,52.85234126,146.31451359,FINAL,OLI_TIRS_L2SP,OLI_TIRS,8,UTM,10,WGS84,WGS84,40°19'58.73"N,121°13'08.58"W,41°23'25.84"N,122°33'52.60"W,41°20'50.71"N,119°49'18.52"W,39°17'25.84"N,122°34'40.48"W,39°15'01.73"N,119°55'07.21"W, 40.33298,-121.21905, 41.39051,-122.56461, 41.34742,-119.82181, 39.29051,-122.57791, 39.25048,-119.91867,LC08_L2SP_044032_20170902_20200903_02_T1,LC80440322017245LGN00
LC08_L2SP_044033_20170902_20200903_02_T1,LC08_L1TP_044033_20170902_20200903_02_T1,LC80440332017245LGN00,2017/09/02,T1,2, 044, 033, 044, 033,NADIR,   0.000,2020/09/03,2020/09/03,2017-09-02 18:45:31.377654,2017-09-02 18:46:03.147652,LGN,DAY,   0.04,   0.04,1426,5,    4.321,    2.725,    3.354,LPGS_15.3.1c,53.87791981,144.70702906,FINAL,OLI_TIRS_L2SP,OLI_TIRS,8,UTM,10,WGS84,WGS84,38°54'15.88"N,121°40'00.98"W,39°57'32.18"N,122°59'30.48"W,39°55'39.18"N,120°18'09.68"W,37°51'10.62"N,122°59'31.34"W,37°49'25.75"N,120°22'52.03"W, 38.90441,-121.66694, 39.95894,-122.99180, 39.92755,-120.30269, 37.85295,-122.99204, 37.82382,-120.38112,LC08_L2SP_044033_20170902_20200903_02_T1,LC80440332017245LGN00
LC08_L2SP_045032_20170909_20200903_02_T1,LC08_L1TP_045032_20170909_20200903_02_T1,LC80450322017252LGN00,2017/09/09,T1,2, 045, 032, 045, 032,NADIR,   0.000,2020/09/03,2020/09/03,2017-09-09 18:51:18.51333,2017-09-09 18:51:50.283328,LGN,DAY,   2.13,   2.09,1354,5,    4.286,    2.708,    3.321,LPGS_15.3.1c,50.71742044,148.92470764,FINAL,OLI_TIRS_L2SP,OLI_TIRS,8,UTM,10,WGS84,WGS84,40°19'57.11"N,122°45'36.79"W,41°22'58.62"N,124°08'36.06"W,41°22'37.49"N,121°22'12.14"W,39°15'42.01"N,124°06'29.20"W,39°15'22.43"N,121°25'12.97"W, 40.33253,-122.76022, 41.38295,-124.14335, 41.37708,-121.37004, 39.26167,-124.10811, 39.25623,-121.42027,LC08_L2SP_045032_20170909_20200903_02_T1,LC80450322017252LGN00
LC08_L2SP_045033_20170909_20200903_02_T1,LC08_L1TP_045033_20170909_20200903_02_T1,LC80450332017252LGN00,2017/09/09,T1,2, 045, 033, 045, 033,NADIR,   0.000,2020/09/03,2020/09/03,2017-09-09 18:51:42.395897,2017-09-09 18:52:14.165895,LGN,DAY,   4.36,  17.87,1020,5,    3.294,    2.129,    2.513,LPGS_15.3.1c,51.78984668,147.48092294,FINAL,OLI_TIRS_L2SP,OLI_TIRS,8,UTM,10,WGS84,WGS84,38°54'16.20"N,123°12'28.40"W,39°57'13.25"N,124°34'20.10"W,39°57'31.25"N,121°51'13.64"W,37°49'36.62"N,124°31'33.71"W,37°49'53.29"N,121°53'14.96"W, 38.90450,-123.20789, 39.95368,-124.57225, 39.95868,-121.85379, 37.82684,-124.52603, 37.83147,-121.88749,LC08_L2SP_045033_20170909_20200903_02_T1,LC80450332017252LGN00
LC08_L2SP_044032_20170918_20200903_02_T1,LC08_L1TP_044032_20170918_20200903_02_T1,LC80440322017261LGN00,2017/09/18,T1,2, 044, 032, 044, 032,NADIR,   0.000,2020/09/03,2020/09/03,2017-09-18 18:45:09.614315,2017-09-18 18:45:41.384313,LGN,DAY,  54.40,  54.40,463,5,    6.539,    4.382,    4.853,LPGS_15.3.1c,47.82094790,152.05388139,FINAL,OLI_TIRS_L2SP,OLI_TIRS,8,UTM,10,WGS84,WGS84,40°19'57.47"N,121°13'00.23"W,41°23'25.76"N,122°33'39.67"W,41°20'50.35"N,119°49'05.63"W,39°17'25.76"N,122°34'27.95"W,39°15'01.40"N,119°54'54.72"W, 40.33263,-121.21673, 41.39049,-122.56102, 41.34732,-119.81823, 39.29049,-122.57443, 39.25039,-119.91520,LC08_L2SP_044032_20170918_20200903_02_T1,LC80440322017261LGN00
LC08_L2SP_044033_20170918_20200903_02_T1,LC08_L1TP_044033_20170918_20200903_02_T1,LC80440332017261LGN00,2017/09/18,T1,2, 044, 033, 044, 033,NADIR,   0.000,2020/09/03,2020/09/03,2017-09-18 18:45:33.496882,2017-09-18 18:46:05.26688,LGN,DAY,  31.65,  31.65,922,5,    5.704,    3.956,    4.109,LPGS_15.3.1c,48.94680465,150.79781925,FINAL,OLI_TIRS_L2SP,OLI_TIRS,8,UTM,10,WGS84,WGS84,38°54'16.45"N,121°39'51.80"W,39°57'32.18"N,122°59'30.48"W,39°55'39.18"N,120°18'09.68"W,37°51'20.38"N,122°59'31.34"W,37°49'35.51"N,120°22'51.67"W, 38.90457,-121.66439, 39.95894,-122.99180, 39.92755,-120.30269, 37.85566,-122.99204, 37.82653,-120.38102,LC08_L2SP_044033_20170918_20200903_02_T1,LC80440332017261LGN00
LC08_L2SP_045032_20170925_20200903_02_T1,LC08_L1TP_045032_20170925_20200903_02_T1,LC80450322017268LGN00,2017/09/25,T1,2, 045, 032, 045, 032,NADIR,   0.000,2020/09/03,2020/09/03,2017-09-25 18:51:23.82825,2017-09-25 18:51:55.598248,LGN,DAY,   0.11,   0.12,1349,5,    4.886,    2.745,    4.042,LPGS_15.3.1c,45.47428257,154.26240967,FINAL,OLI_TIRS_L2SP,OLI_TIRS,8,UTM,10,WGS84,WGS84,40°19'58.80"N,122°46'25.07"W,41°23'07.84"N,124°09'27.90"W,41°22'47.96"N,121°23'03.55"W,39°15'41.54"N,124°07'19.27"W,39°15'23.08"N,121°26'03.05"W, 40.33300,-122.77363, 41.38551,-124.15775, 41.37999,-121.38432, 39.26154,-124.12202, 39.25641,-121.43418,LC08_L2SP_045032_20170925_20200903_02_T1,LC80450322017268LGN00
LC08_L2SP_045033_20170925_20200903_02_T1,LC08_L1TP_045033_20170925_20200903_02_T1,LC80450332017268LGN00,2017/09/25,T1,2, 045, 033, 045, 033,NADIR,   0.000,2020/09/03,2020/09/03,2017-09-25 18:51:47.723524,2017-09-25 18:52:19.493522,LGN,DAY,   0.18,   1.02,1036,5,    3.923,    2.207,    3.243,LPGS_15.3.1c,46.63637739,153.13394080,FINAL,OLI_TIRS_L2SP,OLI_TIRS,8,UTM,10,WGS84,WGS84,38°54'14.83"N,123°13'17.04"W,39°57'12.56"N,124°35'10.64"W,39°57'31.75"N,121°52'04.22"W,37°49'35.98"N,124°32'22.78"W,37°49'53.76"N,121°54'04.03"W, 38.90412,-123.22140, 39.95349,-124.58629, 39.95882,-121.86784, 37.82666,-124.53966, 37.83160,-121.90112,LC08_L2SP_045033_20170925_20200903_02_T1,LC80450332017268LGN00
LC08_L2SP_044032_20171004_20200903_02_T1,LC08_L1TP_044032_20171004_20200903_02_T1,LC80440322017277LGN00,2017/10/04,T1,2, 044, 032, 044, 032,NADIR,   0.000,2020/09/03,2020/09/03,2017-10-04 18:45:16.308216,2017-10-04 18:45:48.078214,LGN,DAY,   0.59,   0.59,998,5,    6.386,    3.185,    5.535,LPGS_15.3.1c,42.39793013,156.76601952,FINAL,OLI_TIRS_L2SP,OLI_TIRS,8,UTM,10,WGS84,WGS84,40°19'57.54"N,121°14'16.58"W,41°23'26.05"N,122°34'57.18"W,41°20'52.51"N,119°50'22.96"W,39°17'26.05"N,122°35'43.08"W,39°15'03.38"N,119°56'09.71"W, 40.33265,-121.23794, 41.39057,-122.58255, 41.34792,-119.83971, 39.29057,-122.59530, 39.25094,-119.93603,LC08_L2SP_044032_20171004_20200903_02_T1,LC80440322017277LGN00
LC08_L2SP_044033_20171004_20200903_02_T1,LC08_L1TP_044033_20171004_20200903_02_T1,LC80440332017277LGN00,2017/10/04,T1,2, 044, 033, 044, 033,NADIR,   0.000,2020/09/03,2020/09/03,2017-10-04 18:45:40.195019,2017-10-04 18:46:11.965017,LGN,DAY,   0.01,   0.01,1364,5,    5.240,    2.737,    4.468,LPGS_15.3.1c,43.59759530,155.77917013,FINAL,OLI_TIRS_L2SP,OLI_TIRS,8,UTM,10,WGS84,WGS84,38°54'15.59"N,121°41'08.12"W,39°57'32.18"N,123°00'46.37"W,39°55'40.94"N,120°19'25.43"W,37°51'10.62"N,123°00'45"W,37°49'27.41"N,120°24'05.58"W, 38.90433,-121.68559, 39.95894,-123.01288, 39.92804,-120.32373, 37.85295,-123.01250, 37.82428,-120.40155,LC08_L2SP_044033_20171004_20200903_02_T1,LC80440332017277LGN00
LC08_L2SP_045032_20171011_20200903_02_T1,LC08_L1TP_045032_20171011_20200903_02_T1,LC80450322017284LGN00,2017/10/11,T1,2, 045, 032, 045, 032,NADIR,   0.000,2020/09/03,2020/09/03,2017-10-11 18:51:28.807181,2017-10-11 18:52:00.577179,LGN,DAY,  11.39,  11.19,1097,5,    5.985,    3.339,    4.967,LPGS_15.3.1c,39.98993449,158.42154992,FINAL,OLI_TIRS_L2SP,OLI_TIRS,8,UTM,10,WGS84,WGS84,40°19'58.76"N,122°47'23.68"W,41°23'07.15"N,124°10'32.48"W,41°22'48.68"N,121°23'55.21"W,39°15'40.93"N,124°08'21.84"W,39°15'23.76"N,121°26'53.09"W, 40.33299,-122.78991, 41.38532,-124.17569, 41.38019,-121.39867, 39.26137,-124.13940, 39.25660,-121.44808,LC08_L2SP_045032_20171011_20200903_02_T1,LC80450322017284LGN00
LC08_L2SP_045033_20171011_20200903_02_T1,LC08_L1TP_045033_20171011_20200903_02_T1,LC80450332017284LGN00,2017/10/11,T1,2, 045, 033, 045, 033,NADIR,   0.000,2020/09/03,2020/09/03,2017-10-11 18:51:52.698219,2017-10-11 18:52:24.468217,LGN,DAY,   2.21,   3.97,1011,5,    4.625,    2.392,    3.959,LPGS_15.3.1c,41.21368439,157.52720348,FINAL,OLI_TIRS_L2SP,OLI_TIRS,8,UTM,10,WGS84,WGS84,38°54'15.77"N,123°14'15.29"W,39°57'11.88"N,124°36'01.19"W,39°57'32.22"N,121°52'54.80"W,37°49'35.36"N,124°33'11.84"W,37°49'54.23"N,121°54'53.14"W, 38.90438,-123.23758, 39.95330,-124.60033, 39.95895,-121.88189, 37.82649,-124.55329, 37.83173,-121.91476,LC08_L2SP_045033_20171011_20200903_02_T1,LC80450332017284LGN00
LC08_L2SP_044032_20171020_20200902_02_T1,LC08_L1TP_044032_20171020_20200902_02_T1,LC80440322017293LGN01,2017/10/20,T1,2, 044, 032, 044, 032,NADIR,   0.000,2020/09/02,2020/09/02,2017-10-20 18:45:19.177636,2017-10-20 18:45:50.947634,LGN,DAY,  52.52,  52.52,341,5,    7.348,    4.672,    5.672,LPGS_15.3.1c,36.94154171,160.14862555,FINAL,OLI_TIRS_L2SP,OLI_TIRS,8,UTM,10,WGS84,WGS84,40°19'58.84"N,121°14'51.58"W,41°23'26.20"N,122°35'35.95"W,41°20'53.56"N,119°51'01.62"W,39°17'26.16"N,122°36'20.66"W,39°15'04.39"N,119°56'47.22"W, 40.33301,-121.24766, 41.39061,-122.59332, 41.34821,-119.85045, 39.29060,-122.60574, 39.25122,-119.94645,LC08_L2SP_044032_20171020_20200902_02_T1,LC80440322017293LGN01
LC08_L2SP_044033_20171020_20200902_02_T1,LC08_L1TP_044033_20171020_20200902_02_T1,LC80440332017293LGN01,2017/10/20,T1,2, 044, 033, 044, 033,NADIR,   0.000,2020/09/02,2020/09/02,2017-10-20 18:45:43.068675,2017-10-20 18:46:14.838673,LGN,DAY,  54.98,  55.01,525,5,    7.245,    4.371,    5.778,LPGS_15.3.1c,38.18906309,159.35278212,FINAL,OLI_TIRS_L2SP,OLI_TIRS,8,UTM,10,WGS84,WGS84,38°54'15.66"N,121°41'43.15"W,39°57'32.18"N,123°01'11.64"W,39°55'41.52"N,120°19'50.66"W,37°51'10.62"N,123°01'09.55"W,37°49'27.95"N,120°24'30.10"W, 38.90435,-121.69532, 39.95894,-123.01990, 39.92820,-120.33074, 37.85295,-123.01932, 37.82443,-120.40836,LC08_L2SP_044033_20171020_20200902_02_T1,LC80440332017293LGN01
LC08_L2SP_045032_20171027_20200902_02_T1,LC08_L1TP_045032_20171027_20200902_02_T1,LC80450322017300LGN00,2017/10/27,T1,2, 045, 032, 045, 032,NADIR,   0.000,2020/09/02,2020/09/02,2017-10-27 18:51:30.087757,2017-10-27 18:52:01.857755,LGN,DAY,   0.13,   2.04,1293,5,    6.535,    3.344,    5.615,LPGS_15.3.1c,34.65054746,161.17303482,FINAL,OLI_TIRS_L2SP,OLI_TIRS,8,UTM,10,WGS84,WGS84,40°19'57.14"N,122°47'40.88"W,41°22'57.32"N,124°10'45.23"W,41°22'39.32"N,121°24'21.28"W,39°15'40.79"N,124°08'34.37"W,39°15'24.08"N,121°27'18.11"W, 40.33254,-122.79469, 41.38259,-124.17923, 41.37759,-121.40591, 39.26133,-124.14288, 39.25669,-121.45503,LC08_L2SP_045032_20171027_20200902_02_T1,LC80450322017300LGN00
LC08_L2SP_045033_20171027_20200902_02_T1,LC08_L1TP_045033_20171027_20200902_02_T1,LC80450332017300LGN00,2017/10/27,T1,2, 045, 033, 045, 033,NADIR,   0.000,2020/09/02,2020/09/02,2017-10-27 18:51:53.970323,2017-10-27 18:52:25.740321,LGN,DAY,   1.12,  36.21,978,5,    5.731,    2.838,    4.979,LPGS_15.3.1c,35.91114968,160.43986714,FINAL,OLI_TIRS_L2SP,OLI_TIRS,8,UTM,10,WGS84,WGS84,38°54'15.88"N,123°14'31.56"W,39°57'11.52"N,124°36'26.46"W,39°57'32.47"N,121°53'20.08"W,37°49'35"N,124°33'36.40"W,37°49'54.44"N,121°55'17.69"W, 38.90441,-123.24210, 39.95320,-124.60735, 39.95902,-121.88891, 37.82639,-124.56011, 37.83179,-121.92158,LC08_L2SP_045033_20171027_20200902_02_T1,LC80450332017300LGN00
LC08_L2SP_044033_20171105_20200902_02_T1,LC08_L1TP_044033_20171105_20200902_02_T1,LC80440332017309LGN00,2017/11/05,T1,2, 044, 033, 044, 033,NADIR,   0.000,2020/09/02,2020/09/02,2017-11-05 18:45:42.184966,2017-11-05 18:46:13.954964,LGN,DAY,  14.87,  14.86,975,5,    6.386,    3.533,    5.320,LPGS_15.3.1c,33.15858242,161.41870937,FINAL,OLI_TIRS_L2SP,OLI_TIRS,8,UTM,10,WGS84,WGS84,38°54'15.48"N,121°41'35.99"W,39°57'32.18"N,123°01'11.64"W,39°55'41.52"N,120°19'50.66"W,37°51'10.62"N,123°01'09.55"W,37°49'27.95"N,120°24'30.10"W, 38.90430,-121.69333, 39.95894,-123.01990, 39.92820,-120.33074, 37.85295,-123.01932, 37.82443,-120.40836,LC08_L2SP_044033_20171105_20200902_02_T1,LC80440332017309LGN00
LC08_L2SP_045033_20171112_20200902_02_T1,LC08_L1TP_045033_20171112_20200902_02_T1,LC80450332017316LGN00,2017/11/12,T1,2, 045, 033, 045, 033,NADIR,   0.000,2020/09/02,2020/09/02,2017-11-12 18:51:51.350197,2017-11-12 18:52:23.120195,LGN,DAY,  58.92,  48.94,57,5,    8.860,    5.503,    6.944,LPGS_15.3.1c,31.19706525,161.85627624,FINAL,OLI_TIRS_L2SP,OLI_TIRS,8,UTM,10,WGS84,WGS84,38°54'16.49"N,123°14'01.79"W,39°57'12.06"N,124°35'48.55"W,39°57'32.11"N,121°52'42.17"W,37°49'35.51"N,124°32'59.60"W,37°49'54.12"N,121°54'40.86"W, 38.90458,-123.23383, 39.95335,-124.59682, 39.95892,-121.87838, 37.82653,-124.54989, 37.83170,-121.91135,LC08_L2SP_045033_20171112_20200902_02_T1,LC80450332017316LGN00
LC08_L2SP_044032_20171121_20200902_02_T1,LC08_L1TP_044032_20171121_20200902_02_T1,LC80440322017325LGN00,2017/11/21,T1,2, 044, 032, 044, 032,NADIR,   0.000,2020/09/02,2020/09/02,2017-11-21 18:45:13.512912,2017-11-21 18:45:45.28291,LGN,DAY,  50.12,  50.12,357,5,    8.235,    5.106,    6.461,LPGS_15.3.1c,27.70100119,162.61595262,FINAL,OLI_TIRS_L2SP,OLI_TIRS,8,UTM,10,WGS84,WGS84,40°19'57.90"N,121°13'53.98"W,41°23'25.98"N,122°34'31.37"W,41°20'51.79"N,119°49'57.18"W,39°17'25.94"N,122°35'18.02"W,39°15'02.74"N,119°55'44.72"W, 40.33275,-121.23166, 41.39055,-122.57538, 41.34772,-119.83255, 39.29054,-122.58834, 39.25076,-119.92909,LC08_L2SP_044032_20171121_20200902_02_T1,LC80440322017325LGN00
LC08_L2SP_044033_20171121_20200902_02_T1,LC08_L1TP_044033_20171121_20200902_02_T1,LC80440332017325LGN00,2017/11/21,T1,2, 044, 033, 044, 033,NADIR,   0.000,2020/09/02,2020/09/02,2017-11-21 18:45:37.399715,2017-11-21 18:46:09.169713,LGN,DAY,  45.12,  45.11,739,5,    8.116,    4.309,    6.878,LPGS_15.3.1c,28.98054499,162.02238391,FINAL,OLI_TIRS_L2SP,OLI_TIRS,8,UTM,10,WGS84,WGS84,38°54'15.59"N,121°40'44.51"W,39°57'32.18"N,123°00'21.06"W,39°55'40.37"N,120°19'00.19"W,37°51'10.62"N,123°00'20.45"W,37°49'26.87"N,120°23'41.06"W, 38.90433,-121.67903, 39.95894,-123.00585, 39.92788,-120.31672, 37.85295,-123.00568, 37.82413,-120.39474,LC08_L2SP_044033_20171121_20200902_02_T1,LC80440332017325LGN00
LC08_L2SP_045032_20171128_20200902_02_T1,LC08_L1TP_045032_20171128_20200902_02_T1,LC80450322017332LGN00,2017/11/28,T1,2, 045, 032, 045, 032,NADIR,   0.000,2020/09/02,2020/09/02,2017-11-28 18:51:20.941476,2017-11-28 18:51:52.711474,LGN,DAY,  59.15,  59.80,300,5,    8.799,    5.284,    7.035,LPGS_15.3.1c,26.26125270,162.44338355,FINAL,OLI_TIRS_L2SP,OLI_TIRS,8,UTM,10,WGS84,WGS84,40°19'57.58"N,122°45'57.20"W,41°22'58.37"N,124°09'01.91"W,41°22'37.85"N,121°22'37.99"W,39°15'41.76"N,124°06'54.22"W,39°15'22.75"N,121°25'38.03"W, 40.33266,-122.76589, 41.38288,-124.15053, 41.37718,-121.37722, 39.26160,-124.11506, 39.25632,-121.42723,LC08_L2SP_045032_20171128_20200902_02_T1,LC80450322017332LGN00
LC08_L2SP_045033_20171128_20200902_02_T1,LC08_L1TP_045033_20171128_20200902_02_T1,LC80450332017332LGN00,2017/11/28,T1,2, 045, 033, 045, 033,NADIR,   0.000,2020/09/02,2020/09/02,2017-11-28 18:51:44.828279,2017-11-28 18:52:16.598277,LGN,DAY,  19.51,  29.03,614,5,    8.033,    4.465,    6.678,LPGS_15.3.1c,27.53879866,161.87001683,FINAL,OLI_TIRS_L2SP,OLI_TIRS,8,UTM,10,WGS84,WGS84,38°54'15.41"N,123°12'47.84"W,39°57'13.10"N,124°34'32.74"W,39°57'31.36"N,121°51'26.28"W,37°49'36.48"N,124°31'45.98"W,37°49'53.44"N,121°53'27.24"W, 38.90428,-123.21329, 39.95364,-124.57576, 39.95871,-121.85730, 37.82680,-124.52944, 37.83151,-121.89090,LC08_L2SP_045033_20171128_20200902_02_T1,LC80450332017332LGN00
LC08_L2SP_044032_20171207_20200902_02_T1,LC08_L1TP_044032_20171207_20200902_02_T1,LC80440322017341LGN00,2017/12/07,T1,2, 044, 032, 044, 032,NADIR,   0.000,2020/09/02,2020/09/02,2017-12-07 18:45:09.814062,2017-12-07 18:45:41.58406,LGN,DAY,   1.39,   1.39,609,5,    9.031,    5.002,    7.519,LPGS_15.3.1c,24.84016085,161.90973886,FINAL,OLI_TIRS_L2SP,OLI_TIRS,8,UTM,10,WGS84,WGS84,40°19'58.84"N,121°13'33.10"W,41°23'25.91"N,122°34'18.44"W,41°20'51.43"N,119°49'44.29"W,39°17'25.91"N,122°35'05.50"W,39°15'02.41"N,119°55'32.23"W, 40.33301,-121.22586, 41.39053,-122.57179, 41.34762,-119.82897, 39.29053,-122.58486, 39.25067,-119.92562,LC08_L2SP_044032_20171207_20200902_02_T1,LC80440322017341LGN00
LC08_L2SP_044033_20171207_20200902_02_T1,LC08_L1TP_044033_20171207_20200902_02_T1,LC80440332017341LGN00,2017/12/07,T1,2, 044, 033, 044, 033,NADIR,   0.000,2020/09/02,2020/09/02,2017-12-07 18:45:33.705101,2017-12-07 18:46:05.475099,LGN,DAY,   0.45,   0.45,1099,5,    8.263,    4.381,    7.005,LPGS_15.3.1c,26.11156929,161.35219197,FINAL,OLI_TIRS_L2SP,OLI_TIRS,8,UTM,10,WGS84,WGS84,38°54'15.77"N,121°40'23.59"W,39°57'32.18"N,122°59'55.79"W,39°55'39.79"N,120°18'34.92"W,37°51'10.62"N,122°59'55.90"W,37°49'26.33"N,120°23'16.55"W, 38.90438,-121.67322, 39.95894,-122.99883, 39.92772,-120.30970, 37.85295,-122.99886, 37.82398,-120.38793,LC08_L2SP_044033_20171207_20200902_02_T1,LC80440332017341LGN00
LC08_L2SP_045032_20171214_20200902_02_T1,LC08_L1TP_045032_20171214_20200902_02_T1,LC80450322017348LGN00,2017/12/14,T1,2, 045, 032, 045, 032,NADIR,   0.000,2020/09/02,2020/09/02,2017-12-14 18:51:22.161678,2017-12-14 18:51:53.931676,LGN,DAY,   3.19,   3.13,1059,5,    8.582,    4.743,    7.153,LPGS_15.3.1c,24.10112546,161.28193627,FINAL,OLI_TIRS_L2SP,OLI_TIRS,8,UTM,10,WGS84,WGS84,40°19'57.07"N,122°46'51.64"W,41°22'57.83"N,124°09'53.57"W,41°22'38.60"N,121°23'29.62"W,39°15'41.29"N,124°07'44.29"W,39°15'23.44"N,121°26'28.07"W, 40.33252,-122.78101, 41.38273,-124.16488, 41.37739,-121.39156, 39.26147,-124.12897, 39.25651,-121.44113,LC08_L2SP_045032_20171214_20200902_02_T1,LC80450322017348LGN00
LC08_L2SP_045033_20171214_20200902_02_T1,LC08_L1TP_045033_20171214_20200902_02_T1,LC80450332017348LGN00,2017/12/14,T1,2, 045, 033, 045, 033,NADIR,   0.000,2020/09/02,2020/09/02,2017-12-14 18:51:46.048481,2017-12-14 18:52:17.818479,LGN,DAY,   0.36,   4.12,871,5,    7.722,    4.179,    6.494,LPGS_15.3.1c,25.36454511,160.72923992,FINAL,OLI_TIRS_L2SP,OLI_TIRS,8,UTM,10,WGS84,WGS84,38°54'14.94"N,123°13'41.92"W,39°57'12.24"N,124°35'35.92"W,39°57'32"N,121°52'29.50"W,37°49'35.65"N,124°32'47.33"W,37°49'54.01"N,121°54'28.58"W, 38.90415,-123.22831, 39.95340,-124.59331, 39.95889,-121.87486, 37.82657,-124.54648, 37.83167,-121.90794,LC08_L2SP_045033_20171214_20200902_02_T1,LC80450332017348LGN00
LC08_L2SP_044032_20171223_20200902_02_T1,LC08_L1TP_044032_20171223_20200902_02_T1,LC80440322017357LGN00,2017/12/23,T1,2, 044, 032, 044, 032,NADIR,   0.000,2020/09/02,2020/09/02,2017-12-23 18:45:12.694377,2017-12-23 18:45:44.464376,LGN,DAY,  58.01,  58.01,462,5,    8.129,    4.800,    6.561,LPGS_15.3.1c,23.65697583,160.25170106,FINAL,OLI_TIRS_L2SP,OLI_TIRS,8,UTM,10,WGS84,WGS84,40°19'57.76"N,121°15'03.06"W,41°23'26.27"N,122°35'48.88"W,41°20'53.92"N,119°51'14.51"W,39°17'16.48"N,122°36'33.23"W,39°14'55"N,119°57'00.14"W, 40.33271,-121.25085, 41.39063,-122.59691, 41.34831,-119.85403, 39.28791,-122.60923, 39.24861,-119.95004,LC08_L2SP_044032_20171223_20200902_02_T1,LC80440322017357LGN00
LC08_L2SP_044033_20171223_20200902_02_T1,LC08_L1TP_044033_20171223_20200902_02_T1,LC80440332017357LGN00,2017/12/23,T1,2, 044, 033, 044, 033,NADIR,   0.000,2020/09/02,2020/09/02,2017-12-23 18:45:36.576944,2017-12-23 18:46:08.346942,LGN,DAY,  47.93,  47.96,639,5,    7.740,    4.288,    6.444,LPGS_15.3.1c,24.90712451,159.69579756,FINAL,OLI_TIRS_L2SP,OLI_TIRS,8,UTM,10,WGS84,WGS84,38°54'16.34"N,121°41'52.66"W,39°57'32.18"N,123°01'24.31"W,39°55'41.81"N,120°20'03.30"W,37°51'10.62"N,123°01'21.83"W,37°49'28.20"N,120°24'42.34"W, 38.90454,-121.69796, 39.95894,-123.02342, 39.92828,-120.33425, 37.85295,-123.02273, 37.82450,-120.41176,LC08_L2SP_044033_20171223_20200902_02_T1,LC80440332017357LGN00
LC08_L2SP_045032_20171230_20200902_02_T1,LC08_L1TP_045032_20171230_20200902_02_T1,LC80450322017364LGN00,2017/12/30,T1,2, 045, 032, 045, 032,NADIR,   0.000,2020/09/02,2020/09/02,2017-12-30 18:51:21.525383,2017-12-30 18:51:53.295381,LGN,DAY,  55.34,  55.92,973,5,    8.288,    4.650,    6.860,LPGS_15.3.1c,23.72338635,159.32661234,FINAL,OLI_TIRS_L2SP,OLI_TIRS,8,UTM,10,WGS84,WGS84,40°19'58.44"N,122°47'32.86"W,41°22'57.43"N,124°10'32.30"W,41°22'39.14"N,121°24'08.35"W,39°15'40.93"N,124°08'21.84"W,39°15'23.94"N,121°27'05.62"W, 40.33290,-122.79246, 41.38262,-124.17564, 41.37754,-121.40232, 39.26137,-124.13940, 39.25665,-121.45156,LC08_L2SP_045032_20171230_20200902_02_T1,LC80450322017364LGN00
LC08_L2SP_045033_20180131_20200902_02_T1,LC08_L1TP_045033_20180131_20200902_02_T1,LC80450332018031LGN00,2018/01/31,T1,2, 045, 033, 045, 033,NADIR,   0.000,2020/09/02,2020/09/02,2018-01-31 18:51:28.841461,2018-01-31 18:52:00.611459,LGN,DAY,  32.21,  21.63,726,5,    7.912,    4.664,    6.392,LPGS_15.3.1c,29.65536120,153.84957539,FINAL,OLI_TIRS_L2SP,OLI_TIRS,8,UTM,10,WGS84,WGS84,38°54'16.56"N,123°12'44.46"W,39°57'13.10"N,124°34'32.74"W,39°57'31.36"N,121°51'26.28"W,37°49'36.48"N,124°31'45.98"W,37°49'53.44"N,121°53'27.24"W, 38.90460,-123.21235, 39.95364,-124.57576, 39.95871,-121.85730, 37.82680,-124.52944, 37.83151,-121.89090,LC08_L2SP_045033_20180131_20200902_02_T1,LC80450332018031LGN00
LC08_L2SP_044033_20180209_20200902_02_T1,LC08_L1TP_044033_20180209_20200902_02_T1,LC80440332018040LGN00,2018/02/09,T1,2, 044, 033, 044, 033,NADIR,   0.000,2020/09/02,2020/09/02,2018-02-09 18:45:15.23705,2018-02-09 18:45:47.007048,LGN,DAY,  22.83,  22.82,1097,5,    7.765,    4.563,    6.283,LPGS_15.3.1c,32.12623349,152.48499150,FINAL,OLI_TIRS_L2SP,OLI_TIRS,8,UTM,10,WGS84,WGS84,38°54'16.34"N,121°40'15.42"W,39°57'32.18"N,122°59'43.15"W,39°55'39.79"N,120°18'34.92"W,37°51'20.38"N,122°59'43.62"W,37°49'36.05"N,120°23'16.19"W, 38.90454,-121.67095, 39.95894,-122.99532, 39.92772,-120.30970, 37.85566,-122.99545, 37.82668,-120.38783,LC08_L2SP_044033_20180209_20200902_02_T1,LC80440332018040LGN00
LC08_L2SP_045032_20180216_20200902_02_T1,LC08_L1TP_045032_20180216_20200902_02_T1,LC80450322018047LGN00,2018/02/16,T1,2, 045, 032, 045, 032,NADIR,   0.000,2020/09/02,2020/09/02,2018-02-16 18:50:59.772492,2018-02-16 18:51:31.54249,LGN,DAY,   3.22,   3.17,1198,5,    7.361,    4.267,    5.998,LPGS_15.3.1c,33.18468227,152.28360967,FINAL,OLI_TIRS_L2SP,OLI_TIRS,8,UTM,10,WGS84,WGS84,40°19'58.22"N,122°46'19.52"W,41°22'58.08"N,124°09'27.72"W,41°22'38.24"N,121°23'03.80"W,39°15'41.54"N,124°07'19.27"W,39°15'23.08"N,121°26'03.05"W, 40.33284,-122.77209, 41.38280,-124.15770, 41.37729,-121.38439, 39.26154,-124.12202, 39.25641,-121.43418,LC08_L2SP_045032_20180216_20200902_02_T1,LC80450322018047LGN00
LC08_L2SP_045033_20180216_20200902_02_T1,LC08_L1TP_045033_20180216_20200902_02_T1,LC80450332018047LGN00,2018/02/16,T1,2, 045, 033, 045, 033,NADIR,   0.000,2020/09/02,2020/09/02,2018-02-16 18:51:23.66353,2018-02-16 18:51:55.433529,LGN,DAY,   0.07,   0.05,966,5,    6.688,    3.746,    5.541,LPGS_15.3.1c,34.31860302,151.45412948,FINAL,OLI_TIRS_L2SP,OLI_TIRS,8,UTM,10,WGS84,WGS84,38°54'14.87"N,123°13'08.47"W,39°57'03.02"N,124°34'57.79"W,39°57'21.89"N,121°51'51.73"W,37°49'36.16"N,124°32'10.54"W,37°49'53.65"N,121°53'51.79"W, 38.90413,-123.21902, 39.95084,-124.58272, 39.95608,-121.86437, 37.82671,-124.53626, 37.83157,-121.89772,LC08_L2SP_045033_20180216_20200902_02_T1,LC80450332018047LGN00
LC08_L2SP_044032_20180225_20200902_02_T1,LC08_L1TP_044032_20180225_20200902_02_T1,LC80440322018056LGN00,2018/02/25,T1,2, 044, 032, 044, 032,NADIR,   0.000,2020/09/02,2020/09/02,2018-02-25 18:44:44.999941,2018-02-25 18:45:16.769939,LGN,DAY,  54.44,  54.44,620,5,    8.236,    4.971,    6.566,LPGS_15.3.1c,36.29602237,151.09697225,FINAL,OLI_TIRS_L2SP,OLI_TIRS,8,UTM,10,WGS84,WGS84,40°19'58.48"N,121°13'40.26"W,41°23'25.91"N,122°34'18.44"W,41°20'51.43"N,119°49'44.29"W,39°17'25.91"N,122°35'05.50"W,39°15'02.41"N,119°55'32.23"W, 40.33291,-121.22785, 41.39053,-122.57179, 41.34762,-119.82897, 39.29053,-122.58486, 39.25067,-119.92562,LC08_L2SP_044032_20180225_20200902_02_T1,LC80440322018056LGN00
LC08_L2SP_044033_20180225_20200902_02_T1,LC08_L1TP_044033_20180225_20200902_02_T1,LC80440332018056LGN00,2018/02/25,T1,2, 044, 033, 044, 033,NADIR,   0.000,2020/09/02,2020/09/02,2018-02-25 18:45:08.89098,2018-02-25 18:45:40.660978,LGN,DAY,   8.24,   8.24,1150,5,    7.204,    4.371,    5.727,LPGS_15.3.1c,37.41019336,150.17542286,FINAL,OLI_TIRS_L2SP,OLI_TIRS,8,UTM,10,WGS84,WGS84,38°54'14.90"N,121°40'29.03"W,39°57'32.18"N,122°59'55.79"W,39°55'40.08"N,120°18'47.56"W,37°51'10.62"N,122°59'55.90"W,37°49'26.58"N,120°23'28.79"W, 38.90414,-121.67473, 39.95894,-122.99883, 39.92780,-120.31321, 37.85295,-122.99886, 37.82405,-120.39133,LC08_L2SP_044033_20180225_20200902_02_T1,LC80440332018056LGN00
LC08_L2SP_045032_20180304_20200902_02_T1,LC08_L1TP_045032_20180304_20200902_02_T1,LC80450322018063LGN00,2018/03/04,T1,2, 045, 032, 045, 032,NADIR,   0.000,2020/09/02,2020/09/02,2018-03-04 18:50:52.174338,2018-03-04 18:51:23.944336,LGN,DAY,  52.63,  51.72,168,5,    8.090,    5.203,    6.194,LPGS_15.3.1c,38.87999889,150.20680442,FINAL,OLI_TIRS_L2SP,OLI_TIRS,8,UTM,10,WGS84,WGS84,40°19'57.61"N,122°46'26.04"W,41°22'58.08"N,124°09'27.72"W,41°22'38.24"N,121°23'03.80"W,39°15'41.54"N,124°07'19.27"W,39°15'23.08"N,121°26'03.05"W, 40.33267,-122.77390, 41.38280,-124.15770, 41.37729,-121.38439, 39.26154,-124.12202, 39.25641,-121.43418,LC08_L2SP_045032_20180304_20200902_02_T1,LC80450322018063LGN00
LC08_L2SP_045033_20180304_20200902_02_T1,LC08_L1TP_045033_20180304_20200902_02_T1,LC80450332018063LGN00,2018/03/04,T1,2, 045, 033, 045, 033,NADIR,   0.000,2020/09/02,2020/09/02,2018-03-04 18:51:16.056904,2018-03-04 18:51:47.826903,LGN,DAY,  24.78,  17.18,452,5,    7.822,    5.216,    5.830,LPGS_15.3.1c,39.97849387,149.20304007,FINAL,OLI_TIRS_L2SP,OLI_TIRS,8,UTM,10,WGS84,WGS84,38°54'15.95"N,123°13'13.87"W,39°57'12.74"N,124°34'58.01"W,39°57'31.61"N,121°51'51.59"W,37°49'36.16"N,124°32'10.54"W,37°49'53.65"N,121°53'51.79"W, 38.90443,-123.22052, 39.95354,-124.58278, 39.95878,-121.86433, 37.82671,-124.53626, 37.83157,-121.89772,LC08_L2SP_045033_20180304_20200902_02_T1,LC80450332018063LGN00
LC08_L2SP_044032_20180329_20200901_02_T1,LC08_L1TP_044032_20180329_20200901_02_T1,LC80440322018088LGN00,2018/03/29,T1,2, 044, 032, 044, 032,NADIR,   0.000,2020/09/01,2020/09/01,2018-03-29 18:44:29.129681,2018-03-29 18:45:00.89968,LGN,DAY,  13.09,  13.09,668,5,    7.139,    4.692,    5.381,LPGS_15.3.1c,48.55329806,146.92370512,FINAL,OLI_TIRS_L2SP,OLI_TIRS,8,UTM,10,WGS84,WGS84,40°19'58.37"N,121°14'14.21"W,41°23'26.05"N,122°34'57.18"W,41°20'52.51"N,119°50'22.96"W,39°17'26.05"N,122°35'43.08"W,39°15'03.38"N,119°56'09.71"W, 40.33288,-121.23728, 41.39057,-122.58255, 41.34792,-119.83971, 39.29057,-122.59530, 39.25094,-119.93603,LC08_L2SP_044032_20180329_20200901_02_T1,LC80440322018088LGN00
LC08_L2SP_044033_20180329_20200901_02_T1,LC08_L1TP_044033_20180329_20200901_02_T1,LC80440332018088LGN00,2018/03/29,T1,2, 044, 033, 044, 033,NADIR,   0.000,2020/09/01,2020/09/01,2018-03-29 18:44:53.016484,2018-03-29 18:45:24.786483,LGN,DAY,   7.42,   7.41,1029,5,    6.573,    4.470,    4.819,LPGS_15.3.1c,49.59234648,145.53001148,FINAL,OLI_TIRS_L2SP,OLI_TIRS,8,UTM,10,WGS84,WGS84,38°54'15.70"N,121°41'01.90"W,39°57'32.18"N,123°00'33.73"W,39°55'40.66"N,120°19'12.79"W,37°51'10.62"N,123°00'32.72"W,37°49'27.12"N,120°23'53.30"W, 38.90436,-121.68386, 39.95894,-123.00937, 39.92796,-120.32022, 37.85295,-123.00909, 37.82420,-120.39814,LC08_L2SP_044033_20180329_20200901_02_T1,LC80440332018088LGN00
LC08_L2SP_044032_20180414_20201015_02_T1,LC08_L1TP_044032_20180414_20201015_02_T1,LC80440322018104LGN00,2018/04/14,T1,2, 044, 032, 044, 032,NADIR,   0.000,2020/10/15,2020/10/15,2018-04-14 18:44:20.301836,2018-04-14 18:44:52.071834,LGN,DAY,  10.29,  10.29,770,5,    6.831,    4.586,    5.063,LPGS_15.3.1c,54.43576003,144.27443990,FINAL,OLI_TIRS_L2SP,OLI_TIRS,8,UTM,10,WGS84,WGS84,40°19'57.18"N,121°14'42.29"W,41°23'26.16"N,122°35'23.03"W,41°20'53.20"N,119°50'48.73"W,39°17'26.12"N,122°36'08.14"W,39°15'04.07"N,119°56'34.73"W, 40.33255,-121.24508, 41.39060,-122.58973, 41.34811,-119.84687, 39.29059,-122.60226, 39.25113,-119.94298,LC08_L2SP_044032_20180414_20201015_02_T1,LC80440322018104LGN00
LC08_L2SP_044033_20180414_20201015_02_T1,LC08_L1TP_044033_20180414_20201015_02_T1,LC80440332018104LGN00,2018/04/14,T1,2, 044, 033, 044, 033,NADIR,   0.000,2020/10/15,2020/10/15,2018-04-14 18:44:44.180167,2018-04-14 18:45:15.950165,LGN,DAY,   0.38,   0.38,1101,5,    5.927,    4.200,    4.182,LPGS_15.3.1c,55.42326719,142.53488086,FINAL,OLI_TIRS_L2SP,OLI_TIRS,8,UTM,10,WGS84,WGS84,38°54'16.27"N,121°41'28.86"W,39°57'32.18"N,123°00'59"W,39°55'41.23"N,120°19'38.06"W,37°51'20.38"N,123°00'57.28"W,37°49'37.38"N,120°24'17.50"W, 38.90452,-121.69135, 39.95894,-123.01639, 39.92812,-120.32724, 37.85566,-123.01591, 37.82705,-120.40486,LC08_L2SP_044033_20180414_20201015_02_T1,LC80440332018104LGN00
LC08_L2SP_045032_20180421_20200901_02_T1,LC08_L1TP_045032_20180421_20200901_02_T1,LC80450322018111LGN00,2018/04/21,T1,2, 045, 032, 045, 032,NADIR,   0.000,2020/09/01,2020/09/01,2018-04-21 18:50:26.871284,2018-04-21 18:50:58.641282,LGN,DAY,   0.76,   0.75,1233,5,    4.458,    3.040,    3.260,LPGS_15.3.1c,56.77005752,142.84763533,FINAL,OLI_TIRS_L2SP,OLI_TIRS,8,UTM,10,WGS84,WGS84,40°19'58.66"N,122°47'36.96"W,41°22'57.32"N,124°10'45.23"W,41°22'39.32"N,121°24'21.28"W,39°15'40.79"N,124°08'34.37"W,39°15'24.08"N,121°27'18.11"W, 40.33296,-122.79360, 41.38259,-124.17923, 41.37759,-121.40591, 39.26133,-124.14288, 39.25669,-121.45503,LC08_L2SP_045032_20180421_20200901_02_T1,LC80450322018111LGN00
LC08_L2SP_045033_20180421_20201015_02_T1,LC08_L1TP_045033_20180421_20201015_02_T1,LC80450332018111LGN00,2018/04/21,T1,2, 045, 033, 045, 033,NADIR,   0.000,2020/10/15,2020/10/15,2018-04-21 18:50:50.762322,2018-04-21 18:51:22.532321,LGN,DAY,   0.11,   0.07,939,5,    4.383,    3.077,    3.121,LPGS_15.3.1c,57.72956582,140.92822888,FINAL,OLI_TIRS_L2SP,OLI_TIRS,8,UTM,10,WGS84,WGS84,38°54'14.94"N,123°14'24.22"W,39°57'11.70"N,124°36'13.82"W,39°57'32.36"N,121°53'07.44"W,37°49'35.18"N,124°33'24.12"W,37°49'54.34"N,121°55'05.41"W, 38.90415,-123.24006, 39.95325,-124.60384, 39.95899,-121.88540, 37.82644,-124.55670, 37.83176,-121.91817,LC08_L2SP_045033_20180421_20201015_02_T1,LC80450332018111LGN00
LC08_L2SP_044033_20180430_20200901_02_T1,LC08_L1TP_044033_20180430_20200901_02_T1,LC80440332018120LGN00,2018/04/30,T1,2, 044, 033, 044, 033,NADIR,   0.000,2020/09/01,2020/09/01,2018-04-30 18:44:35.251017,2018-04-30 18:45:07.021015,LGN,DAY,  51.71,  51.68,744,5,    6.306,    4.499,    4.418,LPGS_15.3.1c,60.37968408,138.57135710,FINAL,OLI_TIRS_L2SP,OLI_TIRS,8,UTM,10,WGS84,WGS84,38°54'15.55"N,121°42'06.48"W,39°57'32.18"N,123°01'36.95"W,39°55'42.38"N,120°20'28.57"W,37°51'10.62"N,123°01'34.10"W,37°49'28.74"N,120°25'06.89"W, 38.90432,-121.70180, 39.95894,-123.02693, 39.92844,-120.34127, 37.85295,-123.02614, 37.82465,-120.41858,LC08_L2SP_044033_20180430_20200901_02_T1,LC80440332018120LGN00
LC08_L2SP_045032_20180507_20200901_02_T1,LC08_L1TP_045032_20180507_20200901_02_T1,LC80450322018127LGN00,2018/05/07,T1,2, 045, 032, 045, 032,NADIR,  -0.001,2020/09/01,2020/09/01,2018-05-07 18:50:17,2018-05-07 18:50:49,LGN,DAY,   0.44,   0.43,1321,5,    4.312,    3.106,    2.991,LPGS_15.3.1c,61.27554685,138.88251253,FINAL,OLI_TIRS_L2SP,OLI_TIRS,8,UTM,10,WGS84,WGS84,40°19'58.04"N,122°48'17.28"W,41°22'56.93"N,124°11'23.96"W,41°22'39.83"N,121°24'59.98"W,39°15'40.43"N,124°09'11.92"W,39°15'24.59"N,121°27'55.66"W, 40.33279,-122.80480, 41.38248,-124.18999, 41.37773,-121.41666, 39.26123,-124.15331, 39.25683,-121.46546,LC08_L2SP_045032_20180507_20200901_02_T1,LC80450322018127LGN00
LC08_L2SP_045033_20180507_20200901_02_T1,LC08_L1TP_045033_20180507_20200901_02_T1,LC80450332018127LGN00,2018/05/07,T1,2, 045, 033, 045, 033,NADIR,  -0.001,2020/09/01,2020/09/01,2018-05-07 18:50:41,2018-05-07 18:51:13,LGN,DAY,   0.02,   0.04,974,5,    4.312,    3.227,    2.860,LPGS_15.3.1c,62.15240650,136.50732238,FINAL,OLI_TIRS_L2SP,OLI_TIRS,8,UTM,10,WGS84,WGS84,38°54'15.98"N,123°15'03.82"W,39°57'11.16"N,124°36'51.73"W,39°57'32.72"N,121°53'45.35"W,37°49'34.68"N,124°34'00.95"W,37°49'54.66"N,121°55'42.20"W, 38.90444,-123.25106, 39.95310,-124.61437, 39.95909,-121.89593, 37.82630,-124.56693, 37.83185,-121.92839,LC08_L2SP_045033_20180507_20200901_02_T1,LC80450332018127LGN00
LC08_L2SP_045032_20180523_20200901_02_T1,LC08_L1TP_045032_20180523_20200901_02_T1,LC80450322018143LGN00,2018/05/23,T1,2, 045, 032, 045, 032,NADIR,   0.000,2020/09/01,2020/09/01,2018-05-23 18:50:06.165485,2018-05-23 18:50:37.935484,LGN,DAY,  40.19,  41.32,880,5,    4.524,    3.377,    3.011,LPGS_15.3.1c,64.31510374,134.17445956,FINAL,OLI_TIRS_L2SP,OLI_TIRS,8,UTM,10,WGS84,WGS84,40°19'58.30"N,122°48'20.74"W,41°22'56.93"N,124°11'23.96"W,41°22'39.83"N,121°24'59.98"W,39°15'40.43"N,124°09'11.92"W,39°15'24.59"N,121°27'55.66"W, 40.33286,-122.80576, 41.38248,-124.18999, 41.37773,-121.41666, 39.26123,-124.15331, 39.25683,-121.46546,LC08_L2SP_045032_20180523_20200901_02_T1,LC80450322018143LGN00
LC08_L2SP_044032_20180601_20200831_02_T1,LC08_L1TP_044032_20180601_20200831_02_T1,LC80440322018152LGN00,2018/06/01,T1,2, 044, 032, 044, 032,NADIR,   0.000,2020/08/31,2020/08/31,2018-06-01 18:43:48.252878,2018-06-01 18:44:20.022877,LGN,DAY,   0.09,   0.09,1035,5,    5.086,    3.647,    3.545,LPGS_15.3.1c,65.32925840,131.69119791,FINAL,OLI_TIRS_L2SP,OLI_TIRS,8,UTM,10,WGS84,WGS84,40°19'58.37"N,121°12'44.03"W,41°23'35.45"N,122°33'26.71"W,41°20'59.71"N,119°48'52.24"W,39°17'25.73"N,122°34'15.42"W,39°15'01.08"N,119°54'42.23"W, 40.33288,-121.21223, 41.39318,-122.55742, 41.34992,-119.81451, 39.29048,-122.57095, 39.25030,-119.91173,LC08_L2SP_044032_20180601_20200831_02_T1,LC80440322018152LGN00
LC08_L2SP_044033_20180601_20200831_02_T1,LC08_L1TP_044033_20180601_20200831_02_T1,LC80440332018152LGN00,2018/06/01,T1,2, 044, 033, 044, 033,NADIR,   0.000,2020/08/31,2020/08/31,2018-06-01 18:44:12.143917,2018-06-01 18:44:43.913916,LGN,DAY,   0.28,   0.28,1399,5,    4.692,    3.347,    3.288,LPGS_15.3.1c,66.04592349,128.66842307,FINAL,OLI_TIRS_L2SP,OLI_TIRS,8,UTM,10,WGS84,WGS84,38°54'15.55"N,121°39'38.27"W,39°57'32.18"N,122°59'05.21"W,39°55'38.89"N,120°17'57.05"W,37°51'10.62"N,122°59'06.79"W,37°49'25.50"N,120°22'39.76"W, 38.90432,-121.66063, 39.95894,-122.98478, 39.92747,-120.29918, 37.85295,-122.98522, 37.82375,-120.37771,LC08_L2SP_044033_20180601_20200831_02_T1,LC80440332018152LGN00
LC08_L2SP_045032_20180608_20200831_02_T1,LC08_L1TP_045032_20180608_20200831_02_T1,LC80450322018159LGN00,2018/06/08,T1,2, 045, 032, 045, 032,NADIR,   0.000,2020/08/31,2020/08/31,2018-06-08 18:50:00.604403,2018-06-08 18:50:32.374402,LGN,DAY,   0.17,   1.22,1336,5,    3.906,    2.780,    2.744,LPGS_15.3.1c,65.76199976,130.02857495,FINAL,OLI_TIRS_L2SP,OLI_TIRS,8,UTM,10,WGS84,WGS84,40°19'57.47"N,122°44'45.92"W,41°23'08.84"N,124°07'44.58"W,41°22'46.49"N,121°21'20.27"W,39°15'42.48"N,124°05'39.12"W,39°15'21.74"N,121°24'22.93"W, 40.33263,-122.74609, 41.38579,-124.12905, 41.37958,-121.35563, 39.26180,-124.09420, 39.25604,-121.40637,LC08_L2SP_045032_20180608_20200831_02_T1,LC80450322018159LGN00
LC08_L2SP_045033_20180608_20200831_02_T1,LC08_L1TP_045033_20180608_20200831_02_T1,LC80450332018159LGN00,2018/06/08,T1,2, 045, 033, 045, 033,NADIR,   0.000,2020/08/31,2020/08/31,2018-06-08 18:50:24.495442,2018-06-08 18:50:56.265441,LGN,DAY,   1.53,  26.61,1022,5,    3.638,    2.645,    2.498,LPGS_15.3.1c,66.44049081,126.90411224,FINAL,OLI_TIRS_L2SP,OLI_TIRS,8,UTM,10,WGS84,WGS84,38°54'14.87"N,123°11'40.06"W,39°57'13.93"N,124°33'29.52"W,39°57'30.74"N,121°50'23.10"W,37°49'37.27"N,124°30'44.64"W,37°49'52.82"N,121°52'25.90"W, 38.90413,-123.19446, 39.95387,-124.55820, 39.95854,-121.83975, 37.82702,-124.51240, 37.83134,-121.87386,LC08_L2SP_045033_20180608_20200831_02_T1,LC80450332018159LGN00
LC08_L2SP_044033_20180617_20200831_02_T1,LC08_L1TP_044033_20180617_20200831_02_T1,LC80440332018168LGN00,2018/06/17,T1,2, 044, 033, 044, 033,NADIR,   0.000,2020/08/31,2020/08/31,2018-06-17 18:44:20.130272,2018-06-17 18:44:51.90027,LGN,DAY,  14.70,  14.70,1000,5,    5.163,    3.563,    3.736,LPGS_15.3.1c,66.52481273,125.28637357,FINAL,OLI_TIRS_L2SP,OLI_TIRS,8,UTM,10,WGS84,WGS84,38°54'14.90"N,121°39'18.61"W,39°57'32.18"N,122°58'52.57"W,39°55'38.32"N,120°17'31.81"W,37°51'10.62"N,122°58'54.52"W,37°49'24.96"N,120°22'15.24"W, 38.90414,-121.65517, 39.95894,-122.98127, 39.92731,-120.29217, 37.85295,-122.98181, 37.82360,-120.37090,LC08_L2SP_044033_20180617_20200831_02_T1,LC80440332018168LGN00
LC08_L2SP_045032_20180624_20200831_02_T1,LC08_L1TP_045032_20180624_20200831_02_T1,LC80450322018175LGN00,2018/06/24,T1,2, 045, 032, 045, 032,NADIR,   0.000,2020/08/31,2020/08/31,2018-06-24 18:50:11.527207,2018-06-24 18:50:43.297205,LGN,DAY,   0.58,   2.09,1320,5,    3.606,    2.541,    2.558,LPGS_15.3.1c,65.67033528,127.84188740,FINAL,OLI_TIRS_L2SP,OLI_TIRS,8,UTM,10,WGS84,WGS84,40°19'57.76"N,122°45'11.20"W,41°23'08.59"N,124°08'10.43"W,41°22'46.85"N,121°21'46.08"W,39°15'42.23"N,124°06'04.18"W,39°15'22.07"N,121°24'47.95"W, 40.33271,-122.75311, 41.38572,-124.13623, 41.37968,-121.36280, 39.26173,-124.10116, 39.25613,-121.41332,LC08_L2SP_045032_20180624_20200831_02_T1,LC80450322018175LGN00
LC08_L2SP_045033_20180624_20200831_02_T1,LC08_L1TP_045033_20180624_20200831_02_T1,LC80450332018175LGN00,2018/06/24,T1,2, 045, 033, 045, 033,NADIR,   0.000,2020/08/31,2020/08/31,2018-06-24 18:50:35.41401,2018-06-24 18:51:07.184008,LGN,DAY,   6.52,  39.70,953,5,    3.464,    2.445,    2.454,LPGS_15.3.1c,66.29867762,124.67753464,FINAL,OLI_TIRS_L2SP,OLI_TIRS,8,UTM,10,WGS84,WGS84,38°54'16.16"N,123°12'04.93"W,39°57'13.61"N,124°33'54.79"W,39°57'31"N,121°50'48.37"W,37°49'36.95"N,124°31'09.19"W,37°49'53.08"N,121°52'50.41"W, 38.90449,-123.20137, 39.95378,-124.56522, 39.95861,-121.84677, 37.82693,-124.51922, 37.83141,-121.88067,LC08_L2SP_045033_20180624_20200831_02_T1,LC80450332018175LGN00
LC08_L2SP_044032_20180703_20200831_02_T1,LC08_L1TP_044032_20180703_20200831_02_T1,LC80440322018184LGN00,2018/07/03,T1,2, 044, 032, 044, 032,NADIR,   0.000,2020/08/31,2020/08/31,2018-07-03 18:44:05.74849,2018-07-03 18:44:37.518488,LGN,DAY,   2.17,   2.17,992,5,    5.064,    3.616,    3.545,LPGS_15.3.1c,65.04753282,127.88820420,FINAL,OLI_TIRS_L2SP,OLI_TIRS,8,UTM,10,WGS84,WGS84,40°19'57.11"N,121°12'33.52"W,41°23'25.69"N,122°33'13.86"W,41°20'49.63"N,119°48'39.85"W,39°17'25.69"N,122°34'02.89"W,39°15'00.76"N,119°54'29.74"W, 40.33253,-121.20931, 41.39047,-122.55385, 41.34712,-119.81107, 39.29047,-122.56747, 39.25021,-119.90826,LC08_L2SP_044032_20180703_20200831_02_T1,LC80440322018184LGN00
LC08_L2SP_044033_20180703_20200831_02_T1,LC08_L1TP_044033_20180703_20200831_02_T1,LC80440332018184LGN00,2018/07/03,T1,2, 044, 033, 044, 033,NADIR,   0.000,2020/08/31,2020/08/31,2018-07-03 18:44:29.635293,2018-07-03 18:45:01.405291,LGN,DAY,   0.77,   0.78,1401,5,    4.531,    3.214,    3.193,LPGS_15.3.1c,65.67793640,124.80995268,FINAL,OLI_TIRS_L2SP,OLI_TIRS,8,UTM,10,WGS84,WGS84,38°54'15.48"N,121°39'27.07"W,39°57'32.18"N,122°59'05.21"W,39°55'38.60"N,120°17'44.41"W,37°51'10.62"N,122°59'06.79"W,37°49'25.21"N,120°22'27.52"W, 38.90430,-121.65752, 39.95894,-122.98478, 39.92739,-120.29567, 37.85295,-122.98522, 37.82367,-120.37431,LC08_L2SP_044033_20180703_20200831_02_T1,LC80440332018184LGN00
LC08_L2SP_045032_20180710_20200831_02_T1,LC08_L1TP_045032_20180710_20200831_02_T1,LC80450322018191LGN00,2018/07/10,T1,2, 045, 032, 045, 032,NADIR,   0.000,2020/08/31,2020/08/31,2018-07-10 18:50:19.986399,2018-07-10 18:50:51.756398,LGN,DAY,   0.04,   0.04,1354,5,    3.598,    2.565,    2.522,LPGS_15.3.1c,64.31726229,128.58846228,FINAL,OLI_TIRS_L2SP,OLI_TIRS,8,UTM,10,WGS84,WGS84,40°19'58.01"N,122°45'06.91"W,41°23'08.59"N,124°08'10.43"W,41°22'46.85"N,121°21'46.08"W,39°15'42.23"N,124°06'04.18"W,39°15'22.07"N,121°24'47.95"W, 40.33278,-122.75192, 41.38572,-124.13623, 41.37968,-121.36280, 39.26173,-124.10116, 39.25613,-121.41332,LC08_L2SP_045032_20180710_20200831_02_T1,LC80450322018191LGN00
LC08_L2SP_045033_20180710_20200831_02_T1,LC08_L1TP_045033_20180710_20200831_02_T1,LC80450332018191LGN00,2018/07/10,T1,2, 045, 033, 045, 033,NADIR,   0.000,2020/08/31,2020/08/31,2018-07-10 18:50:43.873202,2018-07-10 18:51:15.643201,LGN,DAY,   0.10,   0.15,1065,5,    3.217,    2.172,    2.373,LPGS_15.3.1c,64.96477774,125.62033089,FINAL,OLI_TIRS_L2SP,OLI_TIRS,8,UTM,10,WGS84,WGS84,38°54'16.49"N,123°12'00.79"W,39°57'13.61"N,124°33'54.79"W,39°57'30.85"N,121°50'35.74"W,37°49'36.95"N,124°31'09.19"W,37°49'52.97"N,121°52'38.14"W, 38.90458,-123.20022, 39.95378,-124.56522, 39.95857,-121.84326, 37.82693,-124.51922, 37.83138,-121.87726,LC08_L2SP_045033_20180710_20200831_02_T1,LC80450332018191LGN00
LC08_L2SP_044032_20180719_20200831_02_T1,LC08_L1TP_044032_20180719_20200831_02_T1,LC80440322018200LGN00,2018/07/19,T1,2, 044, 032, 044, 032,NADIR,   0.000,2020/08/31,2020/08/31,2018-07-19 18:44:12.940813,2018-07-19 18:44:44.710811,LGN,DAY,   1.26,   1.26,1036,5,    4.656,    3.084,    3.488,LPGS_15.3.1c,63.09496968,130.26804987,FINAL,OLI_TIRS_L2SP,OLI_TIRS,8,UTM,10,WGS84,WGS84,40°19'58.37"N,121°12'12.31"W,41°23'35.30"N,122°32'47.94"W,41°20'58.63"N,119°48'13.57"W,39°17'25.58"N,122°33'37.84"W,39°15'00.07"N,119°54'04.72"W, 40.33288,-121.20342, 41.39314,-122.54665, 41.34962,-119.80377, 39.29044,-122.56051, 39.25002,-119.90131,LC08_L2SP_044032_20180719_20200831_02_T1,LC80440322018200LGN00
LC08_L2SP_044033_20180719_20200831_02_T1,LC08_L1TP_044033_20180719_20200831_02_T1,LC80440332018200LGN00,2018/07/19,T1,2, 044, 033, 044, 033,NADIR,   0.000,2020/08/31,2020/08/31,2018-07-19 18:44:36.836087,2018-07-19 18:45:08.606086,LGN,DAY,   1.73,   1.73,1382,5,    4.198,    2.881,    3.053,LPGS_15.3.1c,63.78269390,127.48287567,FINAL,OLI_TIRS_L2SP,OLI_TIRS,8,UTM,10,WGS84,WGS84,38°54'14.83"N,121°39'06.48"W,39°57'32.18"N,122°58'39.90"W,39°55'38.03"N,120°17'19.18"W,37°51'10.62"N,122°58'42.24"W,37°49'24.67"N,120°22'03"W, 38.90412,-121.65180, 39.95894,-122.97775, 39.92723,-120.28866, 37.85295,-122.97840, 37.82352,-120.36750,LC08_L2SP_044033_20180719_20200831_02_T1,LC80440332018200LGN00
LC08_L2SP_045032_20180726_20200831_02_T1,LC08_L1TP_045032_20180726_20200831_02_T1,LC80450322018207LGN00,2018/07/26,T1,2, 045, 032, 045, 032,NADIR,   0.000,2020/08/31,2020/08/31,2018-07-26 18:50:26.205139,2018-07-26 18:50:57.975138,LGN,DAY,   1.39,   2.81,1338,5,    4.073,    2.882,    2.878,LPGS_15.3.1c,61.94209021,132.10751927,FINAL,OLI_TIRS_L2SP,OLI_TIRS,8,UTM,10,WGS84,WGS84,40°19'57.83"N,122°44'35.70"W,41°23'08.84"N,124°07'44.58"W,41°22'46.31"N,121°21'07.34"W,39°15'42.48"N,124°05'39.12"W,39°15'21.56"N,121°24'10.44"W, 40.33273,-122.74325, 41.38579,-124.12905, 41.37953,-121.35204, 39.26180,-124.09420, 39.25599,-121.40290,LC08_L2SP_045032_20180726_20200831_02_T1,LC80450322018207LGN00
LC08_L2SP_045033_20180726_20200831_02_T1,LC08_L1TP_045033_20180726_20200831_02_T1,LC80450332018207LGN00,2018/07/26,T1,2, 045, 033, 045, 033,NADIR,   0.000,2020/08/31,2020/08/31,2018-07-26 18:50:50.091942,2018-07-26 18:51:21.861941,LGN,DAY,   2.94,  36.61,1008,5,    3.674,    2.515,    2.679,LPGS_15.3.1c,62.67213245,129.49047320,FINAL,OLI_TIRS_L2SP,OLI_TIRS,8,UTM,10,WGS84,WGS84,38°54'16.24"N,123°11'29.29"W,39°57'14.11"N,124°33'16.88"W,39°57'30.60"N,121°50'10.43"W,37°49'37.42"N,124°30'32.36"W,37°49'52.72"N,121°52'13.62"W, 38.90451,-123.19147, 39.95392,-124.55469, 39.95850,-121.83623, 37.82706,-124.50899, 37.83131,-121.87045,LC08_L2SP_045033_20180726_20200831_02_T1,LC80450332018207LGN00
LC08_L2SP_044032_20180804_20200831_02_T1,LC08_L1TP_044032_20180804_20200831_02_T1,LC80440322018216LGN00,2018/08/04,T1,2, 044, 032, 044, 032,NADIR,   0.000,2020/08/31,2020/08/31,2018-08-04 18:44:21.113075,2018-08-04 18:44:52.883073,LGN,DAY,   0.15,   0.15,1035,5,    5.083,    3.628,    3.559,LPGS_15.3.1c,60.21222190,134.98810794,FINAL,OLI_TIRS_L2SP,OLI_TIRS,8,UTM,10,WGS84,WGS84,40°19'57.90"N,121°12'16.85"W,41°23'25.62"N,122°33'00.94"W,41°20'49.31"N,119°48'26.96"W,39°17'25.62"N,122°33'50.36"W,39°15'00.43"N,119°54'17.24"W, 40.33275,-121.20468, 41.39045,-122.55026, 41.34703,-119.80749, 39.29045,-122.56399, 39.25012,-119.90479,LC08_L2SP_044032_20180804_20200831_02_T1,LC80440322018216LGN00
LC08_L2SP_044033_20180804_20200831_02_T1,LC08_L1TP_044033_20180804_20200831_02_T1,LC80440332018216LGN00,2018/08/04,T1,2, 044, 033, 044, 033,NADIR,   0.000,2020/08/31,2020/08/31,2018-08-04 18:44:44.999878,2018-08-04 18:45:16.769876,LGN,DAY,   2.83,   2.83,1384,5,    4.680,    3.221,    3.395,LPGS_15.3.1c,61.00702639,132.60523181,FINAL,OLI_TIRS_L2SP,OLI_TIRS,8,UTM,10,WGS84,WGS84,38°54'16.13"N,121°39'10.19"W,39°57'32.18"N,122°58'39.90"W,39°55'38.03"N,120°17'19.18"W,37°51'20.34"N,122°58'42.24"W,37°49'34.39"N,120°22'02.64"W, 38.90448,-121.65283, 39.95894,-122.97775, 39.92723,-120.28866, 37.85565,-122.97840, 37.82622,-120.36740,LC08_L2SP_044033_20180804_20200831_02_T1,LC80440332018216LGN00
LC08_L2SP_045032_20180811_20200831_02_T1,LC08_L1TP_045032_20180811_20200831_02_T1,LC80450322018223LGN00,2018/08/11,T1,2, 045, 032, 045, 032,NADIR,   0.000,2020/08/31,2020/08/31,2018-08-11 18:50:35.952988,2018-08-11 18:51:07.722986,LGN,DAY,   0.80,   0.79,1369,5,    3.760,    2.636,    2.682,LPGS_15.3.1c,58.67705677,137.51482110,FINAL,OLI_TIRS_L2SP,OLI_TIRS,8,UTM,10,WGS84,WGS84,40°19'57.36"N,122°45'08.32"W,41°23'08.59"N,124°08'10.43"W,41°22'46.85"N,121°21'46.08"W,39°15'42.23"N,124°06'04.18"W,39°15'22.07"N,121°24'47.95"W, 40.33260,-122.75231, 41.38572,-124.13623, 41.37968,-121.36280, 39.26173,-124.10116, 39.25613,-121.41332,LC08_L2SP_045032_20180811_20200831_02_T1,LC80450322018223LGN00
LC08_L2SP_045033_20180811_20200831_02_T1,LC08_L1TP_045033_20180811_20200831_02_T1,LC80450332018223LGN00,2018/08/11,T1,2, 045, 033, 045, 033,NADIR,   0.000,2020/08/31,2020/08/31,2018-08-11 18:50:59.839791,2018-08-11 18:51:31.609789,LGN,DAY,   0.41,   0.35,1067,5,    3.354,    2.345,    2.398,LPGS_15.3.1c,59.52666147,135.32182876,FINAL,OLI_TIRS_L2SP,OLI_TIRS,8,UTM,10,WGS84,WGS84,38°54'15.52"N,123°12'01.80"W,39°57'13.61"N,124°33'54.79"W,39°57'31"N,121°50'48.37"W,37°49'36.95"N,124°31'09.19"W,37°49'53.08"N,121°52'50.41"W, 38.90431,-123.20050, 39.95378,-124.56522, 39.95861,-121.84677, 37.82693,-124.51922, 37.83141,-121.88067,LC08_L2SP_045033_20180811_20200831_02_T1,LC80450332018223LGN00
LC08_L2SP_044032_20180820_20200831_02_T1,LC08_L1TP_044032_20180820_20200831_02_T1,LC80440322018232LGN00,2018/08/20,T1,2, 044, 032, 044, 032,NADIR,   0.000,2020/08/31,2020/08/31,2018-08-20 18:44:29.653762,2018-08-20 18:45:01.423761,LGN,DAY,   4.33,   4.33,1038,5,    4.900,    3.304,    3.618,LPGS_15.3.1c,56.47515773,140.96575592,FINAL,OLI_TIRS_L2SP,OLI_TIRS,8,UTM,10,WGS84,WGS84,40°19'57.36"N,121°12'36.76"W,41°23'25.69"N,122°33'13.86"W,41°20'49.63"N,119°48'39.85"W,39°17'25.69"N,122°34'02.89"W,39°15'00.76"N,119°54'29.74"W, 40.33260,-121.21021, 41.39047,-122.55385, 41.34712,-119.81107, 39.29047,-122.56747, 39.25021,-119.90826,LC08_L2SP_044032_20180820_20200831_02_T1,LC80440322018232LGN00
LC08_L2SP_044033_20180820_20200831_02_T1,LC08_L1TP_044033_20180820_20200831_02_T1,LC80440332018232LGN00,2018/08/20,T1,2, 044, 033, 044, 033,NADIR,   0.000,2020/08/31,2020/08/31,2018-08-20 18:44:53.540565,2018-08-20 18:45:25.310563,LGN,DAY,   1.10,   1.11,1373,5,    4.116,    2.844,    2.974,LPGS_15.3.1c,57.39665622,139.01683759,FINAL,OLI_TIRS_L2SP,OLI_TIRS,8,UTM,10,WGS84,WGS84,38°54'15.34"N,121°39'29.92"W,39°57'32.18"N,122°59'05.21"W,39°55'38.60"N,120°17'44.41"W,37°51'10.62"N,122°59'06.79"W,37°49'25.21"N,120°22'27.52"W, 38.90426,-121.65831, 39.95894,-122.98478, 39.92739,-120.29567, 37.85295,-122.98522, 37.82367,-120.37431,LC08_L2SP_044033_20180820_20200831_02_T1,LC80440332018232LGN00
LC08_L2SP_045032_20180827_20200831_02_T1,LC08_L1TP_045032_20180827_20200831_02_T1,LC80450322018239LGN00,2018/08/27,T1,2, 045, 032, 045, 032,NADIR,   0.000,2020/08/31,2020/08/31,2018-08-27 18:50:43.515751,2018-08-27 18:51:15.28575,LGN,DAY,   1.17,   2.64,1343,5,    4.067,    2.692,    3.049,LPGS_15.3.1c,54.59322785,143.71209170,FINAL,OLI_TIRS_L2SP,OLI_TIRS,8,UTM,10,WGS84,WGS84,40°19'58.44"N,122°45'20.05"W,41°23'08.48"N,124°08'23.32"W,41°22'47.03"N,121°21'59"W,39°15'42.12"N,124°06'16.67"W,39°15'22.25"N,121°25'00.48"W, 40.33290,-122.75557, 41.38569,-124.13981, 41.37973,-121.36639, 39.26170,-124.10463, 39.25618,-121.41680,LC08_L2SP_045032_20180827_20200831_02_T1,LC80450322018239LGN00
LC08_L2SP_045033_20180827_20200831_02_T1,LC08_L1TP_045033_20180827_20200831_02_T1,LC80450332018239LGN00,2018/08/27,T1,2, 045, 033, 045, 033,NADIR,   0.000,2020/08/31,2020/08/31,2018-08-27 18:51:07.40679,2018-08-27 18:51:39.176789,LGN,DAY,  19.87,  48.24,731,5,    3.686,    2.476,    2.731,LPGS_15.3.1c,55.56939186,141.94669876,FINAL,OLI_TIRS_L2SP,OLI_TIRS,8,UTM,10,WGS84,WGS84,38°54'15.55"N,123°12'13.50"W,39°57'13.43"N,124°34'07.43"W,39°57'31"N,121°50'48.37"W,37°49'36.80"N,124°31'21.47"W,37°49'53.08"N,121°52'50.41"W, 38.90432,-123.20375, 39.95373,-124.56873, 39.95861,-121.84677, 37.82689,-124.52263, 37.83141,-121.88067,LC08_L2SP_045033_20180827_20200831_02_T1,LC80450332018239LGN00
LC08_L2SP_044032_20180905_20200831_02_T1,LC08_L1TP_044032_20180905_20200831_02_T1,LC80440322018248LGN00,2018/09/05,T1,2, 044, 032, 044, 032,NADIR,   0.000,2020/08/31,2020/08/31,2018-09-05 18:44:35.824079,2018-09-05 18:45:07.594077,LGN,DAY,   0.05,   0.05,1002,5,    5.984,    3.834,    4.595,LPGS_15.3.1c,51.97549732,147.17355955,FINAL,OLI_TIRS_L2SP,OLI_TIRS,8,UTM,10,WGS84,WGS84,40°19'58.69"N,121°12'34.85"W,41°23'35.41"N,122°33'13.79"W,41°20'59.35"N,119°48'39.35"W,39°17'25.69"N,122°34'02.89"W,39°15'00.76"N,119°54'29.74"W, 40.33297,-121.20968, 41.39317,-122.55383, 41.34982,-119.81093, 39.29047,-122.56747, 39.25021,-119.90826,LC08_L2SP_044032_20180905_20200831_02_T1,LC80440322018248LGN00
LC08_L2SP_044033_20180905_20200831_02_T1,LC08_L1TP_044033_20180905_20200831_02_T1,LC80440332018248LGN00,2018/09/05,T1,2, 044, 033, 044, 033,NADIR,   0.000,2020/08/31,2020/08/31,2018-09-05 18:44:59.719354,2018-09-05 18:45:31.489352,LGN,DAY,   3.10,   3.10,1276,5,    5.003,    3.385,    3.684,LPGS_15.3.1c,53.01702334,145.62935102,FINAL,OLI_TIRS_L2SP,OLI_TIRS,8,UTM,10,WGS84,WGS84,38°54'14.94"N,121°39'28.51"W,39°57'32.18"N,122°59'05.21"W,39°55'38.60"N,120°17'44.41"W,37°51'10.62"N,122°59'06.79"W,37°49'25.21"N,120°22'27.52"W, 38.90415,-121.65792, 39.95894,-122.98478, 39.92739,-120.29567, 37.85295,-122.98522, 37.82367,-120.37431,LC08_L2SP_044033_20180905_20200831_02_T1,LC80440332018248LGN00
LC08_L2SP_045033_20180912_20200830_02_T1,LC08_L1TP_045033_20180912_20200830_02_T1,LC80450332018255LGN00,2018/09/12,T1,2, 045, 033, 045, 033,NADIR,   0.000,2020/08/30,2020/08/30,2018-09-12 18:51:12.526604,2018-09-12 18:51:44.296603,LGN,DAY,  16.85,  17.40,949,5,    4.084,    2.689,    3.074,LPGS_15.3.1c,50.88584755,148.35367063,FINAL,OLI_TIRS_L2SP,OLI_TIRS,8,UTM,10,WGS84,WGS84,38°54'16.52"N,123°12'03.78"W,39°57'13.61"N,124°33'54.79"W,39°57'31"N,121°50'48.37"W,37°49'36.95"N,124°31'09.19"W,37°49'53.08"N,121°52'50.41"W, 38.90459,-123.20105, 39.95378,-124.56522, 39.95861,-121.84677, 37.82693,-124.51922, 37.83141,-121.88067,LC08_L2SP_045033_20180912_20200830_02_T1,LC80450332018255LGN00
LC08_L2SP_044032_20180921_20200830_02_T1,LC08_L1TP_044032_20180921_20200830_02_T1,LC80440322018264LGN00,2018/09/21,T1,2, 044, 032, 044, 032,NADIR,   0.000,2020/08/30,2020/08/30,2018-09-21 18:44:40.134618,2018-09-21 18:45:11.904616,LGN,DAY,   0.99,   0.99,989,5,    6.402,    3.628,    5.275,LPGS_15.3.1c,46.86546014,152.79339773,FINAL,OLI_TIRS_L2SP,OLI_TIRS,8,UTM,10,WGS84,WGS84,40°19'58.80"N,121°12'19.80"W,41°23'35.34"N,122°33'00.86"W,41°20'58.99"N,119°48'26.46"W,39°17'25.62"N,122°33'50.36"W,39°15'00.43"N,119°54'17.24"W, 40.33300,-121.20550, 41.39315,-122.55024, 41.34972,-119.80735, 39.29045,-122.56399, 39.25012,-119.90479,LC08_L2SP_044032_20180921_20200830_02_T1,LC80440322018264LGN00
LC08_L2SP_044033_20180921_20200830_02_T1,LC08_L1TP_044033_20180921_20200830_02_T1,LC80440332018264LGN00,2018/09/21,T1,2, 044, 033, 044, 033,NADIR,   0.000,2020/08/30,2020/08/30,2018-09-21 18:45:04.029893,2018-09-21 18:45:35.799891,LGN,DAY,   0.00,   0.00,1337,5,    5.099,    3.016,    4.111,LPGS_15.3.1c,48.00395692,151.58665290,FINAL,OLI_TIRS_L2SP,OLI_TIRS,8,UTM,10,WGS84,WGS84,38°54'15.12"N,121°39'13.18"W,39°57'32.18"N,122°58'39.90"W,39°55'38.03"N,120°17'19.18"W,37°51'10.62"N,122°58'42.24"W,37°49'24.67"N,120°22'03"W, 38.90420,-121.65366, 39.95894,-122.97775, 39.92723,-120.28866, 37.85295,-122.97840, 37.82352,-120.36750,LC08_L2SP_044033_20180921_20200830_02_T1,LC80440332018264LGN00
LC08_L2SP_045032_20180928_20200830_02_T1,LC08_L1TP_045032_20180928_20200830_02_T1,LC80450322018271LGN00,2018/09/28,T1,2, 045, 032, 045, 032,NADIR,   0.000,2020/08/30,2020/08/30,2018-09-28 18:50:54.894925,2018-09-28 18:51:26.664924,LGN,DAY,  25.41,  26.59,1170,5,    5.387,    3.319,    4.243,LPGS_15.3.1c,44.50480259,154.93238900,FINAL,OLI_TIRS_L2SP,OLI_TIRS,8,UTM,10,WGS84,WGS84,40°19'57.72"N,122°45'33.88"W,41°23'08.34"N,124°08'36.24"W,41°22'47.21"N,121°22'11.93"W,39°15'42.01"N,124°06'29.20"W,39°15'22.43"N,121°25'12.97"W, 40.33270,-122.75941, 41.38565,-124.14340, 41.37978,-121.36998, 39.26167,-124.10811, 39.25623,-121.42027,LC08_L2SP_045032_20180928_20200830_02_T1,LC80450322018271LGN00
LC08_L2SP_045033_20180928_20200830_02_T1,LC08_L1TP_045033_20180928_20200830_02_T1,LC80450332018271LGN00,2018/09/28,T1,2, 045, 033, 045, 033,NADIR,   0.000,2020/08/30,2020/08/30,2018-09-28 18:51:18.785964,2018-09-28 18:51:50.555963,LGN,DAY,  20.63,  49.05,630,5,    4.652,    2.942,    3.603,LPGS_15.3.1c,45.67697756,153.84789867,FINAL,OLI_TIRS_L2SP,OLI_TIRS,8,UTM,10,WGS84,WGS84,38°54'14.94"N,123°12'26.64"W,39°57'13.25"N,124°34'20.10"W,39°57'31.10"N,121°51'01.01"W,37°49'36.62"N,124°31'33.71"W,37°49'53.18"N,121°53'02.69"W, 38.90415,-123.20740, 39.95368,-124.57225, 39.95864,-121.85028, 37.82684,-124.52603, 37.83144,-121.88408,LC08_L2SP_045033_20180928_20200830_02_T1,LC80450332018271LGN00
LC08_L2SP_044032_20181007_20200830_02_T1,LC08_L1TP_044032_20181007_20200830_02_T1,LC80440322018280LGN00,2018/10/07,T1,2, 044, 032, 044, 032,NADIR,   0.000,2020/08/30,2020/08/30,2018-10-07 18:44:48.428228,2018-10-07 18:45:20.198227,LGN,DAY,   0.01,   0.01,943,5,    7.483,    3.938,    6.364,LPGS_15.3.1c,41.42074792,157.32236361,FINAL,OLI_TIRS_L2SP,OLI_TIRS,8,UTM,10,WGS84,WGS84,40°19'58.87"N,121°13'20.64"W,41°23'25.87"N,122°34'05.52"W,41°20'51.07"N,119°49'31.40"W,39°17'25.87"N,122°34'52.97"W,39°15'02.09"N,119°55'19.70"W, 40.33302,-121.22240, 41.39052,-122.56820, 41.34752,-119.82539, 39.29052,-122.58138, 39.25058,-119.92214,LC08_L2SP_044032_20181007_20200830_02_T1,LC80440322018280LGN00
LC08_L2SP_044033_20181007_20200830_02_T1,LC08_L1TP_044033_20181007_20200830_02_T1,LC80440332018280LGN00,2018/10/07,T1,2, 044, 033, 044, 033,NADIR,   0.000,2020/08/30,2020/08/30,2018-10-07 18:45:12.323503,2018-10-07 18:45:44.093502,LGN,DAY,   0.05,   0.05,1318,5,    5.915,    3.246,    4.945,LPGS_15.3.1c,42.62885674,156.37136574,FINAL,OLI_TIRS_L2SP,OLI_TIRS,8,UTM,10,WGS84,WGS84,38°54'15.30"N,121°40'13.73"W,39°57'32.18"N,122°59'43.15"W,39°55'39.47"N,120°18'22.32"W,37°51'10.62"N,122°59'43.62"W,37°49'26.04"N,120°23'04.27"W, 38.90425,-121.67048, 39.95894,-122.99532, 39.92763,-120.30620, 37.85295,-122.99545, 37.82390,-120.38452,LC08_L2SP_044033_20181007_20200830_02_T1,LC80440332018280LGN00
LC08_L2SP_045032_20181014_20200830_02_T1,LC08_L1TP_045032_20181014_20200830_02_T1,LC80450322018287LGN00,2018/10/14,T1,2, 045, 032, 045, 032,NADIR,   0.000,2020/08/30,2020/08/30,2018-10-14 18:51:02.062456,2018-10-14 18:51:33.832454,LGN,DAY,   0.26,   1.98,1240,5,    6.271,    3.256,    5.359,LPGS_15.3.1c,39.02078354,158.87909278,FINAL,OLI_TIRS_L2SP,OLI_TIRS,8,UTM,10,WGS84,WGS84,40°19'57.22"N,122°46'28.09"W,41°22'58.08"N,124°09'27.72"W,41°22'38.24"N,121°23'03.80"W,39°15'41.54"N,124°07'19.27"W,39°15'23.08"N,121°26'03.05"W, 40.33256,-122.77447, 41.38280,-124.15770, 41.37729,-121.38439, 39.26154,-124.12202, 39.25641,-121.43418,LC08_L2SP_045032_20181014_20200830_02_T1,LC80450322018287LGN00
LC08_L2SP_045033_20181014_20200830_02_T1,LC08_L1TP_045033_20181014_20200830_02_T1,LC80450332018287LGN00,2018/10/14,T1,2, 045, 033, 045, 033,NADIR,   0.000,2020/08/30,2020/08/30,2018-10-14 18:51:25.949258,2018-10-14 18:51:57.719257,LGN,DAY,   1.80,  34.54,972,5,    5.428,    2.633,    4.747,LPGS_15.3.1c,40.25065029,158.01568853,FINAL,OLI_TIRS_L2SP,OLI_TIRS,8,UTM,10,WGS84,WGS84,38°54'15.26"N,123°13'20.10"W,39°57'12.56"N,124°35'10.64"W,39°57'31.75"N,121°52'04.22"W,37°49'35.98"N,124°32'22.78"W,37°49'53.76"N,121°54'04.03"W, 38.90424,-123.22225, 39.95349,-124.58629, 39.95882,-121.86784, 37.82666,-124.53966, 37.83160,-121.90112,LC08_L2SP_045033_20181014_20200830_02_T1,LC80450332018287LGN00
LC08_L2SP_044032_20181023_20200830_02_T1,LC08_L1TP_044032_20181023_20200830_02_T1,LC80440322018296LGN00,2018/10/23,T1,2, 044, 032, 044, 032,NADIR,   0.000,2020/08/30,2020/08/30,2018-10-23 18:44:54.070531,2018-10-23 18:45:25.84053,LGN,DAY,  55.03,  55.03,477,5,    7.603,    4.622,    6.037,LPGS_15.3.1c,36.00755694,160.48365293,FINAL,OLI_TIRS_L2SP,OLI_TIRS,8,UTM,10,WGS84,WGS84,40°19'57.61"N,121°13'58.08"W,41°23'26.02"N,122°34'44.26"W,41°20'52.15"N,119°50'10.07"W,39°17'26.02"N,122°35'30.55"W,39°15'03.06"N,119°55'57.22"W, 40.33267,-121.23280, 41.39056,-122.57896, 41.34782,-119.83613, 39.29056,-122.59182, 39.25085,-119.93256,LC08_L2SP_044032_20181023_20200830_02_T1,LC80440322018296LGN00
LC08_L2SP_045032_20181030_20200830_02_T1,LC08_L1TP_045032_20181030_20200830_02_T1,LC80450322018303LGN00,2018/10/30,T1,2, 045, 032, 045, 032,NADIR,   0.000,2020/08/30,2020/08/30,2018-10-30 18:51:06.481349,2018-10-30 18:51:38.251347,LGN,DAY,   0.14,   0.14,1213,5,    6.995,    3.604,    5.996,LPGS_15.3.1c,33.76118312,161.41079279,FINAL,OLI_TIRS_L2SP,OLI_TIRS,8,UTM,10,WGS84,WGS84,40°19'58.01"N,122°46'54.12"W,41°23'07.55"N,124°09'53.75"W,41°22'48.32"N,121°23'29.36"W,39°15'41.29"N,124°07'44.29"W,39°15'23.44"N,121°26'28.07"W, 40.33278,-122.78170, 41.38543,-124.16493, 41.38009,-121.39149, 39.26147,-124.12897, 39.25651,-121.44113,LC08_L2SP_045032_20181030_20200830_02_T1,LC80450322018303LGN00
LC08_L2SP_045033_20181030_20200830_02_T1,LC08_L1TP_045033_20181030_20200830_02_T1,LC80450332018303LGN00,2018/10/30,T1,2, 045, 033, 045, 033,NADIR,   0.000,2020/08/30,2020/08/30,2018-10-30 18:51:30.372388,2018-10-30 18:52:02.142386,LGN,DAY,   0.02,   0.02,999,5,    6.203,    2.896,    5.485,LPGS_15.3.1c,35.02522945,160.69746486,FINAL,OLI_TIRS_L2SP,OLI_TIRS,8,UTM,10,WGS84,WGS84,38°54'15.16"N,123°13'46.20"W,39°57'12.24"N,124°35'35.92"W,39°57'32"N,121°52'29.50"W,37°49'35.65"N,124°32'47.33"W,37°49'54.01"N,121°54'28.58"W, 38.90421,-123.22950, 39.95340,-124.59331, 39.95889,-121.87486, 37.82657,-124.54648, 37.83167,-121.90794,LC08_L2SP_045033_20181030_20200830_02_T1,LC80450332018303LGN00
LC08_L2SP_044032_20181108_20200830_02_T1,LC08_L1TP_044032_20181108_20200830_02_T1,LC80440322018312LGN00,2018/11/08,T1,2, 044, 032, 044, 032,NADIR,   0.000,2020/08/30,2020/08/30,2018-11-08 18:44:56.969228,2018-11-08 18:45:28.739226,LGN,DAY,   0.15,   0.15,779,5,    8.027,    4.260,    6.804,LPGS_15.3.1c,31.07259055,162.19319736,FINAL,OLI_TIRS_L2SP,OLI_TIRS,8,UTM,10,WGS84,WGS84,40°19'57.07"N,121°14'10.21"W,41°23'26.05"N,122°34'57.18"W,41°20'52.51"N,119°50'22.96"W,39°17'16.30"N,122°35'43.15"W,39°14'53.66"N,119°56'10.14"W, 40.33252,-121.23617, 41.39057,-122.58255, 41.34792,-119.83971, 39.28786,-122.59532, 39.24824,-119.93615,LC08_L2SP_044032_20181108_20200830_02_T1,LC80440322018312LGN00
LC08_L2SP_044033_20181108_20200830_02_T1,LC08_L1TP_044033_20181108_20200830_02_T1,LC80440332018312LGN00,2018/11/08,T1,2, 044, 033, 044, 033,NADIR,   0.000,2020/08/30,2020/08/30,2018-11-08 18:45:20.856031,2018-11-08 18:45:52.626029,LGN,DAY,  11.84,  11.83,1174,5,    6.731,    3.561,    5.711,LPGS_15.3.1c,32.34645262,161.53897125,FINAL,OLI_TIRS_L2SP,OLI_TIRS,8,UTM,10,WGS84,WGS84,38°54'15.12"N,121°41'01.97"W,39°57'32.18"N,123°00'33.73"W,39°55'40.66"N,120°19'12.79"W,37°51'10.62"N,123°00'32.72"W,37°49'27.12"N,120°23'53.30"W, 38.90420,-121.68388, 39.95894,-123.00937, 39.92796,-120.32022, 37.85295,-123.00909, 37.82420,-120.39814,LC08_L2SP_044033_20181108_20200830_02_T1,LC80440332018312LGN00
LC08_L2SP_045032_20181115_20200830_02_T1,LC08_L1TP_045032_20181115_20200830_02_T1,LC80450322018319LGN00,2018/11/15,T1,2, 045, 032, 045, 032,NADIR,   0.000,2020/08/30,2020/08/30,2018-11-15 18:51:08.092005,2018-11-15 18:51:39.862003,LGN,DAY,   5.27,   5.18,1180,5,    7.316,    3.901,    6.189,LPGS_15.3.1c,29.18245717,162.49277275,FINAL,OLI_TIRS_L2SP,OLI_TIRS,8,UTM,10,WGS84,WGS84,40°19'57.68"N,122°46'51.13"W,41°22'57.83"N,124°09'53.57"W,41°22'38.60"N,121°23'29.62"W,39°15'41.29"N,124°07'44.29"W,39°15'23.44"N,121°26'28.07"W, 40.33269,-122.78087, 41.38273,-124.16488, 41.37739,-121.39156, 39.26147,-124.12897, 39.25651,-121.44113,LC08_L2SP_045032_20181115_20200830_02_T1,LC80450322018319LGN00
LC08_L2SP_045033_20181115_20200830_02_T1,LC08_L1TP_045033_20181115_20200830_02_T1,LC80450332018319LGN00,2018/11/15,T1,2, 045, 033, 045, 033,NADIR,   0.000,2020/08/30,2020/08/30,2018-11-15 18:51:31.978808,2018-11-15 18:52:03.748806,LGN,DAY,   4.43,   8.53,968,5,    6.442,    3.155,    5.617,LPGS_15.3.1c,30.46021538,161.87386905,FINAL,OLI_TIRS_L2SP,OLI_TIRS,8,UTM,10,WGS84,WGS84,38°54'15.66"N,123°13'42.71"W,39°57'12.24"N,124°35'35.92"W,39°57'32"N,121°52'29.50"W,37°49'35.65"N,124°32'47.33"W,37°49'54.01"N,121°54'28.58"W, 38.90435,-123.22853, 39.95340,-124.59331, 39.95889,-121.87486, 37.82657,-124.54648, 37.83167,-121.90794,LC08_L2SP_045033_20181115_20200830_02_T1,LC80450332018319LGN00
LC08_L2SP_044032_20181124_20200830_02_T1,LC08_L1TP_044032_20181124_20200830_02_T1,LC80440322018328LGN00,2018/11/24,T1,2, 044, 032, 044, 032,NADIR,   0.000,2020/08/30,2020/08/30,2018-11-24 18:44:56.894103,2018-11-24 18:45:28.664101,LGN,DAY,  33.06,  33.06,341,5,    8.278,    4.992,    6.604,LPGS_15.3.1c,27.08843285,162.51201610,FINAL,OLI_TIRS_L2SP,OLI_TIRS,8,UTM,10,WGS84,WGS84,40°19'57.43"N,121°13'50.34"W,41°23'25.98"N,122°34'31.37"W,41°20'51.79"N,119°49'57.18"W,39°17'25.94"N,122°35'18.02"W,39°15'02.74"N,119°55'44.72"W, 40.33262,-121.23065, 41.39055,-122.57538, 41.34772,-119.83255, 39.29054,-122.58834, 39.25076,-119.92909,LC08_L2SP_044032_20181124_20200830_02_T1,LC80440322018328LGN00
LC08_L2SP_045032_20181201_20200830_02_T1,LC08_L1TP_045032_20181201_20200830_02_T1,LC80450322018335LGN00,2018/12/01,T1,2, 045, 032, 045, 032,NADIR,   0.000,2020/08/30,2020/08/30,2018-12-01 18:51:06.720724,2018-12-01 18:51:38.490723,LGN,DAY,  54.62,  54.49,195,5,    8.495,    4.820,    6.995,LPGS_15.3.1c,25.75954564,162.25826757,FINAL,OLI_TIRS_L2SP,OLI_TIRS,8,UTM,10,WGS84,WGS84,40°19'58.26"N,122°46'14.81"W,41°22'58.22"N,124°09'14.83"W,41°22'38.06"N,121°22'50.88"W,39°15'41.65"N,124°07'06.74"W,39°15'22.93"N,121°25'50.52"W, 40.33285,-122.77078, 41.38284,-124.15412, 41.37724,-121.38080, 39.26157,-124.11854, 39.25637,-121.43070,LC08_L2SP_045032_20181201_20200830_02_T1,LC80450322018335LGN00
LC08_L2SP_045033_20181201_20200830_02_T1,LC08_L1TP_045033_20181201_20200830_02_T1,LC80450332018335LGN00,2018/12/01,T1,2, 045, 033, 045, 033,NADIR,   0.000,2020/08/30,2020/08/30,2018-12-01 18:51:30.611763,2018-12-01 18:52:02.381762,LGN,DAY,  36.76,  31.44,403,5,    7.799,    4.006,    6.692,LPGS_15.3.1c,27.03507994,161.69018068,FINAL,OLI_TIRS_L2SP,OLI_TIRS,8,UTM,10,WGS84,WGS84,38°54'15.12"N,123°13'06.49"W,39°57'12.74"N,124°34'58.01"W,39°57'31.61"N,121°51'51.59"W,37°49'36.16"N,124°32'10.54"W,37°49'53.65"N,121°53'51.79"W, 38.90420,-123.21847, 39.95354,-124.58278, 39.95878,-121.86433, 37.82671,-124.53626, 37.83157,-121.89772,LC08_L2SP_045033_20181201_20200830_02_T1,LC80450332018335LGN00
LC08_L2SP_044032_20181210_20200830_02_T1,LC08_L1TP_044032_20181210_20200830_02_T1,LC80440322018344LGN00,2018/12/10,T1,2, 044, 032, 044, 032,NADIR,   0.000,2020/08/30,2020/08/30,2018-12-10 18:44:53.870861,2018-12-10 18:45:25.640859,LGN,DAY,  58.73,  58.73,322,5,    8.380,    5.105,    6.646,LPGS_15.3.1c,24.49554316,161.62778416,FINAL,OLI_TIRS_L2SP,OLI_TIRS,8,UTM,10,WGS84,WGS84,40°19'57.25"N,121°13'00.73"W,41°23'25.76"N,122°33'39.67"W,41°20'50.35"N,119°49'05.63"W,39°17'25.76"N,122°34'27.95"W,39°15'01.40"N,119°54'54.72"W, 40.33257,-121.21687, 41.39049,-122.56102, 41.34732,-119.81823, 39.29049,-122.57443, 39.25039,-119.91520,LC08_L2SP_044032_20181210_20200830_02_T1,LC80440322018344LGN00
LC08_L2SP_044033_20181210_20200830_02_T1,LC08_L1TP_044033_20181210_20200830_02_T1,LC80440332018344LGN00,2018/12/10,T1,2, 044, 033, 044, 033,NADIR,   0.000,2020/08/30,2020/08/30,2018-12-10 18:45:17.753428,2018-12-10 18:45:49.523426,LGN,DAY,  56.08,  56.09,340,5,    8.084,    4.400,    6.781,LPGS_15.3.1c,25.76301920,161.07246102,FINAL,OLI_TIRS_L2SP,OLI_TIRS,8,UTM,10,WGS84,WGS84,38°54'15.80"N,121°39'51.62"W,39°57'32.18"N,122°59'17.84"W,39°55'39.18"N,120°18'09.68"W,37°51'10.62"N,122°59'19.07"W,37°49'25.75"N,120°22'52.03"W, 38.90439,-121.66434, 39.95894,-122.98829, 39.92755,-120.30269, 37.85295,-122.98863, 37.82382,-120.38112,LC08_L2SP_044033_20181210_20200830_02_T1,LC80440332018344LGN00
LC08_L2SP_045033_20181217_20200830_02_T1,LC08_L1TP_045033_20181217_20200830_02_T1,LC80450332018351LGN00,2018/12/17,T1,2, 045, 033, 045, 033,NADIR,   0.000,2020/08/30,2020/08/30,2018-12-17 18:51:28.122928,2018-12-17 18:51:59.892927,LGN,DAY,  50.54,  54.59,331,5,    8.872,    5.522,    6.944,LPGS_15.3.1c,25.14870112,160.38739974,FINAL,OLI_TIRS_L2SP,OLI_TIRS,8,UTM,10,WGS84,WGS84,38°54'14.94"N,123°12'27.04"W,39°57'03.53"N,124°34'19.85"W,39°57'21.53"N,121°51'13.82"W,37°49'36.62"N,124°31'33.71"W,37°49'53.29"N,121°53'14.96"W, 38.90415,-123.20751, 39.95098,-124.57218, 39.95598,-121.85384, 37.82684,-124.52603, 37.83147,-121.88749,LC08_L2SP_045033_20181217_20200830_02_T1,LC80450332018351LGN00
LC08_L2SP_044032_20181226_20200830_02_T1,LC08_L1TP_044032_20181226_20200830_02_T1,LC80440322018360LGN00,2018/12/26,T1,2, 044, 032, 044, 032,NADIR,   0.000,2020/08/30,2020/08/30,2018-12-26 18:44:53.721497,2018-12-26 18:45:25.491496,LGN,DAY,  26.11,  26.11,385,5,    9.062,    5.622,    7.108,LPGS_15.3.1c,23.62856663,159.85968807,FINAL,OLI_TIRS_L2SP,OLI_TIRS,8,UTM,10,WGS84,WGS84,40°19'57.86"N,121°13'07.46"W,41°23'25.84"N,122°33'52.60"W,41°20'50.71"N,119°49'18.52"W,39°17'25.84"N,122°34'40.48"W,39°15'01.73"N,119°55'07.21"W, 40.33274,-121.21874, 41.39051,-122.56461, 41.34742,-119.82181, 39.29051,-122.57791, 39.25048,-119.91867,LC08_L2SP_044032_20181226_20200830_02_T1,LC80440322018360LGN00
LC08_L2SP_044033_20181226_20200830_02_T1,LC08_L1TP_044033_20181226_20200830_02_T1,LC80440332018360LGN00,2018/12/26,T1,2, 044, 033, 044, 033,NADIR,   0.000,2020/08/30,2020/08/30,2018-12-26 18:45:17.6083,2018-12-26 18:45:49.378298,LGN,DAY,   5.99,   5.99,904,5,    8.765,    4.642,    7.435,LPGS_15.3.1c,24.87371731,159.30004499,FINAL,OLI_TIRS_L2SP,OLI_TIRS,8,UTM,10,WGS84,WGS84,38°54'15.70"N,121°39'58.32"W,39°57'32.18"N,122°59'30.48"W,39°55'39.18"N,120°18'09.68"W,37°51'10.62"N,122°59'31.34"W,37°49'25.75"N,120°22'52.03"W, 38.90436,-121.66620, 39.95894,-122.99180, 39.92755,-120.30269, 37.85295,-122.99204, 37.82382,-120.38112,LC08_L2SP_044033_20181226_20200830_02_T1,LC80440332018360LGN00
LC08_L2SP_045032_20190102_20200829_02_T1,LC08_L1TP_045032_20190102_20200829_02_T1,LC80450322019002LGN00,2019/01/02,T1,2, 045, 032, 045, 032,NADIR,   0.000,2020/08/29,2020/08/29,2019-01-02 18:51:04.120002,2019-01-02 18:51:35.890001,LGN,DAY,   0.61,   0.60,1002,5,    8.639,    4.955,    7.077,LPGS_15.3.1c,23.83859404,158.90331204,FINAL,OLI_TIRS_L2SP,OLI_TIRS,8,UTM,10,WGS84,WGS84,40°19'57.97"N,122°45'44.42"W,41°22'58.48"N,124°08'48.98"W,41°22'37.67"N,121°22'25.07"W,39°15'41.90"N,124°06'41.72"W,39°15'22.57"N,121°25'25.50"W, 40.33277,-122.76234, 41.38291,-124.14694, 41.37713,-121.37363, 39.26164,-124.11159, 39.25627,-121.42375,LC08_L2SP_045032_20190102_20200829_02_T1,LC80450322019002LGN00
LC08_L2SP_045033_20190102_20200830_02_T1,LC08_L1TP_045033_20190102_20200830_02_T1,LC80450332019002LGN00,2019/01/02,T1,2, 045, 033, 045, 033,NADIR,   0.000,2020/08/30,2020/08/30,2019-01-02 18:51:28.006805,2019-01-02 18:51:59.776804,LGN,DAY,   0.18,   0.36,843,5,    7.825,    4.390,    6.477,LPGS_15.3.1c,25.07095254,158.33097578,FINAL,OLI_TIRS_L2SP,OLI_TIRS,8,UTM,10,WGS84,WGS84,38°54'15.91"N,123°12'35.35"W,39°57'13.25"N,124°34'20.10"W,39°57'31.25"N,121°51'13.64"W,37°49'36.62"N,124°31'33.71"W,37°49'53.29"N,121°53'14.96"W, 38.90442,-123.20982, 39.95368,-124.57225, 39.95868,-121.85379, 37.82684,-124.52603, 37.83147,-121.88749,LC08_L2SP_045033_20190102_20200830_02_T1,LC80450332019002LGN00
LC08_L2SP_044032_20190127_20200829_02_T1,LC08_L1TP_044032_20190127_20200829_02_T1,LC80440322019027LGN00,2019/01/27,T1,2, 044, 032, 044, 032,NADIR,   0.000,2020/08/29,2020/08/29,2019-01-27 18:44:48.041722,2019-01-27 18:45:19.811721,LGN,DAY,   9.60,   9.60,473,5,    9.395,    5.672,    7.490,LPGS_15.3.1c,27.45681629,155.16095578,FINAL,OLI_TIRS_L2SP,OLI_TIRS,8,UTM,10,WGS84,WGS84,40°19'58.19"N,121°12'38.66"W,41°23'25.69"N,122°33'13.86"W,41°20'49.99"N,119°48'52.74"W,39°17'25.69"N,122°34'02.89"W,39°15'01.08"N,119°54'42.23"W, 40.33283,-121.21074, 41.39047,-122.55385, 41.34722,-119.81465, 39.29047,-122.56747, 39.25030,-119.91173,LC08_L2SP_044032_20190127_20200829_02_T1,LC80440322019027LGN00
LC08_L2SP_044033_20190127_20200830_02_T1,LC08_L1TP_044033_20190127_20200830_02_T1,LC80440332019027LGN00,2019/01/27,T1,2, 044, 033, 044, 033,NADIR,   0.000,2020/08/30,2020/08/30,2019-01-27 18:45:11.932761,2019-01-27 18:45:43.70276,LGN,DAY,   5.19,   5.21,966,5,    8.228,    4.787,    6.693,LPGS_15.3.1c,28.63589364,154.48612907,FINAL,OLI_TIRS_L2SP,OLI_TIRS,8,UTM,10,WGS84,WGS84,38°54'15.08"N,121°39'28.98"W,39°57'32.18"N,122°59'05.21"W,39°55'38.60"N,120°17'44.41"W,37°51'10.62"N,122°59'06.79"W,37°49'25.21"N,120°22'27.52"W, 38.90419,-121.65805, 39.95894,-122.98478, 39.92739,-120.29567, 37.85295,-122.98522, 37.82367,-120.37431,LC08_L2SP_044033_20190127_20200830_02_T1,LC80440332019027LGN00
LC08_L2SP_045033_20190203_20200829_02_T2,LC08_L1GT_045033_20190203_20200829_02_T2,LC80450332019034LGN00,2019/02/03,T2,2, 045, 033, 045, 033,NADIR,   0.000,2020/08/29,2020/08/29,2019-02-03 18:51:21.709837,2019-02-03 18:51:53.479836,LGN,DAY,  41.02,  32.19,-1,5,    0.000,    0.000,    0.000,LPGS_15.3.1c,30.36108459,153.40607791,FINAL,OLI_TIRS_L2SP,OLI_TIRS,8,UTM,10,WGS84,WGS84,38°54'15.19"N,123°12'11.74"W,39°57'13.61"N,124°33'54.79"W,39°57'31"N,121°50'48.37"W,37°49'36.95"N,124°31'09.19"W,37°49'53.08"N,121°52'50.41"W, 38.90422,-123.20326, 39.95378,-124.56522, 39.95861,-121.84677, 37.82693,-124.51922, 37.83141,-121.88067,LC08_L2SP_045033_20190203_20200829_02_T2,LC80450332019034LGN00
LC08_L2SP_045032_20190219_20200829_02_T1,LC08_L1TP_045032_20190219_20200829_02_T1,LC80450322019050LGN00,2019/02/19,T1,2, 045, 032, 045, 032,NADIR,   0.000,2020/08/29,2020/08/29,2019-02-19 18:50:55.452961,2019-02-19 18:51:27.222959,LGN,DAY,   3.10,   3.05,921,5,    8.208,    4.927,    6.564,LPGS_15.3.1c,34.10668341,151.90442700,FINAL,OLI_TIRS_L2SP,OLI_TIRS,8,UTM,10,WGS84,WGS84,40°19'58.30"N,122°45'49"W,41°22'58.48"N,124°08'48.98"W,41°22'37.67"N,121°22'25.07"W,39°15'41.90"N,124°06'41.72"W,39°15'22.57"N,121°25'25.50"W, 40.33286,-122.76361, 41.38291,-124.14694, 41.37713,-121.37363, 39.26164,-124.11159, 39.25627,-121.42375,LC08_L2SP_045032_20190219_20200829_02_T1,LC80450322019050LGN00
LC08_L2SP_045033_20190219_20200829_02_T1,LC08_L1TP_045033_20190219_20200829_02_T1,LC80450332019050LGN00,2019/02/19,T1,2, 045, 033, 045, 033,NADIR,   0.000,2020/08/29,2020/08/29,2019-02-19 18:51:19.344,2019-02-19 18:51:51.113999,LGN,DAY,   2.20,   3.87,944,5,    7.373,    4.154,    6.091,LPGS_15.3.1c,35.23425790,151.04801512,FINAL,OLI_TIRS_L2SP,OLI_TIRS,8,UTM,10,WGS84,WGS84,38°54'14.98"N,123°12'38.74"W,39°57'03.53"N,124°34'19.85"W,39°57'21.64"N,121°51'26.46"W,37°49'36.62"N,124°31'33.71"W,37°49'53.44"N,121°53'27.24"W, 38.90416,-123.21076, 39.95098,-124.57218, 39.95601,-121.85735, 37.82684,-124.52603, 37.83151,-121.89090,LC08_L2SP_045033_20190219_20200829_02_T1,LC80450332019050LGN00
LC08_L2SP_044032_20190228_20200829_02_T1,LC08_L1TP_044032_20190228_20200829_02_T1,LC80440322019059LGN00,2019/02/28,T1,2, 044, 032, 044, 032,NADIR,   0.000,2020/08/29,2020/08/29,2019-02-28 18:44:42.170018,2019-02-28 18:45:13.940016,LGN,DAY,  34.76,  34.76,246,5,    8.372,    5.514,    6.299,LPGS_15.3.1c,37.29955152,150.74277825,FINAL,OLI_TIRS_L2SP,OLI_TIRS,8,UTM,10,WGS84,WGS84,40°19'57.94"N,121°13'12.36"W,41°23'25.84"N,122°33'52.60"W,41°20'50.71"N,119°49'18.52"W,39°17'25.84"N,122°34'40.48"W,39°15'01.73"N,119°55'07.21"W, 40.33276,-121.22010, 41.39051,-122.56461, 41.34742,-119.82181, 39.29051,-122.57791, 39.25048,-119.91867,LC08_L2SP_044032_20190228_20200829_02_T1,LC80440322019059LGN00
LC08_L2SP_044032_20190316_20200829_02_T1,LC08_L1TP_044032_20190316_20200829_02_T1,LC80440322019075LGN00,2019/03/16,T1,2, 044, 032, 044, 032,NADIR,   0.000,2020/08/29,2020/08/29,2019-03-16 18:44:36.590205,2019-03-16 18:45:08.360204,LGN,DAY,   0.41,   0.41,538,5,    7.923,    4.861,    6.257,LPGS_15.3.1c,43.40874587,148.72609930,FINAL,OLI_TIRS_L2SP,OLI_TIRS,8,UTM,10,WGS84,WGS84,40°19'57.22"N,121°13'17.69"W,41°23'25.84"N,122°33'52.60"W,41°20'51.07"N,119°49'31.40"W,39°17'25.84"N,122°34'40.48"W,39°15'02.09"N,119°55'19.70"W, 40.33256,-121.22158, 41.39051,-122.56461, 41.34752,-119.82539, 39.29051,-122.57791, 39.25058,-119.92214,LC08_L2SP_044032_20190316_20200829_02_T1,LC80440322019075LGN00
LC08_L2SP_044033_20190316_20200829_02_T1,LC08_L1TP_044033_20190316_20200829_02_T1,LC80440332019075LGN00,2019/03/16,T1,2, 044, 033, 044, 033,NADIR,   0.000,2020/08/29,2020/08/29,2019-03-16 18:45:00.468536,2019-03-16 18:45:32.238535,LGN,DAY,   0.27,   0.27,1029,5,    6.859,    4.480,    5.193,LPGS_15.3.1c,44.48064276,147.55909049,FINAL,OLI_TIRS_L2SP,OLI_TIRS,8,UTM,10,WGS84,WGS84,38°54'16.49"N,121°40'05.95"W,39°57'32.18"N,122°59'43.15"W,39°55'39.47"N,120°18'22.32"W,37°51'20.38"N,122°59'43.62"W,37°49'35.76"N,120°23'03.95"W, 38.90458,-121.66832, 39.95894,-122.99532, 39.92763,-120.30620, 37.85566,-122.99545, 37.82660,-120.38443,LC08_L2SP_044033_20190316_20200829_02_T1,LC80440332019075LGN00
LC08_L2SP_045033_20190323_20200829_02_T1,LC08_L1TP_045033_20190323_20200829_02_T1,LC80450332019082LGN00,2019/03/23,T1,2, 045, 033, 045, 033,NADIR,   0.000,2020/08/29,2020/08/29,2019-03-23 18:51:10.234993,2019-03-23 18:51:42.004992,LGN,DAY,  30.12,  20.19,343,5,    7.205,    5.127,    5.061,LPGS_15.3.1c,47.20055556,146.53203667,FINAL,OLI_TIRS_L2SP,OLI_TIRS,8,UTM,10,WGS84,WGS84,38°54'14.94"N,123°13'21.18"W,39°57'12.56"N,124°35'10.64"W,39°57'31.75"N,121°52'04.22"W,37°49'35.98"N,124°32'22.78"W,37°49'53.76"N,121°54'04.03"W, 38.90415,-123.22255, 39.95349,-124.58629, 39.95882,-121.86784, 37.82666,-124.53966, 37.83160,-121.90112,LC08_L2SP_045033_20190323_20200829_02_T1,LC80450332019082LGN00
LC08_L2SP_044032_20190417_20200828_02_T1,LC08_L1TP_044032_20190417_20200828_02_T1,LC80440322019107LGN00,2019/04/17,T1,2, 044, 032, 044, 032,NADIR,   0.000,2020/08/28,2020/08/28,2019-04-17 18:44:27.802969,2019-04-17 18:44:59.572967,LGN,DAY,   1.01,   1.01,717,5,    6.975,    4.533,    5.301,LPGS_15.3.1c,55.39247499,143.77766511,FINAL,OLI_TIRS_L2SP,OLI_TIRS,8,UTM,10,WGS84,WGS84,40°19'57.94"N,121°14'52.33"W,41°23'26.20"N,122°35'35.95"W,41°20'53.56"N,119°51'01.62"W,39°17'26.16"N,122°36'20.66"W,39°15'04.39"N,119°56'47.22"W, 40.33276,-121.24787, 41.39061,-122.59332, 41.34821,-119.85045, 39.29060,-122.60574, 39.25122,-119.94645,LC08_L2SP_044032_20190417_20200828_02_T1,LC80440322019107LGN00
LC08_L2SP_044033_20190417_20200829_02_T1,LC08_L1TP_044033_20190417_20200829_02_T1,LC80440332019107LGN00,2019/04/17,T1,2, 044, 033, 044, 033,NADIR,   0.000,2020/08/29,2020/08/29,2019-04-17 18:44:51.685536,2019-04-17 18:45:23.455534,LGN,DAY,   0.45,   0.45,1060,5,    6.342,    4.250,    4.707,LPGS_15.3.1c,56.37008324,141.96890218,FINAL,OLI_TIRS_L2SP,OLI_TIRS,8,UTM,10,WGS84,WGS84,38°54'16.13"N,121°41'40.34"W,39°57'32.18"N,123°01'11.64"W,39°55'41.52"N,120°19'50.66"W,37°51'10.62"N,123°01'09.55"W,37°49'27.95"N,120°24'30.10"W, 38.90448,-121.69454, 39.95894,-123.01990, 39.92820,-120.33074, 37.85295,-123.01932, 37.82443,-120.40836,LC08_L2SP_044033_20190417_20200829_02_T1,LC80440332019107LGN00
LC08_L2SP_045032_20190424_20200829_02_T1,LC08_L1TP_045032_20190424_20200829_02_T1,LC80450322019114LGN00,2019/04/24,T1,2, 045, 032, 045, 032,NADIR,   0.000,2020/08/29,2020/08/29,2019-04-24 18:50:35.303302,2019-04-24 18:51:07.073301,LGN,DAY,   1.02,   1.00,1207,5,    4.951,    3.279,    3.710,LPGS_15.3.1c,57.65396969,142.29255546,FINAL,OLI_TIRS_L2SP,OLI_TIRS,8,UTM,10,WGS84,WGS84,40°19'57.36"N,122°47'45.64"W,41°22'57.32"N,124°10'45.23"W,41°22'39.32"N,121°24'21.28"W,39°15'40.79"N,124°08'34.37"W,39°15'24.08"N,121°27'18.11"W, 40.33260,-122.79601, 41.38259,-124.17923, 41.37759,-121.40591, 39.26133,-124.14288, 39.25669,-121.45503,LC08_L2SP_045032_20190424_20200829_02_T1,LC80450322019114LGN00
LC08_L2SP_045033_20190424_20200828_02_T1,LC08_L1TP_045033_20190424_20200828_02_T1,LC80450332019114LGN00,2019/04/24,T1,2, 045, 033, 045, 033,NADIR,   0.000,2020/08/28,2020/08/28,2019-04-24 18:50:59.185869,2019-04-24 18:51:30.955868,LGN,DAY,   0.18,   0.11,932,5,    4.635,    3.258,    3.296,LPGS_15.3.1c,58.60168032,140.29899764,FINAL,OLI_TIRS_L2SP,OLI_TIRS,8,UTM,10,WGS84,WGS84,38°54'15.52"N,123°14'33.22"W,39°57'11.52"N,124°36'26.46"W,39°57'32.47"N,121°53'20.08"W,37°49'35"N,124°33'36.40"W,37°49'54.44"N,121°55'17.69"W, 38.90431,-123.24256, 39.95320,-124.60735, 39.95902,-121.88891, 37.82639,-124.56011, 37.83179,-121.92158,LC08_L2SP_045033_20190424_20200828_02_T1,LC80450332019114LGN00
LC08_L2SP_044032_20190503_20200828_02_T1,LC08_L1TP_044032_20190503_20200828_02_T1,LC80440322019123LGN00,2019/05/03,T1,2, 044, 032, 044, 032,NADIR,   0.000,2020/08/28,2020/08/28,2019-05-03 18:44:27.485977,2019-05-03 18:44:59.255975,LGN,DAY,   3.17,   3.17,834,5,    6.153,    4.189,    4.506,LPGS_15.3.1c,60.26395114,140.20919601,FINAL,OLI_TIRS_L2SP,OLI_TIRS,8,UTM,10,WGS84,WGS84,40°19'57.47"N,121°12'53.96"W,41°23'25.76"N,122°33'39.67"W,41°20'50.35"N,119°49'05.63"W,39°17'25.76"N,122°34'27.95"W,39°15'01.40"N,119°54'54.72"W, 40.33263,-121.21499, 41.39049,-122.56102, 41.34732,-119.81823, 39.29049,-122.57443, 39.25039,-119.91520,LC08_L2SP_044032_20190503_20200828_02_T1,LC80440322019123LGN00
LC08_L2SP_044033_20190503_20200828_02_T1,LC08_L1TP_044033_20190503_20200828_02_T1,LC80440332019123LGN00,2019/05/03,T1,2, 044, 033, 044, 033,NADIR,   0.000,2020/08/28,2020/08/28,2019-05-03 18:44:51.37278,2019-05-03 18:45:23.142778,LGN,DAY,   4.82,   4.82,1170,5,    5.667,    4.107,    3.905,LPGS_15.3.1c,61.16760140,137.95650253,FINAL,OLI_TIRS_L2SP,OLI_TIRS,8,UTM,10,WGS84,WGS84,38°54'15.70"N,121°39'47.41"W,39°57'32.18"N,122°59'17.84"W,39°55'38.89"N,120°17'57.05"W,37°51'10.62"N,122°59'19.07"W,37°49'25.50"N,120°22'39.76"W, 38.90436,-121.66317, 39.95894,-122.98829, 39.92747,-120.29918, 37.85295,-122.98863, 37.82375,-120.37771,LC08_L2SP_044033_20190503_20200828_02_T1,LC80440332019123LGN00
LC08_L2SP_045032_20190510_20200828_02_T1,LC08_L1TP_045032_20190510_20200828_02_T1,LC80450322019130LGN00,2019/05/10,T1,2, 045, 032, 045, 032,NADIR,   0.000,2020/08/28,2020/08/28,2019-05-10 18:50:43.246709,2019-05-10 18:51:15.016707,LGN,DAY,   0.86,   2.49,1258,5,    4.718,    3.218,    3.450,LPGS_15.3.1c,61.98681721,138.34179232,FINAL,OLI_TIRS_L2SP,OLI_TIRS,8,UTM,10,WGS84,WGS84,40°19'57.32"N,122°46'02.32"W,41°23'08.09"N,124°09'02.09"W,41°22'47.60"N,121°22'37.74"W,39°15'41.76"N,124°06'54.22"W,39°15'22.75"N,121°25'38.03"W, 40.33259,-122.76731, 41.38558,-124.15058, 41.37989,-121.37715, 39.26160,-124.11506, 39.25632,-121.42723,LC08_L2SP_045032_20190510_20200828_02_T1,LC80450322019130LGN00
LC08_L2SP_045033_20190510_20200829_02_T1,LC08_L1TP_045033_20190510_20200829_02_T1,LC80450332019130LGN00,2019/05/10,T1,2, 045, 033, 045, 033,NADIR,   0.000,2020/08/29,2020/08/29,2019-05-10 18:51:07.133512,2019-05-10 18:51:38.903511,LGN,DAY,   4.37,  39.06,935,5,    4.699,    3.306,    3.340,LPGS_15.3.1c,62.85083335,135.88154315,FINAL,OLI_TIRS_L2SP,OLI_TIRS,8,UTM,10,WGS84,WGS84,38°54'15.48"N,123°12'55.55"W,39°57'12.92"N,124°34'45.37"W,39°57'31.50"N,121°51'38.95"W,37°49'36.30"N,124°31'58.26"W,37°49'53.54"N,121°53'39.52"W, 38.90430,-123.21543, 39.95359,-124.57927, 39.95875,-121.86082, 37.82675,-124.53285, 37.83154,-121.89431,LC08_L2SP_045033_20190510_20200829_02_T1,LC80450332019130LGN00
LC08_L2SP_044032_20190519_20200828_02_T1,LC08_L1TP_044032_20190519_20200828_02_T1,LC80440322019139LGN01,2019/05/19,T1,2, 044, 032, 044, 032,NADIR,   0.000,2020/08/28,2020/08/28,2019-05-19 18:44:38.112234,2019-05-19 18:45:09.882232,LGN,DAY,  53.64,  53.64,189,5,    7.106,    5.117,    4.931,LPGS_15.3.1c,63.77023399,135.78005553,FINAL,OLI_TIRS_L2SP,OLI_TIRS,8,UTM,10,WGS84,WGS84,40°19'57.18"N,121°13'39.79"W,41°23'25.91"N,122°34'18.44"W,41°20'51.43"N,119°49'44.29"W,39°17'16.19"N,122°35'05.57"W,39°14'52.69"N,119°55'32.63"W, 40.33255,-121.22772, 41.39053,-122.57179, 41.34762,-119.82897, 39.28783,-122.58488, 39.24797,-119.92573,LC08_L2SP_044032_20190519_20200828_02_T1,LC80440322019139LGN01
LC08_L2SP_044032_20190604_20200828_02_T1,LC08_L1TP_044032_20190604_20200828_02_T1,LC80440322019155LGN00,2019/06/04,T1,2, 044, 032, 044, 032,NADIR,   0.000,2020/08/28,2020/08/28,2019-06-04 18:44:46.388329,2019-06-04 18:45:18.158327,LGN,DAY,   2.95,   2.95,945,5,    5.428,    4.029,    3.638,LPGS_15.3.1c,65.65576635,131.35818373,FINAL,OLI_TIRS_L2SP,OLI_TIRS,8,UTM,10,WGS84,WGS84,40°19'57.79"N,121°13'56.46"W,41°23'26.02"N,122°34'44.26"W,41°20'51.79"N,119°49'57.18"W,39°17'26.02"N,122°35'30.55"W,39°15'02.74"N,119°55'44.72"W, 40.33272,-121.23235, 41.39056,-122.57896, 41.34772,-119.83255, 39.29056,-122.59182, 39.25076,-119.92909,LC08_L2SP_044032_20190604_20200828_02_T1,LC80440322019155LGN00
LC08_L2SP_044033_20190604_20200828_02_T1,LC08_L1TP_044033_20190604_20200828_02_T1,LC80440332019155LGN00,2019/06/04,T1,2, 044, 033, 044, 033,NADIR,   0.000,2020/08/28,2020/08/28,2019-06-04 18:45:10.275132,2019-06-04 18:45:42.045131,LGN,DAY,   0.47,   0.47,1316,5,    4.770,    3.490,    3.251,LPGS_15.3.1c,66.36448576,128.28395327,FINAL,OLI_TIRS_L2SP,OLI_TIRS,8,UTM,10,WGS84,WGS84,38°54'16.13"N,121°40'49.44"W,39°57'32.18"N,123°00'21.06"W,39°55'40.37"N,120°19'00.19"W,37°51'10.62"N,123°00'20.45"W,37°49'26.87"N,120°23'41.06"W, 38.90448,-121.68040, 39.95894,-123.00585, 39.92788,-120.31672, 37.85295,-123.00568, 37.82413,-120.39474,LC08_L2SP_044033_20190604_20200828_02_T1,LC80440332019155LGN00
LC08_L2SP_045032_20190611_20200828_02_T1,LC08_L1TP_045032_20190611_20200828_02_T1,LC80450322019162LGN00,2019/06/11,T1,2, 045, 032, 045, 032,NADIR,   0.000,2020/08/28,2020/08/28,2019-06-11 18:51:00.08756,2019-06-11 18:51:31.857559,LGN,DAY,   4.44,   4.70,1300,5,    4.276,    3.136,    2.906,LPGS_15.3.1c,65.96840500,129.81912431,FINAL,OLI_TIRS_L2SP,OLI_TIRS,8,UTM,10,WGS84,WGS84,40°19'58.80"N,122°46'33.71"W,41°23'07.69"N,124°09'40.82"W,41°22'47.96"N,121°23'03.55"W,39°15'41.40"N,124°07'31.76"W,39°15'23.08"N,121°26'03.05"W, 40.33300,-122.77603, 41.38547,-124.16134, 41.37999,-121.38432, 39.26150,-124.12549, 39.25641,-121.43418,LC08_L2SP_045032_20190611_20200828_02_T1,LC80450322019162LGN00
LC08_L2SP_045033_20190611_20200828_02_T1,LC08_L1TP_045033_20190611_20200828_02_T1,LC80450332019162LGN00,2019/06/11,T1,2, 045, 033, 045, 033,NADIR,   0.000,2020/08/28,2020/08/28,2019-06-11 18:51:23.978599,2019-06-11 18:51:55.748598,LGN,DAY,   0.38,   0.74,1026,5,    4.188,    3.046,    2.874,LPGS_15.3.1c,66.64197035,126.66088431,FINAL,OLI_TIRS_L2SP,OLI_TIRS,8,UTM,10,WGS84,WGS84,38°54'16.16"N,123°13'26.90"W,39°57'12.38"N,124°35'23.28"W,39°57'31.75"N,121°52'04.22"W,37°49'35.83"N,124°32'35.05"W,37°49'53.76"N,121°54'04.03"W, 38.90449,-123.22414, 39.95344,-124.58980, 39.95882,-121.86784, 37.82662,-124.54307, 37.83160,-121.90112,LC08_L2SP_045033_20190611_20200828_02_T1,LC80450332019162LGN00
LC08_L2SP_044032_20190620_20200827_02_T1,LC08_L1TP_044032_20190620_20200827_02_T1,LC80440322019171LGN00,2019/06/20,T1,2, 044, 032, 044, 032,NADIR,   0.000,2020/08/27,2020/08/27,2019-06-20 18:44:52.429463,2019-06-20 18:45:24.199461,LGN,DAY,   1.57,   1.57,966,5,    5.145,    3.698,    3.576,LPGS_15.3.1c,65.95006451,128.49772104,FINAL,OLI_TIRS_L2SP,OLI_TIRS,8,UTM,10,WGS84,WGS84,40°19'58.76"N,121°13'42.85"W,41°23'25.98"N,122°34'31.37"W,41°20'51.79"N,119°49'57.18"W,39°17'25.94"N,122°35'18.02"W,39°15'02.74"N,119°55'44.72"W, 40.33299,-121.22857, 41.39055,-122.57538, 41.34772,-119.83255, 39.29054,-122.58834, 39.25076,-119.92909,LC08_L2SP_044032_20190620_20200827_02_T1,LC80440322019171LGN00
LC08_L2SP_044033_20190620_20200827_02_T1,LC08_L1TP_044033_20190620_20200827_02_T1,LC80440332019171LGN00,2019/06/20,T1,2, 044, 033, 044, 033,NADIR,   0.000,2020/08/27,2020/08/27,2019-06-20 18:45:16.324738,2019-06-20 18:45:48.094737,LGN,DAY,   0.64,   0.64,1340,5,    4.672,    3.273,    3.334,LPGS_15.3.1c,66.59350366,125.30862960,FINAL,OLI_TIRS_L2SP,OLI_TIRS,8,UTM,10,WGS84,WGS84,38°54'15.19"N,121°40'36.34"W,39°57'32.18"N,123°00'08.42"W,39°55'40.08"N,120°18'47.56"W,37°51'10.62"N,123°00'08.17"W,37°49'26.58"N,120°23'28.79"W, 38.90422,-121.67676, 39.95894,-123.00234, 39.92780,-120.31321, 37.85295,-123.00227, 37.82405,-120.39133,LC08_L2SP_044033_20190620_20200827_02_T1,LC80440332019171LGN00
LC08_L2SP_045032_20190627_20200827_02_T1,LC08_L1TP_045032_20190627_20200827_02_T1,LC80450322019178LGN00,2019/06/27,T1,2, 045, 032, 045, 032,NADIR,   0.000,2020/08/27,2020/08/27,2019-06-27 18:51:05.243465,2019-06-27 18:51:37.013464,LGN,DAY,  12.12,  12.90,1003,5,    4.846,    3.551,    3.297,LPGS_15.3.1c,65.63821461,128.08396539,FINAL,OLI_TIRS_L2SP,OLI_TIRS,8,UTM,10,WGS84,WGS84,40°19'57.72"N,122°46'09.91"W,41°23'07.94"N,124°09'14.98"W,41°22'47.78"N,121°22'50.63"W,39°15'41.65"N,124°07'06.74"W,39°15'22.93"N,121°25'50.52"W, 40.33270,-122.76942, 41.38554,-124.15416, 41.37994,-121.38073, 39.26157,-124.11854, 39.25637,-121.43070,LC08_L2SP_045032_20190627_20200827_02_T1,LC80450322019178LGN00
LC08_L2SP_045033_20190627_20200827_02_T1,LC08_L1TP_045033_20190627_20200827_02_T1,LC80450332019178LGN00,2019/06/27,T1,2, 045, 033, 045, 033,NADIR,   0.000,2020/08/27,2020/08/27,2019-06-27 18:51:29.134504,2019-06-27 18:52:00.904503,LGN,DAY,  14.72,  26.37,914,5,    4.406,    3.151,    3.079,LPGS_15.3.1c,66.27249011,124.92939826,FINAL,OLI_TIRS_L2SP,OLI_TIRS,8,UTM,10,WGS84,WGS84,38°54'14.94"N,123°13'03.14"W,39°57'12.74"N,124°34'58.01"W,39°57'31.50"N,121°51'38.95"W,37°49'36.16"N,124°32'10.54"W,37°49'53.54"N,121°53'39.52"W, 38.90415,-123.21754, 39.95354,-124.58278, 39.95875,-121.86082, 37.82671,-124.53626, 37.83154,-121.89431,LC08_L2SP_045033_20190627_20200827_02_T1,LC80450332019178LGN00
LC08_L2SP_044032_20190706_20200827_02_T1,LC08_L1TP_044032_20190706_20200827_02_T1,LC80440322019187LGN00,2019/07/06,T1,2, 044, 032, 044, 032,NADIR,   0.000,2020/08/27,2020/08/27,2019-07-06 18:44:56.471596,2019-07-06 18:45:28.241594,LGN,DAY,   4.48,   4.48,998,5,    4.666,    3.342,    3.256,LPGS_15.3.1c,64.89655408,128.40557005,FINAL,OLI_TIRS_L2SP,OLI_TIRS,8,UTM,10,WGS84,WGS84,40°19'57.32"N,121°13'05.20"W,41°23'25.76"N,122°33'39.67"W,41°20'50.71"N,119°49'18.52"W,39°17'25.76"N,122°34'27.95"W,39°15'01.73"N,119°55'07.21"W, 40.33259,-121.21811, 41.39049,-122.56102, 41.34742,-119.82181, 39.29049,-122.57443, 39.25048,-119.91867,LC08_L2SP_044032_20190706_20200827_02_T1,LC80440322019187LGN00
LC08_L2SP_044033_20190706_20200827_02_T1,LC08_L1TP_044033_20190706_20200827_02_T1,LC80440332019187LGN00,2019/07/06,T1,2, 044, 033, 044, 033,NADIR,   0.000,2020/08/27,2020/08/27,2019-07-06 18:45:20.358399,2019-07-06 18:45:52.128398,LGN,DAY,   0.23,   0.23,1390,5,    3.954,    2.725,    2.865,LPGS_15.3.1c,65.53934095,125.35921484,FINAL,OLI_TIRS_L2SP,OLI_TIRS,8,UTM,10,WGS84,WGS84,38°54'15.16"N,121°39'57.96"W,39°57'32.18"N,122°59'30.48"W,39°55'39.18"N,120°18'09.68"W,37°51'10.62"N,122°59'31.34"W,37°49'25.75"N,120°22'52.03"W, 38.90421,-121.66610, 39.95894,-122.99180, 39.92755,-120.30269, 37.85295,-122.99204, 37.82382,-120.38112,LC08_L2SP_044033_20190706_20200827_02_T1,LC80440332019187LGN00
LC08_L2SP_045032_20190713_20200827_02_T1,LC08_L1TP_045032_20190713_20200827_02_T1,LC80450322019194LGN00,2019/07/13,T1,2, 045, 032, 045, 032,NADIR,   0.000,2020/08/27,2020/08/27,2019-07-13 18:51:08.387889,2019-07-13 18:51:40.157888,LGN,DAY,   0.23,   0.25,1319,5,    3.588,    2.548,    2.525,LPGS_15.3.1c,64.08514128,129.31854836,FINAL,OLI_TIRS_L2SP,OLI_TIRS,8,UTM,10,WGS84,WGS84,40°19'57.68"N,122°45'19.30"W,41°23'08.48"N,124°08'23.32"W,41°22'47.03"N,121°21'59"W,39°15'42.12"N,124°06'16.67"W,39°15'22.25"N,121°25'00.48"W, 40.33269,-122.75536, 41.38569,-124.13981, 41.37973,-121.36639, 39.26170,-124.10463, 39.25618,-121.41680,LC08_L2SP_045032_20190713_20200827_02_T1,LC80450322019194LGN00
LC08_L2SP_045033_20190713_20200827_02_T1,LC08_L1TP_045033_20190713_20200827_02_T1,LC80450332019194LGN00,2019/07/13,T1,2, 045, 033, 045, 033,NADIR,   0.000,2020/08/27,2020/08/27,2019-07-13 18:51:32.278928,2019-07-13 18:52:04.048927,LGN,DAY,   1.38,  33.47,1022,5,    3.366,    2.305,    2.453,LPGS_15.3.1c,64.75002531,126.39549593,FINAL,OLI_TIRS_L2SP,OLI_TIRS,8,UTM,10,WGS84,WGS84,38°54'14.76"N,123°12'12.67"W,39°57'13.61"N,124°33'54.79"W,39°57'31"N,121°50'48.37"W,37°49'36.95"N,124°31'09.19"W,37°49'53.08"N,121°52'50.41"W, 38.90410,-123.20352, 39.95378,-124.56522, 39.95861,-121.84677, 37.82693,-124.51922, 37.83141,-121.88067,LC08_L2SP_045033_20190713_20200827_02_T1,LC80450332019194LGN00
LC08_L2SP_044032_20190722_20200827_02_T1,LC08_L1TP_044032_20190722_20200827_02_T1,LC80440322019203LGN00,2019/07/22,T1,2, 044, 032, 044, 032,NADIR,   0.000,2020/08/27,2020/08/27,2019-07-22 18:45:00.115815,2019-07-22 18:45:31.885814,LGN,DAY,   0.06,   0.06,1043,5,    4.775,    3.289,    3.462,LPGS_15.3.1c,62.76833688,131.24244769,FINAL,OLI_TIRS_L2SP,OLI_TIRS,8,UTM,10,WGS84,WGS84,40°19'58.08"N,121°12'27.07"W,41°23'25.62"N,122°33'00.94"W,41°20'49.63"N,119°48'39.85"W,39°17'25.62"N,122°33'50.36"W,39°15'00.76"N,119°54'29.74"W, 40.33280,-121.20752, 41.39045,-122.55026, 41.34712,-119.81107, 39.29045,-122.56399, 39.25021,-119.90826,LC08_L2SP_044032_20190722_20200827_02_T1,LC80440322019203LGN00
LC08_L2SP_044033_20190722_20200827_02_T1,LC08_L1TP_044033_20190722_20200827_02_T1,LC80440332019203LGN00,2019/07/22,T1,2, 044, 033, 044, 033,NADIR,   0.000,2020/08/27,2020/08/27,2019-07-22 18:45:24.006854,2019-07-22 18:45:55.776853,LGN,DAY,   0.06,   0.06,1383,5,    4.246,    2.883,    3.117,LPGS_15.3.1c,63.47845225,128.51707958,FINAL,OLI_TIRS_L2SP,OLI_TIRS,8,UTM,10,WGS84,WGS84,38°54'15.23"N,121°39'20.16"W,39°57'32.18"N,122°58'52.57"W,39°55'38.32"N,120°17'31.81"W,37°51'10.62"N,122°58'54.52"W,37°49'24.96"N,120°22'15.24"W, 38.90423,-121.65560, 39.95894,-122.98127, 39.92731,-120.29217, 37.85295,-122.98181, 37.82360,-120.37090,LC08_L2SP_044033_20190722_20200827_02_T1,LC80440332019203LGN00
LC08_L2SP_045032_20190729_20200827_02_T1,LC08_L1TP_045032_20190729_20200827_02_T1,LC80450322019210LGN00,2019/07/29,T1,2, 045, 032, 045, 032,NADIR,   0.000,2020/08/27,2020/08/27,2019-07-29 18:51:14.060604,2019-07-29 18:51:45.830603,LGN,DAY,   0.38,   0.38,1327,5,    3.750,    2.606,    2.696,LPGS_15.3.1c,61.54112495,133.22455119,FINAL,OLI_TIRS_L2SP,OLI_TIRS,8,UTM,10,WGS84,WGS84,40°19'57.32"N,122°45'16.24"W,41°22'58.73"N,124°08'23.17"W,41°22'37.31"N,121°21'59.26"W,39°15'42.12"N,124°06'16.67"W,39°15'22.25"N,121°25'00.48"W, 40.33259,-122.75451, 41.38298,-124.13977, 41.37703,-121.36646, 39.26170,-124.10463, 39.25618,-121.41680,LC08_L2SP_045032_20190729_20200827_02_T1,LC80450322019210LGN00
LC08_L2SP_045033_20190729_20200827_02_T1,LC08_L1TP_045033_20190729_20200827_02_T1,LC80450332019210LGN00,2019/07/29,T1,2, 045, 033, 045, 033,NADIR,   0.000,2020/08/27,2020/08/27,2019-07-29 18:51:37.943172,2019-07-29 18:52:09.71317,LGN,DAY,   1.55,   4.60,1011,5,    3.423,    2.302,    2.534,LPGS_15.3.1c,62.29629718,130.67501106,FINAL,OLI_TIRS_L2SP,OLI_TIRS,8,UTM,10,WGS84,WGS84,38°54'16.20"N,123°12'08.86"W,39°57'13.61"N,124°33'54.79"W,39°57'31"N,121°50'48.37"W,37°49'36.95"N,124°31'09.19"W,37°49'53.08"N,121°52'50.41"W, 38.90450,-123.20246, 39.95378,-124.56522, 39.95861,-121.84677, 37.82693,-124.51922, 37.83141,-121.88067,LC08_L2SP_045033_20190729_20200827_02_T1,LC80450332019210LGN00
LC08_L2SP_044032_20190807_20200827_02_T1,LC08_L1TP_044032_20190807_20200827_02_T1,LC80440322019219LGN00,2019/08/07,T1,2, 044, 032, 044, 032,NADIR,   0.000,2020/08/27,2020/08/27,2019-08-07 18:45:06.71576,2019-08-07 18:45:38.485759,LGN,DAY,   3.14,   3.14,988,5,    4.737,    3.312,    3.386,LPGS_15.3.1c,59.71686776,136.23236950,FINAL,OLI_TIRS_L2SP,OLI_TIRS,8,UTM,10,WGS84,WGS84,40°19'58.48"N,121°12'42.66"W,41°23'35.45"N,122°33'26.71"W,41°20'59.71"N,119°48'52.24"W,39°17'25.73"N,122°34'15.42"W,39°15'01.08"N,119°54'42.23"W, 40.33291,-121.21185, 41.39318,-122.55742, 41.34992,-119.81451, 39.29048,-122.57095, 39.25030,-119.91173,LC08_L2SP_044032_20190807_20200827_02_T1,LC80440322019219LGN00
LC08_L2SP_044033_20190807_20200827_02_T1,LC08_L1TP_044033_20190807_20200827_02_T1,LC80440332019219LGN00,2019/08/07,T1,2, 044, 033, 044, 033,NADIR,   0.000,2020/08/27,2020/08/27,2019-08-07 18:45:30.606799,2019-08-07 18:46:02.376798,LGN,DAY,   0.74,   0.74,1407,5,    4.049,    2.794,    2.931,LPGS_15.3.1c,60.53899956,133.92269116,FINAL,OLI_TIRS_L2SP,OLI_TIRS,8,UTM,10,WGS84,WGS84,38°54'15.48"N,121°39'35.42"W,39°57'32.18"N,122°59'05.21"W,39°55'38.60"N,120°17'44.41"W,37°51'10.62"N,122°59'06.79"W,37°49'25.21"N,120°22'27.52"W, 38.90430,-121.65984, 39.95894,-122.98478, 39.92739,-120.29567, 37.85295,-122.98522, 37.82367,-120.37431,LC08_L2SP_044033_20190807_20200827_02_T1,LC80440332019219LGN00
LC08_L2SP_045032_20190814_20200827_02_T1,LC08_L1TP_045032_20190814_20200827_02_T1,LC80450322019226LGN00,2019/08/14,T1,2, 045, 032, 045, 032,NADIR,   0.000,2020/08/27,2020/08/27,2019-08-14 18:51:19.809237,2019-08-14 18:51:51.579235,LGN,DAY,   0.06,   0.06,1338,5,    3.813,    2.520,    2.861,LPGS_15.3.1c,58.11520315,138.82456127,FINAL,OLI_TIRS_L2SP,OLI_TIRS,8,UTM,10,WGS84,WGS84,40°19'58.04"N,122°45'23.44"W,41°23'08.48"N,124°08'23.32"W,41°22'47.03"N,121°21'59"W,39°15'42.12"N,124°06'16.67"W,39°15'22.25"N,121°25'00.48"W, 40.33279,-122.75651, 41.38569,-124.13981, 41.37973,-121.36639, 39.26170,-124.10463, 39.25618,-121.41680,LC08_L2SP_045032_20190814_20200827_02_T1,LC80450322019226LGN00
LC08_L2SP_045033_20190814_20200827_02_T1,LC08_L1TP_045033_20190814_20200827_02_T1,LC80450332019226LGN00,2019/08/14,T1,2, 045, 033, 045, 033,NADIR,   0.000,2020/08/27,2020/08/27,2019-08-14 18:51:43.69604,2019-08-14 18:52:15.466039,LGN,DAY,   0.02,   0.18,1060,5,    3.185,    2.198,    2.305,LPGS_15.3.1c,58.99245878,136.70724561,FINAL,OLI_TIRS_L2SP,OLI_TIRS,8,UTM,10,WGS84,WGS84,38°54'16.02"N,123°12'15.98"W,39°57'13.43"N,124°34'07.43"W,39°57'31.10"N,121°51'01.01"W,37°49'36.80"N,124°31'21.47"W,37°49'53.18"N,121°53'02.69"W, 38.90445,-123.20444, 39.95373,-124.56873, 39.95864,-121.85028, 37.82689,-124.52263, 37.83144,-121.88408,LC08_L2SP_045033_20190814_20200827_02_T1,LC80450332019226LGN00
LC08_L2SP_044032_20190823_20200826_02_T1,LC08_L1TP_044032_20190823_20200826_02_T1,LC80440322019235LGN00,2019/08/23,T1,2, 044, 032, 044, 032,NADIR,   0.000,2020/08/26,2020/08/26,2019-08-23 18:45:11.346291,2019-08-23 18:45:43.11629,LGN,DAY,   0.01,   0.01,1055,5,    5.135,    3.139,    4.064,LPGS_15.3.1c,55.83096691,142.30461901,FINAL,OLI_TIRS_L2SP,OLI_TIRS,8,UTM,10,WGS84,WGS84,40°19'57.94"N,121°12'41.15"W,41°23'25.73"N,122°33'26.75"W,41°20'49.99"N,119°48'52.74"W,39°17'25.73"N,122°34'15.42"W,39°15'01.08"N,119°54'42.23"W, 40.33276,-121.21143, 41.39048,-122.55743, 41.34722,-119.81465, 39.29048,-122.57095, 39.25030,-119.91173,LC08_L2SP_044032_20190823_20200826_02_T1,LC80440322019235LGN00
LC08_L2SP_044033_20190823_20200826_02_T1,LC08_L1TP_044033_20190823_20200826_02_T1,LC80440332019235LGN00,2019/08/23,T1,2, 044, 033, 044, 033,NADIR,   0.000,2020/08/26,2020/08/26,2019-08-23 18:45:35.233095,2019-08-23 18:46:07.003093,LGN,DAY,   0.01,   0.01,1416,5,    4.382,    2.877,    3.305,LPGS_15.3.1c,56.77928314,140.43061062,FINAL,OLI_TIRS_L2SP,OLI_TIRS,8,UTM,10,WGS84,WGS84,38°54'15.91"N,121°39'33.52"W,39°57'32.18"N,122°59'05.21"W,39°55'38.60"N,120°17'44.41"W,37°51'10.62"N,122°59'06.79"W,37°49'25.21"N,120°22'27.52"W, 38.90442,-121.65931, 39.95894,-122.98478, 39.92739,-120.29567, 37.85295,-122.98522, 37.82367,-120.37431,LC08_L2SP_044033_20190823_20200826_02_T1,LC80440332019235LGN00
LC08_L2SP_045032_20190830_20200826_02_T1,LC08_L1TP_045032_20190830_20200826_02_T1,LC80450322019242LGN00,2019/08/30,T1,2, 045, 032, 045, 032,NADIR,   0.000,2020/08/26,2020/08/26,2019-08-30 18:51:23.605644,2019-08-30 18:51:55.375642,LGN,DAY,   0.08,   0.26,1341,5,    4.093,    2.657,    3.113,LPGS_15.3.1c,53.88473416,145.02998506,FINAL,OLI_TIRS_L2SP,OLI_TIRS,8,UTM,10,WGS84,WGS84,40°19'58.76"N,122°45'14.40"W,41°23'08.48"N,124°08'23.32"W,41°22'46.85"N,121°21'46.08"W,39°15'42.12"N,124°06'16.67"W,39°15'22.07"N,121°24'47.95"W, 40.33299,-122.75400, 41.38569,-124.13981, 41.37968,-121.36280, 39.26170,-124.10463, 39.25613,-121.41332,LC08_L2SP_045032_20190830_20200826_02_T1,LC80450322019242LGN00
LC08_L2SP_045033_20190830_20200826_02_T1,LC08_L1TP_045033_20190830_20200826_02_T1,LC80450332019242LGN00,2019/08/30,T1,2, 045, 033, 045, 033,NADIR,   0.000,2020/08/26,2020/08/26,2019-08-30 18:51:47.496683,2019-08-30 18:52:19.266681,LGN,DAY,   1.25,   9.12,1046,5,    3.289,    2.303,    2.349,LPGS_15.3.1c,54.88613372,143.33678658,FINAL,OLI_TIRS_L2SP,OLI_TIRS,8,UTM,10,WGS84,WGS84,38°54'15.98"N,123°12'07.13"W,39°57'13.61"N,124°33'54.79"W,39°57'31"N,121°50'48.37"W,37°49'36.95"N,124°31'09.19"W,37°49'53.08"N,121°52'50.41"W, 38.90444,-123.20198, 39.95378,-124.56522, 39.95861,-121.84677, 37.82693,-124.51922, 37.83141,-121.88067,LC08_L2SP_045033_20190830_20200826_02_T1,LC80450332019242LGN00
LC08_L2SP_044032_20190908_20200826_02_T1,LC08_L1TP_044032_20190908_20200826_02_T1,LC80440322019251LGN00,2019/09/08,T1,2, 044, 032, 044, 032,NADIR,   0.000,2020/08/26,2020/08/26,2019-09-08 18:45:14.990397,2019-09-08 18:45:46.760396,LGN,DAY,   1.48,   1.48,1027,5,    5.590,    3.285,    4.523,LPGS_15.3.1c,51.19401995,148.42830866,FINAL,OLI_TIRS_L2SP,OLI_TIRS,8,UTM,10,WGS84,WGS84,40°19'58.15"N,121°12'37.37"W,41°23'25.69"N,122°33'13.86"W,41°20'49.63"N,119°48'39.85"W,39°17'25.69"N,122°34'02.89"W,39°15'00.76"N,119°54'29.74"W, 40.33282,-121.21038, 41.39047,-122.55385, 41.34712,-119.81107, 39.29047,-122.56747, 39.25021,-119.90826,LC08_L2SP_044032_20190908_20200826_02_T1,LC80440322019251LGN00
LC08_L2SP_044033_20190908_20200826_02_T1,LC08_L1TP_044033_20190908_20200826_02_T1,LC80440332019251LGN00,2019/09/08,T1,2, 044, 033, 044, 033,NADIR,   0.000,2020/08/26,2020/08/26,2019-09-08 18:45:38.8772,2019-09-08 18:46:10.647199,LGN,DAY,   0.04,   0.04,1417,5,    4.691,    2.815,    3.753,LPGS_15.3.1c,52.25780380,146.95120348,FINAL,OLI_TIRS_L2SP,OLI_TIRS,8,UTM,10,WGS84,WGS84,38°54'16.31"N,121°39'29.48"W,39°57'32.18"N,122°59'05.21"W,39°55'38.60"N,120°17'44.41"W,37°51'20.38"N,122°59'06.79"W,37°49'34.93"N,120°22'27.16"W, 38.90453,-121.65819, 39.95894,-122.98478, 39.92739,-120.29567, 37.85566,-122.98522, 37.82637,-120.37421,LC08_L2SP_044033_20190908_20200826_02_T1,LC80440332019251LGN00
LC08_L2SP_045032_20190915_20200826_02_T1,LC08_L1TP_045032_20190915_20200826_02_T1,LC80450322019258LGN00,2019/09/15,T1,2, 045, 032, 045, 032,NADIR,   0.000,2020/08/26,2020/08/26,2019-09-15 18:51:28.57171,2019-09-15 18:52:00.341709,LGN,DAY,   0.22,   0.94,1324,5,    4.574,    2.971,    3.478,LPGS_15.3.1c,48.97390640,150.92983701,FINAL,OLI_TIRS_L2SP,OLI_TIRS,8,UTM,10,WGS84,WGS84,40°19'58.33"N,122°45'38.74"W,41°23'08.20"N,124°08'49.16"W,41°22'47.21"N,121°22'11.93"W,39°15'41.90"N,124°06'41.72"W,39°15'22.43"N,121°25'12.97"W, 40.33287,-122.76076, 41.38561,-124.14699, 41.37978,-121.36998, 39.26164,-124.11159, 39.25623,-121.42027,LC08_L2SP_045032_20190915_20200826_02_T1,LC80450322019258LGN00
LC08_L2SP_045033_20190915_20200826_02_T1,LC08_L1TP_045033_20190915_20200826_02_T1,LC80450332019258LGN00,2019/09/15,T1,2, 045, 033, 045, 033,NADIR,   0.000,2020/08/26,2020/08/26,2019-09-15 18:51:52.466985,2019-09-15 18:52:24.236984,LGN,DAY,   0.37,   1.74,1037,5,    3.539,    2.414,    2.588,LPGS_15.3.1c,50.08144335,149.60398288,FINAL,OLI_TIRS_L2SP,OLI_TIRS,8,UTM,10,WGS84,WGS84,38°54'14.87"N,123°12'31.46"W,39°57'13.25"N,124°34'20.10"W,39°57'31.25"N,121°51'13.64"W,37°49'36.62"N,124°31'33.71"W,37°49'53.29"N,121°53'14.96"W, 38.90413,-123.20874, 39.95368,-124.57225, 39.95868,-121.85379, 37.82684,-124.52603, 37.83147,-121.88749,LC08_L2SP_045033_20190915_20200826_02_T1,LC80450332019258LGN00
LC08_L2SP_044032_20190924_20200826_02_T1,LC08_L1TP_044032_20190924_20200826_02_T1,LC80440322019267LGN00,2019/09/24,T1,2, 044, 032, 044, 032,NADIR,   0.000,2020/08/26,2020/08/26,2019-09-24 18:45:20.660167,2019-09-24 18:45:52.430166,LGN,DAY,   0.00,   0.00,1008,5,    6.690,    3.481,    5.713,LPGS_15.3.1c,45.99491244,153.86703064,FINAL,OLI_TIRS_L2SP,OLI_TIRS,8,UTM,10,WGS84,WGS84,40°19'57.97"N,121°13'20.53"W,41°23'25.87"N,122°34'05.52"W,41°20'51.07"N,119°49'31.40"W,39°17'25.87"N,122°34'52.97"W,39°15'02.09"N,119°55'19.70"W, 40.33277,-121.22237, 41.39052,-122.56820, 41.34752,-119.82539, 39.29052,-122.58138, 39.25058,-119.92214,LC08_L2SP_044032_20190924_20200826_02_T1,LC80440322019267LGN00
LC08_L2SP_044033_20190924_20200826_02_T1,LC08_L1TP_044033_20190924_20200826_02_T1,LC80440332019267LGN00,2019/09/24,T1,2, 044, 033, 044, 033,NADIR,   0.000,2020/08/26,2020/08/26,2019-09-24 18:45:44.54697,2019-09-24 18:46:16.316969,LGN,DAY,   0.01,   0.01,1383,5,    5.405,    2.924,    4.546,LPGS_15.3.1c,47.15018147,152.71351223,FINAL,OLI_TIRS_L2SP,OLI_TIRS,8,UTM,10,WGS84,WGS84,38°54'16.27"N,121°40'12.61"W,39°57'32.18"N,122°59'43.15"W,39°55'39.47"N,120°18'22.32"W,37°51'10.62"N,122°59'43.62"W,37°49'26.04"N,120°23'04.27"W, 38.90452,-121.67017, 39.95894,-122.99532, 39.92763,-120.30620, 37.85295,-122.99545, 37.82390,-120.38452,LC08_L2SP_044033_20190924_20200826_02_T1,LC80440332019267LGN00
LC08_L2SP_045032_20191001_20200825_02_T1,LC08_L1TP_045032_20191001_20200825_02_T1,LC80450322019274LGN00,2019/10/01,T1,2, 045, 032, 045, 032,NADIR,   0.000,2020/08/25,2020/08/25,2019-10-01 18:51:33.284619,2019-10-01 18:52:05.054617,LGN,DAY,   0.57,   0.56,1281,5,    5.533,    3.304,    4.438,LPGS_15.3.1c,43.60812146,155.89772057,FINAL,OLI_TIRS_L2SP,OLI_TIRS,8,UTM,10,WGS84,WGS84,40°19'57.22"N,122°46'17.76"W,41°22'58.08"N,124°09'27.72"W,41°22'38.06"N,121°22'50.88"W,39°15'41.54"N,124°07'19.27"W,39°15'22.93"N,121°25'50.52"W, 40.33256,-122.77160, 41.38280,-124.15770, 41.37724,-121.38080, 39.26154,-124.12202, 39.25637,-121.43070,LC08_L2SP_045032_20191001_20200825_02_T1,LC80450322019274LGN00
LC08_L2SP_045033_20191001_20200825_02_T1,LC08_L1TP_045033_20191001_20200825_02_T1,LC80450332019274LGN00,2019/10/01,T1,2, 045, 033, 045, 033,NADIR,   0.000,2020/08/25,2020/08/25,2019-10-01 18:51:57.171422,2019-10-01 18:52:28.941421,LGN,DAY,   0.02,   0.01,1020,5,    4.371,    2.479,    3.601,LPGS_15.3.1c,44.79486023,154.85990302,FINAL,OLI_TIRS_L2SP,OLI_TIRS,8,UTM,10,WGS84,WGS84,38°54'15.19"N,123°13'09.26"W,39°57'12.74"N,124°34'58.01"W,39°57'31.61"N,121°51'51.59"W,37°49'36.16"N,124°32'10.54"W,37°49'53.65"N,121°53'51.79"W, 38.90422,-123.21924, 39.95354,-124.58278, 39.95878,-121.86433, 37.82671,-124.53626, 37.83157,-121.89772,LC08_L2SP_045033_20191001_20200825_02_T1,LC80450332019274LGN00
LC08_L2SP_044032_20191010_20200825_02_T1,LC08_L1TP_044032_20191010_20200825_02_T1,LC80440322019283LGN00,2019/10/10,T1,2, 044, 032, 044, 032,NADIR,   0.000,2020/08/25,2020/08/25,2019-10-10 18:45:24.043682,2019-10-10 18:45:55.813681,LGN,DAY,   0.00,   0.00,976,5,    7.218,    3.915,    6.064,LPGS_15.3.1c,40.51408169,158.14388364,FINAL,OLI_TIRS_L2SP,OLI_TIRS,8,UTM,10,WGS84,WGS84,40°19'57.18"N,121°13'45.01"W,41°23'25.98"N,122°34'31.37"W,41°20'51.79"N,119°49'57.18"W,39°17'25.94"N,122°35'18.02"W,39°15'02.74"N,119°55'44.72"W, 40.33255,-121.22917, 41.39055,-122.57538, 41.34772,-119.83255, 39.29054,-122.58834, 39.25076,-119.92909,LC08_L2SP_044032_20191010_20200825_02_T1,LC80440322019283LGN00
LC08_L2SP_044033_20191010_20200825_02_T1,LC08_L1TP_044033_20191010_20200825_02_T1,LC80440332019283LGN00,2019/10/10,T1,2, 044, 033, 044, 033,NADIR,   0.000,2020/08/25,2020/08/25,2019-10-10 18:45:47.930485,2019-10-10 18:46:19.700485,LGN,DAY,   0.06,   0.06,1325,5,    5.961,    3.028,    5.135,LPGS_15.3.1c,41.73360049,157.23180397,FINAL,OLI_TIRS_L2SP,OLI_TIRS,8,UTM,10,WGS84,WGS84,38°54'15.30"N,121°40'36.59"W,39°57'32.18"N,123°00'08.42"W,39°55'40.08"N,120°18'47.56"W,37°51'10.62"N,123°00'08.17"W,37°49'26.58"N,120°23'28.79"W, 38.90425,-121.67683, 39.95894,-123.00234, 39.92780,-120.31321, 37.85295,-123.00227, 37.82405,-120.39133,LC08_L2SP_044033_20191010_20200825_02_T1,LC80440332019283LGN00
LC08_L2SP_045032_20191017_20200825_02_T1,LC08_L1TP_045032_20191017_20200825_02_T1,LC80450322019290LGN00,2019/10/17,T1,2, 045, 032, 045, 032,NADIR,   0.000,2020/08/25,2020/08/25,2019-10-17 18:51:35.545851,2019-10-17 18:52:07.31585,LGN,DAY,  50.24,  50.01,569,5,    6.737,    4.164,    5.296,LPGS_15.3.1c,38.12488294,159.58880325,FINAL,OLI_TIRS_L2SP,OLI_TIRS,8,UTM,10,WGS84,WGS84,40°19'58.76"N,122°46'32.88"W,41°23'07.69"N,124°09'40.82"W,41°22'47.96"N,121°23'03.55"W,39°15'41.40"N,124°07'31.76"W,39°15'23.08"N,121°26'03.05"W, 40.33299,-122.77580, 41.38547,-124.16134, 41.37999,-121.38432, 39.26150,-124.12549, 39.25641,-121.43418,LC08_L2SP_045032_20191017_20200825_02_T1,LC80450322019290LGN00
LC08_L2SP_045033_20191017_20200825_02_T1,LC08_L1TP_045033_20191017_20200825_02_T1,LC80450332019290LGN00,2019/10/17,T1,2, 045, 033, 045, 033,NADIR,   0.000,2020/08/25,2020/08/25,2019-10-17 18:51:59.441126,2019-10-17 18:52:31.211125,LGN,DAY,  30.41,  21.87,623,5,    5.944,    3.220,    4.996,LPGS_15.3.1c,39.36496420,158.75789742,FINAL,OLI_TIRS_L2SP,OLI_TIRS,8,UTM,10,WGS84,WGS84,38°54'14.98"N,123°13'24.85"W,39°57'12.56"N,124°35'10.64"W,39°57'31.75"N,121°52'04.22"W,37°49'35.98"N,124°32'22.78"W,37°49'53.76"N,121°54'04.03"W, 38.90416,-123.22357, 39.95349,-124.58629, 39.95882,-121.86784, 37.82666,-124.53966, 37.83160,-121.90112,LC08_L2SP_045033_20191017_20200825_02_T1,LC80450332019290LGN00
LC08_L2SP_044032_20191026_20200825_02_T1,LC08_L1TP_044032_20191026_20200825_02_T1,LC80440322019299LGN00,2019/10/26,T1,2, 044, 032, 044, 032,NADIR,   0.000,2020/08/25,2020/08/25,2019-10-26 18:45:24.857038,2019-10-26 18:45:56.627037,LGN,DAY,   0.10,   0.10,863,5,    7.529,    3.714,    6.549,LPGS_15.3.1c,35.14409648,161.03576770,FINAL,OLI_TIRS_L2SP,OLI_TIRS,8,UTM,10,WGS84,WGS84,40°19'58.44"N,121°13'45.62"W,41°23'25.98"N,122°34'31.37"W,41°20'51.79"N,119°49'57.18"W,39°17'25.94"N,122°35'18.02"W,39°15'02.74"N,119°55'44.72"W, 40.33290,-121.22934, 41.39055,-122.57538, 41.34772,-119.83255, 39.29054,-122.58834, 39.25076,-119.92909,LC08_L2SP_044032_20191026_20200825_02_T1,LC80440322019299LGN00
LC08_L2SP_044033_20191026_20200825_02_T1,LC08_L1TP_044033_20191026_20200825_02_T1,LC80440332019299LGN00,2019/10/26,T1,2, 044, 033, 044, 033,NADIR,   0.000,2020/08/25,2020/08/25,2019-10-26 18:45:48.743841,2019-10-26 18:46:20.51384,LGN,DAY,  10.14,  10.14,1261,5,    6.347,    3.058,    5.562,LPGS_15.3.1c,36.40308417,160.29069306,FINAL,OLI_TIRS_L2SP,OLI_TIRS,8,UTM,10,WGS84,WGS84,38°54'16.27"N,121°40'36.98"W,39°57'32.18"N,123°00'08.42"W,39°55'40.08"N,120°18'47.56"W,37°51'10.62"N,123°00'08.17"W,37°49'26.58"N,120°23'28.79"W, 38.90452,-121.67694, 39.95894,-123.00234, 39.92780,-120.31321, 37.85295,-123.00227, 37.82405,-120.39133,LC08_L2SP_044033_20191026_20200825_02_T1,LC80440332019299LGN00
LC08_L2SP_045032_20191102_20200825_02_T1,LC08_L1TP_045032_20191102_20200825_02_T1,LC80450322019306LGN00,2019/11/02,T1,2, 045, 032, 045, 032,NADIR,   0.000,2020/08/25,2020/08/25,2019-11-02 18:51:35.114427,2019-11-02 18:52:06.884426,LGN,DAY,   0.07,   0.07,1236,5,    6.925,    3.929,    5.702,LPGS_15.3.1c,32.93950359,161.83935486,FINAL,OLI_TIRS_L2SP,OLI_TIRS,8,UTM,10,WGS84,WGS84,40°19'58.76"N,122°46'25.36"W,41°23'07.84"N,124°09'27.90"W,41°22'47.96"N,121°23'03.55"W,39°15'41.54"N,124°07'19.27"W,39°15'23.08"N,121°26'03.05"W, 40.33299,-122.77371, 41.38551,-124.15775, 41.37999,-121.38432, 39.26154,-124.12202, 39.25641,-121.43418,LC08_L2SP_045032_20191102_20200825_02_T1,LC80450322019306LGN00
LC08_L2SP_045033_20191102_20200825_02_T1,LC08_L1TP_045033_20191102_20200825_02_T1,LC80450332019306LGN00,2019/11/02,T1,2, 045, 033, 045, 033,NADIR,   0.000,2020/08/25,2020/08/25,2019-11-02 18:51:59.00123,2019-11-02 18:52:30.771229,LGN,DAY,   0.04,   0.02,1001,5,    5.957,    3.075,    5.102,LPGS_15.3.1c,34.20892454,161.14771685,FINAL,OLI_TIRS_L2SP,OLI_TIRS,8,UTM,10,WGS84,WGS84,38°54'16.49"N,123°13'16.46"W,39°57'12.56"N,124°35'10.64"W,39°57'31.75"N,121°52'04.22"W,37°49'35.98"N,124°32'22.78"W,37°49'53.76"N,121°54'04.03"W, 38.90458,-123.22124, 39.95349,-124.58629, 39.95882,-121.86784, 37.82666,-124.53966, 37.83160,-121.90112,LC08_L2SP_045033_20191102_20200825_02_T1,LC80450332019306LGN00
LC08_L2SP_044032_20191111_20200825_02_T1,LC08_L1TP_044032_20191111_20200825_02_T1,LC80440322019315LGN00,2019/11/11,T1,2, 044, 032, 044, 032,NADIR,   0.000,2020/08/25,2020/08/25,2019-11-11 18:45:22.782312,2019-11-11 18:45:54.552311,LGN,DAY,  17.28,  17.28,748,5,    7.900,    4.317,    6.616,LPGS_15.3.1c,30.33346251,162.47687210,FINAL,OLI_TIRS_L2SP,OLI_TIRS,8,UTM,10,WGS84,WGS84,40°19'58.48"N,121°13'18.37"W,41°23'25.84"N,122°33'52.60"W,41°20'51.07"N,119°49'31.40"W,39°17'25.84"N,122°34'40.48"W,39°15'02.09"N,119°55'19.70"W, 40.33291,-121.22177, 41.39051,-122.56461, 41.34752,-119.82539, 39.29051,-122.57791, 39.25058,-119.92214,LC08_L2SP_044032_20191111_20200825_02_T1,LC80440322019315LGN00
LC08_L2SP_044033_20191111_20200825_02_T1,LC08_L1TP_044033_20191111_20200825_02_T1,LC80440332019315LGN00,2019/11/11,T1,2, 044, 033, 044, 033,NADIR,   0.000,2020/08/25,2020/08/25,2019-11-11 18:45:46.673352,2019-11-11 18:46:18.443351,LGN,DAY,  41.41,  41.41,1236,5,    6.711,    3.291,    5.848,LPGS_15.3.1c,31.61115185,161.83891889,FINAL,OLI_TIRS_L2SP,OLI_TIRS,8,UTM,10,WGS84,WGS84,38°54'15.55"N,121°40'09.88"W,39°57'32.18"N,122°59'43.15"W,39°55'39.47"N,120°18'22.32"W,37°51'10.62"N,122°59'43.62"W,37°49'26.04"N,120°23'04.27"W, 38.90432,-121.66941, 39.95894,-122.99532, 39.92763,-120.30620, 37.85295,-122.99545, 37.82390,-120.38452,LC08_L2SP_044033_20191111_20200825_02_T1,LC80440332019315LGN00
LC08_L2SP_045032_20191118_20200825_02_T1,LC08_L1TP_045032_20191118_20200825_02_T1,LC80450322019322LGN00,2019/11/18,T1,2, 045, 032, 045, 032,NADIR,   0.000,2020/08/25,2020/08/25,2019-11-18 18:51:31.765306,2019-11-18 18:52:03.535305,LGN,DAY,   5.67,   5.58,1156,5,    7.471,    4.096,    6.248,LPGS_15.3.1c,28.52681242,162.66864882,FINAL,OLI_TIRS_L2SP,OLI_TIRS,8,UTM,10,WGS84,WGS84,40°19'57.79"N,122°45'45.65"W,41°22'58.48"N,124°08'48.98"W,41°22'37.67"N,121°22'25.07"W,39°15'41.90"N,124°06'41.72"W,39°15'22.57"N,121°25'25.50"W, 40.33272,-122.76268, 41.38291,-124.14694, 41.37713,-121.37363, 39.26164,-124.11159, 39.25627,-121.42375,LC08_L2SP_045032_20191118_20200825_02_T1,LC80450322019322LGN00
LC08_L2SP_045033_20191118_20200825_02_T1,LC08_L1TP_045033_20191118_20200825_02_T1,LC80450332019322LGN00,2019/11/18,T1,2, 045, 033, 045, 033,NADIR,   0.000,2020/08/25,2020/08/25,2019-11-18 18:51:55.647873,2019-11-18 18:52:27.417872,LGN,DAY,   7.86,  13.88,943,5,    6.623,    3.367,    5.703,LPGS_15.3.1c,29.80675041,162.06281842,FINAL,OLI_TIRS_L2SP,OLI_TIRS,8,UTM,10,WGS84,WGS84,38°54'16.16"N,123°12'35.93"W,39°57'13.25"N,124°34'20.10"W,39°57'31.25"N,121°51'13.64"W,37°49'36.62"N,124°31'33.71"W,37°49'53.29"N,121°53'14.96"W, 38.90449,-123.20998, 39.95368,-124.57225, 39.95868,-121.85379, 37.82684,-124.52603, 37.83147,-121.88749,LC08_L2SP_045033_20191118_20200825_02_T1,LC80450332019322LGN00
LC08_L2SP_045033_20200105_20200823_02_T1,LC08_L1TP_045033_20200105_20200823_02_T1,LC80450332020005LGN00,2020/01/05,T1,2, 045, 033, 045, 033,NADIR,   0.000,2020/08/23,2020/08/23,2020-01-05 18:51:47.996387,2020-01-05 18:52:19.766386,LGN,DAY,  58.63,  58.02,338,5,    8.178,    4.767,    6.645,LPGS_15.3.1c,25.27199826,158.01217663,FINAL,OLI_TIRS_L2SP,OLI_TIRS,8,UTM,10,WGS84,WGS84,38°54'16.24"N,123°12'24.16"W,39°57'13.43"N,124°34'07.43"W,39°57'31.10"N,121°51'01.01"W,37°49'36.80"N,124°31'21.47"W,37°49'53.18"N,121°53'02.69"W, 38.90451,-123.20671, 39.95373,-124.56873, 39.95864,-121.85028, 37.82689,-124.52263, 37.83144,-121.88408,LC08_L2SP_045033_20200105_20200823_02_T1,LC80450332020005LGN00
LC08_L2SP_044032_20200114_20200823_02_T1,LC08_L1TP_044032_20200114_20200823_02_T1,LC80440322020014LGN00,2020/01/14,T1,2, 044, 032, 044, 032,NADIR,   0.000,2020/08/23,2020/08/23,2020-01-14 18:45:11.698229,2020-01-14 18:45:43.468228,LGN,DAY,  58.95,  58.95,218,5,    8.976,    6.057,    6.625,LPGS_15.3.1c,25.02358320,157.24809667,FINAL,OLI_TIRS_L2SP,OLI_TIRS,8,UTM,10,WGS84,WGS84,40°19'57.04"N,121°13'06.82"W,41°23'25.76"N,122°33'39.67"W,41°20'50.71"N,119°49'18.52"W,39°17'25.76"N,122°34'27.95"W,39°15'01.73"N,119°55'07.21"W, 40.33251,-121.21856, 41.39049,-122.56102, 41.34742,-119.82181, 39.29049,-122.57443, 39.25048,-119.91867,LC08_L2SP_044032_20200114_20200823_02_T1,LC80440322020014LGN00
LC08_L2SP_044032_20200130_20200823_02_T1,LC08_L1TP_044032_20200130_20200823_02_T1,LC80440322020030LGN00,2020/01/30,T1,2, 044, 032, 044, 032,NADIR,   0.000,2020/08/23,2020/08/23,2020-01-30 18:45:06.810008,2020-01-30 18:45:38.580007,LGN,DAY,  41.08,  41.08,419,5,    8.607,    5.083,    6.946,LPGS_15.3.1c,28.13108311,154.82175037,FINAL,OLI_TIRS_L2SP,OLI_TIRS,8,UTM,10,WGS84,WGS84,40°19'57.29"N,121°13'05.92"W,41°23'25.76"N,122°33'39.67"W,41°20'50.71"N,119°49'18.52"W,39°17'25.76"N,122°34'27.95"W,39°15'01.73"N,119°55'07.21"W, 40.33258,-121.21831, 41.39049,-122.56102, 41.34742,-119.82181, 39.29049,-122.57443, 39.25048,-119.91867,LC08_L2SP_044032_20200130_20200823_02_T1,LC80440322020030LGN00
LC08_L2SP_044033_20200130_20200823_02_T1,LC08_L1TP_044033_20200130_20200823_02_T1,LC80440332020030LGN00,2020/01/30,T1,2, 044, 033, 044, 033,NADIR,   0.000,2020/08/23,2020/08/23,2020-01-30 18:45:30.692576,2020-01-30 18:46:02.462575,LGN,DAY,  49.11,  49.12,860,5,    8.074,    4.508,    6.699,LPGS_15.3.1c,29.30468536,154.13060823,FINAL,OLI_TIRS_L2SP,OLI_TIRS,8,UTM,10,WGS84,WGS84,38°54'15.88"N,121°39'54.83"W,39°57'32.18"N,122°59'30.48"W,39°55'39.18"N,120°18'09.68"W,37°51'20.38"N,122°59'31.34"W,37°49'35.51"N,120°22'51.67"W, 38.90441,-121.66523, 39.95894,-122.99180, 39.92755,-120.30269, 37.85566,-122.99204, 37.82653,-120.38102,LC08_L2SP_044033_20200130_20200823_02_T1,LC80440332020030LGN00
LC08_L2SP_045032_20200206_20200823_02_T1,LC08_L1TP_045032_20200206_20200823_02_T1,LC80450322020037LGN00,2020/02/06,T1,2, 045, 032, 045, 032,NADIR,   0.000,2020/08/23,2020/08/23,2020-02-06 18:51:15.349383,2020-02-06 18:51:47.119382,LGN,DAY,   6.18,   6.08,996,5,    7.894,    4.644,    6.383,LPGS_15.3.1c,29.98053767,153.80090073,FINAL,OLI_TIRS_L2SP,OLI_TIRS,8,UTM,10,WGS84,WGS84,40°19'58.15"N,122°45'43.99"W,41°22'58.48"N,124°08'48.98"W,41°22'37.67"N,121°22'25.07"W,39°15'41.90"N,124°06'41.72"W,39°15'22.57"N,121°25'25.50"W, 40.33282,-122.76222, 41.38291,-124.14694, 41.37713,-121.37363, 39.26164,-124.11159, 39.25627,-121.42375,LC08_L2SP_045032_20200206_20200823_02_T1,LC80450322020037LGN00
LC08_L2SP_045033_20200206_20200823_02_T1,LC08_L1TP_045033_20200206_20200823_02_T1,LC80450332020037LGN00,2020/02/06,T1,2, 045, 033, 045, 033,NADIR,   0.000,2020/08/23,2020/08/23,2020-02-06 18:51:39.236186,2020-02-06 18:52:11.006186,LGN,DAY,   0.19,   0.14,918,5,    7.199,    4.255,    5.808,LPGS_15.3.1c,31.13850722,153.06059700,FINAL,OLI_TIRS_L2SP,OLI_TIRS,8,UTM,10,WGS84,WGS84,38°54'15.88"N,123°12'33.26"W,39°57'13.25"N,124°34'20.10"W,39°57'31.25"N,121°51'13.64"W,37°49'36.62"N,124°31'33.71"W,37°49'53.29"N,121°53'14.96"W, 38.90441,-123.20924, 39.95368,-124.57225, 39.95868,-121.85379, 37.82684,-124.52603, 37.83147,-121.88749,LC08_L2SP_045033_20200206_20200823_02_T1,LC80450332020037LGN00
LC08_L2SP_044033_20200215_20200823_02_T1,LC08_L1TP_044033_20200215_20200823_02_T1,LC80440332020046LGN00,2020/02/15,T1,2, 044, 033, 044, 033,NADIR,   0.000,2020/08/23,2020/08/23,2020-02-15 18:45:26.85088,2020-02-15 18:45:58.620879,LGN,DAY,  56.43,  56.41,489,5,    7.637,    4.981,    5.789,LPGS_15.3.1c,33.85431555,151.72917029,FINAL,OLI_TIRS_L2SP,OLI_TIRS,8,UTM,10,WGS84,WGS84,38°54'14.98"N,121°40'25.61"W,39°57'32.18"N,122°59'55.79"W,39°55'39.79"N,120°18'34.92"W,37°51'10.62"N,122°59'55.90"W,37°49'26.33"N,120°23'16.55"W, 38.90416,-121.67378, 39.95894,-122.99883, 39.92772,-120.30970, 37.85295,-122.99886, 37.82398,-120.38793,LC08_L2SP_044033_20200215_20200823_02_T1,LC80440332020046LGN00
LC08_L2SP_045032_20200222_20200822_02_T1,LC08_L1TP_045032_20200222_20200822_02_T1,LC80450322020053LGN00,2020/02/22,T1,2, 045, 032, 045, 032,NADIR,   0.000,2020/08/22,2020/08/22,2020-02-22 18:51:12.020366,2020-02-22 18:51:43.790365,LGN,DAY,   0.97,   0.95,1168,5,    7.037,    4.156,    5.679,LPGS_15.3.1c,35.08009390,151.60993323,FINAL,OLI_TIRS_L2SP,OLI_TIRS,8,UTM,10,WGS84,WGS84,40°19'57.50"N,122°46'33.85"W,41°22'57.97"N,124°09'40.64"W,41°22'38.42"N,121°23'16.69"W,39°15'41.40"N,124°07'31.76"W,39°15'23.26"N,121°26'15.54"W, 40.33264,-122.77607, 41.38277,-124.16129, 41.37734,-121.38797, 39.26150,-124.12549, 39.25646,-121.43765,LC08_L2SP_045032_20200222_20200822_02_T1,LC80450322020053LGN00
LC08_L2SP_045033_20200222_20200822_02_T1,LC08_L1TP_045033_20200222_20200822_02_T1,LC80450332020053LGN00,2020/02/22,T1,2, 045, 033, 045, 033,NADIR,   0.000,2020/08/22,2020/08/22,2020-02-22 18:51:35.902934,2020-02-22 18:52:07.672933,LGN,DAY,   1.15,  12.66,939,5,    6.394,    3.910,    5.059,LPGS_15.3.1c,36.20243196,150.72646427,FINAL,OLI_TIRS_L2SP,OLI_TIRS,8,UTM,10,WGS84,WGS84,38°54'15.88"N,123°13'22.30"W,39°57'12.56"N,124°35'10.64"W,39°57'31.75"N,121°52'04.22"W,37°49'35.98"N,124°32'22.78"W,37°49'53.76"N,121°54'04.03"W, 38.90441,-123.22286, 39.95349,-124.58629, 39.95882,-121.86784, 37.82666,-124.53966, 37.83160,-121.90112,LC08_L2SP_045033_20200222_20200822_02_T1,LC80450332020053LGN00
LC08_L2SP_044032_20200302_20200822_02_T1,LC08_L1TP_044032_20200302_20200822_02_T1,LC80440322020062LGN00,2020/03/02,T1,2, 044, 032, 044, 032,NADIR,   0.000,2020/08/22,2020/08/22,2020-03-02 18:44:58.152206,2020-03-02 18:45:29.922205,LGN,DAY,   1.24,   1.24,801,5,    7.857,    4.636,    6.344,LPGS_15.3.1c,38.34222765,150.45293739,FINAL,OLI_TIRS_L2SP,OLI_TIRS,8,UTM,10,WGS84,WGS84,40°19'57.11"N,121°14'12.88"W,41°23'26.05"N,122°34'57.18"W,41°20'52.51"N,119°50'22.96"W,39°17'26.05"N,122°35'43.08"W,39°15'03.38"N,119°56'09.71"W, 40.33253,-121.23691, 41.39057,-122.58255, 41.34792,-119.83971, 39.29057,-122.59530, 39.25094,-119.93603,LC08_L2SP_044032_20200302_20200822_02_T1,LC80440322020062LGN00
LC08_L2SP_044033_20200302_20200822_02_T1,LC08_L1TP_044033_20200302_20200822_02_T1,LC80440332020062LGN00,2020/03/02,T1,2, 044, 033, 044, 033,NADIR,   0.000,2020/08/22,2020/08/22,2020-03-02 18:45:22.030538,2020-03-02 18:45:53.800537,LGN,DAY,   1.88,   1.88,1171,5,    6.890,    4.149,    5.501,LPGS_15.3.1c,39.44478068,149.46801819,FINAL,OLI_TIRS_L2SP,OLI_TIRS,8,UTM,10,WGS84,WGS84,38°54'16.16"N,121°41'00.64"W,39°57'32.18"N,123°00'33.73"W,39°55'40.66"N,120°19'12.79"W,37°51'10.62"N,123°00'32.72"W,37°49'27.12"N,120°23'53.30"W, 38.90449,-121.68351, 39.95894,-123.00937, 39.92796,-120.32022, 37.85295,-123.00909, 37.82420,-120.39814,LC08_L2SP_044033_20200302_20200822_02_T1,LC80440332020062LGN00
LC08_L2SP_045032_20200309_20200822_02_T1,LC08_L1TP_045032_20200309_20200822_02_T1,LC80450322020069LGN00,2020/03/09,T1,2, 045, 032, 045, 032,NADIR,   0.000,2020/08/22,2020/08/22,2020-03-09 18:51:06.072875,2020-03-09 18:51:37.842874,LGN,DAY,  35.52,  34.89,808,5,    6.606,    4.596,    4.744,LPGS_15.3.1c,41.00503005,149.57615286,FINAL,OLI_TIRS_L2SP,OLI_TIRS,8,UTM,10,WGS84,WGS84,40°19'57.79"N,122°47'02.47"W,41°22'57.72"N,124°10'06.49"W,41°22'38.78"N,121°23'42.54"W,39°15'41.15"N,124°07'56.82"W,39°15'23.58"N,121°26'40.56"W, 40.33272,-122.78402, 41.38270,-124.16847, 41.37744,-121.39515, 39.26143,-124.13245, 39.25655,-121.44460,LC08_L2SP_045032_20200309_20200822_02_T1,LC80450322020069LGN00
LC08_L2SP_045033_20200309_20200822_02_T1,LC08_L1TP_045033_20200309_20200822_02_T1,LC80450332020069LGN00,2020/03/09,T1,2, 045, 033, 045, 033,NADIR,   0.000,2020/08/22,2020/08/22,2020-03-09 18:51:29.951206,2020-03-09 18:52:01.721205,LGN,DAY,  16.48,  21.65,841,5,    5.911,    3.933,    4.413,LPGS_15.3.1c,42.09230969,148.50040325,FINAL,OLI_TIRS_L2SP,OLI_TIRS,8,UTM,10,WGS84,WGS84,38°54'16.60"N,123°13'49.94"W,39°57'12.24"N,124°35'35.92"W,39°57'32"N,121°52'29.50"W,37°49'35.65"N,124°32'47.33"W,37°49'54.01"N,121°54'28.58"W, 38.90461,-123.23054, 39.95340,-124.59331, 39.95889,-121.87486, 37.82657,-124.54648, 37.83167,-121.90794,LC08_L2SP_045033_20200309_20200822_02_T1,LC80450332020069LGN00
LC08_L2SP_045032_20200325_20200822_02_T1,LC08_L1TP_045032_20200325_20200822_02_T1,LC80450322020085LGN00,2020/03/25,T1,2, 045, 032, 045, 032,NADIR,   0.000,2020/08/22,2020/08/22,2020-03-25 18:50:57.645361,2020-03-25 18:51:29.41536,LGN,DAY,  41.26,  40.51,390,5,    7.304,    5.043,    5.283,LPGS_15.3.1c,47.23409974,147.48977066,FINAL,OLI_TIRS_L2SP,OLI_TIRS,8,UTM,10,WGS84,WGS84,40°19'58.73"N,122°47'11.58"W,41°22'57.58"N,124°10'19.38"W,41°22'38.96"N,121°23'55.43"W,39°15'41.04"N,124°08'09.31"W,39°15'23.76"N,121°26'53.09"W, 40.33298,-122.78655, 41.38266,-124.17205, 41.37749,-121.39873, 39.26140,-124.13592, 39.25660,-121.44808,LC08_L2SP_045032_20200325_20200822_02_T1,LC80450322020085LGN00
LC08_L2SP_045033_20200325_20200822_02_T1,LC08_L1TP_045033_20200325_20200822_02_T1,LC80450332020085LGN00,2020/03/25,T1,2, 045, 033, 045, 033,NADIR,   0.000,2020/08/22,2020/08/22,2020-03-25 18:51:21.5364,2020-03-25 18:51:53.306399,LGN,DAY,  31.98,  22.96,428,5,    6.894,    4.677,    5.064,LPGS_15.3.1c,48.28395222,146.16070536,FINAL,OLI_TIRS_L2SP,OLI_TIRS,8,UTM,10,WGS84,WGS84,38°54'14.83"N,123°13'59.59"W,39°57'02.34"N,124°35'48.34"W,39°57'22.39"N,121°52'42.31"W,37°49'35.51"N,124°32'59.60"W,37°49'54.12"N,121°54'40.86"W, 38.90412,-123.23322, 39.95065,-124.59676, 39.95622,-121.87842, 37.82653,-124.54989, 37.83170,-121.91135,LC08_L2SP_045033_20200325_20200822_02_T1,LC80450332020085LGN00
LC08_L2SP_044032_20200403_20200822_02_T1,LC08_L1TP_044032_20200403_20200822_02_T1,LC80440322020094LGN00,2020/04/03,T1,2, 044, 032, 044, 032,NADIR,   0.000,2020/08/22,2020/08/22,2020-04-03 18:44:41.342943,2020-04-03 18:45:13.112942,LGN,DAY,   0.53,   0.53,725,5,    7.222,    4.323,    5.785,LPGS_15.3.1c,50.67205583,146.16259580,FINAL,OLI_TIRS_L2SP,OLI_TIRS,8,UTM,10,WGS84,WGS84,40°19'57.22"N,121°14'27.38"W,41°23'26.12"N,122°35'10.10"W,41°20'52.84"N,119°50'35.84"W,39°17'26.09"N,122°35'55.61"W,39°15'03.71"N,119°56'22.20"W, 40.33256,-121.24094, 41.39059,-122.58614, 41.34801,-119.84329, 39.29058,-122.59878, 39.25103,-119.93950,LC08_L2SP_044032_20200403_20200822_02_T1,LC80440322020094LGN00
LC08_L2SP_044033_20200403_20200822_02_T1,LC08_L1TP_044033_20200403_20200822_02_T1,LC80440332020094LGN00,2020/04/03,T1,2, 044, 033, 044, 033,NADIR,   0.000,2020/08/22,2020/08/22,2020-04-03 18:45:05.221275,2020-04-03 18:45:36.991274,LGN,DAY,   0.36,   0.36,1067,5,    6.205,    4.019,    4.727,LPGS_15.3.1c,51.69620275,144.65994033,FINAL,OLI_TIRS_L2SP,OLI_TIRS,8,UTM,10,WGS84,WGS84,38°54'16.24"N,121°41'14.53"W,39°57'32.18"N,123°00'46.37"W,39°55'40.94"N,120°19'25.43"W,37°51'20.38"N,123°00'45"W,37°49'37.13"N,120°24'05.22"W, 38.90451,-121.68737, 39.95894,-123.01288, 39.92804,-120.32373, 37.85566,-123.01250, 37.82698,-120.40145,LC08_L2SP_044033_20200403_20200822_02_T1,LC80440332020094LGN00
LC08_L2SP_045032_20200410_20200822_02_T1,LC08_L1TP_045032_20200410_20200822_02_T1,LC80450322020101LGN00,2020/04/10,T1,2, 045, 032, 045, 032,NADIR,   0.000,2020/08/22,2020/08/22,2020-04-10 18:50:49.717696,2020-04-10 18:51:21.487695,LGN,DAY,  18.30,  18.05,823,5,    5.873,    4.114,    4.191,LPGS_15.3.1c,53.23800751,144.99523545,FINAL,OLI_TIRS_L2SP,OLI_TIRS,8,UTM,10,WGS84,WGS84,40°19'58.73"N,122°47'43.84"W,41°23'07.04"N,124°10'45.41"W,41°22'49.04"N,121°24'21.02"W,39°15'40.79"N,124°08'34.37"W,39°15'24.08"N,121°27'18.11"W, 40.33298,-122.79551, 41.38529,-124.17928, 41.38029,-121.40584, 39.26133,-124.14288, 39.25669,-121.45503,LC08_L2SP_045032_20200410_20200822_02_T1,LC80450322020101LGN00
LC08_L2SP_044032_20200419_20200822_02_T1,LC08_L1TP_044032_20200419_20200822_02_T1,LC80440322020110LGN00,2020/04/19,T1,2, 044, 032, 044, 032,NADIR,   0.000,2020/08/22,2020/08/22,2020-04-19 18:44:35.038245,2020-04-19 18:45:06.808244,LGN,DAY,  54.33,  54.33,221,5,    7.260,    4.633,    5.589,LPGS_15.3.1c,56.31873499,143.25763534,FINAL,OLI_TIRS_L2SP,OLI_TIRS,8,UTM,10,WGS84,WGS84,40°19'57.58"N,121°15'30.17"W,41°23'26.34"N,122°36'14.69"W,41°20'54.60"N,119°51'40.28"W,39°17'26.30"N,122°36'58.21"W,39°15'05.36"N,119°57'24.70"W, 40.33266,-121.25838, 41.39065,-122.60408, 41.34850,-119.86119, 39.29064,-122.61617, 39.25149,-119.95686,LC08_L2SP_044032_20200419_20200822_02_T1,LC80440322020110LGN00
LC08_L2SP_044033_20200419_20200822_02_T1,LC08_L1TP_044033_20200419_20200822_02_T1,LC80440332020110LGN00,2020/04/19,T1,2, 044, 033, 044, 033,NADIR,   0.000,2020/08/22,2020/08/22,2020-04-19 18:44:58.920812,2020-04-19 18:45:30.690812,LGN,DAY,  29.98,  30.03,478,5,    6.240,    4.279,    4.542,LPGS_15.3.1c,57.28602215,141.37863476,FINAL,OLI_TIRS_L2SP,OLI_TIRS,8,UTM,10,WGS84,WGS84,38°54'15.77"N,121°42'17.14"W,39°57'32.18"N,123°01'49.58"W,39°55'42.38"N,120°20'28.57"W,37°51'10.62"N,123°01'46.38"W,37°49'28.74"N,120°25'06.89"W, 38.90438,-121.70476, 39.95894,-123.03044, 39.92844,-120.34127, 37.85295,-123.02955, 37.82465,-120.41858,LC08_L2SP_044033_20200419_20200822_02_T1,LC80440332020110LGN00
LC08_L2SP_045032_20200426_20200822_02_T1,LC08_L1TP_045032_20200426_20200822_02_T1,LC80450322020117LGN00,2020/04/26,T1,2, 045, 032, 045, 032,NADIR,   0.000,2020/08/22,2020/08/22,2020-04-26 18:50:42.295655,2020-04-26 18:51:14.065654,LGN,DAY,   0.88,   2.32,1271,5,    4.682,    3.100,    3.510,LPGS_15.3.1c,58.49573679,141.68248217,FINAL,OLI_TIRS_L2SP,OLI_TIRS,8,UTM,10,WGS84,WGS84,40°19'58.40"N,122°48'36.29"W,41°22'56.78"N,124°11'36.89"W,41°22'40.01"N,121°25'12.90"W,39°15'40.32"N,124°09'24.41"W,39°15'24.77"N,121°28'08.18"W, 40.33289,-122.81008, 41.38244,-124.19358, 41.37778,-121.42025, 39.26120,-124.15678, 39.25688,-121.46894,LC08_L2SP_045032_20200426_20200822_02_T1,LC80450322020117LGN00
LC08_L2SP_045033_20200426_20200822_02_T1,LC08_L1TP_045033_20200426_20200822_02_T1,LC80450332020117LGN00,2020/04/26,T1,2, 045, 033, 045, 033,NADIR,   0.000,2020/08/22,2020/08/22,2020-04-26 18:51:06.178223,2020-04-26 18:51:37.948222,LGN,DAY,   2.72,  16.01,891,5,    4.473,    3.205,    3.119,LPGS_15.3.1c,59.43107799,139.61258808,FINAL,OLI_TIRS_L2SP,OLI_TIRS,8,UTM,10,WGS84,WGS84,38°54'16.45"N,123°15'22.90"W,39°57'10.84"N,124°37'17.04"W,39°57'32.98"N,121°54'10.66"W,37°49'34.36"N,124°34'25.46"W,37°49'54.91"N,121°56'06.76"W, 38.90457,-123.25636, 39.95301,-124.62140, 39.95916,-121.90296, 37.82621,-124.57374, 37.83192,-121.93521,LC08_L2SP_045033_20200426_20200822_02_T1,LC80450332020117LGN00
LC08_L2SP_044032_20200505_20200820_02_T1,LC08_L1TP_044032_20200505_20200820_02_T1,LC80440322020126LGN00,2020/05/05,T1,2, 044, 032, 044, 032,NADIR,   0.000,2020/08/20,2020/08/20,2020-05-05 18:44:26.176289,2020-05-05 18:44:57.946288,LGN,DAY,   4.59,   4.59,1050,5,    5.519,    3.681,    4.112,LPGS_15.3.1c,60.94426879,139.38385422,FINAL,OLI_TIRS_L2SP,OLI_TIRS,8,UTM,10,WGS84,WGS84,40°19'57.58"N,121°16'06.38"W,41°23'26.48"N,122°36'53.46"W,41°20'55.68"N,119°52'18.98"W,39°17'16.69"N,122°37'35.83"W,39°14'56.62"N,119°58'02.64"W, 40.33266,-121.26844, 41.39069,-122.61485, 41.34880,-119.87194, 39.28797,-122.62662, 39.24906,-119.96740,LC08_L2SP_044032_20200505_20200820_02_T1,LC80440322020126LGN00
LC08_L2SP_044033_20200505_20200820_02_T1,LC08_L1TP_044033_20200505_20200820_02_T1,LC80440332020126LGN00,2020/05/05,T1,2, 044, 033, 044, 033,NADIR,   0.000,2020/08/20,2020/08/20,2020-05-05 18:44:50.058856,2020-05-05 18:45:21.828855,LGN,DAY,   0.64,   0.64,1346,5,    5.274,    3.727,    3.732,LPGS_15.3.1c,61.83158464,137.05251486,FINAL,OLI_TIRS_L2SP,OLI_TIRS,8,UTM,10,WGS84,WGS84,38°54'15.80"N,121°42'53.14"W,39°57'32.15"N,123°02'27.53"W,39°55'43.28"N,120°21'06.44"W,37°51'10.62"N,123°02'23.24"W,37°49'29.57"N,120°25'43.64"W, 38.90439,-121.71476, 39.95893,-123.04098, 39.92869,-120.35179, 37.85295,-123.03979, 37.82488,-120.42879,LC08_L2SP_044033_20200505_20200820_02_T1,LC80440332020126LGN00
LC08_L2SP_044032_20200521_20200820_02_T1,LC08_L1TP_044032_20200521_20200820_02_T1,LC80440322020142LGN00,2020/05/21,T1,2, 044, 032, 044, 032,NADIR,   0.000,2020/08/20,2020/08/20,2020-05-21 18:44:27.492275,2020-05-21 18:44:59.262274,LGN,DAY,  29.81,  29.81,799,5,    5.464,    3.765,    3.959,LPGS_15.3.1c,64.19386019,134.91334630,FINAL,OLI_TIRS_L2SP,OLI_TIRS,8,UTM,10,WGS84,WGS84,40°19'58.08"N,121°12'58.25"W,41°23'25.76"N,122°33'39.67"W,41°20'50.35"N,119°49'05.63"W,39°17'25.76"N,122°34'27.95"W,39°15'01.40"N,119°54'54.72"W, 40.33280,-121.21618, 41.39049,-122.56102, 41.34732,-119.81823, 39.29049,-122.57443, 39.25039,-119.91520,LC08_L2SP_044032_20200521_20200820_02_T1,LC80440322020142LGN00
LC08_L2SP_044033_20200521_20200820_02_T1,LC08_L1TP_044033_20200521_20200820_02_T1,LC80440332020142LGN00,2020/05/21,T1,2, 044, 033, 044, 033,NADIR,   0.000,2020/08/20,2020/08/20,2020-05-21 18:44:51.38755,2020-05-21 18:45:23.157549,LGN,DAY,   0.50,   0.50,1386,5,    4.854,    3.495,    3.368,LPGS_15.3.1c,64.98308091,132.12021350,FINAL,OLI_TIRS_L2SP,OLI_TIRS,8,UTM,10,WGS84,WGS84,38°54'14.76"N,121°39'52.24"W,39°57'32.18"N,122°59'30.48"W,39°55'39.18"N,120°18'09.68"W,37°51'10.62"N,122°59'31.34"W,37°49'25.75"N,120°22'52.03"W, 38.90410,-121.66451, 39.95894,-122.99180, 39.92755,-120.30269, 37.85295,-122.99204, 37.82382,-120.38112,LC08_L2SP_044033_20200521_20200820_02_T1,LC80440332020142LGN00
LC08_L2SP_045032_20200528_20200820_02_T1,LC08_L1TP_045032_20200528_20200820_02_T1,LC80450322020149LGN00,2020/05/28,T1,2, 045, 032, 045, 032,NADIR,   0.000,2020/08/20,2020/08/20,2020-05-28 18:50:39.396115,2020-05-28 18:51:11.166115,LGN,DAY,   0.23,   1.66,1320,5,    4.557,    3.242,    3.202,LPGS_15.3.1c,65.09760979,132.92011533,FINAL,OLI_TIRS_L2SP,OLI_TIRS,8,UTM,10,WGS84,WGS84,40°19'58.19"N,122°45'07.06"W,41°23'08.59"N,124°08'10.43"W,41°22'46.85"N,121°21'46.08"W,39°15'42.23"N,124°06'04.18"W,39°15'22.07"N,121°24'47.95"W, 40.33283,-122.75196, 41.38572,-124.13623, 41.37968,-121.36280, 39.26173,-124.10116, 39.25613,-121.41332,LC08_L2SP_045032_20200528_20200820_02_T1,LC80450322020149LGN00
LC08_L2SP_045033_20200528_20200820_02_T1,LC08_L1TP_045033_20200528_20200820_02_T1,LC80450332020149LGN00,2020/05/28,T1,2, 045, 033, 045, 033,NADIR,   0.000,2020/08/20,2020/08/20,2020-05-28 18:51:03.287155,2020-05-28 18:51:35.057154,LGN,DAY,   1.88,  37.19,1014,5,    4.384,    3.083,    3.118,LPGS_15.3.1c,65.84199198,129.96122444,FINAL,OLI_TIRS_L2SP,OLI_TIRS,8,UTM,10,WGS84,WGS84,38°54'15.73"N,123°12'00.54"W,39°57'13.61"N,124°33'54.79"W,39°57'30.85"N,121°50'35.74"W,37°49'36.95"N,124°31'09.19"W,37°49'52.97"N,121°52'38.14"W, 38.90437,-123.20015, 39.95378,-124.56522, 39.95857,-121.84326, 37.82693,-124.51922, 37.83138,-121.87726,LC08_L2SP_045033_20200528_20200820_02_T1,LC80450332020149LGN00
LC08_L2SP_044032_20200606_20200824_02_T1,LC08_L1TP_044032_20200606_20200824_02_T1,LC80440322020158LGN00,2020/06/06,T1,2, 044, 032, 044, 032,NADIR,   0.000,2020/08/24,2020/08/24,2020-06-06 18:44:34.735245,2020-06-06 18:45:06.505244,LGN,DAY,  25.30,  25.30,516,5,    6.230,    4.343,    4.467,LPGS_15.3.1c,65.79621069,130.64976426,FINAL,OLI_TIRS_L2SP,OLI_TIRS,8,UTM,10,WGS84,WGS84,40°19'57.79"N,121°12'50.04"W,41°23'25.73"N,122°33'26.75"W,41°20'49.99"N,119°48'52.74"W,39°17'25.73"N,122°34'15.42"W,39°15'01.08"N,119°54'42.23"W, 40.33272,-121.21390, 41.39048,-122.55743, 41.34722,-119.81465, 39.29048,-122.57095, 39.25030,-119.91173,LC08_L2SP_044032_20200606_20200824_02_T1,LC80440322020158LGN00
LC08_L2SP_044033_20200606_20200825_02_T1,LC08_L1TP_044033_20200606_20200825_02_T1,LC80440332020158LGN00,2020/06/06,T1,2, 044, 033, 044, 033,NADIR,   0.000,2020/08/25,2020/08/25,2020-06-06 18:44:58.622049,2020-06-06 18:45:30.392048,LGN,DAY,   7.51,   7.51,1166,5,    4.988,    3.513,    3.541,LPGS_15.3.1c,66.48871604,127.53745319,FINAL,OLI_TIRS_L2SP,OLI_TIRS,8,UTM,10,WGS84,WGS84,38°54'16.09"N,121°39'43.31"W,39°57'32.18"N,122°59'17.84"W,39°55'38.89"N,120°17'57.05"W,37°51'10.62"N,122°59'19.07"W,37°49'25.50"N,120°22'39.76"W, 38.90447,-121.66203, 39.95894,-122.98829, 39.92747,-120.29918, 37.85295,-122.98863, 37.82375,-120.37771,LC08_L2SP_044033_20200606_20200825_02_T1,LC80440332020158LGN00
LC08_L2SP_045033_20200613_20200823_02_T1,LC08_L1TP_045033_20200613_20200823_02_T1,LC80450332020165LGN00,2020/06/13,T1,2, 045, 033, 045, 033,NADIR,   0.000,2020/08/23,2020/08/23,2020-06-13 18:51:13.699951,2020-06-13 18:51:45.46995,LGN,DAY,  33.59,  37.19,547,5,    5.318,    3.592,    3.922,LPGS_15.3.1c,66.65478299,126.09790521,FINAL,OLI_TIRS_L2SP,OLI_TIRS,8,UTM,10,WGS84,WGS84,38°54'14.80"N,123°12'39.71"W,39°57'13.10"N,124°34'32.74"W,39°57'31.36"N,121°51'26.28"W,37°49'36.48"N,124°31'45.98"W,37°49'53.44"N,121°53'27.24"W, 38.90411,-123.21103, 39.95364,-124.57576, 39.95871,-121.85730, 37.82680,-124.52944, 37.83151,-121.89090,LC08_L2SP_045033_20200613_20200823_02_T1,LC80450332020165LGN00
LC08_L2SP_044032_20200622_20200823_02_T1,LC08_L1TP_044032_20200622_20200823_02_T1,LC80440322020174LGN00,2020/06/22,T1,2, 044, 032, 044, 032,NADIR,   0.000,2020/08/23,2020/08/23,2020-06-22 18:44:43.908555,2020-06-22 18:45:15.678554,LGN,DAY,   0.05,   0.05,1041,5,    4.743,    3.215,    3.487,LPGS_15.3.1c,65.83727775,128.20709293,FINAL,OLI_TIRS_L2SP,OLI_TIRS,8,UTM,10,WGS84,WGS84,40°19'57.65"N,121°13'15.56"W,41°23'25.84"N,122°33'52.60"W,41°20'50.71"N,119°49'18.52"W,39°17'25.84"N,122°34'40.48"W,39°15'01.73"N,119°55'07.21"W, 40.33268,-121.22099, 41.39051,-122.56461, 41.34742,-119.82181, 39.29051,-122.57791, 39.25048,-119.91867,LC08_L2SP_044032_20200622_20200823_02_T1,LC80440322020174LGN00
LC08_L2SP_044033_20200622_20200824_02_T1,LC08_L1TP_044033_20200622_20200823_02_T1,LC80440332020174LGN00,2020/06/22,T1,2, 044, 033, 044, 033,NADIR,   0.000,2020/08/24,2020/08/23,2020-06-22 18:45:07.795358,2020-06-22 18:45:39.565357,LGN,DAY,   0.13,   0.13,1407,5,    4.344,    3.012,    3.130,LPGS_15.3.1c,66.47397050,125.02801343,FINAL,OLI_TIRS_L2SP,OLI_TIRS,8,UTM,10,WGS84,WGS84,38°54'15.70"N,121°40'08.62"W,39°57'32.18"N,122°59'43.15"W,39°55'39.47"N,120°18'22.32"W,37°51'10.62"N,122°59'43.62"W,37°49'26.04"N,120°23'04.27"W, 38.90436,-121.66906, 39.95894,-122.99532, 39.92763,-120.30620, 37.85295,-122.99545, 37.82390,-120.38452,LC08_L2SP_044033_20200622_20200824_02_T1,LC80440332020174LGN00
LC08_L2SP_045032_20200629_20200823_02_T1,LC08_L1TP_045032_20200629_20200823_02_T1,LC80450322020181LGN00,2020/06/29,T1,2, 045, 032, 045, 032,NADIR,   0.000,2020/08/23,2020/08/23,2020-06-29 18:50:58.076055,2020-06-29 18:51:29.846055,LGN,DAY,   0.23,   0.23,1344,5,    3.944,    2.808,    2.769,LPGS_15.3.1c,65.43040174,128.02299399,FINAL,OLI_TIRS_L2SP,OLI_TIRS,8,UTM,10,WGS84,WGS84,40°19'58.12"N,122°45'58.72"W,41°23'08.09"N,124°09'02.09"W,41°22'47.60"N,121°22'37.74"W,39°15'41.76"N,124°06'54.22"W,39°15'22.75"N,121°25'38.03"W, 40.33281,-122.76631, 41.38558,-124.15058, 41.37989,-121.37715, 39.26160,-124.11506, 39.25632,-121.42723,LC08_L2SP_045032_20200629_20200823_02_T1,LC80450322020181LGN00
LC08_L2SP_045033_20200629_20200823_02_T1,LC08_L1TP_045033_20200629_20200823_02_T1,LC80450332020181LGN00,2020/06/29,T1,2, 045, 033, 045, 033,NADIR,   0.000,2020/08/23,2020/08/23,2020-06-29 18:51:21.967095,2020-06-29 18:51:53.737094,LGN,DAY,   0.18,   0.38,1047,5,    3.471,    2.421,    2.488,LPGS_15.3.1c,66.06357602,124.89560339,FINAL,OLI_TIRS_L2SP,OLI_TIRS,8,UTM,10,WGS84,WGS84,38°54'15.26"N,123°12'52.09"W,39°57'12.92"N,124°34'45.37"W,39°57'31.50"N,121°51'38.95"W,37°49'36.30"N,124°31'58.26"W,37°49'53.54"N,121°53'39.52"W, 38.90424,-123.21447, 39.95359,-124.57927, 39.95875,-121.86082, 37.82675,-124.53285, 37.83154,-121.89431,LC08_L2SP_045033_20200629_20200823_02_T1,LC80450332020181LGN00
LC08_L2SP_044032_20200708_20200912_02_T1,LC08_L1TP_044032_20200708_20200912_02_T1,LC80440322020190LGN00,2020/07/08,T1,2, 044, 032, 044, 032,NADIR,   0.000,2020/09/12,2020/09/12,2020-07-08 18:44:51.053417,2020-07-08 18:45:22.823416,LGN,DAY,   0.01,   0.01,1048,5,    5.241,    3.598,    3.811,LPGS_15.3.1,64.58544570,128.65455452,FINAL,OLI_TIRS_L2SP,OLI_TIRS,8,UTM,10,WGS84,WGS84,40°19'58.40"N,121°13'14.20"W,41°23'25.84"N,122°33'52.60"W,41°20'50.71"N,119°49'18.52"W,39°17'25.84"N,122°34'40.48"W,39°15'01.73"N,119°55'07.21"W, 40.33289,-121.22061, 41.39051,-122.56461, 41.34742,-119.82181, 39.29051,-122.57791, 39.25048,-119.91867,LC08_L2SP_044032_20200708_20200912_02_T1,LC80440322020190LGN00
LC08_L2SP_044033_20200708_20200912_02_T1,LC08_L1TP_044033_20200708_20200912_02_T1,LC80440332020190LGN00,2020/07/08,T1,2, 044, 033, 044, 033,NADIR,   0.000,2020/09/12,2020/09/12,2020-07-08 18:45:14.94022,2020-07-08 18:45:46.71022,LGN,DAY,   0.01,   0.01,1413,5,    4.661,    3.250,    3.340,LPGS_15.3.1,65.23432442,125.65411322,FINAL,OLI_TIRS_L2SP,OLI_TIRS,8,UTM,10,WGS84,WGS84,38°54'16.38"N,121°40'07.28"W,39°57'32.18"N,122°59'43.15"W,39°55'39.47"N,120°18'22.32"W,37°51'10.62"N,122°59'43.62"W,37°49'26.04"N,120°23'04.27"W, 38.90455,-121.66869, 39.95894,-122.99532, 39.92763,-120.30620, 37.85295,-122.99545, 37.82390,-120.38452,LC08_L2SP_044033_20200708_20200912_02_T1,LC80440332020190LGN00
LC08_L2SP_045032_20200715_20200912_02_T1,LC08_L1TP_045032_20200715_20200912_02_T1,LC80450322020197LGN00,2020/07/15,T1,2, 045, 032, 045, 032,NADIR,   0.000,2020/09/12,2020/09/12,2020-07-15 18:51:04.356899,2020-07-15 18:51:36.126898,LGN,DAY,   0.15,   1.72,1343,5,    3.751,    2.678,    2.626,LPGS_15.3.1,63.69887364,129.78017797,FINAL,OLI_TIRS_L2SP,OLI_TIRS,8,UTM,10,WGS84,WGS84,40°19'58.04"N,122°45'47.12"W,41°23'08.20"N,124°08'49.16"W,41°22'47.42"N,121°22'24.82"W,39°15'41.90"N,124°06'41.72"W,39°15'22.57"N,121°25'25.50"W, 40.33279,-122.76309, 41.38561,-124.14699, 41.37984,-121.37356, 39.26164,-124.11159, 39.25627,-121.42375,LC08_L2SP_045032_20200715_20200912_02_T1,LC80450322020197LGN00
LC08_L2SP_045033_20200715_20200911_02_T1,LC08_L1TP_045033_20200715_20200911_02_T1,LC80450332020197LGN00,2020/07/15,T1,2, 045, 033, 045, 033,NADIR,   0.000,2020/09/11,2020/09/11,2020-07-15 18:51:28.247938,2020-07-15 18:52:00.017938,LGN,DAY,   3.97,  38.58,998,5,    3.480,    2.427,    2.495,LPGS_15.3.1,64.37480743,126.91431918,FINAL,OLI_TIRS_L2SP,OLI_TIRS,8,UTM,10,WGS84,WGS84,38°54'15.01"N,123°12'40.50"W,39°57'13.10"N,124°34'32.74"W,39°57'31.36"N,121°51'26.28"W,37°49'36.48"N,124°31'45.98"W,37°49'53.44"N,121°53'27.24"W, 38.90417,-123.21125, 39.95364,-124.57576, 39.95871,-121.85730, 37.82680,-124.52944, 37.83151,-121.89090,LC08_L2SP_045033_20200715_20200911_02_T1,LC80450332020197LGN00
LC08_L2SP_044032_20200724_20200910_02_T1,LC08_L1TP_044032_20200724_20200910_02_T1,LC80440322020206LGN00,2020/07/24,T1,2, 044, 032, 044, 032,NADIR,   0.000,2020/09/10,2020/09/10,2020-07-24 18:44:56.232453,2020-07-24 18:45:28.002452,LGN,DAY,   0.40,   0.40,1017,5,    5.462,    3.839,    3.885,LPGS_15.3.1,62.28922139,131.92872293,FINAL,OLI_TIRS_L2SP,OLI_TIRS,8,UTM,10,WGS84,WGS84,40°19'57.18"N,121°12'50.87"W,41°23'25.73"N,122°33'26.75"W,41°20'50.35"N,119°49'05.63"W,39°17'25.73"N,122°34'15.42"W,39°15'01.40"N,119°54'54.72"W, 40.33255,-121.21413, 41.39048,-122.55743, 41.34732,-119.81823, 39.29048,-122.57095, 39.25039,-119.91520,LC08_L2SP_044032_20200724_20200910_02_T1,LC80440322020206LGN00
LC08_L2SP_044033_20200724_20200908_02_T1,LC08_L1TP_044033_20200724_20200908_02_T1,LC80440332020206LGN00,2020/07/24,T1,2, 044, 033, 044, 033,NADIR,   0.000,2020/09/08,2020/09/08,2020-07-24 18:45:20.11502,2020-07-24 18:45:51.885019,LGN,DAY,   0.05,   0.05,1390,5,    4.515,    3.204,    3.181,LPGS_15.3.1,63.01498070,129.27189955,FINAL,OLI_TIRS_L2SP,OLI_TIRS,8,UTM,10,WGS84,WGS84,38°54'15.98"N,121°39'43.49"W,39°57'32.18"N,122°59'17.84"W,39°55'38.89"N,120°17'57.05"W,37°51'10.62"N,122°59'19.07"W,37°49'25.50"N,120°22'39.76"W, 38.90444,-121.66208, 39.95894,-122.98829, 39.92747,-120.29918, 37.85295,-122.98863, 37.82375,-120.37771,LC08_L2SP_044033_20200724_20200908_02_T1,LC80440332020206LGN00
LC08_L2SP_045032_20200731_20200908_02_T1,LC08_L1TP_045032_20200731_20200908_02_T1,LC80450322020213LGN00,2020/07/31,T1,2, 045, 032, 045, 032,NADIR,   0.000,2020/09/08,2020/09/08,2020-07-31 18:51:08.66739,2020-07-31 18:51:40.437389,LGN,DAY,   0.47,   1.98,1307,5,    3.775,    2.587,    2.750,LPGS_15.3.1,60.99660796,134.05578064,FINAL,OLI_TIRS_L2SP,OLI_TIRS,8,UTM,10,WGS84,WGS84,40°19'57.68"N,122°45'12.78"W,41°23'08.59"N,124°08'10.43"W,41°22'46.85"N,121°21'46.08"W,39°15'42.23"N,124°06'04.18"W,39°15'22.07"N,121°24'47.95"W, 40.33269,-122.75355, 41.38572,-124.13623, 41.37968,-121.36280, 39.26173,-124.10116, 39.25613,-121.41332,LC08_L2SP_045032_20200731_20200908_02_T1,LC80450322020213LGN00
LC08_L2SP_045033_20200731_20200908_02_T1,LC08_L1TP_045033_20200731_20200908_02_T1,LC80450332020213LGN00,2020/07/31,T1,2, 045, 033, 045, 033,NADIR,   0.000,2020/09/08,2020/09/08,2020-07-31 18:51:32.554194,2020-07-31 18:52:04.324193,LGN,DAY,   5.56,  37.65,922,5,    3.305,    2.294,    2.380,LPGS_15.3.1,61.77058917,131.57840169,FINAL,OLI_TIRS_L2SP,OLI_TIRS,8,UTM,10,WGS84,WGS84,38°54'15.70"N,123°12'05.87"W,39°57'13.61"N,124°33'54.79"W,39°57'31"N,121°50'48.37"W,37°49'36.95"N,124°31'09.19"W,37°49'53.08"N,121°52'50.41"W, 38.90436,-123.20163, 39.95378,-124.56522, 39.95861,-121.84677, 37.82693,-124.51922, 37.83141,-121.88067,LC08_L2SP_045033_20200731_20200908_02_T1,LC80450332020213LGN00
LC08_L2SP_044032_20200809_20200918_02_T1,LC08_L1TP_044032_20200809_20200918_02_T1,LC80440322020222LGN00,2020/08/09,T1,2, 044, 032, 044, 032,NADIR,   0.000,2020/09/18,2020/09/18,2020-08-09 18:44:59.37316,2020-08-09 18:45:31.143159,LGN,DAY,   0.01,   0.01,989,5,    5.384,    3.593,    4.009,LPGS_15.3.1,59.09517094,137.19767173,FINAL,OLI_TIRS_L2SP,OLI_TIRS,8,UTM,10,WGS84,WGS84,40°19'57.18"N,121°12'05.29"W,41°23'25.58"N,122°32'48.01"W,41°20'48.95"N,119°48'14.08"W,39°17'25.58"N,122°33'37.84"W,39°15'00.07"N,119°54'04.72"W, 40.33255,-121.20147, 41.39044,-122.54667, 41.34693,-119.80391, 39.29044,-122.56051, 39.25002,-119.90131,LC08_L2SP_044032_20200809_20200918_02_T1,LC80440322020222LGN00
LC08_L2SP_044033_20200809_20200918_02_T1,LC08_L1TP_044033_20200809_20200918_02_T1,LC80440332020222LGN00,2020/08/09,T1,2, 044, 033, 044, 033,NADIR,   0.000,2020/09/18,2020/09/18,2020-08-09 18:45:23.255727,2020-08-09 18:45:55.025726,LGN,DAY,   0.00,   0.00,1366,5,    4.365,    2.992,    3.179,LPGS_15.3.1,59.93781064,134.96410569,FINAL,OLI_TIRS_L2SP,OLI_TIRS,8,UTM,10,WGS84,WGS84,38°54'16.06"N,121°38'57.77"W,39°57'32.18"N,122°58'27.26"W,39°55'37.70"N,120°17'06.54"W,37°51'20.34"N,122°58'29.96"W,37°49'34.14"N,120°21'50.36"W, 38.90446,-121.64938, 39.95894,-122.97424, 39.92714,-120.28515, 37.85565,-122.97499, 37.82615,-120.36399,LC08_L2SP_044033_20200809_20200918_02_T1,LC80440332020222LGN00
LC08_L2SP_044032_20200825_20200905_02_T1,LC08_L1TP_044032_20200825_20200905_02_T1,LC80440322020238LGN00,2020/08/25,T1,2, 044, 032, 044, 032,NADIR,   0.000,2020/09/05,2020/09/05,2020-08-25 18:45:07.35061,2020-08-25 18:45:39.120609,LGN,DAY,  14.07,  14.07,767,5,    5.821,    3.847,    4.369,LPGS_15.3.1,55.06899991,143.34306096,FINAL,OLI_TIRS_L2SP,OLI_TIRS,8,UTM,10,WGS84,WGS84,40°19'58.19"N,121°12'45.61"W,41°23'25.73"N,122°33'26.75"W,41°20'49.99"N,119°48'52.74"W,39°17'25.73"N,122°34'15.42"W,39°15'01.08"N,119°54'42.23"W, 40.33283,-121.21267, 41.39048,-122.55743, 41.34722,-119.81465, 39.29048,-122.57095, 39.25030,-119.91173,LC08_L2SP_044032_20200825_20200905_02_T1,LC80440322020238LGN00
LC08_L2SP_044033_20200825_20200905_02_T1,LC08_L1TP_044033_20200825_20200905_02_T1,LC80440332020238LGN00,2020/08/25,T1,2, 044, 033, 044, 033,NADIR,   0.000,2020/09/05,2020/09/05,2020-08-25 18:45:31.237414,2020-08-25 18:46:03.007413,LGN,DAY,   5.00,   5.00,1247,5,    4.537,    2.954,    3.443,LPGS_15.3.1,56.03772283,141.54129040,FINAL,OLI_TIRS_L2SP,OLI_TIRS,8,UTM,10,WGS84,WGS84,38°54'16.38"N,121°39'38.16"W,39°57'32.18"N,122°59'05.21"W,39°55'38.60"N,120°17'44.41"W,37°51'20.38"N,122°59'06.79"W,37°49'34.93"N,120°22'27.16"W, 38.90455,-121.66060, 39.95894,-122.98478, 39.92739,-120.29567, 37.85566,-122.98522, 37.82637,-120.37421,LC08_L2SP_044033_20200825_20200905_02_T1,LC80440332020238LGN00
LC08_L2SP_045032_20200901_20200906_02_T1,LC08_L1TP_045032_20200901_20200906_02_T1,LC80450322020245LGN00,2020/09/01,T1,2, 045, 032, 045, 032,NADIR,   0.000,2020/09/06,2020/09/06,2020-09-01 18:51:21.470538,2020-09-01 18:51:53.240537,LGN,DAY,  12.20,  13.60,1295,5,    4.679,    3.001,    3.589,LPGS_15.3.1,53.07257741,146.05805039,FINAL,OLI_TIRS_L2SP,OLI_TIRS,8,UTM,10,WGS84,WGS84,40°19'57.68"N,122°45'43.78"W,41°23'08.20"N,124°08'49.16"W,41°22'47.42"N,121°22'24.82"W,39°15'41.90"N,124°06'41.72"W,39°15'22.57"N,121°25'25.50"W, 40.33269,-122.76216, 41.38561,-124.14699, 41.37984,-121.37356, 39.26164,-124.11159, 39.25627,-121.42375,LC08_L2SP_045032_20200901_20200906_02_T1,LC80450322020245LGN00
LC08_L2SP_045033_20200901_20200906_02_T1,LC08_L1TP_045033_20200901_20200906_02_T1,LC80450332020245LGN00,2020/09/01,T1,2, 045, 033, 045, 033,NADIR,   0.000,2020/09/06,2020/09/06,2020-09-01 18:51:45.361577,2020-09-01 18:52:17.131576,LGN,DAY,  23.77,  50.87,801,5,    4.121,    2.777,    3.046,LPGS_15.3.1,54.09328983,144.43294175,FINAL,OLI_TIRS_L2SP,OLI_TIRS,8,UTM,10,WGS84,WGS84,38°54'15.01"N,123°12'36.61"W,39°57'13.25"N,124°34'20.10"W,39°57'31.25"N,121°51'13.64"W,37°49'36.62"N,124°31'33.71"W,37°49'53.29"N,121°53'14.96"W, 38.90417,-123.21017, 39.95368,-124.57225, 39.95868,-121.85379, 37.82684,-124.52603, 37.83147,-121.88749,LC08_L2SP_045033_20200901_20200906_02_T1,LC80450332020245LGN00
LC08_L2SP_044032_20200910_20200919_02_T1,LC08_L1TP_044032_20200910_20200919_02_T1,LC80440322020254LGN00,2020/09/10,T1,2, 044, 032, 044, 032,NADIR,   0.000,2020/09/19,2020/09/19,2020-09-10 18:45:14.221847,2020-09-10 18:45:45.991847,LGN,DAY,  28.75,  28.75,959,5,    6.252,    3.917,    4.873,LPGS_15.3.1,50.32515255,149.40568843,FINAL,OLI_TIRS_L2SP,OLI_TIRS,8,UTM,10,WGS84,WGS84,40°19'58.87"N,121°13'23.92"W,41°23'25.87"N,122°34'05.52"W,41°20'51.07"N,119°49'31.40"W,39°17'25.87"N,122°34'52.97"W,39°15'02.09"N,119°55'19.70"W, 40.33302,-121.22331, 41.39052,-122.56820, 41.34752,-119.82539, 39.29052,-122.58138, 39.25058,-119.92214,LC08_L2SP_044032_20200910_20200919_02_T1,LC80440322020254LGN00
LC08_L2SP_045032_20200917_20201005_02_T1,LC08_L1TP_045032_20200917_20201005_02_T1,LC80450322020261LGN00,2020/09/17,T1,2, 045, 032, 045, 032,NADIR,   0.000,2020/10/05,2020/10/05,2020-09-17 18:51:27.406014,2020-09-17 18:51:59.176014,LGN,DAY,   9.82,  11.21,1179,5,    5.656,    3.659,    4.313,LPGS_15.3.1,48.06584163,151.83837155,FINAL,OLI_TIRS_L2SP,OLI_TIRS,8,UTM,10,WGS84,WGS84,40°19'57.58"N,122°46'15.02"W,41°23'07.94"N,124°09'14.98"W,41°22'47.78"N,121°22'50.63"W,39°15'41.65"N,124°07'06.74"W,39°15'22.93"N,121°25'50.52"W, 40.33266,-122.77084, 41.38554,-124.15416, 41.37994,-121.38073, 39.26157,-124.11854, 39.25637,-121.43070,LC08_L2SP_045032_20200917_20201005_02_T1,LC80450322020261LGN00
LC08_L2SP_045033_20200917_20201005_02_T1,LC08_L1TP_045033_20200917_20201005_02_T1,LC80450332020261LGN00,2020/09/17,T1,2, 045, 033, 045, 033,NADIR,   0.000,2020/10/05,2020/10/05,2020-09-17 18:51:51.297054,2020-09-17 18:52:23.067053,LGN,DAY,   5.64,  28.77,945,5,    4.133,    2.634,    3.184,LPGS_15.3.1,49.18840185,150.56792516,FINAL,OLI_TIRS_L2SP,OLI_TIRS,8,UTM,10,WGS84,WGS84,38°54'15.05"N,123°13'07.54"W,39°57'12.74"N,124°34'58.01"W,39°57'31.61"N,121°51'51.59"W,37°49'36.16"N,124°32'10.54"W,37°49'53.65"N,121°53'51.79"W, 38.90418,-123.21876, 39.95354,-124.58278, 39.95878,-121.86433, 37.82671,-124.53626, 37.83157,-121.89772,LC08_L2SP_045033_20200917_20201005_02_T1,LC80450332020261LGN00
LC08_L2SP_044032_20200926_20201008_02_T1,LC08_L1TP_044032_20200926_20201008_02_T1,LC80440322020270LGN00,2020/09/26,T1,2, 044, 032, 044, 032,NADIR,   0.000,2020/10/08,2020/10/08,2020-09-26 18:45:18.966465,2020-09-26 18:45:50.736464,LGN,DAY,   2.70,   2.70,912,5,    7.046,    3.957,    5.830,LPGS_15.3.1,45.05173868,154.66927115,FINAL,OLI_TIRS_L2SP,OLI_TIRS,8,UTM,10,WGS84,WGS84,40°19'57.50"N,121°13'46.31"W,41°23'25.98"N,122°34'31.37"W,41°20'51.79"N,119°49'57.18"W,39°17'25.94"N,122°35'18.02"W,39°15'02.74"N,119°55'44.72"W, 40.33264,-121.22953, 41.39055,-122.57538, 41.34772,-119.83255, 39.29054,-122.58834, 39.25076,-119.92909,LC08_L2SP_044032_20200926_20201008_02_T1,LC80440322020270LGN00
LC08_L2SP_044033_20200926_20201008_02_T1,LC08_L1TP_044033_20200926_20201008_02_T1,LC80440332020270LGN00,2020/09/26,T1,2, 044, 033, 044, 033,NADIR,   0.000,2020/10/08,2020/10/08,2020-09-26 18:45:42.849032,2020-09-26 18:46:14.619032,LGN,DAY,  12.07,  12.07,1315,5,    5.594,    3.095,    4.659,LPGS_15.3.1,46.21941839,153.56308643,FINAL,OLI_TIRS_L2SP,OLI_TIRS,8,UTM,10,WGS84,WGS84,38°54'16.60"N,121°40'38.03"W,39°57'32.18"N,123°00'08.42"W,39°55'40.08"N,120°18'47.56"W,37°51'10.62"N,123°00'08.17"W,37°49'26.58"N,120°23'28.79"W, 38.90461,-121.67723, 39.95894,-123.00234, 39.92780,-120.31321, 37.85295,-123.00227, 37.82405,-120.39133,LC08_L2SP_044033_20200926_20201008_02_T1,LC80440332020270LGN00
LC08_L2SP_045032_20201003_20201015_02_T1,LC08_L1TP_045032_20201003_20201015_02_T1,LC80450322020277LGN00,2020/10/03,T1,2, 045, 032, 045, 032,NADIR,   0.000,2020/10/15,2020/10/15,2020-10-03 18:51:31.079288,2020-10-03 18:52:02.849288,LGN,DAY,   5.57,   7.15,1247,5,    5.876,    3.583,    4.657,LPGS_15.3.1,42.65515776,156.61331502,FINAL,OLI_TIRS_L2SP,OLI_TIRS,8,UTM,10,WGS84,WGS84,40°19'58.84"N,122°46'29.21"W,41°23'07.84"N,124°09'27.90"W,41°22'47.96"N,121°23'03.55"W,39°15'41.54"N,124°07'19.27"W,39°15'23.08"N,121°26'03.05"W, 40.33301,-122.77478, 41.38551,-124.15775, 41.37999,-121.38432, 39.26154,-124.12202, 39.25641,-121.43418,LC08_L2SP_045032_20201003_20201015_02_T1,LC80450322020277LGN00
LC08_L2SP_045033_20201003_20201015_02_T1,LC08_L1TP_045033_20201003_20201015_02_T1,LC80450332020277LGN00,2020/10/03,T1,2, 045, 033, 045, 033,NADIR,   0.000,2020/10/15,2020/10/15,2020-10-03 18:51:54.974564,2020-10-03 18:52:26.744563,LGN,DAY,   2.33,  36.43,975,5,    4.572,    2.739,    3.661,LPGS_15.3.1,43.85295930,155.61603222,FINAL,OLI_TIRS_L2SP,OLI_TIRS,8,UTM,10,WGS84,WGS84,38°54'15.05"N,123°13'21.58"W,39°57'12.56"N,124°35'10.64"W,39°57'31.75"N,121°52'04.22"W,37°49'35.98"N,124°32'22.78"W,37°49'53.76"N,121°54'04.03"W, 38.90418,-123.22266, 39.95349,-124.58629, 39.95882,-121.86784, 37.82666,-124.53966, 37.83160,-121.90112,LC08_L2SP_045033_20201003_20201015_02_T1,LC80450332020277LGN00
LC08_L2SP_044032_20201012_20201105_02_T1,LC08_L1TP_044032_20201012_20201105_02_T1,LC80440322020286LGN00,2020/10/12,T1,2, 044, 032, 044, 032,NADIR,   0.000,2020/11/05,2020/11/05,2020-10-12 18:45:21.133084,2020-10-12 18:45:52.903083,LGN,DAY,   0.01,   0.01,887,5,    7.428,    3.968,    6.280,LPGS_15.3.1,39.56443561,158.72827417,FINAL,OLI_TIRS_L2SP,OLI_TIRS,8,UTM,10,WGS84,WGS84,40°19'58.58"N,121°13'45.30"W,41°23'25.98"N,122°34'31.37"W,41°20'51.79"N,119°49'57.18"W,39°17'25.94"N,122°35'18.02"W,39°15'02.74"N,119°55'44.72"W, 40.33294,-121.22925, 41.39055,-122.57538, 41.34772,-119.83255, 39.29054,-122.58834, 39.25076,-119.92909,LC08_L2SP_044032_20201012_20201105_02_T1,LC80440322020286LGN00
LC08_L2SP_044033_20201012_20201105_02_T1,LC08_L1TP_044033_20201012_20201105_02_T1,LC80440332020286LGN00,2020/10/12,T1,2, 044, 033, 044, 033,NADIR,   0.000,2020/11/05,2020/11/05,2020-10-12 18:45:45.028359,2020-10-12 18:46:16.798359,LGN,DAY,   0.02,   0.02,1269,5,    6.209,    3.352,    5.227,LPGS_15.3.1,40.79261141,157.84927327,FINAL,OLI_TIRS_L2SP,OLI_TIRS,8,UTM,10,WGS84,WGS84,38°54'14.83"N,121°40'37.70"W,39°57'32.18"N,123°00'08.42"W,39°55'40.08"N,120°18'47.56"W,37°51'10.62"N,123°00'08.17"W,37°49'26.58"N,120°23'28.79"W, 38.90412,-121.67714, 39.95894,-123.00234, 39.92780,-120.31321, 37.85295,-123.00227, 37.82405,-120.39133,LC08_L2SP_044033_20201012_20201105_02_T1,LC80440332020286LGN00
LC08_L2SP_045032_20201019_20201105_02_T1,LC08_L1TP_045032_20201019_20201105_02_T1,LC80450322020293LGN00,2020/10/19,T1,2, 045, 032, 045, 032,NADIR,   0.000,2020/11/05,2020/11/05,2020-10-19 18:51:32.094264,2020-10-19 18:52:03.864264,LGN,DAY,   0.15,   0.15,1231,5,    6.663,    3.411,    5.724,LPGS_15.3.1,37.19089074,160.06214592,FINAL,OLI_TIRS_L2SP,OLI_TIRS,8,UTM,10,WGS84,WGS84,40°19'58.80"N,122°46'21.47"W,41°23'07.84"N,124°09'27.90"W,41°22'47.96"N,121°23'03.55"W,39°15'41.54"N,124°07'19.27"W,39°15'23.08"N,121°26'03.05"W, 40.33300,-122.77263, 41.38551,-124.15775, 41.37999,-121.38432, 39.26154,-124.12202, 39.25641,-121.43418,LC08_L2SP_045032_20201019_20201105_02_T1,LC80450322020293LGN00
LC08_L2SP_045033_20201019_20201105_02_T1,LC08_L1TP_045033_20201019_20201105_02_T1,LC80450332020293LGN00,2020/10/19,T1,2, 045, 033, 045, 033,NADIR,   0.000,2020/11/05,2020/11/05,2020-10-19 18:51:55.985304,2020-10-19 18:52:27.755303,LGN,DAY,   0.27,   3.77,1016,5,    5.843,    2.872,    5.089,LPGS_15.3.1,38.43717680,159.25950209,FINAL,OLI_TIRS_L2SP,OLI_TIRS,8,UTM,10,WGS84,WGS84,38°54'15.77"N,123°13'13.40"W,39°57'12.74"N,124°34'58.01"W,39°57'31.61"N,121°51'51.59"W,37°49'36.16"N,124°32'10.54"W,37°49'53.65"N,121°53'51.79"W, 38.90438,-123.22039, 39.95354,-124.58278, 39.95878,-121.86433, 37.82671,-124.53626, 37.83157,-121.89772,LC08_L2SP_045033_20201019_20201105_02_T1,LC80450332020293LGN00
LC08_L2SP_044032_20201028_20201106_02_T1,LC08_L1TP_044032_20201028_20201106_02_T1,LC80440322020302LGN00,2020/10/28,T1,2, 044, 032, 044, 032,NADIR,   0.000,2020/11/06,2020/11/06,2020-10-28 18:45:20.610976,2020-10-28 18:45:52.380975,LGN,DAY,   0.07,   0.07,811,5,    7.861,    4.026,    6.752,LPGS_15.3.1,34.25634092,161.37119035,FINAL,OLI_TIRS_L2SP,OLI_TIRS,8,UTM,10,WGS84,WGS84,40°19'57.83"N,121°13'19.06"W,41°23'25.87"N,122°34'05.52"W,41°20'51.07"N,119°49'31.40"W,39°17'25.87"N,122°34'52.97"W,39°15'02.09"N,119°55'19.70"W, 40.33273,-121.22196, 41.39052,-122.56820, 41.34752,-119.82539, 39.29052,-122.58138, 39.25058,-119.92214,LC08_L2SP_044032_20201028_20201106_02_T1,LC80440322020302LGN00
LC08_L2SP_044033_20201028_20201106_02_T1,LC08_L1TP_044033_20201028_20201106_02_T1,LC80440332020302LGN00,2020/10/28,T1,2, 044, 033, 044, 033,NADIR,   0.000,2020/11/06,2020/11/06,2020-10-28 18:45:44.49778,2020-10-28 18:46:16.267779,LGN,DAY,   0.03,   0.03,1234,5,    6.620,    3.350,    5.710,LPGS_15.3.1,35.51967537,160.64823362,FINAL,OLI_TIRS_L2SP,OLI_TIRS,8,UTM,10,WGS84,WGS84,38°54'15.66"N,121°40'10.60"W,39°57'32.18"N,122°59'43.15"W,39°55'39.47"N,120°18'22.32"W,37°51'10.62"N,122°59'43.62"W,37°49'26.04"N,120°23'04.27"W, 38.90435,-121.66961, 39.95894,-122.99532, 39.92763,-120.30620, 37.85295,-122.99545, 37.82390,-120.38452,LC08_L2SP_044033_20201028_20201106_02_T1,LC80440332020302LGN00
LC08_L2SP_045032_20201120_20210315_02_T1,LC08_L1TP_045032_20201120_20210315_02_T1,LC80450322020325LGN00,2020/11/20,T1,2, 045, 032, 045, 032,NADIR,   0.000,2021/03/15,2021/03/15,2020-11-20 18:51:30.770739,2020-11-20 18:52:02.540738,LGN,DAY,   5.91,   5.81,1003,5,    7.415,    4.077,    6.194,LPGS_15.4.0,27.87327094,162.66317296,FINAL,OLI_TIRS_L2SP,OLI_TIRS,8,UTM,10,WGS84,WGS84,40°19'57.61"N,122°45'56.92"W,41°22'58.37"N,124°09'01.91"W,41°22'37.85"N,121°22'37.99"W,39°15'41.76"N,124°06'54.22"W,39°15'22.75"N,121°25'38.03"W, 40.33267,-122.76581, 41.38288,-124.15053, 41.37718,-121.37722, 39.26160,-124.11506, 39.25632,-121.42723,LC08_L2SP_045032_20201120_20210315_02_T1,LC80450322020325LGN00
LC08_L2SP_045033_20201120_20210315_02_T1,LC08_L1TP_045033_20201120_20210315_02_T1,LC80450332020325LGN00,2020/11/20,T1,2, 045, 033, 045, 033,NADIR,   0.000,2021/03/15,2021/03/15,2020-11-20 18:51:54.657542,2020-11-20 18:52:26.427541,LGN,DAY,   7.57,   9.17,902,5,    6.687,    3.492,    5.702,LPGS_15.4.0,29.15335149,162.06735348,FINAL,OLI_TIRS_L2SP,OLI_TIRS,8,UTM,10,WGS84,WGS84,38°54'15.26"N,123°12'47.88"W,39°57'13.10"N,124°34'32.74"W,39°57'31.36"N,121°51'26.28"W,37°49'36.48"N,124°31'45.98"W,37°49'53.44"N,121°53'27.24"W, 38.90424,-123.21330, 39.95364,-124.57576, 39.95871,-121.85730, 37.82680,-124.52944, 37.83151,-121.89090,LC08_L2SP_045033_20201120_20210315_02_T1,LC80450332020325LGN00
LC08_L2SP_044032_20201129_20210316_02_T1,LC08_L1TP_044032_20201129_20210316_02_T1,LC80440322020334LGN00,2020/11/29,T1,2, 044, 032, 044, 032,NADIR,   0.000,2021/03/16,2021/03/16,2020-11-29 18:45:21.86751,2020-11-29 18:45:53.637509,LGN,DAY,   2.39,   2.39,565,5,    8.620,    4.887,    7.101,LPGS_15.4.0,26.04080344,162.43613157,FINAL,OLI_TIRS_L2SP,OLI_TIRS,8,UTM,10,WGS84,WGS84,40°19'57.61"N,121°13'44.11"W,41°23'25.98"N,122°34'31.37"W,41°20'51.79"N,119°49'57.18"W,39°17'25.94"N,122°35'18.02"W,39°15'02.74"N,119°55'44.72"W, 40.33267,-121.22892, 41.39055,-122.57538, 41.34772,-119.83255, 39.29054,-122.58834, 39.25076,-119.92909,LC08_L2SP_044032_20201129_20210316_02_T1,LC80440322020334LGN00
LC08_L2SP_044033_20201129_20210316_02_T1,LC08_L1TP_044033_20201129_20210316_02_T1,LC80440332020334LGN00,2020/11/29,T1,2, 044, 033, 044, 033,NADIR,   0.000,2021/03/16,2021/03/16,2020-11-29 18:45:45.750077,2020-11-29 18:46:17.520076,LGN,DAY,   9.97,   9.97,1076,5,    7.380,    3.901,    6.266,LPGS_15.4.0,27.31806540,161.86606697,FINAL,OLI_TIRS_L2SP,OLI_TIRS,8,UTM,10,WGS84,WGS84,38°54'16.27"N,121°40'34.75"W,39°57'32.18"N,123°00'08.42"W,39°55'40.08"N,120°18'47.56"W,37°51'10.62"N,123°00'08.17"W,37°49'26.58"N,120°23'28.79"W, 38.90452,-121.67632, 39.95894,-123.00234, 39.92780,-120.31321, 37.85295,-123.00227, 37.82405,-120.39133,LC08_L2SP_044033_20201129_20210316_02_T1,LC80440332020334LGN00
LC08_L2SP_045032_20201206_20210313_02_T1,LC08_L1TP_045032_20201206_20210313_02_T1,LC80450322020341LGN00,2020/12/06,T1,2, 045, 032, 045, 032,NADIR,   0.000,2021/03/13,2021/03/13,2020-12-06 18:51:33.137847,2020-12-06 18:52:04.907847,LGN,DAY,  11.27,  11.07,889,5,    7.958,    4.230,    6.741,LPGS_15.4.0,24.94548651,162.01183699,FINAL,OLI_TIRS_L2SP,OLI_TIRS,8,UTM,10,WGS84,WGS84,40°19'58.69"N,122°46'47.60"W,41°23'07.55"N,124°09'53.75"W,41°22'48.32"N,121°23'29.36"W,39°15'41.29"N,124°07'44.29"W,39°15'23.44"N,121°26'28.07"W, 40.33297,-122.77989, 41.38543,-124.16493, 41.38009,-121.39149, 39.26147,-124.12897, 39.25651,-121.44113,LC08_L2SP_045032_20201206_20210313_02_T1,LC80450322020341LGN00
LC08_L2SP_045033_20201206_20210313_02_T1,LC08_L1TP_045033_20201206_20210313_02_T1,LC80450332020341LGN00,2020/12/06,T1,2, 045, 033, 045, 033,NADIR,   0.000,2021/03/13,2021/03/13,2020-12-06 18:51:57.024651,2020-12-06 18:52:28.79465,LGN,DAY,   3.32,   2.73,869,5,    7.095,    3.627,    6.098,LPGS_15.4.0,26.21790982,161.45379058,FINAL,OLI_TIRS_L2SP,OLI_TIRS,8,UTM,10,WGS84,WGS84,38°54'16.49"N,123°13'38.14"W,39°57'12.38"N,124°35'23.28"W,39°57'31.86"N,121°52'16.86"W,37°49'35.83"N,124°32'35.05"W,37°49'53.87"N,121°54'16.31"W, 38.90458,-123.22726, 39.95344,-124.58980, 39.95885,-121.87135, 37.82662,-124.54307, 37.83163,-121.90453,LC08_L2SP_045033_20201206_20210313_02_T1,LC80450332020341LGN00
LC08_L2SP_045032_20201222_20210310_02_T1,LC08_L1TP_045032_20201222_20210310_02_T1,LC80450322020357LGN00,2020/12/22,T1,2, 045, 032, 045, 032,NADIR,   0.000,2021/03/10,2021/03/10,2020-12-22 18:51:31.368684,2020-12-22 18:52:03.138683,LGN,DAY,   4.44,   4.36,882,5,    8.315,    4.543,    6.965,LPGS_15.4.0,23.68184576,160.39229488,FINAL,OLI_TIRS_L2SP,OLI_TIRS,8,UTM,10,WGS84,WGS84,40°19'57.79"N,122°46'47.42"W,41°22'57.83"N,124°09'53.57"W,41°22'38.60"N,121°23'29.62"W,39°15'41.29"N,124°07'44.29"W,39°15'23.44"N,121°26'28.07"W, 40.33272,-122.77984, 41.38273,-124.16488, 41.37739,-121.39156, 39.26147,-124.12897, 39.25651,-121.44113,LC08_L2SP_045032_20201222_20210310_02_T1,LC80450322020357LGN00
LC08_L2SP_045033_20201222_20210310_02_T1,LC08_L1TP_045033_20201222_20210310_02_T1,LC80450332020357LGN00,2020/12/22,T1,2, 045, 033, 045, 033,NADIR,   0.000,2021/03/10,2021/03/10,2020-12-22 18:51:55.259723,2020-12-22 18:52:27.029723,LGN,DAY,   1.88,   1.17,854,5,    7.571,    4.120,    6.352,LPGS_15.4.0,24.93413252,159.83708746,FINAL,OLI_TIRS_L2SP,OLI_TIRS,8,UTM,10,WGS84,WGS84,38°54'14.90"N,123°13'38.03"W,39°57'12.38"N,124°35'23.28"W,39°57'31.86"N,121°52'16.86"W,37°49'35.83"N,124°32'35.05"W,37°49'53.87"N,121°54'16.31"W, 38.90414,-123.22723, 39.95344,-124.58980, 39.95885,-121.87135, 37.82662,-124.54307, 37.83163,-121.90453,LC08_L2SP_045033_20201222_20210310_02_T1,LC80450332020357LGN00
LC08_L2SP_044032_20201231_20210308_02_T1,LC08_L1TP_044032_20201231_20210308_02_T1,LC80440322020366LGN01,2020/12/31,T1,2, 044, 032, 044, 032,NADIR,   0.000,2021/03/08,2021/03/08,2020-12-31 18:45:17.978394,2020-12-31 18:45:49.748394,LGN,DAY,  25.60,  25.60,413,5,    9.227,    5.151,    7.656,LPGS_15.4.0,23.78705829,159.20245138,FINAL,OLI_TIRS_L2SP,OLI_TIRS,8,UTM,10,WGS84,WGS84,40°19'57.32"N,121°13'45.66"W,41°23'25.98"N,122°34'31.37"W,41°20'51.79"N,119°49'57.18"W,39°17'25.94"N,122°35'18.02"W,39°15'02.74"N,119°55'44.72"W, 40.33259,-121.22935, 41.39055,-122.57538, 41.34772,-119.83255, 39.29054,-122.58834, 39.25076,-119.92909,LC08_L2SP_044032_20201231_20210308_02_T1,LC80440322020366LGN01
LC08_L2SP_044033_20201231_20210308_02_T1,LC08_L1TP_044033_20201231_20210308_02_T1,LC80440332020366LGN01,2020/12/31,T1,2, 044, 033, 044, 033,NADIR,   0.000,2021/03/08,2021/03/08,2020-12-31 18:45:41.865198,2020-12-31 18:46:13.635197,LGN,DAY,  13.15,  13.15,769,5,    8.452,    4.599,    7.091,LPGS_15.4.0,25.02353356,158.63406751,FINAL,OLI_TIRS_L2SP,OLI_TIRS,8,UTM,10,WGS84,WGS84,38°54'15.16"N,121°40'35.83"W,39°57'32.18"N,123°00'08.42"W,39°55'40.08"N,120°18'47.56"W,37°51'10.62"N,123°00'08.17"W,37°49'26.58"N,120°23'28.79"W, 38.90421,-121.67662, 39.95894,-123.00234, 39.92780,-120.31321, 37.85295,-123.00227, 37.82405,-120.39133,LC08_L2SP_044033_20201231_20210308_02_T1,LC80440332020366LGN01
LC08_L2SP_044032_20210116_20210306_02_T1,LC08_L1TP_044032_20210116_20210306_02_T1,LC80440322021016LGN00,2021/01/16,T1,2, 044, 032, 044, 032,NADIR,   0.000,2021/03/06,2021/03/06,2021-01-16 18:45:10.68681,2021-01-16 18:45:42.456809,LGN,DAY,   2.07,   2.07,456,5,    9.327,    5.277,    7.691,LPGS_15.4.0,25.43840791,156.83066049,FINAL,OLI_TIRS_L2SP,OLI_TIRS,8,UTM,10,WGS84,WGS84,40°19'58.44"N,121°12'47.63"W,41°23'25.73"N,122°33'26.75"W,41°20'49.99"N,119°48'52.74"W,39°17'25.73"N,122°34'15.42"W,39°15'01.08"N,119°54'42.23"W, 40.33290,-121.21323, 41.39048,-122.55743, 41.34722,-119.81465, 39.29048,-122.57095, 39.25030,-119.91173,LC08_L2SP_044032_20210116_20210306_02_T1,LC80440322021016LGN00
LC08_L2SP_044033_20210116_20210306_02_T1,LC08_L1TP_044033_20210116_20210306_02_T1,LC80440332021016LGN00,2021/01/16,T1,2, 044, 033, 044, 033,NADIR,   0.000,2021/03/06,2021/03/06,2021-01-16 18:45:34.577849,2021-01-16 18:46:06.347848,LGN,DAY,   7.90,   7.90,915,5,    7.951,    4.340,    6.662,LPGS_15.4.0,26.64216280,156.21069205,FINAL,OLI_TIRS_L2SP,OLI_TIRS,8,UTM,10,WGS84,WGS84,38°54'15.30"N,121°39'37.62"W,39°57'32.18"N,122°59'05.21"W,39°55'38.89"N,120°17'57.05"W,37°51'20.38"N,122°59'06.79"W,37°49'35.22"N,120°22'39.43"W, 38.90425,-121.66045, 39.95894,-122.98478, 39.92747,-120.29918, 37.85566,-122.98522, 37.82645,-120.37762,LC08_L2SP_044033_20210116_20210306_02_T1,LC80440332021016LGN00
LC08_L2SP_045032_20210123_20210305_02_T1,LC08_L1TP_045032_20210123_20210305_02_T1,LC80450322021023LGN00,2021/01/23,T1,2, 045, 032, 045, 032,NADIR,   0.000,2021/03/05,2021/03/05,2021-01-23 18:51:20.410761,2021-01-23 18:51:52.18076,LGN,DAY,   9.67,   9.52,899,5,    8.091,    4.458,    6.752,LPGS_15.4.0,26.72503760,155.76676625,FINAL,OLI_TIRS_L2SP,OLI_TIRS,8,UTM,10,WGS84,WGS84,40°19'57.54"N,122°45'35.64"W,41°22'58.62"N,124°08'36.06"W,41°22'37.49"N,121°22'12.14"W,39°15'42.01"N,124°06'29.20"W,39°15'22.43"N,121°25'12.97"W, 40.33265,-122.75990, 41.38295,-124.14335, 41.37708,-121.37004, 39.26167,-124.10811, 39.25623,-121.42027,LC08_L2SP_045032_20210123_20210305_02_T1,LC80450322021023LGN00
LC08_L2SP_045033_20210123_20210305_02_T1,LC08_L1TP_045033_20210123_20210305_02_T1,LC80450332021023LGN00,2021/01/23,T1,2, 045, 033, 045, 033,NADIR,   0.000,2021/03/05,2021/03/05,2021-01-23 18:51:44.297564,2021-01-23 18:52:16.067564,LGN,DAY,   5.41,   8.92,809,5,    7.778,    4.211,    6.539,LPGS_15.4.0,27.91297341,155.11245406,FINAL,OLI_TIRS_L2SP,OLI_TIRS,8,UTM,10,WGS84,WGS84,38°54'15.41"N,123°12'25.49"W,39°57'03.71"N,124°34'07.21"W,39°57'21.38"N,121°51'01.19"W,37°49'36.80"N,124°31'21.47"W,37°49'53.18"N,121°53'02.69"W, 38.90428,-123.20708, 39.95103,-124.56867, 39.95594,-121.85033, 37.82689,-124.52263, 37.83144,-121.88408,LC08_L2SP_045033_20210123_20210305_02_T1,LC80450332021023LGN00
LC08_L2SP_044033_20210201_20210302_02_T1,LC08_L1TP_044033_20210201_20210302_02_T1,LC80440332021032LGN00,2021/02/01,T1,2, 044, 033, 044, 033,NADIR,   0.000,2021/03/02,2021/03/02,2021-02-01 18:45:32.673575,2021-02-01 18:46:04.443574,LGN,DAY,  59.42,  59.41,353,5,    8.139,    4.985,    6.434,LPGS_15.4.0,29.99682800,153.71713411,FINAL,OLI_TIRS_L2SP,OLI_TIRS,8,UTM,10,WGS84,WGS84,38°54'15.12"N,121°40'14.66"W,39°57'32.18"N,122°59'43.15"W,39°55'39.79"N,120°18'34.92"W,37°51'10.62"N,122°59'43.62"W,37°49'26.33"N,120°23'16.55"W, 38.90420,-121.67074, 39.95894,-122.99532, 39.92772,-120.30970, 37.85295,-122.99545, 37.82398,-120.38793,LC08_L2SP_044033_20210201_20210302_02_T1,LC80440332021032LGN00
LC08_L2SP_044032_20210217_20210302_02_T1,LC08_L1TP_044032_20210217_20210302_02_T1,LC80440322021048LGN00,2021/02/17,T1,2, 044, 032, 044, 032,NADIR,   0.000,2021/03/02,2021/03/02,2021-02-17 18:45:04.914056,2021-02-17 18:45:36.684055,LGN,DAY,   3.77,   3.77,496,5,    8.338,    4.943,    6.714,LPGS_15.4.0,33.62798039,152.18079760,FINAL,OLI_TIRS_L2SP,OLI_TIRS,8,UTM,10,WGS84,WGS84,40°19'57.90"N,121°13'49.66"W,41°23'25.98"N,122°34'31.37"W,41°20'51.79"N,119°49'57.18"W,39°17'25.94"N,122°35'18.02"W,39°15'02.74"N,119°55'44.72"W, 40.33275,-121.23046, 41.39055,-122.57538, 41.34772,-119.83255, 39.29054,-122.58834, 39.25076,-119.92909,LC08_L2SP_044032_20210217_20210302_02_T1,LC80440322021048LGN00
LC08_L2SP_044033_20210217_20210302_02_T1,LC08_L1TP_044033_20210217_20210302_02_T1,LC80440332021048LGN00,2021/02/17,T1,2, 044, 033, 044, 033,NADIR,   0.000,2021/03/02,2021/03/02,2021-02-17 18:45:28.800859,2021-02-17 18:46:00.570858,LGN,DAY,   3.72,   3.72,1005,5,    7.221,    4.447,    5.689,LPGS_15.4.0,34.75998022,151.33970975,FINAL,OLI_TIRS_L2SP,OLI_TIRS,8,UTM,10,WGS84,WGS84,38°54'15.30"N,121°40'38.60"W,39°57'32.18"N,123°00'08.42"W,39°55'40.08"N,120°18'47.56"W,37°51'10.62"N,123°00'08.17"W,37°49'26.58"N,120°23'28.79"W, 38.90425,-121.67739, 39.95894,-123.00234, 39.92780,-120.31321, 37.85295,-123.00227, 37.82405,-120.39133,LC08_L2SP_044033_20210217_20210302_02_T1,LC80440332021048LGN00
LC08_L2SP_045032_20210224_20210304_02_T1,LC08_L1TP_045032_20210224_20210304_02_T1,LC80450322021055LGN00,2021/02/24,T1,2, 045, 032, 045, 032,NADIR,   0.000,2021/03/04,2021/03/04,2021-02-24 18:51:13.079639,2021-02-24 18:51:44.849638,LGN,DAY,   0.83,   0.81,1129,5,    6.875,    3.998,    5.593,LPGS_15.4.0,36.06082584,151.26576313,FINAL,OLI_TIRS_L2SP,OLI_TIRS,8,UTM,10,WGS84,WGS84,40°19'57.14"N,122°46'28.38"W,41°22'58.08"N,124°09'27.72"W,41°22'38.24"N,121°23'03.80"W,39°15'41.54"N,124°07'19.27"W,39°15'23.08"N,121°26'03.05"W, 40.33254,-122.77455, 41.38280,-124.15770, 41.37729,-121.38439, 39.26154,-124.12202, 39.25641,-121.43418,LC08_L2SP_045032_20210224_20210304_02_T1,LC80450322021055LGN00
LC08_L2SP_045033_20210224_20210304_02_T1,LC08_L1TP_045033_20210224_20210304_02_T1,LC80450332021055LGN00,2021/02/24,T1,2, 045, 033, 045, 033,NADIR,   0.000,2021/03/04,2021/03/04,2021-02-24 18:51:36.962206,2021-02-24 18:52:08.732205,LGN,DAY,   0.25,   0.16,959,5,    6.214,    3.719,    4.978,LPGS_15.4.0,37.17736194,150.35284548,FINAL,OLI_TIRS_L2SP,OLI_TIRS,8,UTM,10,WGS84,WGS84,38°54'15.44"N,123°13'17.04"W,39°57'12.56"N,124°35'10.64"W,39°57'31.75"N,121°52'04.22"W,37°49'35.98"N,124°32'22.78"W,37°49'53.76"N,121°54'04.03"W, 38.90429,-123.22140, 39.95349,-124.58629, 39.95882,-121.86784, 37.82666,-124.53966, 37.83160,-121.90112,LC08_L2SP_045033_20210224_20210304_02_T1,LC80450332021055LGN00
LC08_L2SP_044032_20210305_20210312_02_T1,LC08_L1TP_044032_20210305_20210312_02_T1,LC80440322021064LGN00,2021/03/05,T1,2, 044, 032, 044, 032,NADIR,   0.000,2021/03/12,2021/03/12,2021-03-05 18:44:57.843446,2021-03-05 18:45:29.613445,LGN,DAY,   1.69,   1.69,588,5,    8.112,    5.125,    6.288,LPGS_15.4.0,39.38517932,150.12873562,FINAL,OLI_TIRS_L2SP,OLI_TIRS,8,UTM,10,WGS84,WGS84,40°19'58.08"N,121°13'43.68"W,41°23'25.91"N,122°34'18.44"W,41°20'51.79"N,119°49'57.18"W,39°17'25.91"N,122°35'05.50"W,39°15'02.74"N,119°55'44.72"W, 40.33280,-121.22880, 41.39053,-122.57179, 41.34772,-119.83255, 39.29053,-122.58486, 39.25076,-119.92909,LC08_L2SP_044032_20210305_20210312_02_T1,LC80440322021064LGN00
LC08_L2SP_044033_20210305_20210312_02_T1,LC08_L1TP_044033_20210305_20210312_02_T1,LC80440332021064LGN00,2021/03/05,T1,2, 044, 033, 044, 033,NADIR,   0.000,2021/03/12,2021/03/12,2021-03-05 18:45:21.730249,2021-03-05 18:45:53.500248,LGN,DAY,   7.42,   7.43,911,5,    7.018,    4.382,    5.482,LPGS_15.4.0,40.48243563,149.10910644,FINAL,OLI_TIRS_L2SP,OLI_TIRS,8,UTM,10,WGS84,WGS84,38°54'15.34"N,121°40'32.23"W,39°57'32.18"N,123°00'08.42"W,39°55'40.08"N,120°18'47.56"W,37°51'10.62"N,123°00'08.17"W,37°49'26.58"N,120°23'28.79"W, 38.90426,-121.67562, 39.95894,-123.00234, 39.92780,-120.31321, 37.85295,-123.00227, 37.82405,-120.39133,LC08_L2SP_044033_20210305_20210312_02_T1,LC80440332021064LGN00
LC08_L2SP_045032_20210312_20210317_02_T1,LC08_L1TP_045032_20210312_20210317_02_T1,LC80450322021071LGN00,2021/03/12,T1,2, 045, 032, 045, 032,NADIR,   0.000,2021/03/17,2021/03/17,2021-03-12 18:51:04.543975,2021-03-12 18:51:36.313975,LGN,DAY,   1.82,   1.79,1052,5,    6.344,    4.051,    4.882,LPGS_15.4.0,42.07708116,149.24979162,FINAL,OLI_TIRS_L2SP,OLI_TIRS,8,UTM,10,WGS84,WGS84,40°19'57.25"N,122°46'11.75"W,41°22'58.22"N,124°09'14.83"W,41°22'38.06"N,121°22'50.88"W,39°15'41.65"N,124°07'06.74"W,39°15'22.93"N,121°25'50.52"W, 40.33257,-122.76993, 41.38284,-124.15412, 41.37724,-121.38080, 39.26157,-124.11854, 39.25637,-121.43070,LC08_L2SP_045032_20210312_20210317_02_T1,LC80450322021071LGN00
LC08_L2SP_045033_20210312_20210318_02_T1,LC08_L1TP_045033_20210312_20210317_02_T1,LC80450332021071LGN00,2021/03/12,T1,2, 045, 033, 045, 033,NADIR,   0.000,2021/03/18,2021/03/17,2021-03-12 18:51:28.422307,2021-03-12 18:52:00.192306,LGN,DAY,   2.48,   5.50,960,5,    5.640,    3.575,    4.363,LPGS_15.4.0,43.15849372,148.13528896,FINAL,OLI_TIRS_L2SP,OLI_TIRS,8,UTM,10,WGS84,WGS84,38°54'16.09"N,123°12'59.47"W,39°57'12.92"N,124°34'45.37"W,39°57'31.50"N,121°51'38.95"W,37°49'36.30"N,124°31'58.26"W,37°49'53.54"N,121°53'39.52"W, 38.90447,-123.21652, 39.95359,-124.57927, 39.95875,-121.86082, 37.82675,-124.53285, 37.83154,-121.89431,LC08_L2SP_045033_20210312_20210318_02_T1,LC80450332021071LGN00
LC08_L2SP_044032_20210321_20210401_02_T1,LC08_L1TP_044032_20210321_20210401_02_T1,LC80440322021080LGN00,2021/03/21,T1,2, 044, 032, 044, 032,NADIR,   0.000,2021/04/01,2021/04/01,2021-03-21 18:44:49.885514,2021-03-21 18:45:21.655513,LGN,DAY,   0.58,   0.58,697,5,    8.051,    5.028,    6.288,LPGS_15.4.0,45.58745404,148.08811014,FINAL,OLI_TIRS_L2SP,OLI_TIRS,8,UTM,10,WGS84,WGS84,40°19'58.33"N,121°13'43.93"W,41°23'25.91"N,122°34'18.44"W,41°20'51.79"N,119°49'57.18"W,39°17'25.91"N,122°35'05.50"W,39°15'02.74"N,119°55'44.72"W, 40.33287,-121.22887, 41.39053,-122.57179, 41.34772,-119.83255, 39.29053,-122.58486, 39.25076,-119.92909,LC08_L2SP_044032_20210321_20210401_02_T1,LC80440322021080LGN00
LC08_L2SP_044033_20210321_20210401_02_T1,LC08_L1TP_044033_20210321_20210401_02_T1,LC80440332021080LGN00,2021/03/21,T1,2, 044, 033, 044, 033,NADIR,   0.000,2021/04/01,2021/04/01,2021-03-21 18:45:13.768081,2021-03-21 18:45:45.538081,LGN,DAY,   0.66,   0.66,1071,5,    6.810,    4.630,    4.994,LPGS_15.4.0,46.64790178,146.83339342,FINAL,OLI_TIRS_L2SP,OLI_TIRS,8,UTM,10,WGS84,WGS84,38°54'16.56"N,121°40'31.76"W,39°57'32.18"N,123°00'08.42"W,39°55'40.08"N,120°18'47.56"W,37°51'20.38"N,123°00'08.17"W,37°49'36.30"N,120°23'28.46"W, 38.90460,-121.67549, 39.95894,-123.00234, 39.92780,-120.31321, 37.85566,-123.00227, 37.82675,-120.39124,LC08_L2SP_044033_20210321_20210401_02_T1,LC80440332021080LGN00
LC08_L2SP_045032_20210328_20210402_02_T1,LC08_L1TP_045032_20210328_20210402_02_T1,LC80450322021087LGN00,2021/03/28,T1,2, 045, 032, 045, 032,NADIR,   0.000,2021/04/02,2021/04/02,2021-03-28 18:50:59.336078,2021-03-28 18:51:31.106077,LGN,DAY,   1.19,   2.98,1154,5,    5.513,    3.388,    4.349,LPGS_15.4.0,48.30750902,147.12749115,FINAL,OLI_TIRS_L2SP,OLI_TIRS,8,UTM,10,WGS84,WGS84,40°19'57.43"N,122°47'02.72"W,41°22'57.72"N,124°10'06.49"W,41°22'38.78"N,121°23'42.54"W,39°15'41.15"N,124°07'56.82"W,39°15'23.58"N,121°26'40.56"W, 40.33262,-122.78409, 41.38270,-124.16847, 41.37744,-121.39515, 39.26143,-124.13245, 39.25655,-121.44460,LC08_L2SP_045032_20210328_20210402_02_T1,LC80450322021087LGN00
LC08_L2SP_045033_20210328_20210402_02_T1,LC08_L1TP_045033_20210328_20210402_02_T1,LC80450332021087LGN00,2021/03/28,T1,2, 045, 033, 045, 033,NADIR,   0.000,2021/04/02,2021/04/02,2021-03-28 18:51:23.222881,2021-03-28 18:51:54.992881,LGN,DAY,   2.44,  38.69,908,5,    4.899,    3.362,    3.564,LPGS_15.4.0,49.35025174,145.74811240,FINAL,OLI_TIRS_L2SP,OLI_TIRS,8,UTM,10,WGS84,WGS84,38°54'14.76"N,123°13'50.70"W,39°57'12.24"N,124°35'35.92"W,39°57'32"N,121°52'29.50"W,37°49'35.65"N,124°32'47.33"W,37°49'54.01"N,121°54'28.58"W, 38.90410,-123.23075, 39.95340,-124.59331, 39.95889,-121.87486, 37.82657,-124.54648, 37.83167,-121.90794,LC08_L2SP_045033_20210328_20210402_02_T1,LC80450332021087LGN00
LC08_L2SP_044032_20210406_20210415_02_T1,LC08_L1TP_044032_20210406_20210415_02_T1,LC80440322021096LGN00,2021/04/06,T1,2, 044, 032, 044, 032,NADIR,   0.000,2021/04/15,2021/04/15,2021-04-06 18:44:45.830097,2021-04-06 18:45:17.600096,LGN,DAY,   1.08,   1.08,793,5,    6.915,    4.394,    5.339,LPGS_15.4.0,51.70478074,145.75355141,FINAL,OLI_TIRS_L2SP,OLI_TIRS,8,UTM,10,WGS84,WGS84,40°19'58.12"N,121°14'57.88"W,41°23'26.20"N,122°35'35.95"W,41°20'53.92"N,119°51'14.51"W,39°17'26.16"N,122°36'20.66"W,39°15'04.72"N,119°56'59.71"W, 40.33281,-121.24941, 41.39061,-122.59332, 41.34831,-119.85403, 39.29060,-122.60574, 39.25131,-119.94992,LC08_L2SP_044032_20210406_20210415_02_T1,LC80440322021096LGN00
LC08_L2SP_044033_20210406_20210415_02_T1,LC08_L1TP_044033_20210406_20210415_02_T1,LC80440332021096LGN00,2021/04/06,T1,2, 044, 033, 044, 033,NADIR,   0.000,2021/04/15,2021/04/15,2021-04-06 18:45:09.7169,2021-04-06 18:45:41.486899,LGN,DAY,   5.56,   5.58,991,5,    5.942,    4.039,    4.358,LPGS_15.4.0,52.72135051,144.19208851,FINAL,OLI_TIRS_L2SP,OLI_TIRS,8,UTM,10,WGS84,WGS84,38°54'15.41"N,121°41'45.60"W,39°57'32.18"N,123°01'24.31"W,39°55'41.81"N,120°20'03.30"W,37°51'10.62"N,123°01'21.83"W,37°49'28.20"N,120°24'42.34"W, 38.90428,-121.69600, 39.95894,-123.02342, 39.92828,-120.33425, 37.85295,-123.02273, 37.82450,-120.41176,LC08_L2SP_044033_20210406_20210415_02_T1,LC80440332021096LGN00
LC08_L2SP_045032_20210413_20210423_02_T1,LC08_L1TP_045032_20210413_20210423_02_T1,LC80450322021103LGN00,2021/04/13,T1,2, 045, 032, 045, 032,NADIR,   0.000,2021/04/23,2021/04/23,2021-04-13 18:50:53.96684,2021-04-13 18:51:25.73684,LGN,DAY,   0.68,   0.67,1240,5,    5.125,    3.172,    4.026,LPGS_15.4.0,54.22053714,144.52284111,FINAL,OLI_TIRS_L2SP,OLI_TIRS,8,UTM,10,WGS84,WGS84,40°19'57.76"N,122°48'07.45"W,41°22'57.04"N,124°11'11.04"W,41°22'39.68"N,121°24'47.09"W,39°15'40.54"N,124°08'59.39"W,39°15'24.41"N,121°27'43.13"W, 40.33271,-122.80207, 41.38251,-124.18640, 41.37769,-121.41308, 39.26126,-124.14983, 39.25678,-121.46198,LC08_L2SP_045032_20210413_20210423_02_T1,LC80450322021103LGN00
LC08_L2SP_045033_20210413_20210423_02_T1,LC08_L1TP_045033_20210413_20210423_02_T1,LC80450332021103LGN00,2021/04/13,T1,2, 045, 033, 045, 033,NADIR,   0.000,2021/04/23,2021/04/23,2021-04-13 18:51:17.849408,2021-04-13 18:51:49.619407,LGN,DAY,   0.17,   0.14,962,5,    4.819,    3.224,    3.582,LPGS_15.4.0,55.21291971,142.80112717,FINAL,OLI_TIRS_L2SP,OLI_TIRS,8,UTM,10,WGS84,WGS84,38°54'16.13"N,123°14'54.56"W,39°57'11.34"N,124°36'39.10"W,39°57'32.58"N,121°53'32.71"W,37°49'34.86"N,124°33'48.67"W,37°49'54.55"N,121°55'29.93"W, 38.90448,-123.24849, 39.95315,-124.61086, 39.95905,-121.89242, 37.82635,-124.56352, 37.83182,-121.92498,LC08_L2SP_045033_20210413_20210423_02_T1,LC80450332021103LGN00
LC08_L2SP_044032_20210422_20210430_02_T1,LC08_L1TP_044032_20210422_20210430_02_T1,LC80440322021112LGN00,2021/04/22,T1,2, 044, 032, 044, 032,NADIR,   0.000,2021/04/30,2021/04/30,2021-04-22 18:44:38.77051,2021-04-22 18:45:10.540509,LGN,DAY,   1.07,   1.07,962,5,    5.788,    3.659,    4.486,LPGS_15.4.0,57.21192773,142.69501326,FINAL,OLI_TIRS_L2SP,OLI_TIRS,8,UTM,10,WGS84,WGS84,40°19'58.15"N,121°15'43.52"W,41°23'26.38"N,122°36'27.61"W,41°20'54.96"N,119°51'53.17"W,39°17'26.34"N,122°37'10.74"W,39°15'05.69"N,119°57'37.22"W, 40.33282,-121.26209, 41.39066,-122.60767, 41.34860,-119.86477, 39.29065,-122.61965, 39.25158,-119.96034,LC08_L2SP_044032_20210422_20210430_02_T1,LC80440322021112LGN00
LC08_L2SP_044033_20210422_20210430_02_T1,LC08_L1TP_044033_20210422_20210430_02_T1,LC80440332021112LGN00,2021/04/22,T1,2, 044, 033, 044, 033,NADIR,   0.000,2021/04/30,2021/04/30,2021-04-22 18:45:02.657313,2021-04-22 18:45:34.427313,LGN,DAY,   9.68,   9.75,1017,5,    5.165,    3.462,    3.834,LPGS_15.4.0,58.16794082,140.74229402,FINAL,OLI_TIRS_L2SP,OLI_TIRS,8,UTM,10,WGS84,WGS84,38°54'15.52"N,121°42'30.96"W,39°57'32.18"N,123°02'02.22"W,39°55'42.67"N,120°20'41.17"W,37°51'10.62"N,123°01'58.66"W,37°49'29.03"N,120°25'19.13"W, 38.90431,-121.70860, 39.95894,-123.03395, 39.92852,-120.34477, 37.85295,-123.03296, 37.82473,-120.42198,LC08_L2SP_044033_20210422_20210430_02_T1,LC80440332021112LGN00
LC08_L2SP_045032_20210429_20210508_02_T1,LC08_L1TP_045032_20210429_20210508_02_T1,LC80450322021119LGN00,2021/04/29,T1,2, 045, 032, 045, 032,NADIR,   0.000,2021/05/08,2021/05/08,2021-04-29 18:50:45.412265,2021-04-29 18:51:17.182264,LGN,DAY,   1.12,   3.20,1257,5,    4.918,    3.219,    3.719,LPGS_15.4.0,59.30253586,141.05470731,FINAL,OLI_TIRS_L2SP,OLI_TIRS,8,UTM,10,WGS84,WGS84,40°19'58.73"N,122°48'35.53"W,41°23'06.50"N,124°11'37.07"W,41°22'49.76"N,121°25'12.68"W,39°15'40.32"N,124°09'24.41"W,39°15'24.77"N,121°28'08.18"W, 40.33298,-122.80987, 41.38514,-124.19363, 41.38049,-121.42019, 39.26120,-124.15678, 39.25688,-121.46894,LC08_L2SP_045032_20210429_20210508_02_T1,LC80450322021119LGN00
LC08_L2SP_045033_20210429_20210508_02_T1,LC08_L1TP_045033_20210429_20210508_02_T1,LC80450332021119LGN00,2021/04/29,T1,2, 045, 033, 045, 033,NADIR,   0.000,2021/05/08,2021/05/08,2021-04-29 18:51:09.303305,2021-04-29 18:51:41.073304,LGN,DAY,   3.89,  19.49,911,5,    4.411,    2.849,    3.368,LPGS_15.4.0,60.22513917,138.90559145,FINAL,OLI_TIRS_L2SP,OLI_TIRS,8,UTM,10,WGS84,WGS84,38°54'15.08"N,123°15'22.90"W,39°57'10.84"N,124°37'17.04"W,39°57'32.98"N,121°54'10.66"W,37°49'34.36"N,124°34'25.46"W,37°49'54.91"N,121°56'06.76"W, 38.90419,-123.25636, 39.95301,-124.62140, 39.95916,-121.90296, 37.82621,-124.57374, 37.83192,-121.93521,LC08_L2SP_045033_20210429_20210508_02_T1,LC80450332021119LGN00
LC08_L2SP_044032_20210508_20210518_02_T1,LC08_L1TP_044032_20210508_20210518_02_T1,LC80440322021128LGN00,2021/05/08,T1,2, 044, 032, 044, 032,NADIR,   0.000,2021/05/18,2021/05/18,2021-05-08 18:44:31.534153,2021-05-08 18:45:03.304152,LGN,DAY,   2.52,   2.52,985,5,    5.662,    3.963,    4.044,LPGS_15.4.0,61.64244467,138.74680289,FINAL,OLI_TIRS_L2SP,OLI_TIRS,8,UTM,10,WGS84,WGS84,40°19'57.36"N,121°13'46.67"W,41°23'25.98"N,122°34'31.37"W,41°20'51.79"N,119°49'57.18"W,39°17'25.94"N,122°35'18.02"W,39°15'02.74"N,119°55'44.72"W, 40.33260,-121.22963, 41.39055,-122.57538, 41.34772,-119.83255, 39.29054,-122.58834, 39.25076,-119.92909,LC08_L2SP_044032_20210508_20210518_02_T1,LC80440322021128LGN00
LC08_L2SP_044033_20210508_20210518_02_T1,LC08_L1TP_044033_20210508_20210518_02_T1,LC80440332021128LGN00,2021/05/08,T1,2, 044, 033, 044, 033,NADIR,   0.000,2021/05/18,2021/05/18,2021-05-08 18:44:55.420956,2021-05-08 18:45:27.190956,LGN,DAY,   0.30,   0.30,1340,5,    4.770,    3.458,    3.286,LPGS_15.4.0,62.51506472,136.33078780,FINAL,OLI_TIRS_L2SP,OLI_TIRS,8,UTM,10,WGS84,WGS84,38°54'15.77"N,121°40'40.04"W,39°57'32.18"N,123°00'21.06"W,39°55'40.08"N,120°18'47.56"W,37°51'10.62"N,123°00'20.45"W,37°49'26.58"N,120°23'28.79"W, 38.90438,-121.67779, 39.95894,-123.00585, 39.92780,-120.31321, 37.85295,-123.00568, 37.82405,-120.39133,LC08_L2SP_044033_20210508_20210518_02_T1,LC80440332021128LGN00
LC08_L2SP_045032_20210515_20210525_02_T1,LC08_L1TP_045032_20210515_20210525_02_T1,LC80450322021135LGN00,2021/05/15,T1,2, 045, 032, 045, 032,NADIR,   0.000,2021/05/25,2021/05/25,2021-05-15 18:50:47.321884,2021-05-15 18:51:19.091883,LGN,DAY,  33.28,  32.70,1099,5,    5.218,    3.713,    3.667,LPGS_15.5.0,63.13697246,136.77244384,FINAL,OLI_TIRS_L2SP,OLI_TIRS,8,UTM,10,WGS84,WGS84,40°19'58.26"N,122°46'57.14"W,41°23'07.44"N,124°10'06.64"W,41°22'48.32"N,121°23'29.36"W,39°15'41.15"N,124°07'56.82"W,39°15'23.44"N,121°26'28.07"W, 40.33285,-122.78254, 41.38540,-124.16851, 41.38009,-121.39149, 39.26143,-124.13245, 39.25651,-121.44113,LC08_L2SP_045032_20210515_20210525_02_T1,LC80450322021135LGN00
LC08_L2SP_045033_20210515_20210525_02_T1,LC08_L1TP_045033_20210515_20210525_02_T1,LC80450332021135LGN00,2021/05/15,T1,2, 045, 033, 045, 033,NADIR,   0.000,2021/05/25,2021/05/25,2021-05-15 18:51:11.212923,2021-05-15 18:51:42.982923,LGN,DAY,  13.49,  33.94,911,5,    4.536,    3.293,    3.120,LPGS_15.5.0,63.96710247,134.15068055,FINAL,OLI_TIRS_L2SP,OLI_TIRS,8,UTM,10,WGS84,WGS84,38°54'15.70"N,123°13'50.56"W,39°57'12.06"N,124°35'48.55"W,39°57'32"N,121°52'29.50"W,37°49'35.51"N,124°32'59.60"W,37°49'54.01"N,121°54'28.58"W, 38.90436,-123.23071, 39.95335,-124.59682, 39.95889,-121.87486, 37.82653,-124.54989, 37.83167,-121.90794,LC08_L2SP_045033_20210515_20210525_02_T1,LC80450332021135LGN00
LC08_L2SP_044032_20210524_20210529_02_T1,LC08_L1TP_044032_20210524_20210529_02_T1,LC80440322021144LGN00,2021/05/24,T1,2, 044, 032, 044, 032,NADIR,   0.000,2021/05/29,2021/05/29,2021-05-24 18:44:41.966168,2021-05-24 18:45:13.736167,LGN,DAY,  27.17,  27.17,824,5,    5.836,    3.732,    4.486,LPGS_15.5.0,64.60570130,134.17186942,FINAL,OLI_TIRS_L2SP,OLI_TIRS,8,UTM,10,WGS84,WGS84,40°19'57.79"N,121°14'30.23"W,41°23'26.12"N,122°35'10.10"W,41°20'52.84"N,119°50'35.84"W,39°17'26.09"N,122°35'55.61"W,39°15'03.71"N,119°56'22.20"W, 40.33272,-121.24173, 41.39059,-122.58614, 41.34801,-119.84329, 39.29058,-122.59878, 39.25103,-119.93950,LC08_L2SP_044032_20210524_20210529_02_T1,LC80440322021144LGN00
LC08_L2SP_044033_20210524_20210529_02_T1,LC08_L1TP_044033_20210524_20210529_02_T1,LC80440332021144LGN00,2021/05/24,T1,2, 044, 033, 044, 033,NADIR,   0.000,2021/05/29,2021/05/29,2021-05-24 18:45:05.852971,2021-05-24 18:45:37.622971,LGN,DAY,  17.09,  17.09,1307,5,    4.946,    3.214,    3.759,LPGS_15.5.0,65.37808451,131.30969259,FINAL,OLI_TIRS_L2SP,OLI_TIRS,8,UTM,10,WGS84,WGS84,38°54'16.20"N,121°41'23.50"W,39°57'41.90"N,123°00'59"W,39°55'50.95"N,120°19'37.67"W,37°51'10.62"N,123°00'57.28"W,37°49'27.66"N,120°24'17.82"W, 38.90450,-121.68986, 39.96164,-123.01639, 39.93082,-120.32713, 37.85295,-123.01591, 37.82435,-120.40495,LC08_L2SP_044033_20210524_20210529_02_T1,LC80440332021144LGN00
LC08_L2SP_045032_20210531_20210608_02_T1,LC08_L1TP_045032_20210531_20210608_02_T1,LC80450322021151LGN00,2021/05/31,T1,2, 045, 032, 045, 032,NADIR,   0.000,2021/06/08,2021/06/08,2021-05-31 18:50:56.365022,2021-05-31 18:51:28.135021,LGN,DAY,   0.13,   0.13,1313,5,    4.773,    3.058,    3.665,LPGS_15.5.0,65.38549937,132.23753291,FINAL,OLI_TIRS_L2SP,OLI_TIRS,8,UTM,10,WGS84,WGS84,40°19'57.22"N,122°47'20.36"W,41°23'07.15"N,124°10'32.48"W,41°22'48.68"N,121°23'55.21"W,39°15'40.93"N,124°08'21.84"W,39°15'23.76"N,121°26'53.09"W, 40.33256,-122.78899, 41.38532,-124.17569, 41.38019,-121.39867, 39.26137,-124.13940, 39.25660,-121.44808,LC08_L2SP_045032_20210531_20210608_02_T1,LC80450322021151LGN00
LC08_L2SP_045033_20210531_20210608_02_T1,LC08_L1TP_045033_20210531_20210608_02_T1,LC80450332021151LGN00,2021/05/31,T1,2, 045, 033, 045, 033,NADIR,   0.000,2021/06/08,2021/06/08,2021-05-31 18:51:20.247589,2021-05-31 18:51:52.017589,LGN,DAY,   0.06,   0.23,1042,5,    4.190,    2.656,    3.240,LPGS_15.5.0,66.11416989,129.22365338,FINAL,OLI_TIRS_L2SP,OLI_TIRS,8,UTM,10,WGS84,WGS84,38°54'16.34"N,123°14'13.06"W,39°57'11.88"N,124°36'01.19"W,39°57'32.22"N,121°52'54.80"W,37°49'35.36"N,124°33'11.84"W,37°49'54.23"N,121°54'53.14"W, 38.90454,-123.23696, 39.95330,-124.60033, 39.95895,-121.88189, 37.82649,-124.55329, 37.83173,-121.91476,LC08_L2SP_045033_20210531_20210608_02_T1,LC80450332021151LGN00
LC08_L2SP_044032_20210609_20210615_02_T1,LC08_L1TP_044032_20210609_20210615_02_T1,LC80440322021160LGN00,2021/06/09,T1,2, 044, 032, 044, 032,NADIR,   0.000,2021/06/15,2021/06/15,2021-06-09 18:44:49.358211,2021-06-09 18:45:21.12821,LGN,DAY,  42.01,  42.01,525,5,    5.797,    4.165,    4.032,LPGS_15.5.0,65.92596542,130.10726367,FINAL,OLI_TIRS_L2SP,OLI_TIRS,8,UTM,10,WGS84,WGS84,40°19'58.80"N,121°14'32.14"W,41°23'35.84"N,122°35'10.03"W,41°21'02.56"N,119°50'35.38"W,39°17'26.09"N,122°35'55.61"W,39°15'03.71"N,119°56'22.20"W, 40.33300,-121.24226, 41.39329,-122.58612, 41.35071,-119.84316, 39.29058,-122.59878, 39.25103,-119.93950,LC08_L2SP_044032_20210609_20210615_02_T1,LC80440322021160LGN00
LC08_L2SP_044033_20210609_20210615_02_T1,LC08_L1TP_044033_20210609_20210615_02_T1,LC80440332021160LGN00,2021/06/09,T1,2, 044, 033, 044, 033,NADIR,   0.000,2021/06/15,2021/06/15,2021-06-09 18:45:13.253486,2021-06-09 18:45:45.023486,LGN,DAY,  14.08,  14.08,1108,5,    4.934,    3.504,    3.474,LPGS_15.5.0,66.60622238,126.96157180,FINAL,OLI_TIRS_L2SP,OLI_TIRS,8,UTM,10,WGS84,WGS84,38°54'15.12"N,121°41'26.05"W,39°57'32.18"N,123°00'59"W,39°55'41.23"N,120°19'38.06"W,37°51'10.62"N,123°00'57.28"W,37°49'27.66"N,120°24'17.82"W, 38.90420,-121.69057, 39.95894,-123.01639, 39.92812,-120.32724, 37.85295,-123.01591, 37.82435,-120.40495,LC08_L2SP_044033_20210609_20210615_02_T1,LC80440332021160LGN00
LC08_L2SP_045032_20210616_20210622_02_T1,LC08_L1TP_045032_20210616_20210622_02_T1,LC80450322021167LGN00,2021/06/16,T1,2, 045, 032, 045, 032,NADIR,   0.000,2021/06/22,2021/06/22,2021-06-16 18:51:02.521118,2021-06-16 18:51:34.291117,LGN,DAY,   0.08,   0.15,1299,5,    4.658,    3.041,    3.528,LPGS_15.5.0,66.00776906,128.89531975,FINAL,OLI_TIRS_L2SP,OLI_TIRS,8,UTM,10,WGS84,WGS84,40°19'58.62"N,122°47'05.60"W,41°23'07.44"N,124°10'06.64"W,41°22'48.50"N,121°23'42.29"W,39°15'41.15"N,124°07'56.82"W,39°15'23.58"N,121°26'40.56"W, 40.33295,-122.78489, 41.38540,-124.16851, 41.38014,-121.39508, 39.26143,-124.13245, 39.25655,-121.44460,LC08_L2SP_045032_20210616_20210622_02_T1,LC80450322021167LGN00
LC08_L2SP_045033_20210616_20210622_02_T1,LC08_L1TP_045033_20210616_20210622_02_T1,LC80450332021167LGN00,2021/06/16,T1,2, 045, 033, 045, 033,NADIR,   0.000,2021/06/22,2021/06/22,2021-06-16 18:51:26.416393,2021-06-16 18:51:58.186392,LGN,DAY,   0.20,   0.95,1036,5,    3.974,    2.582,    3.020,LPGS_15.5.0,66.66032279,125.70763260,FINAL,OLI_TIRS_L2SP,OLI_TIRS,8,UTM,10,WGS84,WGS84,38°54'14.80"N,123°13'58.94"W,39°57'12.06"N,124°35'48.55"W,39°57'32.11"N,121°52'42.17"W,37°49'35.51"N,124°32'59.60"W,37°49'54.12"N,121°54'40.86"W, 38.90411,-123.23304, 39.95335,-124.59682, 39.95892,-121.87838, 37.82653,-124.54989, 37.83170,-121.91135,LC08_L2SP_045033_20210616_20210622_02_T1,LC80450332021167LGN00
LC08_L2SP_044032_20210625_20210707_02_T1,LC08_L1TP_044032_20210625_20210707_02_T1,LC80440322021176LGN00,2021/06/25,T1,2, 044, 032, 044, 032,NADIR,   0.000,2021/07/07,2021/07/07,2021-06-25 18:44:53.914728,2021-06-25 18:45:25.684727,LGN,DAY,   0.24,   0.24,968,5,    5.468,    4.070,    3.652,LPGS_15.5.0,65.72262166,128.11175644,FINAL,OLI_TIRS_L2SP,OLI_TIRS,8,UTM,10,WGS84,WGS84,40°19'58.55"N,121°13'55.70"W,41°23'35.74"N,122°34'44.22"W,41°21'01.87"N,119°50'09.60"W,39°17'26.02"N,122°35'30.55"W,39°15'03.06"N,119°55'57.22"W, 40.33293,-121.23214, 41.39326,-122.57895, 41.35052,-119.83600, 39.29056,-122.59182, 39.25085,-119.93256,LC08_L2SP_044032_20210625_20210707_02_T1,LC80440322021176LGN00
LC08_L2SP_044033_20210625_20210707_02_T1,LC08_L1TP_044033_20210625_20210707_02_T1,LC80440332021176LGN00,2021/06/25,T1,2, 044, 033, 044, 033,NADIR,   0.000,2021/07/07,2021/07/07,2021-06-25 18:45:17.801532,2021-06-25 18:45:49.571531,LGN,DAY,   0.87,   0.87,1295,5,    4.500,    3.256,    3.106,LPGS_15.5.0,66.35734718,124.94645149,FINAL,OLI_TIRS_L2SP,OLI_TIRS,8,UTM,10,WGS84,WGS84,38°54'16.34"N,121°40'48.72"W,39°57'41.90"N,123°00'21.06"W,39°55'50.09"N,120°18'59.80"W,37°51'10.62"N,123°00'20.45"W,37°49'26.87"N,120°23'41.06"W, 38.90454,-121.68020, 39.96164,-123.00585, 39.93058,-120.31661, 37.85295,-123.00568, 37.82413,-120.39474,LC08_L2SP_044033_20210625_20210707_02_T1,LC80440332021176LGN00
LC08_L2SP_045032_20210702_20210712_02_T1,LC08_L1TP_045032_20210702_20210712_02_T1,LC80450322021183LGN00,2021/07/02,T1,2, 045, 032, 045, 032,NADIR,   0.000,2021/07/12,2021/07/12,2021-07-02 18:51:05.807466,2021-07-02 18:51:37.577465,LGN,DAY,   0.15,   1.81,1280,5,    4.698,    3.331,    3.313,LPGS_15.5.0,65.22618048,128.16079253,FINAL,OLI_TIRS_L2SP,OLI_TIRS,8,UTM,10,WGS84,WGS84,40°19'58.19"N,122°46'08.90"W,41°23'07.94"N,124°09'14.98"W,41°22'47.78"N,121°22'50.63"W,39°15'41.65"N,124°07'06.74"W,39°15'22.93"N,121°25'50.52"W, 40.33283,-122.76914, 41.38554,-124.15416, 41.37994,-121.38073, 39.26157,-124.11854, 39.25637,-121.43070,LC08_L2SP_045032_20210702_20210712_02_T1,LC80450322021183LGN00
LC08_L2SP_045033_20210702_20210712_02_T1,LC08_L1TP_045033_20210702_20210712_02_T1,LC80450332021183LGN00,2021/07/02,T1,2, 045, 033, 045, 033,NADIR,   0.000,2021/07/12,2021/07/12,2021-07-02 18:51:29.694269,2021-07-02 18:52:01.464269,LGN,DAY,   3.68,  39.13,974,5,    4.212,    2.944,    3.012,LPGS_15.5.0,65.86276178,125.06488745,FINAL,OLI_TIRS_L2SP,OLI_TIRS,8,UTM,10,WGS84,WGS84,38°54'16.16"N,123°13'01.96"W,39°57'12.92"N,124°34'45.37"W,39°57'31.50"N,121°51'38.95"W,37°49'36.30"N,124°31'58.26"W,37°49'53.54"N,121°53'39.52"W, 38.90449,-123.21721, 39.95359,-124.57927, 39.95875,-121.86082, 37.82675,-124.53285, 37.83154,-121.89431,LC08_L2SP_045033_20210702_20210712_02_T1,LC80450332021183LGN00
LC08_L2SP_044032_20210711_20210720_02_T1,LC08_L1TP_044032_20210711_20210720_02_T1,LC80440322021192LGN00,2021/07/11,T1,2, 044, 032, 044, 032,NADIR,   0.000,2021/07/20,2021/07/20,2021-07-11 18:44:55.604459,2021-07-11 18:45:27.374458,LGN,DAY,   0.01,   0.01,944,5,    5.314,    3.831,    3.682,LPGS_15.5.0,64.27311693,129.06953115,FINAL,OLI_TIRS_L2SP,OLI_TIRS,8,UTM,10,WGS84,WGS84,40°19'57.11"N,121°12'40.61"W,41°23'25.73"N,122°33'26.75"W,41°20'49.99"N,119°48'52.74"W,39°17'25.73"N,122°34'15.42"W,39°15'01.08"N,119°54'42.23"W, 40.33253,-121.21128, 41.39048,-122.55743, 41.34722,-119.81465, 39.29048,-122.57095, 39.25030,-119.91173,LC08_L2SP_044032_20210711_20210720_02_T1,LC80440322021192LGN00
LC08_L2SP_044033_20210711_20210720_02_T1,LC08_L1TP_044033_20210711_20210720_02_T1,LC80440332021192LGN00,2021/07/11,T1,2, 044, 033, 044, 033,NADIR,   0.000,2021/07/20,2021/07/20,2021-07-11 18:45:19.487027,2021-07-11 18:45:51.257026,LGN,DAY,   0.09,   0.09,1307,5,    4.712,    3.379,    3.285,LPGS_15.5.0,64.93183965,126.11863968,FINAL,OLI_TIRS_L2SP,OLI_TIRS,8,UTM,10,WGS84,WGS84,38°54'16.06"N,121°39'33.34"W,39°57'41.90"N,122°59'05.21"W,39°55'48.32"N,120°17'44.05"W,37°51'20.38"N,122°59'06.79"W,37°49'34.93"N,120°22'27.16"W, 38.90446,-121.65926, 39.96164,-122.98478, 39.93009,-120.29557, 37.85566,-122.98522, 37.82637,-120.37421,LC08_L2SP_044033_20210711_20210720_02_T1,LC80440332021192LGN00
LC08_L2SP_045032_20210718_20210729_02_T1,LC08_L1TP_045032_20210718_20210729_02_T1,LC80450322021199LGN00,2021/07/18,T1,2, 045, 032, 045, 032,NADIR,   0.000,2021/07/29,2021/07/29,2021-07-18 18:51:08.225792,2021-07-18 18:51:39.995792,LGN,DAY,   0.02,   0.02,1277,5,    4.597,    3.089,    3.404,LPGS_15.5.0,63.31042290,130.39428958,FINAL,OLI_TIRS_L2SP,OLI_TIRS,8,UTM,10,WGS84,WGS84,40°19'58.26"N,122°45'07.38"W,41°23'08.59"N,124°08'10.43"W,41°22'46.85"N,121°21'46.08"W,39°15'42.23"N,124°06'04.18"W,39°15'22.07"N,121°24'47.95"W, 40.33285,-122.75205, 41.38572,-124.13623, 41.37968,-121.36280, 39.26173,-124.10116, 39.25613,-121.41332,LC08_L2SP_045032_20210718_20210729_02_T1,LC80450322021199LGN00
LC08_L2SP_045033_20210718_20210729_02_T1,LC08_L1TP_045033_20210718_20210729_02_T1,LC80450332021199LGN00,2021/07/18,T1,2, 045, 033, 045, 033,NADIR,   0.000,2021/07/29,2021/07/29,2021-07-18 18:51:32.112596,2021-07-18 18:52:03.882595,LGN,DAY,   0.77,  14.24,1033,5,    3.947,    2.698,    2.881,LPGS_15.5.0,64.00068261,127.58867382,FINAL,OLI_TIRS_L2SP,OLI_TIRS,8,UTM,10,WGS84,WGS84,38°54'16.20"N,123°12'00.25"W,39°57'13.79"N,124°33'42.16"W,39°57'30.85"N,121°50'35.74"W,37°49'37.09"N,124°30'56.92"W,37°49'52.97"N,121°52'38.14"W, 38.90450,-123.20007, 39.95383,-124.56171, 39.95857,-121.84326, 37.82697,-124.51581, 37.83138,-121.87726,LC08_L2SP_045033_20210718_20210729_02_T1,LC80450332021199LGN00
LC08_L2SP_045032_20210803_20210811_02_T1,LC08_L1TP_045032_20210803_20210811_02_T1,LC80450322021215LGN00,2021/08/03,T1,2, 045, 032, 045, 032,NADIR,   0.000,2021/08/11,2021/08/11,2021-08-03 18:51:16.418917,2021-08-03 18:51:48.188917,LGN,DAY,  34.69,  35.72,1129,5,    5.038,    3.360,    3.753,LPGS_15.5.0,60.45540419,135.01277044,FINAL,OLI_TIRS_L2SP,OLI_TIRS,8,UTM,10,WGS84,WGS84,40°19'57.65"N,122°45'40.46"W,41°23'08.20"N,124°08'49.16"W,41°22'47.21"N,121°22'11.93"W,39°15'41.90"N,124°06'41.72"W,39°15'22.43"N,121°25'12.97"W, 40.33268,-122.76124, 41.38561,-124.14699, 41.37978,-121.36998, 39.26164,-124.11159, 39.25623,-121.42027,LC08_L2SP_045032_20210803_20210811_02_T1,LC80450322021215LGN00
LC08_L2SP_045033_20210803_20210811_02_T1,LC08_L1TP_045033_20210803_20210811_02_T1,LC80450332021215LGN00,2021/08/03,T1,2, 045, 033, 045, 033,NADIR,   0.000,2021/08/11,2021/08/11,2021-08-03 18:51:40.309957,2021-08-03 18:52:12.079956,LGN,DAY,   5.95,  40.27,949,5,    4.049,    2.809,    2.916,LPGS_15.5.0,61.25073449,132.60829986,FINAL,OLI_TIRS_L2SP,OLI_TIRS,8,UTM,10,WGS84,WGS84,38°54'14.83"N,123°12'33.70"W,39°57'13.25"N,124°34'20.10"W,39°57'31.25"N,121°51'13.64"W,37°49'36.62"N,124°31'33.71"W,37°49'53.29"N,121°53'14.96"W, 38.90412,-123.20936, 39.95368,-124.57225, 39.95868,-121.85379, 37.82684,-124.52603, 37.83147,-121.88749,LC08_L2SP_045033_20210803_20210811_02_T1,LC80450332021215LGN00
LC08_L2SP_044032_20210812_20210819_02_T1,LC08_L1TP_044032_20210812_20210819_02_T1,LC80440322021224LGN00,2021/08/12,T1,2, 044, 032, 044, 032,NADIR,   0.000,2021/08/19,2021/08/19,2021-08-12 18:45:09.016677,2021-08-12 18:45:40.786677,LGN,DAY,   3.66,   3.66,893,5,    5.633,    3.788,    4.169,LPGS_15.5.0,58.46685019,138.25127464,FINAL,OLI_TIRS_L2SP,OLI_TIRS,8,UTM,10,WGS84,WGS84,40°19'57.29"N,121°13'05.16"W,41°23'25.84"N,122°33'52.60"W,41°20'50.71"N,119°49'18.52"W,39°17'25.84"N,122°34'40.48"W,39°15'01.73"N,119°55'07.21"W, 40.33258,-121.21810, 41.39051,-122.56461, 41.34742,-119.82181, 39.29051,-122.57791, 39.25048,-119.91867,LC08_L2SP_044032_20210812_20210819_02_T1,LC80440322021224LGN00
LC08_L2SP_044033_20210812_20210819_02_T1,LC08_L1TP_044033_20210812_20210819_02_T1,LC80440332021224LGN00,2021/08/12,T1,2, 044, 033, 044, 033,NADIR,   0.000,2021/08/19,2021/08/19,2021-08-12 18:45:32.899245,2021-08-12 18:46:04.669244,LGN,DAY,  24.02,  24.02,1034,5,    5.459,    3.723,    3.993,LPGS_15.5.0,59.33185283,136.09349732,FINAL,OLI_TIRS_L2SP,OLI_TIRS,8,UTM,10,WGS84,WGS84,38°54'16.45"N,121°39'57.49"W,39°57'41.90"N,122°59'30.48"W,39°55'48.90"N,120°18'09.29"W,37°51'20.38"N,122°59'31.34"W,37°49'35.51"N,120°22'51.67"W, 38.90457,-121.66597, 39.96164,-122.99180, 39.93025,-120.30258, 37.85566,-122.99204, 37.82653,-120.38102,LC08_L2SP_044033_20210812_20210819_02_T1,LC80440332021224LGN00
LC08_L2SP_045032_20210819_20210827_02_T1,LC08_L1TP_045032_20210819_20210827_02_T1,LC80450322021231LGN00,2021/08/19,T1,2, 045, 032, 045, 032,NADIR,   0.000,2021/08/27,2021/08/27,2021-08-19 18:51:21.917935,2021-08-19 18:51:53.687935,LGN,DAY,   9.24,  10.69,1266,5,    4.786,    3.235,    3.527,LPGS_15.5.0,56.74110045,140.93865690,FINAL,OLI_TIRS_L2SP,OLI_TIRS,8,UTM,10,WGS84,WGS84,40°19'57.40"N,122°45'44.24"W,41°23'08.20"N,124°08'49.16"W,41°22'47.42"N,121°22'24.82"W,39°15'41.90"N,124°06'41.72"W,39°15'22.57"N,121°25'25.50"W, 40.33261,-122.76229, 41.38561,-124.14699, 41.37984,-121.37356, 39.26164,-124.11159, 39.25627,-121.42375,LC08_L2SP_045032_20210819_20210827_02_T1,LC80450322021231LGN00
LC08_L2SP_045033_20210819_20210827_02_T1,LC08_L1TP_045033_20210819_20210827_02_T1,LC80450332021231LGN00,2021/08/19,T1,2, 045, 033, 045, 033,NADIR,   0.000,2021/08/27,2021/08/27,2021-08-19 18:51:45.808975,2021-08-19 18:52:17.578974,LGN,DAY,   8.73,  41.53,978,5,    4.145,    2.895,    2.967,LPGS_15.5.0,57.66204102,138.97118148,FINAL,OLI_TIRS_L2SP,OLI_TIRS,8,UTM,10,WGS84,WGS84,38°54'14.87"N,123°12'37.15"W,39°57'13.10"N,124°34'32.74"W,39°57'31.25"N,121°51'13.64"W,37°49'36.48"N,124°31'45.98"W,37°49'53.29"N,121°53'14.96"W, 38.90413,-123.21032, 39.95364,-124.57576, 39.95868,-121.85379, 37.82680,-124.52944, 37.83147,-121.88749,LC08_L2SP_045033_20210819_20210827_02_T1,LC80450332021231LGN00
LC08_L2SP_044032_20210828_20210901_02_T1,LC08_L1TP_044032_20210828_20210901_02_T1,LC80440322021240LGN00,2021/08/28,T1,2, 044, 032, 044, 032,NADIR,   0.000,2021/09/01,2021/09/01,2021-08-28 18:45:13.508768,2021-08-28 18:45:45.278767,LGN,DAY,   0.58,   0.58,933,5,    5.978,    4.076,    4.373,LPGS_15.5.0,54.30861869,144.44764066,FINAL,OLI_TIRS_L2SP,OLI_TIRS,8,UTM,10,WGS84,WGS84,40°19'58.58"N,121°13'02.86"W,41°23'35.52"N,122°33'39.60"W,41°21'00.07"N,119°49'05.16"W,39°17'25.76"N,122°34'27.95"W,39°15'01.40"N,119°54'54.72"W, 40.33294,-121.21746, 41.39320,-122.56100, 41.35002,-119.81810, 39.29049,-122.57443, 39.25039,-119.91520,LC08_L2SP_044032_20210828_20210901_02_T1,LC80440322021240LGN00
LC08_L2SP_044033_20210828_20210901_02_T1,LC08_L1TP_044033_20210828_20210901_02_T1,LC80440332021240LGN00,2021/08/28,T1,2, 044, 033, 044, 033,NADIR,   0.000,2021/09/01,2021/09/01,2021-08-28 18:45:37.404043,2021-08-28 18:46:09.174043,LGN,DAY,   0.18,   0.18,1319,5,    5.049,    3.469,    3.668,LPGS_15.5.0,55.29906314,142.71652521,FINAL,OLI_TIRS_L2SP,OLI_TIRS,8,UTM,10,WGS84,WGS84,38°54'15.08"N,121°39'55.69"W,39°57'32.18"N,122°59'30.48"W,39°55'39.18"N,120°18'09.68"W,37°51'10.62"N,122°59'31.34"W,37°49'25.75"N,120°22'52.03"W, 38.90419,-121.66547, 39.95894,-122.99180, 39.92755,-120.30269, 37.85295,-122.99204, 37.82382,-120.38112,LC08_L2SP_044033_20210828_20210901_02_T1,LC80440332021240LGN00
LC08_L2SP_045032_20210904_20210910_02_T1,LC08_L1TP_045032_20210904_20210910_02_T1,LC80450322021247LGN00,2021/09/04,T1,2, 045, 032, 045, 032,NADIR,   0.000,2021/09/10,2021/09/10,2021-09-04 18:51:26.631181,2021-09-04 18:51:58.401181,LGN,DAY,   5.46,   7.00,1252,5,    4.992,    3.195,    3.836,LPGS_15.5.0,52.25811483,147.12976922,FINAL,OLI_TIRS_L2SP,OLI_TIRS,8,UTM,10,WGS84,WGS84,40°19'57.47"N,122°45'51.12"W,41°23'08.09"N,124°09'02.09"W,41°22'47.42"N,121°22'24.82"W,39°15'41.76"N,124°06'54.22"W,39°15'22.57"N,121°25'25.50"W, 40.33263,-122.76420, 41.38558,-124.15058, 41.37984,-121.37356, 39.26160,-124.11506, 39.25627,-121.42375,LC08_L2SP_045032_20210904_20210910_02_T1,LC80450322021247LGN00
LC08_L2SP_045033_20210904_20210910_02_T1,LC08_L1TP_045033_20210904_20210910_02_T1,LC80450332021247LGN00,2021/09/04,T1,2, 045, 033, 045, 033,NADIR,   0.000,2021/09/10,2021/09/10,2021-09-04 18:51:50.517985,2021-09-04 18:52:22.287984,LGN,DAY,   1.91,  37.09,995,5,    4.330,    2.866,    3.245,LPGS_15.5.0,53.29837984,145.57167433,FINAL,OLI_TIRS_L2SP,OLI_TIRS,8,UTM,10,WGS84,WGS84,38°54'15.84"N,123°12'43.56"W,39°57'13.10"N,124°34'32.74"W,39°57'31.36"N,121°51'26.28"W,37°49'36.48"N,124°31'45.98"W,37°49'53.44"N,121°53'27.24"W, 38.90440,-123.21210, 39.95364,-124.57576, 39.95871,-121.85730, 37.82680,-124.52944, 37.83151,-121.89090,LC08_L2SP_045033_20210904_20210910_02_T1,LC80450332021247LGN00
LC08_L2SP_044032_20210913_20210924_02_T1,LC08_L1TP_044032_20210913_20210924_02_T1,LC80440322021256LGN00,2021/09/13,T1,2, 044, 032, 044, 032,NADIR,   0.000,2021/09/24,2021/09/24,2021-09-13 18:45:17.883569,2021-09-13 18:45:49.653569,LGN,DAY,   0.03,   0.03,924,5,    6.181,    3.720,    4.937,LPGS_15.5.0,49.45003217,150.40205478,FINAL,OLI_TIRS_L2SP,OLI_TIRS,8,UTM,10,WGS84,WGS84,40°19'57.04"N,121°13'15.28"W,41°23'25.84"N,122°33'52.60"W,41°20'50.71"N,119°49'18.52"W,39°17'25.84"N,122°34'40.48"W,39°15'01.73"N,119°55'07.21"W, 40.33251,-121.22091, 41.39051,-122.56461, 41.34742,-119.82181, 39.29051,-122.57791, 39.25048,-119.91867,LC08_L2SP_044032_20210913_20210924_02_T1,LC80440322021256LGN00
LC08_L2SP_044033_20210913_20210924_02_T1,LC08_L1TP_044033_20210913_20210924_02_T1,LC80440332021256LGN00,2021/09/13,T1,2, 044, 033, 044, 033,NADIR,   0.000,2021/09/24,2021/09/24,2021-09-13 18:45:41.770373,2021-09-13 18:46:13.540373,LGN,DAY,   0.01,   0.01,1297,5,    5.145,    3.338,    3.915,LPGS_15.5.0,50.54824277,149.04563509,FINAL,OLI_TIRS_L2SP,OLI_TIRS,8,UTM,10,WGS84,WGS84,38°54'15.30"N,121°40'07.43"W,39°57'32.18"N,122°59'43.15"W,39°55'39.47"N,120°18'22.32"W,37°51'10.62"N,122°59'43.62"W,37°49'26.04"N,120°23'04.27"W, 38.90425,-121.66873, 39.95894,-122.99532, 39.92763,-120.30620, 37.85295,-122.99545, 37.82390,-120.38452,LC08_L2SP_044033_20210913_20210924_02_T1,LC80440332021256LGN00
LC08_L2SP_045032_20210920_20210925_02_T1,LC08_L1TP_045032_20210920_20210925_02_T1,LC80450322021263LGN00,2021/09/20,T1,2, 045, 032, 045, 032,NADIR,   0.000,2021/09/25,2021/09/25,2021-09-20 18:51:29.617031,2021-09-20 18:52:01.387031,LGN,DAY,   0.05,   0.05,1255,5,    5.469,    3.252,    4.397,LPGS_15.5.0,47.15764766,152.76492567,FINAL,OLI_TIRS_L2SP,OLI_TIRS,8,UTM,10,WGS84,WGS84,40°19'58.55"N,122°45'47.84"W,41°23'08.20"N,124°08'49.16"W,41°22'47.42"N,121°22'24.82"W,39°15'41.90"N,124°06'41.72"W,39°15'22.57"N,121°25'25.50"W, 40.33293,-122.76329, 41.38561,-124.14699, 41.37984,-121.37356, 39.26164,-124.11159, 39.25627,-121.42375,LC08_L2SP_045032_20210920_20210925_02_T1,LC80450322021263LGN00
LC08_L2SP_045033_20210920_20210925_02_T1,LC08_L1TP_045033_20210920_20210925_02_T1,LC80450332021263LGN00,2021/09/20,T1,2, 045, 033, 045, 033,NADIR,   0.000,2021/09/25,2021/09/25,2021-09-20 18:51:53.512307,2021-09-20 18:52:25.282306,LGN,DAY,   0.03,   0.02,1014,5,    4.528,    2.801,    3.558,LPGS_15.5.0,48.29564966,151.54760233,FINAL,OLI_TIRS_L2SP,OLI_TIRS,8,UTM,10,WGS84,WGS84,38°54'14.98"N,123°12'40.54"W,39°57'13.10"N,124°34'32.74"W,39°57'31.36"N,121°51'26.28"W,37°49'36.48"N,124°31'45.98"W,37°49'53.44"N,121°53'27.24"W, 38.90416,-123.21126, 39.95364,-124.57576, 39.95871,-121.85730, 37.82680,-124.52944, 37.83151,-121.89090,LC08_L2SP_045033_20210920_20210925_02_T1,LC80450332021263LGN00
LC08_L2SP_044032_20210929_20211013_02_T1,LC08_L1TP_044032_20210929_20211013_02_T1,LC80440322021272LGN00,2021/09/29,T1,2, 044, 032, 044, 032,NADIR,   0.000,2021/10/13,2021/10/13,2021-09-29 18:45:22.017347,2021-09-29 18:45:53.787346,LGN,DAY,   0.02,   0.02,888,5,    6.546,    3.766,    5.354,LPGS_15.5.0,44.11673407,155.48280528,FINAL,OLI_TIRS_L2SP,OLI_TIRS,8,UTM,10,WGS84,WGS84,40°19'58.30"N,121°13'39.29"W,41°23'25.91"N,122°34'18.44"W,41°20'51.43"N,119°49'44.29"W,39°17'25.91"N,122°35'05.50"W,39°15'02.41"N,119°55'32.23"W, 40.33286,-121.22758, 41.39053,-122.57179, 41.34762,-119.82897, 39.29053,-122.58486, 39.25067,-119.92562,LC08_L2SP_044032_20210929_20211013_02_T1,LC80440322021272LGN00
LC08_L2SP_044033_20210929_20211013_02_T1,LC08_L1TP_044033_20210929_20211013_02_T1,LC80440332021272LGN00,2021/09/29,T1,2, 044, 033, 044, 033,NADIR,   0.000,2021/10/13,2021/10/13,2021-09-29 18:45:45.90415,2021-09-29 18:46:17.67415,LGN,DAY,   0.02,   0.02,1256,5,    5.367,    3.226,    4.289,LPGS_15.5.0,45.29712190,154.42160007,FINAL,OLI_TIRS_L2SP,OLI_TIRS,8,UTM,10,WGS84,WGS84,38°54'16.42"N,121°40'31.26"W,39°57'32.18"N,123°00'08.42"W,39°55'40.08"N,120°18'47.56"W,37°51'20.38"N,123°00'08.17"W,37°49'36.30"N,120°23'28.46"W, 38.90456,-121.67535, 39.95894,-123.00234, 39.92780,-120.31321, 37.85566,-123.00227, 37.82675,-120.39124,LC08_L2SP_044033_20210929_20211013_02_T1,LC80440332021272LGN00
LC08_L2SP_045032_20211006_20211013_02_T1,LC08_L1TP_045032_20211006_20211013_02_T1,LC80450322021279LGN00,2021/10/06,T1,2, 045, 032, 045, 032,NADIR,   0.000,2021/10/13,2021/10/13,2021-10-06 18:51:35.352506,2021-10-06 18:52:07.122505,LGN,DAY,  33.52,  32.94,800,5,    6.050,    3.588,    4.871,LPGS_15.5.0,41.70895973,157.32233367,FINAL,OLI_TIRS_L2SP,OLI_TIRS,8,UTM,10,WGS84,WGS84,40°19'57.68"N,122°46'44.08"W,41°23'07.55"N,124°09'53.75"W,41°22'48.14"N,121°23'16.48"W,39°15'41.29"N,124°07'44.29"W,39°15'23.26"N,121°26'15.54"W, 40.33269,-122.77891, 41.38543,-124.16493, 41.38004,-121.38791, 39.26147,-124.12897, 39.25646,-121.43765,LC08_L2SP_045032_20211006_20211013_02_T1,LC80450322021279LGN00
LC08_L2SP_044032_20211015_20211025_02_T1,LC08_L1TP_044032_20211015_20211025_02_T1,LC80440322021288LGN00,2021/10/15,T1,2, 044, 032, 044, 032,NADIR,   0.000,2021/10/25,2021/10/25,2021-10-15 18:45:26.516476,2021-10-15 18:45:58.286476,LGN,DAY,   0.01,   0.01,872,5,    7.389,    3.907,    6.272,LPGS_15.5.0,38.62487683,159.29722746,FINAL,OLI_TIRS_L2SP,OLI_TIRS,8,UTM,10,WGS84,WGS84,40°19'57.18"N,121°14'25.30"W,41°23'26.12"N,122°35'10.10"W,41°20'52.84"N,119°50'35.84"W,39°17'16.37"N,122°35'55.64"W,39°14'53.99"N,119°56'22.63"W, 40.33255,-121.24036, 41.39059,-122.58614, 41.34801,-119.84329, 39.28788,-122.59879, 39.24833,-119.93962,LC08_L2SP_044032_20211015_20211025_02_T1,LC80440322021288LGN00
LC08_L2SP_044033_20211015_20211025_02_T1,LC08_L1TP_044033_20211015_20211025_02_T1,LC80440332021288LGN00,2021/10/15,T1,2, 044, 033, 044, 033,NADIR,   0.000,2021/10/25,2021/10/25,2021-10-15 18:45:50.40328,2021-10-15 18:46:22.173279,LGN,DAY,   0.03,   0.03,1236,5,    6.353,    3.468,    5.324,LPGS_15.5.0,39.86057657,158.45032405,FINAL,OLI_TIRS_L2SP,OLI_TIRS,8,UTM,10,WGS84,WGS84,38°54'14.98"N,121°41'16.94"W,39°57'32.18"N,123°00'46.37"W,39°55'40.94"N,120°19'25.43"W,37°51'10.62"N,123°00'45"W,37°49'27.41"N,120°24'05.58"W, 38.90416,-121.68804, 39.95894,-123.01288, 39.92804,-120.32373, 37.85295,-123.01250, 37.82428,-120.40155,LC08_L2SP_044033_20211015_20211025_02_T1,LC80440332021288LGN00
LC08_L2SP_045032_20211022_20211103_02_T1,LC08_L1TP_045032_20211022_20211103_02_T1,LC80450322021295LGN00,2021/10/22,T1,2, 045, 032, 045, 032,NADIR,   0.000,2021/11/03,2021/11/03,2021-10-22 18:51:37.950191,2021-10-22 18:52:09.72019,LGN,DAY,  55.33,  54.72,296,5,    7.933,    5.185,    6.004,LPGS_15.5.0,36.27789896,160.52625273,FINAL,OLI_TIRS_L2SP,OLI_TIRS,8,UTM,10,WGS84,WGS84,40°19'58.15"N,122°47'10.18"W,41°23'07.30"N,124°10'19.56"W,41°22'48.50"N,121°23'42.29"W,39°15'41.04"N,124°08'09.31"W,39°15'23.58"N,121°26'40.56"W, 40.33282,-122.78616, 41.38536,-124.17210, 41.38014,-121.39508, 39.26140,-124.13592, 39.25655,-121.44460,LC08_L2SP_045032_20211022_20211103_02_T1,LC80450322021295LGN00
LC08_L2SP_045033_20211022_20211103_02_T1,LC08_L1TP_045033_20211022_20211103_02_T1,LC80450332021295LGN00,2021/10/22,T1,2, 045, 033, 045, 033,NADIR,   0.000,2021/11/03,2021/11/03,2021-10-22 18:52:01.836994,2021-10-22 18:52:33.606994,LGN,DAY,  34.37,  32.29,304,5,    7.951,    4.937,    6.232,LPGS_15.5.0,37.53018766,159.75041845,FINAL,OLI_TIRS_L2SP,OLI_TIRS,8,UTM,10,WGS84,WGS84,38°54'15.95"N,123°14'01.68"W,39°57'12.06"N,124°35'48.55"W,39°57'32.11"N,121°52'42.17"W,37°49'35.51"N,124°32'59.60"W,37°49'54.12"N,121°54'40.86"W, 38.90443,-123.23380, 39.95335,-124.59682, 39.95892,-121.87838, 37.82653,-124.54989, 37.83170,-121.91135,LC08_L2SP_045033_20211022_20211103_02_T1,LC80450332021295LGN00
LC08_L2SP_044032_20211031_20211109_02_T1,LC08_L1TP_044032_20211031_20211109_02_T1,LC80440322021304LGN00,2021/10/31,T1,2, 044, 032, 044, 032,NADIR,   0.000,2021/11/09,2021/11/09,2021-10-31 18:45:26.691298,2021-10-31 18:45:58.461298,LGN,DAY,  26.61,  26.61,189,5,    8.200,    5.040,    6.468,LPGS_15.5.0,33.39620932,161.69161233,FINAL,OLI_TIRS_L2SP,OLI_TIRS,8,UTM,10,WGS84,WGS84,40°19'58.19"N,121°14'20.58"W,41°23'26.05"N,122°34'57.18"W,41°20'52.84"N,119°50'35.84"W,39°17'26.05"N,122°35'43.08"W,39°15'03.71"N,119°56'22.20"W, 40.33283,-121.23905, 41.39057,-122.58255, 41.34801,-119.84329, 39.29057,-122.59530, 39.25103,-119.93950,LC08_L2SP_044032_20211031_20211109_02_T1,LC80440322021304LGN00
LC08_L2SP_044033_20211031_20211109_02_T1,LC08_L1TP_044033_20211031_20211109_02_T1,LC80440332021304LGN00,2021/10/31,T1,2, 044, 033, 044, 033,NADIR,   0.000,2021/11/09,2021/11/09,2021-10-31 18:45:50.578102,2021-10-31 18:46:22.348102,LGN,DAY,  50.13,  50.15,309,5,    7.477,    4.363,    6.072,LPGS_15.5.0,34.66373814,160.98950116,FINAL,OLI_TIRS_L2SP,OLI_TIRS,8,UTM,10,WGS84,WGS84,38°54'15.88"N,121°41'11.83"W,39°57'32.18"N,123°00'46.37"W,39°55'40.94"N,120°19'25.43"W,37°51'10.62"N,123°00'45"W,37°49'27.41"N,120°24'05.58"W, 38.90441,-121.68662, 39.95894,-123.01288, 39.92804,-120.32373, 37.85295,-123.01250, 37.82428,-120.40155,LC08_L2SP_044033_20211031_20211109_02_T1,LC80440332021304LGN00
LC09_L2SP_045033_20211104_20230507_02_T1,LC09_L1TP_045033_20211104_20230507_02_T1,LC90450332021308LGN02,2021/11/04,T1,2, 045, 033, 045, 033,NADIR,   0.000,2023/05/07,2023/05/07,2021-11-04 18:53:15,2021-11-04 18:53:47,LGN,DAY,  53.20,  23.90,129,5,    8.157,    5.180,    6.301,LPGS_16.2.0,33.40991358,161.19387475,N/A,OLI_TIRS_L2SP,OLI_TIRS,9,UTM,10,WGS84,WGS84,38°54'16.02"N,123°42'54.14"W,39°56'54.10"N,125°04'52.68"W,39°57'55.30"N,122°22'24.82"W,37°49'09.84"N,125°01'12.25"W,37°50'06.58"N,122°23'31.20"W, 38.90445,-123.71504, 39.94836,-125.08130, 39.96536,-122.37356, 37.81940,-125.02007, 37.83516,-122.39200,LC09_L2SP_045033_20211104_20230507_02_T1,LC90450332021308LGN02
LC08_L2SP_045032_20211107_20211117_02_T1,LC08_L1TP_045032_20211107_20211117_02_T1,LC80450322021311LGN00,2021/11/07,T1,2, 045, 032, 045, 032,NADIR,   0.000,2021/11/17,2021/11/17,2021-11-07 18:51:35.8299,2021-11-07 18:52:07.5999,LGN,DAY,  11.58,  11.38,789,5,    8.079,    4.620,    6.628,LPGS_15.5.0,31.30494137,162.27954175,FINAL,OLI_TIRS_L2SP,OLI_TIRS,8,UTM,10,WGS84,WGS84,40°19'57.83"N,122°46'40.73"W,41°22'57.97"N,124°09'40.64"W,41°22'38.42"N,121°23'16.69"W,39°15'41.40"N,124°07'31.76"W,39°15'23.26"N,121°26'15.54"W, 40.33273,-122.77798, 41.38277,-124.16129, 41.37734,-121.38797, 39.26150,-124.12549, 39.25646,-121.43765,LC08_L2SP_045032_20211107_20211117_02_T1,LC80450322021311LGN00
LC08_L2SP_045033_20211107_20211117_02_T1,LC08_L1TP_045033_20211107_20211117_02_T1,LC80450332021311LGN00,2021/11/07,T1,2, 045, 033, 045, 033,NADIR,   0.000,2021/11/17,2021/11/17,2021-11-07 18:51:59.716704,2021-11-07 18:52:31.486703,LGN,DAY,   1.65,   1.28,867,5,    7.331,    3.880,    6.220,LPGS_15.5.0,32.58001799,161.62277236,FINAL,OLI_TIRS_L2SP,OLI_TIRS,8,UTM,10,WGS84,WGS84,38°54'15.41"N,123°13'31.66"W,39°57'12.38"N,124°35'23.28"W,39°57'31.86"N,121°52'16.86"W,37°49'35.83"N,124°32'35.05"W,37°49'53.87"N,121°54'16.31"W, 38.90428,-123.22546, 39.95344,-124.58980, 39.95885,-121.87135, 37.82662,-124.54307, 37.83163,-121.90453,LC08_L2SP_045033_20211107_20211117_02_T1,LC80450332021311LGN00
LC08_L2SP_044032_20211116_20211125_02_T1,LC08_L1TP_044032_20211116_20211125_02_T1,LC80440322021320LGN00,2021/11/16,T1,2, 044, 032, 044, 032,NADIR,   0.000,2021/11/25,2021/11/25,2021-11-16 18:45:21.314722,2021-11-16 18:45:53.084721,LGN,DAY,   1.85,   1.85,644,5,    8.475,    4.704,    7.050,LPGS_15.5.0,28.88925616,162.64695767,FINAL,OLI_TIRS_L2SP,OLI_TIRS,8,UTM,10,WGS84,WGS84,40°19'58.26"N,121°13'04.91"W,41°23'25.76"N,122°33'39.67"W,41°20'50.71"N,119°49'18.52"W,39°17'25.76"N,122°34'27.95"W,39°15'01.73"N,119°55'07.21"W, 40.33285,-121.21803, 41.39049,-122.56102, 41.34742,-119.82181, 39.29049,-122.57443, 39.25048,-119.91867,LC08_L2SP_044032_20211116_20211125_02_T1,LC80440322021320LGN00
LC08_L2SP_044033_20211116_20211125_02_T1,LC08_L1TP_044033_20211116_20211125_02_T1,LC80440332021320LGN00,2021/11/16,T1,2, 044, 033, 044, 033,NADIR,   0.000,2021/11/25,2021/11/25,2021-11-16 18:45:45.205761,2021-11-16 18:46:16.975761,LGN,DAY,  35.52,  35.53,561,5,    7.991,    4.543,    6.574,LPGS_15.5.0,30.16927287,162.03475289,FINAL,OLI_TIRS_L2SP,OLI_TIRS,8,UTM,10,WGS84,WGS84,38°54'14.98"N,121°39'56.20"W,39°57'32.18"N,122°59'30.48"W,39°55'39.18"N,120°18'09.68"W,37°51'10.62"N,122°59'31.34"W,37°49'25.75"N,120°22'52.03"W, 38.90416,-121.66561, 39.95894,-122.99180, 39.92755,-120.30269, 37.85295,-122.99204, 37.82382,-120.38112,LC08_L2SP_044033_20211116_20211125_02_T1,LC80440332021320LGN00
LC09_L2SP_043032_20211116_20230506_02_T1,LC09_L1TP_043032_20211116_20230506_02_T1,LC90430322021320LGN02,2021/11/16,T1,2, 043, 032, 044, 032,OFFNADIR, -11.102,2023/05/06,2023/05/06,2021-11-16 18:39:07,2021-11-16 18:39:39,LGN,DAY,   2.25,   2.25,678,5,    9.008,    5.185,    7.365,LPGS_16.2.0,28.47201655,160.81952046,N/A,OLI_TIRS_L2SP,OLI_TIRS,9,UTM,10,WGS84,WGS84,40°19'57.50"N,121°24'46.15"W,41°22'59.09"N,122°49'09.88"W,41°20'41.57"N,120°01'47.53"W,39°17'57.30"N,122°49'29.57"W,39°15'49.46"N,120°07'11.03"W, 40.33264,-121.41282, 41.38308,-122.81941, 41.34488,-120.02987, 39.29925,-122.82488, 39.26374,-120.11973,LC09_L2SP_043032_20211116_20230506_02_T1,LC90430322021320LGN02
LC09_L2SP_043033_20211116_20230506_02_T1,LC09_L1TP_043033_20211116_20230506_02_T1,LC90430332021320LGN02,2021/11/16,T1,2, 043, 033, 044, 033,OFFNADIR, -11.100,2023/05/06,2023/05/06,2021-11-16 18:39:31,2021-11-16 18:40:03,LGN,DAY,  34.95,  35.13,562,5,    8.554,    4.904,    7.008,LPGS_16.2.0,29.73846563,160.22858818,N/A,OLI_TIRS_L2SP,OLI_TIRS,9,UTM,10,WGS84,WGS84,38°54'14.90"N,121°49'28.09"W,39°57'12.02"N,123°12'34.42"W,39°55'33.71"N,120°28'29.06"W,37°51'48.92"N,123°12'12.60"W,37°50'17.59"N,120°32'51.47"W, 38.90414,-121.82447, 39.95334,-123.20956, 39.92603,-120.47474, 37.86359,-123.20350, 37.83822,-120.54763,LC09_L2SP_043033_20211116_20230506_02_T1,LC90430332021320LGN02
LC09_L2SP_043032_20211121_20230407_02_T1,LC09_L1TP_043032_20211121_20230407_02_T1,LC90430322021325LGN04,2021/11/21,T1,2, 043, 032, 043, 032,NADIR,   0.000,2023/04/07,2023/04/07,2021-11-21 18:41:31,2021-11-21 18:42:03,LGN,DAY,   0.11,   0.11,543,5,    8.276,    4.732,    6.790,LPGS_16.2.0,27.68864988,162.58979780,N/A,OLI_TIRS_L2SP,OLI_TIRS,9,UTM,11,WGS84,WGS84,40°19'57.07"N,120°20'24.65"W,41°21'40.75"N,121°48'02.81"W,41°26'39.84"N,118°59'18.10"W,39°11'54.06"N,121°38'59.39"W,39°16'31.26"N,118°55'32.20"W, 40.33252,-120.34018, 41.36132,-121.80078, 41.44440,-118.98836, 39.19835,-121.64983, 39.27535,-118.92561,LC09_L2SP_043032_20211121_20230407_02_T1,LC90430322021325LGN04
LC09_L2SP_043033_20211121_20230405_02_T1,LC09_L1TP_043033_20211121_20230405_02_T1,LC90430332021325LGN04,2021/11/21,T1,2, 043, 033, 043, 033,NADIR,  -0.001,2023/04/05,2023/04/05,2021-11-21 18:41:55,2021-11-21 18:42:27,LGN,DAY,   0.49,   0.49,747,5,    8.588,    4.409,    7.370,LPGS_16.2.0,28.96745551,161.99628117,N/A,OLI_TIRS_L2SP,OLI_TIRS,9,UTM,10,WGS84,WGS84,38°54'16.45"N,120°47'14.03"W,39°57'48.20"N,122°04'42.67"W,39°54'43.74"N,119°25'58.94"W,37°52'16.25"N,122°06'18.68"W,37°49'25"N,119°32'09.74"W, 38.90457,-120.78723, 39.96339,-122.07852, 39.91215,-119.43304, 37.87118,-122.10519, 37.82361,-119.53604,LC09_L2SP_043033_20211121_20230405_02_T1,LC90430332021325LGN04
LC08_L2SP_045032_20211123_20211201_02_T1,LC08_L1TP_045032_20211123_20211201_02_T1,LC80450322021327LGN00,2021/11/23,T1,2, 045, 032, 045, 032,NADIR,   0.000,2021/12/01,2021/12/01,2021-11-23 18:51:32.778676,2021-11-23 18:52:04.548675,LGN,DAY,   2.45,   2.41,960,5,    8.483,    4.867,    6.948,LPGS_15.5.0,27.26670945,162.64371616,FINAL,OLI_TIRS_L2SP,OLI_TIRS,8,UTM,10,WGS84,WGS84,40°19'57.25"N,122°46'08.36"W,41°22'58.22"N,124°09'14.83"W,41°22'38.06"N,121°22'50.88"W,39°15'41.65"N,124°07'06.74"W,39°15'22.93"N,121°25'50.52"W, 40.33257,-122.76899, 41.38284,-124.15412, 41.37724,-121.38080, 39.26157,-124.11854, 39.25637,-121.43070,LC08_L2SP_045032_20211123_20211201_02_T1,LC80450322021327LGN00
LC08_L2SP_045033_20211123_20211201_02_T1,LC08_L1TP_045033_20211123_20211201_02_T1,LC80450332021327LGN00,2021/11/23,T1,2, 045, 033, 045, 033,NADIR,   0.000,2021/12/01,2021/12/01,2021-11-23 18:51:56.665479,2021-11-23 18:52:28.435479,LGN,DAY,   8.60,  31.31,841,5,    7.839,    4.514,    6.409,LPGS_15.5.0,28.54658668,162.05718154,FINAL,OLI_TIRS_L2SP,OLI_TIRS,8,UTM,10,WGS84,WGS84,38°54'15.08"N,123°12'59.08"W,39°57'12.92"N,124°34'45.37"W,39°57'31.50"N,121°51'38.95"W,37°49'36.30"N,124°31'58.26"W,37°49'53.54"N,121°53'39.52"W, 38.90419,-123.21641, 39.95359,-124.57927, 39.95875,-121.86082, 37.82675,-124.53285, 37.83154,-121.89431,LC08_L2SP_045033_20211123_20211201_02_T1,LC80450332021327LGN00
LC08_L2SP_044032_20211202_20211209_02_T1,LC08_L1TP_044032_20211202_20211209_02_T1,LC80440322021336LGN00,2021/12/02,T1,2, 044, 032, 044, 032,NADIR,   0.000,2021/12/09,2021/12/09,2021-12-02 18:45:22.863671,2021-12-02 18:45:54.633671,LGN,DAY,   0.37,   0.37,610,5,    8.897,    4.977,    7.375,LPGS_15.5.0,25.57425033,162.30071317,FINAL,OLI_TIRS_L2SP,OLI_TIRS,8,UTM,10,WGS84,WGS84,40°19'57.86"N,121°13'46.67"W,41°23'25.98"N,122°34'31.37"W,41°20'51.79"N,119°49'57.18"W,39°17'25.94"N,122°35'18.02"W,39°15'02.74"N,119°55'44.72"W, 40.33274,-121.22963, 41.39055,-122.57538, 41.34772,-119.83255, 39.29054,-122.58834, 39.25076,-119.92909,LC08_L2SP_044032_20211202_20211209_02_T1,LC80440322021336LGN00
LC08_L2SP_044033_20211202_20211209_02_T1,LC08_L1TP_044033_20211202_20211209_02_T1,LC80440332021336LGN00,2021/12/02,T1,2, 044, 033, 044, 033,NADIR,   0.000,2021/12/09,2021/12/09,2021-12-02 18:45:46.754711,2021-12-02 18:46:18.52471,LGN,DAY,   3.57,   3.57,921,5,    8.359,    4.311,    7.161,LPGS_15.5.0,26.85032458,161.73609258,FINAL,OLI_TIRS_L2SP,OLI_TIRS,8,UTM,10,WGS84,WGS84,38°54'14.87"N,121°40'37.70"W,39°57'32.18"N,123°00'08.42"W,39°55'40.08"N,120°18'47.56"W,37°51'10.62"N,123°00'08.17"W,37°49'26.58"N,120°23'28.79"W, 38.90413,-121.67714, 39.95894,-123.00234, 39.92780,-120.31321, 37.85295,-123.00227, 37.82405,-120.39133,LC08_L2SP_044033_20211202_20211209_02_T1,LC80440332021336LGN00
LC08_L2SP_045032_20211209_20211215_02_T1,LC08_L1TP_045032_20211209_20211215_02_T1,LC80450322021343LGN00,2021/12/09,T1,2, 045, 032, 045, 032,NADIR,   0.000,2021/12/15,2021/12/15,2021-12-09 18:51:33.31524,2021-12-09 18:52:05.08524,LGN,DAY,   3.41,   3.35,915,5,    8.786,    5.070,    7.176,LPGS_15.5.0,24.60082256,161.79495189,FINAL,OLI_TIRS_L2SP,OLI_TIRS,8,UTM,10,WGS84,WGS84,40°19'57.58"N,122°46'43.32"W,41°22'57.83"N,124°09'53.57"W,41°22'38.42"N,121°23'16.69"W,39°15'41.29"N,124°07'44.29"W,39°15'23.26"N,121°26'15.54"W, 40.33266,-122.77870, 41.38273,-124.16488, 41.37734,-121.38797, 39.26147,-124.12897, 39.25646,-121.43765,LC08_L2SP_045032_20211209_20211215_02_T1,LC80450322021343LGN00
LC08_L2SP_045033_20211209_20211215_02_T1,LC08_L1TP_045033_20211209_20211215_02_T1,LC80450332021343LGN00,2021/12/09,T1,2, 045, 033, 045, 033,NADIR,   0.000,2021/12/15,2021/12/15,2021-12-09 18:51:57.197808,2021-12-09 18:52:28.967807,LGN,DAY,   0.77,   1.24,825,5,    8.100,    4.439,    6.775,LPGS_15.5.0,25.87035235,161.23999063,FINAL,OLI_TIRS_L2SP,OLI_TIRS,8,UTM,10,WGS84,WGS84,38°54'16.42"N,123°13'33.42"W,39°57'12.38"N,124°35'23.28"W,39°57'31.86"N,121°52'16.86"W,37°49'35.83"N,124°32'35.05"W,37°49'53.87"N,121°54'16.31"W, 38.90456,-123.22595, 39.95344,-124.58980, 39.95885,-121.87135, 37.82662,-124.54307, 37.83163,-121.90453,LC08_L2SP_045033_20211209_20211215_02_T1,LC80450332021343LGN00
LC09_L2SP_044032_20211210_20230505_02_T1,LC09_L1TP_044032_20211210_20230505_02_T1,LC90440322021344LGN02,2021/12/10,T1,2, 044, 032, 044, 032,NADIR,   0.000,2023/05/05,2023/05/05,2021-12-10 18:45:21,2021-12-10 18:45:53,LGN,DAY,   0.79,   0.79,560,5,    9.287,    5.060,    7.787,LPGS_16.2.0,24.48282818,161.68511942,N/A,OLI_TIRS_L2SP,OLI_TIRS,9,UTM,10,WGS84,WGS84,40°19'58.84"N,121°15'15.73"W,41°23'26.30"N,122°36'01.76"W,41°20'54.28"N,119°51'27.40"W,39°17'26.27"N,122°36'45.68"W,39°15'05.04"N,119°57'12.20"W, 40.33301,-121.25437, 41.39064,-122.60049, 41.34841,-119.85761, 39.29063,-122.61269, 39.25140,-119.95339,LC09_L2SP_044032_20211210_20230505_02_T1,LC90440322021344LGN02
LC09_L2SP_044033_20211210_20230505_02_T1,LC09_L1TP_044033_20211210_20230505_02_T1,LC90440332021344LGN02,2021/12/10,T1,2, 044, 033, 044, 033,NADIR,   0.000,2023/05/05,2023/05/05,2021-12-10 18:45:45,2021-12-10 18:46:17,LGN,DAY,   0.49,   0.49,911,5,    8.554,    4.456,    7.301,LPGS_16.2.0,25.75169962,161.13075163,N/A,OLI_TIRS_L2SP,OLI_TIRS,9,UTM,10,WGS84,WGS84,38°54'15.08"N,121°42'05.76"W,39°57'32.18"N,123°01'36.95"W,39°55'42.38"N,120°20'28.57"W,37°51'20.34"N,123°01'34.14"W,37°49'38.46"N,120°25'06.53"W, 38.90419,-121.70160, 39.95894,-123.02693, 39.92844,-120.34127, 37.85565,-123.02615, 37.82735,-120.41848,LC09_L2SP_044033_20211210_20230505_02_T1,LC90440332021344LGN02
LC09_L2SP_045032_20211217_20230504_02_T1,LC09_L1TP_045032_20211217_20230504_02_T1,LC90450322021351LGN02,2021/12/17,T1,2, 045, 032, 045, 032,NADIR,  -0.001,2023/05/04,2023/05/04,2021-12-17 18:51:28,2021-12-17 18:52:00,LGN,DAY,  11.25,  11.06,636,5,    8.826,    5.350,    7.019,LPGS_16.2.0,23.89270279,160.99469147,N/A,OLI_TIRS_L2SP,OLI_TIRS,9,UTM,10,WGS84,WGS84,40°19'57.11"N,122°46'53.04"W,41°22'57.83"N,124°09'53.57"W,41°22'38.60"N,121°23'29.62"W,39°15'41.29"N,124°07'44.29"W,39°15'23.44"N,121°26'28.07"W, 40.33253,-122.78140, 41.38273,-124.16488, 41.37739,-121.39156, 39.26147,-124.12897, 39.25651,-121.44113,LC09_L2SP_045032_20211217_20230504_02_T1,LC90450322021351LGN02
LC09_L2SP_045033_20211217_20230504_02_T1,LC09_L1TP_045033_20211217_20230504_02_T1,LC90450332021351LGN02,2021/12/17,T1,2, 045, 033, 045, 033,NADIR,  -0.001,2023/05/04,2023/05/04,2021-12-17 18:51:52,2021-12-17 18:52:23,LGN,DAY,  11.42,  13.61,596,5,    8.477,    4.682,    7.067,LPGS_16.2.0,25.15222139,160.44245544,N/A,OLI_TIRS_L2SP,OLI_TIRS,9,UTM,10,WGS84,WGS84,38°54'16.20"N,123°13'42.78"W,39°57'02.48"N,124°35'35.70"W,39°57'22.25"N,121°52'29.68"W,37°49'35.65"N,124°32'47.33"W,37°49'54.01"N,121°54'28.58"W, 38.90450,-123.22855, 39.95069,-124.59325, 39.95618,-121.87491, 37.82657,-124.54648, 37.83167,-121.90794,LC09_L2SP_045033_20211217_20230504_02_T1,LC90450332021351LGN02
LC08_L2SP_044032_20211218_20211223_02_T1,LC08_L1TP_044032_20211218_20211223_02_T1,LC80440322021352LGN00,2021/12/18,T1,2, 044, 032, 044, 032,NADIR,   0.000,2021/12/23,2021/12/23,2021-12-18 18:45:20.951491,2021-12-18 18:45:52.72149,LGN,DAY,  28.03,  28.03,293,5,    9.357,    5.909,    7.255,LPGS_15.5.0,23.84195105,160.90392362,FINAL,OLI_TIRS_L2SP,OLI_TIRS,8,UTM,10,WGS84,WGS84,40°19'57.18"N,121°13'50.23"W,41°23'25.98"N,122°34'31.37"W,41°20'51.79"N,119°49'57.18"W,39°17'25.94"N,122°35'18.02"W,39°15'02.74"N,119°55'44.72"W, 40.33255,-121.23062, 41.39055,-122.57538, 41.34772,-119.83255, 39.29054,-122.58834, 39.25076,-119.92909,LC08_L2SP_044032_20211218_20211223_02_T1,LC80440322021352LGN00
LC08_L2SP_044033_20211218_20211223_02_T1,LC08_L1TP_044033_20211218_20211223_02_T1,LC80440332021352LGN00,2021/12/18,T1,2, 044, 033, 044, 033,NADIR,   0.000,2021/12/23,2021/12/23,2021-12-18 18:45:44.838294,2021-12-18 18:46:16.608294,LGN,DAY,  44.36,  44.34,439,5,    8.678,    4.756,    7.259,LPGS_15.5.0,25.10056396,160.35136706,FINAL,OLI_TIRS_L2SP,OLI_TIRS,8,UTM,10,WGS84,WGS84,38°54'15.19"N,121°40'40.66"W,39°57'32.18"N,123°00'08.42"W,39°55'40.08"N,120°18'47.56"W,37°51'10.62"N,123°00'08.17"W,37°49'26.58"N,120°23'28.79"W, 38.90422,-121.67796, 39.95894,-123.00234, 39.92780,-120.31321, 37.85295,-123.00227, 37.82405,-120.39133,LC08_L2SP_044033_20211218_20211223_02_T1,LC80440332021352LGN00
