Landsat Product Identifier L2,Landsat Product Identifier L1,Landsat Scene Identifier,Date Acquired,Collection Category,Collection Number,WRS Path,WRS Row,Target WRS Path,Target WRS Row,Nadir/Off Nadir,Roll Angle,Date Product Generated L2,Date Product Generated L1,Start Time,Stop Time,Station Identifier,Day/Night Indicator,Land Cloud Cover,Scene Cloud Cover L1,Ground Control Points Model,Ground Control Points Version,Geometric RMSE Model,Geometric RMSE Model X,Geometric RMSE Model Y,Processing Software Version,Sun Elevation L0RA,Sun Azimuth L0RA,TIRS SSM Model,Data Type L2,Sensor Identifier,Satellite,Product Map Projection L1,UTM Zone,Datum,Ellipsoid,Scene Center Lat DMS,Scene Center Long DMS,Corner Upper Left Lat DMS,Corner Upper Left Long DMS,Corner Upper Right Lat DMS,Corner Upper Right Long DMS,Corner Lower Left Lat DMS,Corner Lower Left Long DMS,Corner Lower Right Lat DMS,Corner Lower Right Long DMS,Scene Center Latitude,Scene Center Longitude,Corner Upper Left Latitude,Corner Upper Left Longitude,Corner Upper Right Latitude,Corner Upper Right Longitude,Corner Lower Left Latitude,Corner Lower Left Longitude,Corner Lower Right Latitude,Corner Lower Right Longitude,Display ID,Entity ID
LC08_L2SP_045032_20130325_20200912_02_T1,LC08_L1TP_045032_20130325_20200912_02_T1,LC80450322013084LGN02,2013-03-25,T1,2,45,32,45,32,NADIR,0.0,2020/09/12,2020/09/12,2013-03-25 18:53:28.843406,2013-03-25 18:53:58.639427,LGN,DAY,56.2,57.33,604,5,5.315,3.61,3.9,LPGS_15.3.1c,47.26982364,148.03700146,ACTUAL,OLI_TIRS_L2SP,OLI_TIRS,8,UTM,10,WGS84,WGS84,"40°19'58.15""N","123°02'39.34""W","41°19'34.46""N","124°23'10.03""W","41°19'38.24""N","121°42'16.81""W","39°18'57.35""N","124°20'44.16""W","39°19'00.91""N","121°44'33.14""W",40.33282,-123.04426,41.32624,-124.38612,41.32729,-121.70467,39.31593,-124.3456,39.31692,-121.74254,LC08_L2SP_045032_20130325_20200912_02_T1,LC80450322013084LGN02
LC08_L2SP_044032_20130409_20200912_02_T1,LC08_L1TP_044032_20130409_20200912_02_T1,LC80440322013099LGN03,2013-04-09,T1,2,44,32,44,32,NADIR,0.0,2020/09/12,2020/09/12,2013-04-09 18:45:32.132891,2013-04-09 18:46:01.928911,LGN,DAY,0.99,0.99,675,5,6.351,3.929,4.99,LPGS_15.3.1c,53.01149326,146.06155758,ACTUAL,OLI_TIRS_L2SP,OLI_TIRS,8,UTM,10,WGS84,WGS84,"40°19'57.40""N","120°54'31""W","41°20'04.74""N","122°13'14.88""W","41°17'06.72""N","119°32'17.84""W","39°21'13.28""N","122°14'35.74""W","39°18'27.25""N","119°38'16.37""W",40.33261,-120.90861,41.33465,-122.2208,41.2852,-119.53829,39.35369,-122.24326,39.30757,-119.63788,LC08_L2SP_044032_20130409_20200912_02_T1,LC80440322013099LGN03
LC08_L2SP_044032_20130416_20200913_02_T1,LC08_L1TP_044032_20130416_20200913_02_T1,LC80440322013106LGN03,2013-04-16,T1,2,44,32,44,32,NADIR,0.0,2020/09/13,2020/09/13,2013-04-16 18:46:50.882651,2013-04-16 18:47:20.678671,LGN,DAY,42.67,42.67,553,5,5.691,3.661,4.357,LPGS_15.3.1c,55.48316833,144.84268076,ACTUAL,OLI_TIRS_L2SP,OLI_TIRS,8,UTM,10,WGS84,WGS84,"40°19'57.54""N","121°13'42.20""W","41°19'51.67""N","122°33'15.30""W","41°17'19.50""N","119°50'59.03""W","39°20'59.78""N","122°34'01.56""W","39°18'37.84""N","119°56'25.40""W",40.33265,-121.22839,41.33102,-122.55425,41.28875,-119.84973,39.34994,-122.5671,39.31051,-119.94039,LC08_L2SP_044032_20130416_20200913_02_T1,LC80440322013106LGN03
LC08_L2SP_045032_20130423_20200913_02_T1,LC08_L1TP_045032_20130423_20200913_02_T1,LC80450322013113LGN02,2013-04-23,T1,2,45,32,45,32,NADIR,0.0,2020/09/13,2020/09/13,2013-04-23 18:52:58.979727,2013-04-23 18:53:28.775747,LGN,DAY,0.51,0.5,1228,5,4.163,2.738,3.136,LPGS_15.3.1c,57.78038587,143.44799264,ACTUAL,OLI_TIRS_L2SP,OLI_TIRS,8,UTM,10,WGS84,WGS84,"40°19'57.43""N","122°45'20.38""W","41°19'35.11""N","124°07'15.10""W","41°19'14.02""N","121°23'08.84""W","39°19'16.79""N","124°05'17.41""W","39°18'57.10""N","121°25'58.26""W",40.33262,-122.75566,41.32642,-124.12086,41.32056,-121.38579,39.32133,-124.08817,39.31586,-121.43285,LC08_L2SP_045032_20130423_20200913_02_T1,LC80450322013113LGN02
LC08_L2SP_045032_20130525_20200912_02_T1,LC08_L1TP_045032_20130525_20200912_02_T1,LC80450322013145LGN02,2013-05-25,T1,2,45,32,45,32,NADIR,0.0,2020/09/12,2020/09/12,2013-05-25 18:53:15.867593,2013-05-25 18:53:45.663613,LGN,DAY,1.12,1.1,1338,5,2.922,2.095,2.037,LPGS_15.3.1c,65.04385757,134.9430126,ACTUAL,OLI_TIRS_L2SP,OLI_TIRS,8,UTM,10,WGS84,WGS84,"40°19'58.69""N","122°48'23.47""W","41°19'33.31""N","124°10'15.74""W","41°19'16.50""N","121°26'09.42""W","39°19'15.10""N","124°08'12.80""W","39°18'59.44""N","121°28'53.62""W",40.33297,-122.80652,41.32592,-124.17104,41.32125,-121.43595,39.32086,-124.13689,39.31651,-121.48156,LC08_L2SP_045032_20130525_20200912_02_T1,LC80450322013145LGN02
LC08_L2SP_044032_20130603_20200912_02_T1,LC08_L1TP_044032_20130603_20200912_02_T1,LC80440322013154LGN01,2013-06-03,T1,2,44,32,44,32,NADIR,0.0,2020/09/12,2020/09/12,2013-06-03 18:47:04.893857,2013-06-03 18:47:34.689877,LGN,DAY,0.11,0.11,1150,5,2.313,1.384,1.854,LPGS_15.3.1c,65.93846954,132.50042706,ACTUAL,OLI_TIRS_L2SP,OLI_TIRS,8,UTM,10,WGS84,WGS84,"40°19'57.61""N","121°15'21.60""W","41°19'52.03""N","122°34'58.55""W","41°17'22.31""N","119°52'42.06""W","39°20'50.39""N","122°35'41.89""W","39°18'30.74""N","119°58'05.92""W",40.33267,-121.256,41.33112,-122.58293,41.28953,-119.87835,39.34733,-122.59497,39.30854,-119.96831,LC08_L2SP_044032_20130603_20200912_02_T1,LC80440322013154LGN01
LC08_L2SP_044032_20130619_20200912_02_T1,LC08_L1TP_044032_20130619_20200912_02_T1,LC80440322013170LGN01,2013-06-19,T1,2,44,32,44,32,NADIR,0.0,2020/09/12,2020/09/12,2013-06-19 18:46:57.789525,2013-06-19 18:47:27.585545,LGN,DAY,26.79,26.79,671,5,4.351,3.087,3.065,LPGS_15.3.1c,66.28263541,129.48454449,ACTUAL,OLI_TIRS_L2SP,OLI_TIRS,8,UTM,10,WGS84,WGS84,"40°19'57.22""N","121°13'10.31""W","41°19'51.56""N","122°32'49.49""W","41°17'18.82""N","119°50'33.29""W","39°20'59.68""N","122°33'36.50""W","39°18'37.19""N","119°56'00.38""W",40.33256,-121.21953,41.33099,-122.54708,41.28856,-119.84258,39.34991,-122.56014,39.31033,-119.93344,LC08_L2SP_044032_20130619_20200912_02_T1,LC80440322013170LGN01
LC08_L2SP_044032_20130705_20200912_02_T1,LC08_L1TP_044032_20130705_20200912_02_T1,LC80440322013186LGN01,2013-07-05,T1,2,44,32,44,32,NADIR,0.0,2020/09/12,2020/09/12,2013-07-05 18:47:00.258138,2013-07-05 18:47:32.028133,LGN,DAY,0.06,0.06,1162,5,2.811,2.042,1.932,LPGS_15.3.1c,65.25988609,129.2296346,ACTUAL,OLI_TIRS_L2SP,OLI_TIRS,8,UTM,10,WGS84,WGS84,"40°19'58.66""N","121°13'43.18""W","41°23'25.91""N","122°34'18.44""W","41°20'51.79""N","119°49'57.18""W","39°17'25.91""N","122°35'05.50""W","39°15'02.74""N","119°55'44.72""W",40.33296,-121.22866,41.39053,-122.57179,41.34772,-119.83255,39.29053,-122.58486,39.25076,-119.92909,LC08_L2SP_044032_20130705_20200912_02_T1,LC80440322013186LGN01
LC08_L2SP_045032_20130712_20200912_02_T1,LC08_L1TP_045032_20130712_20200912_02_T1,LC80450322013193LGN01,2013-07-12,T1,2,45,32,45,32,NADIR,0.0,2020/09/12,2020/09/12,2013-07-12 18:53:11.215382,2013-07-12 18:53:42.985377,LGN,DAY,0.06,0.09,1430,5,1.518,0.839,1.266,LPGS_15.3.1c,64.45104585,130.06504583,ACTUAL,OLI_TIRS_L2SP,OLI_TIRS,8,UTM,10,WGS84,WGS84,"40°19'58.48""N","122°46'24.64""W","41°23'07.84""N","124°09'27.90""W","41°22'47.96""N","121°23'03.55""W","39°15'41.54""N","124°07'19.27""W","39°15'23.08""N","121°26'03.05""W",40.33291,-122.77351,41.38551,-124.15775,41.37999,-121.38432,39.26154,-124.12202,39.25641,-121.43418,LC08_L2SP_045032_20130712_20200912_02_T1,LC80450322013193LGN01
LC08_L2SP_044032_20130721_20200912_02_T1,LC08_L1TP_044032_20130721_20200912_02_T1,LC80440322013202LGN01,2013-07-21,T1,2,44,32,44,32,NADIR,0.0,2020/09/12,2020/09/12,2013-07-21 18:46:58.194073,2013-07-21 18:47:29.964069,LGN,DAY,0.0,0.0,1138,5,3.354,2.175,2.554,LPGS_15.3.1c,63.1360302,131.90747727,ACTUAL,OLI_TIRS_L2SP,OLI_TIRS,8,UTM,10,WGS84,WGS84,"40°19'58.19""N","121°13'02.35""W","41°23'25.76""N","122°33'39.67""W","41°20'50.71""N","119°49'18.52""W","39°17'25.76""N","122°34'27.95""W","39°15'01.73""N","119°55'07.21""W",40.33283,-121.21732,41.39049,-122.56102,41.34742,-119.82181,39.29049,-122.57443,39.25048,-119.91867,LC08_L2SP_044032_20130721_20200912_02_T1,LC80440322013202LGN01
LC08_L2SP_045032_20130728_20200912_02_T1,LC08_L1TP_045032_20130728_20200912_02_T1,LC80450322013209LGN01,2013-07-28,T1,2,45,32,45,32,NADIR,0.0,2020/09/12,2020/09/12,2013-07-28 18:53:11.342236,2013-07-28 18:53:43.112232,LGN,DAY,0.8,2.57,1408,5,2.169,1.422,1.638,LPGS_15.3.1c,61.90832157,133.83677496,ACTUAL,OLI_TIRS_L2SP,OLI_TIRS,8,UTM,10,WGS84,WGS84,"40°19'57.90""N","122°46'22.33""W","41°23'07.84""N","124°09'27.90""W","41°22'47.96""N","121°23'03.55""W","39°15'41.54""N","124°07'19.27""W","39°15'23.08""N","121°26'03.05""W",40.33275,-122.77287,41.38551,-124.15775,41.37999,-121.38432,39.26154,-124.12202,39.25641,-121.43418,LC08_L2SP_045032_20130728_20200912_02_T1,LC80450322013209LGN01
LC08_L2SP_044032_20130806_20200912_02_T1,LC08_L1TP_044032_20130806_20200912_02_T1,LC80440322013218LGN01,2013-08-06,T1,2,44,32,44,32,NADIR,0.0,2020/09/12,2020/09/12,2013-08-06 18:47:01.752363,2013-08-06 18:47:33.522358,LGN,DAY,3.4,3.4,1031,5,3.974,2.617,2.99,LPGS_15.3.1c,60.08071849,136.78751762,ACTUAL,OLI_TIRS_L2SP,OLI_TIRS,8,UTM,10,WGS84,WGS84,"40°19'57.14""N","121°13'57.72""W","41°23'26.02""N","122°34'44.26""W","41°20'52.15""N","119°50'10.07""W","39°17'26.02""N","122°35'30.55""W","39°15'03.06""N","119°55'57.22""W",40.33254,-121.2327,41.39056,-122.57896,41.34782,-119.83613,39.29056,-122.59182,39.25085,-119.93256,LC08_L2SP_044032_20130806_20200912_02_T1,LC80440322013218LGN01
LC08_L2SP_045032_20130813_20200912_02_T1,LC08_L1TP_045032_20130813_20200912_02_T1,LC80450322013225LGN01,2013-08-13,T1,2,45,32,45,32,NADIR,0.0,2020/09/12,2020/09/12,2013-08-13 18:53:12.087412,2013-08-13 18:53:43.857408,LGN,DAY,1.32,1.3,1415,5,2.755,1.619,2.229,LPGS_15.3.1c,58.47036126,139.3321336,ACTUAL,OLI_TIRS_L2SP,OLI_TIRS,8,UTM,10,WGS84,WGS84,"40°19'57.68""N","122°46'40.87""W","41°22'57.97""N","124°09'40.64""W","41°22'38.42""N","121°23'16.69""W","39°15'41.40""N","124°07'31.76""W","39°15'23.26""N","121°26'15.54""W",40.33269,-122.77802,41.38277,-124.16129,41.37734,-121.38797,39.2615,-124.12549,39.25646,-121.43765,LC08_L2SP_045032_20130813_20200912_02_T1,LC80450322013225LGN01
LC08_L2SP_044032_20130822_20200912_02_T1,LC08_L1TP_044032_20130822_20200912_02_T1,LC80440322013234LGN01,2013-08-22,T1,2,44,32,44,32,NADIR,0.0,2020/09/12,2020/09/12,2013-08-22 18:47:03.404076,2013-08-22 18:47:35.174072,LGN,DAY,17.78,17.78,765,5,5.305,3.497,3.989,LPGS_15.3.1c,56.17877996,142.77029126,ACTUAL,OLI_TIRS_L2SP,OLI_TIRS,8,UTM,10,WGS84,WGS84,"40°19'57.22""N","121°14'37.82""W","41°23'26.16""N","122°35'23.03""W","41°20'53.20""N","119°50'48.73""W","39°17'26.12""N","122°36'08.14""W","39°15'04.07""N","119°56'34.73""W",40.33256,-121.24384,41.3906,-122.58973,41.34811,-119.84687,39.29059,-122.60226,39.25113,-119.94298,LC08_L2SP_044032_20130822_20200912_02_T1,LC80440322013234LGN01
LC08_L2SP_045032_20130829_20200912_02_T1,LC08_L1TP_045032_20130829_20200912_02_T1,LC80450322013241LGN01,2013-08-29,T1,2,45,32,45,32,NADIR,0.0,2020/09/12,2020/09/12,2013-08-29 18:53:14.670949,2013-08-29 18:53:46.440945,LGN,DAY,9.16,9.49,1186,5,4.344,2.962,3.177,LPGS_15.3.1c,54.2265919,145.46710331,ACTUAL,OLI_TIRS_L2SP,OLI_TIRS,8,UTM,10,WGS84,WGS84,"40°19'57.07""N","122°47'40.20""W","41°22'57.32""N","124°10'45.23""W","41°22'39.32""N","121°24'21.28""W","39°15'40.79""N","124°08'34.37""W","39°15'24.08""N","121°27'18.11""W",40.33252,-122.7945,41.38259,-124.17923,41.37759,-121.40591,39.26133,-124.14288,39.25669,-121.45503,LC08_L2SP_045032_20130829_20200912_02_T1,LC80450322013241LGN01
LC08_L2SP_044032_20130907_20200913_02_T1,LC08_L1TP_044032_20130907_20200913_02_T1,LC80440322013250LGN01,2013-09-07,T1,2,44,32,44,32,NADIR,0.0,2020/09/13,2020/09/13,2013-09-07 18:47:02.387044,2013-09-07 18:47:34.15704,LGN,DAY,0.0,0.0,1125,5,4.917,2.761,4.069,LPGS_15.3.1c,51.52506836,148.83372137,ACTUAL,OLI_TIRS_L2SP,OLI_TIRS,8,UTM,10,WGS84,WGS84,"40°19'58.15""N","121°14'51.18""W","41°23'26.20""N","122°35'35.95""W","41°20'53.56""N","119°51'01.62""W","39°17'26.16""N","122°36'20.66""W","39°15'04.39""N","119°56'47.22""W",40.33282,-121.24755,41.39061,-122.59332,41.34821,-119.85045,39.2906,-122.60574,39.25122,-119.94645,LC08_L2SP_044032_20130907_20200913_02_T1,LC80440322013250LGN01
LC08_L2SP_045032_20130914_20200912_02_T1,LC08_L1TP_045032_20130914_20200912_02_T1,LC80450322013257LGN01,2013-09-14,T1,2,45,32,45,32,NADIR,0.0,2020/09/12,2020/09/12,2013-09-14 18:53:10.667765,2013-09-14 18:53:42.437761,LGN,DAY,1.45,3.24,1301,5,3.784,2.41,2.918,LPGS_15.3.1c,49.29421179,151.30903454,ACTUAL,OLI_TIRS_L2SP,OLI_TIRS,8,UTM,10,WGS84,WGS84,"40°19'58.22""N","122°47'13.81""W","41°23'07.30""N","124°10'19.56""W","41°22'48.68""N","121°23'55.21""W","39°15'41.04""N","124°08'09.31""W","39°15'23.76""N","121°26'53.09""W",40.33284,-122.78717,41.38536,-124.1721,41.38019,-121.39867,39.2614,-124.13592,39.2566,-121.44808,LC08_L2SP_045032_20130914_20200912_02_T1,LC80450322013257LGN01
LC08_L2SP_044032_20130923_20200912_02_T1,LC08_L1TP_044032_20130923_20200912_02_T1,LC80440322013266LGN01,2013-09-23,T1,2,44,32,44,32,NADIR,0.0,2020/09/12,2020/09/12,2013-09-23 18:46:54.93846,2013-09-23 18:47:26.708456,LGN,DAY,6.29,6.29,932,5,5.763,3.292,4.73,LPGS_15.3.1c,46.30485697,154.22663433,ACTUAL,OLI_TIRS_L2SP,OLI_TIRS,8,UTM,10,WGS84,WGS84,"40°19'57.40""N","121°13'44.69""W","41°23'25.98""N","122°34'31.37""W","41°20'51.79""N","119°49'57.18""W","39°17'25.94""N","122°35'18.02""W","39°15'02.74""N","119°55'44.72""W",40.33261,-121.22908,41.39055,-122.57538,41.34772,-119.83255,39.29054,-122.58834,39.25076,-119.92909,LC08_L2SP_044032_20130923_20200912_02_T1,LC80440322013266LGN01
LC08_L2SP_044032_20131009_20200912_02_T1,LC08_L1TP_044032_20131009_20200912_02_T1,LC80440322013282LGN02,2013-10-09,T1,2,44,32,44,32,NADIR,0.0,2020/09/12,2020/09/12,2013-10-09 18:46:54.254216,2013-10-09 18:47:26.024212,LGN,DAY,43.65,43.65,601,5,6.229,3.248,5.315,LPGS_15.3.1c,40.79927824,158.47399837,ACTUAL,OLI_TIRS_L2SP,OLI_TIRS,8,UTM,10,WGS84,WGS84,"40°19'58.19""N","121°14'32.93""W","41°23'26.12""N","122°35'10.10""W","41°20'53.20""N","119°50'48.73""W","39°17'26.09""N","122°35'55.61""W","39°15'04.07""N","119°56'34.73""W",40.33283,-121.24248,41.39059,-122.58614,41.34811,-119.84687,39.29058,-122.59878,39.25113,-119.94298,LC08_L2SP_044032_20131009_20200912_02_T1,LC80440322013282LGN02
LC08_L2SP_045032_20131016_20200912_02_T1,LC08_L1TP_045032_20131016_20200912_02_T1,LC80450322013289LGN01,2013-10-16,T1,2,45,32,45,32,NADIR,0.0,2020/09/12,2020/09/12,2013-10-16 18:53:03.107394,2013-10-16 18:53:34.87739,LGN,DAY,17.64,17.3,1285,5,5.517,2.837,4.732,LPGS_15.3.1c,38.39787552,159.911497,ACTUAL,OLI_TIRS_L2SP,OLI_TIRS,8,UTM,10,WGS84,WGS84,"40°19'57.40""N","122°47'10.03""W","41°22'57.58""N","124°10'19.38""W","41°22'38.96""N","121°23'55.43""W","39°15'41.04""N","124°08'09.31""W","39°15'23.76""N","121°26'53.09""W",40.33261,-122.78612,41.38266,-124.17205,41.37749,-121.39873,39.2614,-124.13592,39.2566,-121.44808,LC08_L2SP_045032_20131016_20200912_02_T1,LC80450322013289LGN01
LC08_L2SP_044032_20131025_20200912_02_T1,LC08_L1TP_044032_20131025_20200912_02_T1,LC80440322013298LGN01,2013-10-25,T1,2,44,32,44,32,NADIR,0.0,2020/09/12,2020/09/12,2013-10-25 18:46:46.202432,2013-10-25 18:47:17.972428,LGN,DAY,0.05,0.05,950,5,7.439,3.84,6.371,LPGS_15.3.1c,35.40024391,161.35258804,ACTUAL,OLI_TIRS_L2SP,OLI_TIRS,8,UTM,10,WGS84,WGS84,"40°19'57.97""N","121°13'43.39""W","41°23'25.91""N","122°34'18.44""W","41°20'51.79""N","119°49'57.18""W","39°17'25.91""N","122°35'05.50""W","39°15'02.74""N","119°55'44.72""W",40.33277,-121.22872,41.39053,-122.57179,41.34772,-119.83255,39.29053,-122.58486,39.25076,-119.92909,LC08_L2SP_044032_20131025_20200912_02_T1,LC80440322013298LGN01
LC08_L2SP_045032_20131101_20200912_02_T1,LC08_L1TP_045032_20131101_20200912_02_T1,LC80450322013305LGN01,2013-11-01,T1,2,45,32,45,32,NADIR,0.0,2020/09/12,2020/09/12,2013-11-01 18:52:56.143864,2013-11-01 18:53:27.91386,LGN,DAY,0.05,0.25,1288,5,6.005,3.073,5.16,LPGS_15.3.1c,33.18193196,162.1576807,ACTUAL,OLI_TIRS_L2SP,OLI_TIRS,8,UTM,10,WGS84,WGS84,"40°19'57.76""N","122°46'41.63""W","41°22'57.97""N","124°09'40.64""W","41°22'38.42""N","121°23'16.69""W","39°15'41.40""N","124°07'31.76""W","39°15'23.26""N","121°26'15.54""W",40.33271,-122.77823,41.38277,-124.16129,41.37734,-121.38797,39.2615,-124.12549,39.25646,-121.43765,LC08_L2SP_045032_20131101_20200912_02_T1,LC80450322013305LGN01
LC08_L2SP_044032_20131110_20200912_02_T1,LC08_L1TP_044032_20131110_20200912_02_T1,LC80440322013314LGN01,2013-11-10,T1,2,44,32,44,32,NADIR,0.0,2020/09/12,2020/09/12,2013-11-10 18:46:45.279404,2013-11-10 18:47:17.0494,LGN,DAY,4.87,4.87,861,5,7.861,3.744,6.912,LPGS_15.3.1c,30.55088852,162.78551588,ACTUAL,OLI_TIRS_L2SP,OLI_TIRS,8,UTM,10,WGS84,WGS84,"40°19'57.76""N","121°14'53.84""W","41°23'26.20""N","122°35'35.95""W","41°20'53.56""N","119°51'01.62""W","39°17'26.16""N","122°36'20.66""W","39°15'04.39""N","119°56'47.22""W",40.33271,-121.24829,41.39061,-122.59332,41.34821,-119.85045,39.2906,-122.60574,39.25122,-119.94645,LC08_L2SP_044032_20131110_20200912_02_T1,LC80440322013314LGN01
LC08_L2SP_045032_20131117_20200912_02_T1,LC08_L1TP_045032_20131117_20200912_02_T1,LC80450322013321LGN02,2013-11-17,T1,2,45,32,45,32,NADIR,0.0,2020/09/12,2020/09/12,2013-11-17 18:52:51.988606,2013-11-17 18:53:23.758602,LGN,DAY,2.96,2.91,1158,5,6.893,3.509,5.933,LPGS_15.3.1c,28.72500838,162.98071966,ACTUAL,OLI_TIRS_L2SP,OLI_TIRS,8,UTM,10,WGS84,WGS84,"40°19'57.86""N","122°47'09.92""W","41°22'57.72""N","124°10'06.49""W","41°22'38.96""N","121°23'55.43""W","39°15'41.15""N","124°07'56.82""W","39°15'23.76""N","121°26'53.09""W",40.33274,-122.78609,41.3827,-124.16847,41.37749,-121.39873,39.26143,-124.13245,39.2566,-121.44808,LC08_L2SP_045032_20131117_20200912_02_T1,LC80450322013321LGN02
LC08_L2SP_044033_20131126_20200912_02_T1,LC08_L1TP_044033_20131126_20200912_02_T1,LC80440332013330LGN01,2013-11-26,T1,2,44,33,44,33,NADIR,0.0,2020/09/12,2020/09/12,2013-11-26 18:47:01.452628,2013-11-26 18:47:33.222624,LGN,DAY,52.8,52.83,1235,5,6.879,3.666,5.82,LPGS_15.3.1c,28.01131055,162.29185916,ACTUAL,OLI_TIRS_L2SP,OLI_TIRS,8,UTM,10,WGS84,WGS84,"38°54'16.34""N","121°41'22.70""W","39°57'32.18""N","123°00'59""W","39°55'41.23""N","120°19'38.06""W","37°51'10.62""N","123°00'57.28""W","37°49'27.66""N","120°24'17.82""W",38.90454,-121.68964,39.95894,-123.01639,39.92812,-120.32724,37.85295,-123.01591,37.82435,-120.40495,LC08_L2SP_044033_20131126_20200912_02_T1,LC80440332013330LGN01
LC08_L2SP_045032_20131203_20200912_02_T1,LC08_L1TP_045032_20131203_20200912_02_T1,LC80450322013337LGN01,2013-12-03,T1,2,45,32,45,32,NADIR,0.0,2020/09/12,2020/09/12,2013-12-03 18:52:49.278153,2013-12-03 18:53:21.048149,LGN,DAY,2.78,2.73,1127,5,7.508,3.976,6.369,LPGS_15.3.1c,25.48959096,162.52079217,ACTUAL,OLI_TIRS_L2SP,OLI_TIRS,8,UTM,10,WGS84,WGS84,"40°19'58.26""N","122°48'13.03""W","41°22'56.93""N","124°11'23.96""W","41°22'39.68""N","121°24'47.09""W","39°15'40.43""N","124°09'11.92""W","39°15'24.41""N","121°27'43.13""W",40.33285,-122.80362,41.38248,-124.18999,41.37769,-121.41308,39.26123,-124.15331,39.25678,-121.46198,LC08_L2SP_045032_20131203_20200912_02_T1,LC80450322013337LGN01
LC08_L2SP_044032_20131212_20200912_02_T1,LC08_L1TP_044032_20131212_20200912_02_T1,LC80440322013346LGN01,2013-12-12,T1,2,44,32,44,32,NADIR,0.0,2020/09/12,2020/09/12,2013-12-12 18:46:35.282685,2013-12-12 18:47:07.052681,LGN,DAY,7.97,7.97,568,5,8.801,4.884,7.321,LPGS_15.3.1c,24.3564231,161.79195574,ACTUAL,OLI_TIRS_L2SP,OLI_TIRS,8,UTM,10,WGS84,WGS84,"40°19'58.12""N","121°15'47.56""W","41°23'26.38""N","122°36'27.61""W","41°20'54.96""N","119°51'53.17""W","39°17'16.62""N","122°37'10.81""W","39°14'55.97""N","119°57'37.62""W",40.33281,-121.26321,41.39066,-122.60767,41.3486,-119.86477,39.28795,-122.61967,39.24888,-119.96045,LC08_L2SP_044032_20131212_20200912_02_T1,LC80440322013346LGN01
LC08_L2SP_045032_20131219_20200912_02_T1,LC08_L1TP_045032_20131219_20200912_02_T1,LC80450322013353LGN04,2013-12-19,T1,2,45,32,45,32,NADIR,0.0,2020/09/12,2020/09/12,2013-12-19 18:52:39.509301,2013-12-19 18:53:11.279297,LGN,DAY,1.95,1.91,1084,5,7.953,4.245,6.726,LPGS_15.3.1c,23.86074444,161.04245971,ACTUAL,OLI_TIRS_L2SP,OLI_TIRS,8,UTM,10,WGS84,WGS84,"40°19'58.48""N","122°47'45.10""W","41°22'57.18""N","124°10'58.12""W","41°22'39.32""N","121°24'21.28""W","39°15'40.68""N","124°08'46.86""W","39°15'24.08""N","121°27'18.11""W",40.33291,-122.79586,41.38255,-124.18281,41.37759,-121.40591,39.2613,-124.14635,39.25669,-121.45503,LC08_L2SP_045032_20131219_20200912_02_T1,LC80450322013353LGN04
LC08_L2SP_044032_20131228_20200912_02_T1,LC08_L1TP_044032_20131228_20200912_02_T1,LC80440322013362LGN01,2013-12-28,T1,2,44,32,44,32,NADIR,0.0,2020/09/12,2020/09/12,2013-12-28 18:46:26.466895,2013-12-28 18:46:58.236891,LGN,DAY,2.74,2.74,730,5,9.044,4.843,7.638,LPGS_15.3.1c,23.74669118,159.89608143,ACTUAL,OLI_TIRS_L2SP,OLI_TIRS,8,UTM,10,WGS84,WGS84,"40°19'57.29""N","121°15'39.74""W","41°23'26.38""N","122°36'27.61""W","41°20'54.96""N","119°51'53.17""W","39°17'16.62""N","122°37'10.81""W","39°14'55.97""N","119°57'37.62""W",40.33258,-121.26104,41.39066,-122.60767,41.3486,-119.86477,39.28795,-122.61967,39.24888,-119.96045,LC08_L2SP_044032_20131228_20200912_02_T1,LC80440322013362LGN01
LC08_L2SP_045032_20140104_20200912_02_T1,LC08_L1TP_045032_20140104_20200912_02_T1,LC80450322014004LGN01,2014-01-04,T1,2,45,32,45,32,NADIR,0.0,2020/09/12,2020/09/12,2014-01-04 18:52:32.891776,2014-01-04 18:53:04.661772,LGN,DAY,1.33,1.34,1109,5,7.887,4.431,6.524,LPGS_15.3.1c,24.0708937,158.8981451,ACTUAL,OLI_TIRS_L2SP,OLI_TIRS,8,UTM,10,WGS84,WGS84,"40°19'57.97""N","122°48'20.41""W","41°22'56.93""N","124°11'23.96""W","41°22'39.83""N","121°24'59.98""W","39°15'40.43""N","124°09'11.92""W","39°15'24.59""N","121°27'55.66""W",40.33277,-122.80567,41.38248,-124.18999,41.37773,-121.41666,39.26123,-124.15331,39.25683,-121.46546,LC08_L2SP_045032_20140104_20200912_02_T1,LC80450322014004LGN01
LC08_L2SP_044032_20140113_20200912_02_T1,LC08_L1TP_044032_20140113_20200912_02_T1,LC80440322014013LGN01,2014-01-13,T1,2,44,32,44,32,NADIR,0.0,2020/09/12,2020/09/12,2014-01-13 18:46:12.199001,2014-01-13 18:46:43.968997,LGN,DAY,12.58,12.58,710,5,8.964,5.101,7.371,LPGS_15.3.1c,25.01581647,157.55022989,ACTUAL,OLI_TIRS_L2SP,OLI_TIRS,8,UTM,10,WGS84,WGS84,"40°19'57.65""N","121°14'25.12""W","41°23'26.12""N","122°35'10.10""W","41°20'52.84""N","119°50'35.84""W","39°17'26.09""N","122°35'55.61""W","39°15'03.71""N","119°56'22.20""W",40.33268,-121.24031,41.39059,-122.58614,41.34801,-119.84329,39.29058,-122.59878,39.25103,-119.9395,LC08_L2SP_044032_20140113_20200912_02_T1,LC80440322014013LGN01
LC08_L2SP_045032_20140120_20200912_02_T1,LC08_L1TP_045032_20140120_20200912_02_T1,LC80450322014020LGN01,2014-01-20,T1,2,45,32,45,32,NADIR,0.0,2020/09/12,2020/09/12,2014-01-20 18:52:20.424291,2014-01-20 18:52:52.194286,LGN,DAY,0.54,0.53,1159,5,7.577,4.291,6.244,LPGS_15.3.1c,26.14563158,156.47820128,ACTUAL,OLI_TIRS_L2SP,OLI_TIRS,8,UTM,10,WGS84,WGS84,"40°19'57.32""N","122°47'42.07""W","41°22'57.32""N","124°10'45.23""W","41°22'39.32""N","121°24'21.28""W","39°15'40.79""N","124°08'34.37""W","39°15'24.08""N","121°27'18.11""W",40.33259,-122.79502,41.38259,-124.17923,41.37759,-121.40591,39.26133,-124.14288,39.25669,-121.45503,LC08_L2SP_045032_20140120_20200912_02_T1,LC80450322014020LGN01
LC08_L2SP_045032_20140205_20200912_02_T1,LC08_L1TP_045032_20140205_20200912_02_T1,LC80450322014036LGN01,2014-02-05,T1,2,45,32,45,32,NADIR,0.0,2020/09/12,2020/09/12,2014-02-05 18:52:11.922542,2014-02-05 18:52:43.692539,LGN,DAY,22.88,24.51,1214,5,7.096,4.056,5.822,LPGS_15.3.1c,29.89370793,154.078926,ACTUAL,OLI_TIRS_L2SP,OLI_TIRS,8,UTM,10,WGS84,WGS84,"40°19'57.79""N","122°48'20.38""W","41°22'56.93""N","124°11'23.96""W","41°22'39.83""N","121°24'59.98""W","39°15'40.43""N","124°09'11.92""W","39°15'24.59""N","121°27'55.66""W",40.33272,-122.80566,41.38248,-124.18999,41.37773,-121.41666,39.26123,-124.15331,39.25683,-121.46546,LC08_L2SP_045032_20140205_20200912_02_T1,LC80450322014036LGN01
LC08_L2SP_045032_20140221_20200911_02_T1,LC08_L1TP_045032_20140221_20200911_02_T1,LC80450322014052LGN01,2014-02-21,T1,2,45,32,45,32,NADIR,0.0,2020/09/11,2020/09/11,2014-02-21 18:51:58.746595,2014-02-21 18:52:30.516591,LGN,DAY,3.67,3.59,1203,5,6.393,3.761,5.17,LPGS_15.3.1c,34.95310936,151.87446773,ACTUAL,OLI_TIRS_L2SP,OLI_TIRS,8,UTM,10,WGS84,WGS84,"40°19'57.18""N","122°48'07.27""W","41°22'57.04""N","124°11'11.04""W","41°22'39.68""N","121°24'47.09""W","39°15'40.54""N","124°08'59.39""W","39°15'24.41""N","121°27'43.13""W",40.33255,-122.80202,41.38251,-124.1864,41.37769,-121.41308,39.26126,-124.14983,39.25678,-121.46198,LC08_L2SP_045032_20140221_20200911_02_T1,LC80450322014052LGN01
LC08_L2SP_044032_20140318_20200911_02_T1,LC08_L1TP_044032_20140318_20200911_02_T1,LC80440322014077LGN01,2014-03-18,T1,2,44,32,44,32,NADIR,0.0,2020/09/11,2020/09/11,2014-03-18 18:45:28.39498,2014-03-18 18:46:00.164976,LGN,DAY,0.33,0.33,1021,5,6.286,3.776,5.025,LPGS_15.3.1c,44.34506905,148.67908061,ACTUAL,OLI_TIRS_L2SP,OLI_TIRS,8,UTM,10,WGS84,WGS84,"40°19'58.19""N","121°15'53.82""W","41°23'26.41""N","122°36'40.54""W","41°20'55.32""N","119°52'06.10""W","39°17'26.38""N","122°37'23.27""W","39°15'06.01""N","119°57'49.72""W",40.33283,-121.26495,41.39067,-122.61126,41.3487,-119.86836,39.29066,-122.62313,39.25167,-119.96381,LC08_L2SP_044032_20140318_20200911_02_T1,LC80440322014077LGN01
LC08_L2SP_045032_20140410_20200911_02_T1,LC08_L1TP_045032_20140410_20200911_02_T1,LC80450322014100LGN01,2014-04-10,T1,2,45,32,45,32,NADIR,0.0,2020/09/11,2020/09/11,2014-04-10 18:51:16.490554,2014-04-10 18:51:48.26055,LGN,DAY,0.64,1.39,1276,5,4.242,2.723,3.252,LPGS_15.3.1c,53.08808128,145.24706252,ACTUAL,OLI_TIRS_L2SP,OLI_TIRS,8,UTM,10,WGS84,WGS84,"40°19'57.83""N","122°48'20.27""W","41°22'56.93""N","124°11'23.96""W","41°22'39.83""N","121°24'59.98""W","39°15'40.43""N","124°09'11.92""W","39°15'24.59""N","121°27'55.66""W",40.33273,-122.80563,41.38248,-124.18999,41.37773,-121.41666,39.26123,-124.15331,39.25683,-121.46546,LC08_L2SP_045032_20140410_20200911_02_T1,LC80450322014100LGN01
LC08_L2SP_044032_20140419_20200911_02_T1,LC08_L1TP_044032_20140419_20200911_02_T1,LC80440322014109LGN01,2014-04-19,T1,2,44,32,44,32,NADIR,0.0,2020/09/11,2020/09/11,2014-04-19 18:44:55.577423,2014-04-19 18:45:27.34742,LGN,DAY,3.27,3.27,1013,5,5.475,3.688,4.047,LPGS_15.3.1c,56.181202,143.51860314,ACTUAL,OLI_TIRS_L2SP,OLI_TIRS,8,UTM,10,WGS84,WGS84,"40°19'58.48""N","121°15'25.31""W","41°23'26.30""N","122°36'01.76""W","41°20'54.60""N","119°51'40.28""W","39°17'26.27""N","122°36'45.68""W","39°15'05.36""N","119°57'24.70""W",40.33291,-121.25703,41.39064,-122.60049,41.3485,-119.86119,39.29063,-122.61269,39.25149,-119.95686,LC08_L2SP_044032_20140419_20200911_02_T1,LC80440322014109LGN01
LC08_L2SP_044032_20140505_20200911_02_T1,LC08_L1TP_044032_20140505_20200911_02_T1,LC80440322014125LGN01,2014-05-05,T1,2,44,32,44,32,NADIR,0.0,2020/09/11,2020/09/11,2014-05-05 18:44:39.137273,2014-05-05 18:45:10.907269,LGN,DAY,45.72,45.72,409,5,6.234,4.516,4.297,LPGS_15.3.1c,60.84137433,139.65227798,ACTUAL,OLI_TIRS_L2SP,OLI_TIRS,8,UTM,10,WGS84,WGS84,"40°19'57.94""N","121°15'24.26""W","41°23'26.30""N","122°36'01.76""W","41°20'54.60""N","119°51'40.28""W","39°17'26.27""N","122°36'45.68""W","39°15'05.36""N","119°57'24.70""W",40.33276,-121.25674,41.39064,-122.60049,41.3485,-119.86119,39.29063,-122.61269,39.25149,-119.95686,LC08_L2SP_044032_20140505_20200911_02_T1,LC80440322014125LGN01
LC08_L2SP_045032_20140512_20200911_02_T1,LC08_L1TP_045032_20140512_20200911_02_T1,LC80450322014132LGN01,2014-05-12,T1,2,45,32,45,32,NADIR,0.0,2020/09/11,2020/09/11,2014-05-12 18:50:46.674119,2014-05-12 18:51:18.444115,LGN,DAY,0.18,0.17,1360,5,3.55,2.671,2.338,LPGS_15.3.1c,62.45349185,137.66995974,ACTUAL,OLI_TIRS_L2SP,OLI_TIRS,8,UTM,10,WGS84,WGS84,"40°19'57.90""N","122°49'04.76""W","41°22'56.39""N","124°12'15.62""W","41°22'40.55""N","121°25'51.64""W","39°15'39.92""N","124°10'01.96""W","39°15'25.24""N","121°28'45.70""W",40.33275,-122.81799,41.38233,-124.20434,41.37793,-121.43101,39.26109,-124.16721,39.25701,-121.47936,LC08_L2SP_045032_20140512_20200911_02_T1,LC80450322014132LGN01
LC08_L2SP_044032_20140521_20200911_02_T1,LC08_L1TP_044032_20140521_20200911_02_T1,LC80440322014141LGN01,2014-05-21,T1,2,44,32,44,32,NADIR,0.0,2020/09/11,2020/09/11,2014-05-21 18:44:31.164958,2014-05-21 18:45:02.934954,LGN,DAY,24.04,24.04,738,5,5.2,3.732,3.622,LPGS_15.3.1c,64.12247679,135.11822144,ACTUAL,OLI_TIRS_L2SP,OLI_TIRS,8,UTM,10,WGS84,WGS84,"40°19'57.14""N","121°12'55.01""W","41°23'25.76""N","122°33'39.67""W","41°20'50.35""N","119°49'05.63""W","39°17'25.76""N","122°34'27.95""W","39°15'01.40""N","119°54'54.72""W",40.33254,-121.21528,41.39049,-122.56102,41.34732,-119.81823,39.29049,-122.57443,39.25039,-119.9152,LC08_L2SP_044032_20140521_20200911_02_T1,LC80440322014141LGN01
LC08_L2SP_045032_20140528_20200911_02_T1,LC08_L1TP_045032_20140528_20200911_02_T1,LC80450322014148LGN01,2014-05-28,T1,2,45,32,45,32,NADIR,0.0,2020/09/11,2020/09/11,2014-05-28 18:50:45.66556,2014-05-28 18:51:17.435556,LGN,DAY,1.61,1.58,1330,5,3.367,2.304,2.455,LPGS_15.3.1c,65.05084769,133.11713424,ACTUAL,OLI_TIRS_L2SP,OLI_TIRS,8,UTM,10,WGS84,WGS84,"40°19'57.50""N","122°45'44.57""W","41°23'08.20""N","124°08'49.16""W","41°22'47.42""N","121°22'24.82""W","39°15'41.90""N","124°06'41.72""W","39°15'22.57""N","121°25'25.50""W",40.33264,-122.76238,41.38561,-124.14699,41.37984,-121.37356,39.26164,-124.11159,39.25627,-121.42375,LC08_L2SP_045032_20140528_20200911_02_T1,LC80450322014148LGN01
LC08_L2SP_044032_20140606_20200911_02_T1,LC08_L1TP_044032_20140606_20200911_02_T1,LC80440322014157LGN01,2014-06-06,T1,2,44,32,44,32,NADIR,0.0,2020/09/11,2020/09/11,2014-06-06 18:44:40.585316,2014-06-06 18:45:12.355312,LGN,DAY,0.14,0.14,1088,5,3.648,2.63,2.527,LPGS_15.3.1c,65.77716373,130.8053133,ACTUAL,OLI_TIRS_L2SP,OLI_TIRS,8,UTM,10,WGS84,WGS84,"40°19'57.29""N","121°13'33.28""W","41°23'25.91""N","122°34'18.44""W","41°20'51.43""N","119°49'44.29""W","39°17'25.91""N","122°35'05.50""W","39°15'02.41""N","119°55'32.23""W",40.33258,-121.22591,41.39053,-122.57179,41.34762,-119.82897,39.29053,-122.58486,39.25067,-119.92562,LC08_L2SP_044032_20140606_20200911_02_T1,LC80440322014157LGN01
LC08_L2SP_045032_20140613_20200911_02_T1,LC08_L1TP_045032_20140613_20200911_02_T1,LC80450322014164LGN01,2014-06-13,T1,2,45,32,45,32,NADIR,0.0,2020/09/11,2020/09/11,2014-06-13 18:50:54.052338,2014-06-13 18:51:25.822333,LGN,DAY,1.99,1.95,1308,5,3.382,2.43,2.353,LPGS_15.3.1c,65.9970124,129.39396645,ACTUAL,OLI_TIRS_L2SP,OLI_TIRS,8,UTM,10,WGS84,WGS84,"40°19'57.22""N","122°46'10.52""W","41°23'07.94""N","124°09'14.98""W","41°22'47.78""N","121°22'50.63""W","39°15'41.65""N","124°07'06.74""W","39°15'22.93""N","121°25'50.52""W",40.33256,-122.76959,41.38554,-124.15416,41.37994,-121.38073,39.26157,-124.11854,39.25637,-121.4307,LC08_L2SP_045032_20140613_20200911_02_T1,LC80450322014164LGN01
LC08_L2SP_044032_20140622_20200911_02_T1,LC08_L1TP_044032_20140622_20200911_02_T1,LC80440322014173LGN01,2014-06-22,T1,2,44,32,44,32,NADIR,0.0,2020/09/11,2020/09/11,2014-06-22 18:44:43.876108,2014-06-22 18:45:15.646104,LGN,DAY,8.97,8.97,1078,5,4.013,2.846,2.83,LPGS_15.3.1c,65.86753225,128.27674947,ACTUAL,OLI_TIRS_L2SP,OLI_TIRS,8,UTM,10,WGS84,WGS84,"40°19'57.83""N","121°12'42.73""W","41°23'25.73""N","122°33'26.75""W","41°20'49.99""N","119°48'52.74""W","39°17'25.73""N","122°34'15.42""W","39°15'01.08""N","119°54'42.23""W",40.33273,-121.21187,41.39048,-122.55743,41.34722,-119.81465,39.29048,-122.57095,39.2503,-119.91173,LC08_L2SP_044032_20140622_20200911_02_T1,LC80440322014173LGN01
LC08_L2SP_045032_20140629_20200911_02_T1,LC08_L1TP_045032_20140629_20200911_02_T1,LC80450322014180LGN01,2014-06-29,T1,2,45,32,45,32,NADIR,0.0,2020/09/11,2020/09/11,2014-06-29 18:50:56.767224,2014-06-29 18:51:28.53722,LGN,DAY,0.07,0.07,1377,5,2.957,2.043,2.138,LPGS_15.3.1c,65.47605776,128.039703,ACTUAL,OLI_TIRS_L2SP,OLI_TIRS,8,UTM,10,WGS84,WGS84,"40°19'58.84""N","122°45'16.16""W","41°23'08.48""N","124°08'23.32""W","41°22'46.85""N","121°21'46.08""W","39°15'42.12""N","124°06'16.67""W","39°15'22.07""N","121°24'47.95""W",40.33301,-122.75449,41.38569,-124.13981,41.37968,-121.3628,39.2617,-124.10463,39.25613,-121.41332,LC08_L2SP_045032_20140629_20200911_02_T1,LC80450322014180LGN01
LC08_L2SP_044033_20140708_20200911_02_T1,LC08_L1TP_044033_20140708_20200911_02_T1,LC80440332014189LGN01,2014-07-08,T1,2,44,33,44,33,NADIR,0.0,2020/09/11,2020/09/11,2014-07-08 18:45:15.561815,2014-07-08 18:45:47.331811,LGN,DAY,47.84,47.83,729,5,4.203,2.919,3.024,LPGS_15.3.1c,65.29591748,125.59044561,ACTUAL,OLI_TIRS_L2SP,OLI_TIRS,8,UTM,10,WGS84,WGS84,"38°54'14.94""N","121°40'02.89""W","39°57'32.18""N","122°59'30.48""W","39°55'39.18""N","120°18'09.68""W","37°51'10.62""N","122°59'31.34""W","37°49'25.75""N","120°22'52.03""W",38.90415,-121.66747,39.95894,-122.9918,39.92755,-120.30269,37.85295,-122.99204,37.82382,-120.38112,LC08_L2SP_044033_20140708_20200911_02_T1,LC80440332014189LGN01
LC08_L2SP_045032_20140715_20200911_02_T1,LC08_L1TP_045032_20140715_20200911_02_T1,LC80450322014196LGN01,2014-07-15,T1,2,45,32,45,32,NADIR,0.0,2020/09/11,2020/09/11,2014-07-15 18:51:04.138933,2014-07-15 18:51:35.908929,LGN,DAY,51.69,52.49,1124,5,3.782,2.761,2.584,LPGS_15.3.1c,63.77576914,129.6825481,ACTUAL,OLI_TIRS_L2SP,OLI_TIRS,8,UTM,10,WGS84,WGS84,"40°19'57.54""N","122°45'40.93""W","41°23'08.20""N","124°08'49.16""W","41°22'47.21""N","121°22'11.93""W","39°15'41.90""N","124°06'41.72""W","39°15'22.43""N","121°25'12.97""W",40.33265,-122.76137,41.38561,-124.14699,41.37978,-121.36998,39.26164,-124.11159,39.25623,-121.42027,LC08_L2SP_045032_20140715_20200911_02_T1,LC80450322014196LGN01
LC08_L2SP_044032_20140724_20200911_02_T1,LC08_L1TP_044032_20140724_20200911_02_T1,LC80440322014205LGN01,2014-07-24,T1,2,44,32,44,32,NADIR,0.0,2020/09/11,2020/09/11,2014-07-24 18:44:53.556901,2014-07-24 18:45:25.326897,LGN,DAY,0.0,0.0,1070,5,3.715,2.563,2.688,LPGS_15.3.1c,62.38343702,131.7870434,ACTUAL,OLI_TIRS_L2SP,OLI_TIRS,8,UTM,10,WGS84,WGS84,"40°19'57.65""N","121°12'14.80""W","41°23'25.58""N","122°32'48.01""W","41°20'49.31""N","119°48'26.96""W","39°17'25.58""N","122°33'37.84""W","39°15'00.43""N","119°54'17.24""W",40.33268,-121.20411,41.39044,-122.54667,41.34703,-119.80749,39.29044,-122.56051,39.25012,-119.90479,LC08_L2SP_044032_20140724_20200911_02_T1,LC80440322014205LGN01
LC08_L2SP_045032_20140731_20200911_02_T1,LC08_L1TP_045032_20140731_20200911_02_T1,LC80450322014212LGN01,2014-07-31,T1,2,45,32,45,32,NADIR,0.0,2020/09/11,2020/09/11,2014-07-31 18:51:09.766473,2014-07-31 18:51:41.536469,LGN,DAY,0.83,2.5,1340,5,2.884,1.928,2.145,LPGS_15.3.1c,61.09943118,133.87606836,ACTUAL,OLI_TIRS_L2SP,OLI_TIRS,8,UTM,10,WGS84,WGS84,"40°19'58.48""N","122°45'48.10""W","41°23'08.20""N","124°08'49.16""W","41°22'47.42""N","121°22'24.82""W","39°15'41.90""N","124°06'41.72""W","39°15'22.57""N","121°25'25.50""W",40.33291,-122.76336,41.38561,-124.14699,41.37984,-121.37356,39.26164,-124.11159,39.25627,-121.42375,LC08_L2SP_045032_20140731_20200911_02_T1,LC80450322014212LGN01
LC08_L2SP_044032_20140809_20200911_02_T1,LC08_L1TP_044032_20140809_20200911_02_T1,LC80440322014221LGN01,2014-08-09,T1,2,44,32,44,32,NADIR,0.0,2020/09/11,2020/09/11,2014-08-09 18:45:03.413172,2014-08-09 18:45:35.183168,LGN,DAY,4.05,4.05,1050,5,4.04,2.636,3.062,LPGS_15.3.1c,59.21156583,136.98818507,ACTUAL,OLI_TIRS_L2SP,OLI_TIRS,8,UTM,10,WGS84,WGS84,"40°19'58.15""N","121°13'31.66""W","41°23'25.91""N","122°34'18.44""W","41°20'51.43""N","119°49'44.29""W","39°17'25.91""N","122°35'05.50""W","39°15'02.41""N","119°55'32.23""W",40.33282,-121.22546,41.39053,-122.57179,41.34762,-119.82897,39.29053,-122.58486,39.25067,-119.92562,LC08_L2SP_044032_20140809_20200911_02_T1,LC80440322014221LGN01
LC08_L2SP_045032_20140816_20200911_02_T1,LC08_L1TP_045032_20140816_20200911_02_T1,LC80450322014228LGN01,2014-08-16,T1,2,45,32,45,32,NADIR,0.0,2020/09/11,2020/09/11,2014-08-16 18:51:15.941549,2014-08-16 18:51:47.711545,LGN,DAY,0.42,2.11,1338,5,2.962,1.922,2.254,LPGS_15.3.1c,57.55898222,139.62100732,ACTUAL,OLI_TIRS_L2SP,OLI_TIRS,8,UTM,10,WGS84,WGS84,"40°19'58.76""N","122°46'16.21""W","41°23'07.94""N","124°09'14.98""W","41°22'47.78""N","121°22'50.63""W","39°15'41.65""N","124°07'06.74""W","39°15'22.93""N","121°25'50.52""W",40.33299,-122.77117,41.38554,-124.15416,41.37994,-121.38073,39.26157,-124.11854,39.25637,-121.4307,LC08_L2SP_045032_20140816_20200911_02_T1,LC80450322014228LGN01
LC08_L2SP_044032_20140825_20200911_02_T1,LC08_L1TP_044032_20140825_20200911_02_T1,LC80440322014237LGN01,2014-08-25,T1,2,44,32,44,32,NADIR,0.0,2020/09/11,2020/09/11,2014-08-25 18:45:05.750399,2014-08-25 18:45:37.520395,LGN,DAY,17.55,17.55,820,5,5.334,3.627,3.912,LPGS_15.3.1c,55.21196685,143.11436126,ACTUAL,OLI_TIRS_L2SP,OLI_TIRS,8,UTM,10,WGS84,WGS84,"40°19'57.32""N","121°13'08.87""W","41°23'25.84""N","122°33'52.60""W","41°20'50.71""N","119°49'18.52""W","39°17'25.84""N","122°34'40.48""W","39°15'01.73""N","119°55'07.21""W",40.33259,-121.21913,41.39051,-122.56461,41.34742,-119.82181,39.29051,-122.57791,39.25048,-119.91867,LC08_L2SP_044032_20140825_20200911_02_T1,LC80440322014237LGN01
LC08_L2SP_045032_20140901_20200911_02_T1,LC08_L1TP_045032_20140901_20200911_02_T1,LC80450322014244LGN01,2014-09-01,T1,2,45,32,45,32,NADIR,0.0,2020/09/11,2020/09/11,2014-09-01 18:51:18.122372,2014-09-01 18:51:49.892368,LGN,DAY,0.06,0.06,1366,5,3.274,2.013,2.583,LPGS_15.3.1c,53.2216377,145.82222648,ACTUAL,OLI_TIRS_L2SP,OLI_TIRS,8,UTM,10,WGS84,WGS84,"40°19'58.44""N","122°45'57.28""W","41°23'08.09""N","124°09'02.09""W","41°22'47.60""N","121°22'37.74""W","39°15'41.76""N","124°06'54.22""W","39°15'22.75""N","121°25'38.03""W",40.3329,-122.76591,41.38558,-124.15058,41.37989,-121.37715,39.2616,-124.11506,39.25632,-121.42723,LC08_L2SP_045032_20140901_20200911_02_T1,LC80450322014244LGN01
LC08_L2SP_044032_20140910_20200910_02_T1,LC08_L1TP_044032_20140910_20200910_02_T1,LC80440322014253LGN01,2014-09-10,T1,2,44,32,44,32,NADIR,0.0,2020/09/10,2020/09/10,2014-09-10 18:45:09.80359,2014-09-10 18:45:41.573586,LGN,DAY,0.01,0.01,1041,5,5.351,3.381,4.147,LPGS_15.3.1c,50.48601814,149.17999398,ACTUAL,OLI_TIRS_L2SP,OLI_TIRS,8,UTM,10,WGS84,WGS84,"40°19'58.04""N","121°13'26.90""W","41°23'25.87""N","122°34'05.52""W","41°20'51.07""N","119°49'31.40""W","39°17'25.87""N","122°34'52.97""W","39°15'02.09""N","119°55'19.70""W",40.33279,-121.22414,41.39052,-122.5682,41.34752,-119.82539,39.29052,-122.58138,39.25058,-119.92214,LC08_L2SP_044032_20140910_20200910_02_T1,LC80440322014253LGN01
LC08_L2SP_045032_20140917_20200910_02_T1,LC08_L1TP_045032_20140917_20200910_02_T1,LC80450322014260LGN01,2014-09-17,T1,2,45,32,45,32,NADIR,0.0,2020/09/10,2020/09/10,2014-09-17 18:51:19.659243,2014-09-17 18:51:51.429239,LGN,DAY,23.6,24.87,870,5,4.686,2.934,3.654,LPGS_15.3.1c,48.23422431,151.62466521,ACTUAL,OLI_TIRS_L2SP,OLI_TIRS,8,UTM,10,WGS84,WGS84,"40°19'58.69""N","122°45'42.41""W","41°23'08.20""N","124°08'49.16""W","41°22'47.42""N","121°22'24.82""W","39°15'41.90""N","124°06'41.72""W","39°15'22.57""N","121°25'25.50""W",40.33297,-122.76178,41.38561,-124.14699,41.37984,-121.37356,39.26164,-124.11159,39.25627,-121.42375,LC08_L2SP_045032_20140917_20200910_02_T1,LC80450322014260LGN01
LC08_L2SP_044033_20140926_20200910_02_T1,LC08_L1TP_044033_20140926_20200910_02_T1,LC80440332014269LGN01,2014-09-26,T1,2,44,33,44,33,NADIR,0.0,2020/09/10,2020/09/10,2014-09-26 18:45:31.068288,2014-09-26 18:46:02.838284,LGN,DAY,26.33,26.33,967,5,6.022,3.812,4.662,LPGS_15.3.1c,46.39130813,153.35751571,ACTUAL,OLI_TIRS_L2SP,OLI_TIRS,8,UTM,10,WGS84,WGS84,"38°54'15.48""N","121°39'10.51""W","39°57'32.18""N","122°58'39.90""W","39°55'38.03""N","120°17'19.18""W","37°51'20.34""N","122°58'42.24""W","37°49'34.39""N","120°22'02.64""W",38.9043,-121.65292,39.95894,-122.97775,39.92723,-120.28866,37.85565,-122.9784,37.82622,-120.3674,LC08_L2SP_044033_20140926_20200910_02_T1,LC80440332014269LGN01
LC08_L2SP_045032_20141003_20200910_02_T1,LC08_L1TP_045032_20141003_20200910_02_T1,LC80450322014276LGN01,2014-10-03,T1,2,45,32,45,32,NADIR,0.0,2020/09/10,2020/09/10,2014-10-03 18:51:22.684404,2014-10-03 18:51:54.4544,LGN,DAY,0.06,0.06,1331,5,4.798,2.542,4.069,LPGS_15.3.1c,42.8299288,156.42937496,ACTUAL,OLI_TIRS_L2SP,OLI_TIRS,8,UTM,10,WGS84,WGS84,"40°19'58.01""N","122°46'05.02""W","41°23'07.94""N","124°09'14.98""W","41°22'47.60""N","121°22'37.74""W","39°15'41.65""N","124°07'06.74""W","39°15'22.75""N","121°25'38.03""W",40.33278,-122.76806,41.38554,-124.15416,41.37989,-121.37715,39.26157,-124.11854,39.25632,-121.42723,LC08_L2SP_045032_20141003_20200910_02_T1,LC80450322014276LGN01
LC08_L2SP_044032_20141012_20200910_02_T1,LC08_L1TP_044032_20141012_20200910_02_T1,LC80440322014285LGN01,2014-10-12,T1,2,44,32,44,32,NADIR,0.0,2020/09/10,2020/09/10,2014-10-12 18:45:14.162803,2014-10-12 18:45:45.932799,LGN,DAY,0.01,0.01,991,5,6.892,3.705,5.812,LPGS_15.3.1c,39.739446,158.57093007,ACTUAL,OLI_TIRS_L2SP,OLI_TIRS,8,UTM,10,WGS84,WGS84,"40°19'57.86""N","121°13'52.72""W","41°23'25.98""N","122°34'31.37""W","41°20'51.79""N","119°49'57.18""W","39°17'25.94""N","122°35'18.02""W","39°15'02.74""N","119°55'44.72""W",40.33274,-121.23131,41.39055,-122.57538,41.34772,-119.83255,39.29054,-122.58834,39.25076,-119.92909,LC08_L2SP_044032_20141012_20200910_02_T1,LC80440322014285LGN01
LC08_L2SP_045032_20141019_20200911_02_T1,LC08_L1TP_045032_20141019_20200911_02_T1,LC80450322014292LGN02,2014-10-19,T1,2,45,32,45,32,NADIR,0.0,2020/09/11,2020/09/11,2014-10-19 18:51:26.115929,2014-10-19 18:51:57.885925,LGN,DAY,13.47,15.02,990,5,5.964,3.203,5.031,LPGS_15.3.1c,37.36400672,159.92844421,ACTUAL,OLI_TIRS_L2SP,OLI_TIRS,8,UTM,10,WGS84,WGS84,"40°19'57.68""N","122°46'47.14""W","41°22'57.83""N","124°09'53.57""W","41°22'38.60""N","121°23'29.62""W","39°15'41.29""N","124°07'44.29""W","39°15'23.44""N","121°26'28.07""W",40.33269,-122.77976,41.38273,-124.16488,41.37739,-121.39156,39.26147,-124.12897,39.25651,-121.44113,LC08_L2SP_045032_20141019_20200911_02_T1,LC80450322014292LGN02
LC08_L2SP_044032_20141028_20200910_02_T1,LC08_L1TP_044032_20141028_20200910_02_T1,LC80440322014301LGN01,2014-10-28,T1,2,44,32,44,32,NADIR,0.0,2020/09/10,2020/09/10,2014-10-28 18:45:11.295804,2014-10-28 18:45:43.0658,LGN,DAY,0.11,0.11,868,5,8.011,3.898,6.999,LPGS_15.3.1c,34.41797243,161.25857944,ACTUAL,OLI_TIRS_L2SP,OLI_TIRS,8,UTM,10,WGS84,WGS84,"40°19'58.62""N","121°13'09.70""W","41°23'25.84""N","122°33'52.60""W","41°20'50.71""N","119°49'18.52""W","39°17'25.84""N","122°34'40.48""W","39°15'01.73""N","119°55'07.21""W",40.33295,-121.21936,41.39051,-122.56461,41.34742,-119.82181,39.29051,-122.57791,39.25048,-119.91867,LC08_L2SP_044032_20141028_20200910_02_T1,LC80440322014301LGN01
LC08_L2SP_045032_20141104_20200910_02_T1,LC08_L1TP_045032_20141104_20200910_02_T1,LC80450322014308LGN01,2014-11-04,T1,2,45,32,45,32,NADIR,0.0,2020/09/10,2020/09/10,2014-11-04 18:51:24.778432,2014-11-04 18:51:56.548428,LGN,DAY,35.22,35.07,817,5,6.837,3.59,5.818,LPGS_15.3.1c,32.25901766,161.98154614,ACTUAL,OLI_TIRS_L2SP,OLI_TIRS,8,UTM,10,WGS84,WGS84,"40°19'57.65""N","122°46'30.90""W","41°22'57.97""N","124°09'40.64""W","41°22'38.24""N","121°23'03.80""W","39°15'41.40""N","124°07'31.76""W","39°15'23.08""N","121°26'03.05""W",40.33268,-122.77525,41.38277,-124.16129,41.37729,-121.38439,39.2615,-124.12549,39.25641,-121.43418,LC08_L2SP_045032_20141104_20200910_02_T1,LC80450322014308LGN01
LC08_L2SP_044033_20141129_20200910_02_T1,LC08_L1TP_044033_20141129_20200910_02_T1,LC80440332014333LGN01,2014-11-29,T1,2,44,33,44,33,NADIR,0.0,2020/09/10,2020/09/10,2014-11-29 18:45:36.725334,2014-11-29 18:46:08.49533,LGN,DAY,46.97,46.96,35,5,7.99,5.223,6.047,LPGS_15.3.1c,27.40460102,161.83695791,ACTUAL,OLI_TIRS_L2SP,OLI_TIRS,8,UTM,10,WGS84,WGS84,"38°54'16.27""N","121°41'03.30""W","39°57'32.18""N","123°00'33.73""W","39°55'40.66""N","120°19'12.79""W","37°51'10.62""N","123°00'32.72""W","37°49'27.12""N","120°23'53.30""W",38.90452,-121.68425,39.95894,-123.00937,39.92796,-120.32022,37.85295,-123.00909,37.8242,-120.39814,LC08_L2SP_044033_20141129_20200910_02_T1,LC80440332014333LGN01
LC08_L2SP_045033_20141206_20200910_02_T1,LC08_L1TP_045033_20141206_20200910_02_T1,LC80450332014340LGN01,2014-12-06,T1,2,45,33,45,33,NADIR,0.0,2020/09/10,2020/09/10,2014-12-06 18:51:44.625401,2014-12-06 18:52:16.395397,LGN,DAY,44.4,44.44,444,5,7.872,4.914,6.149,LPGS_15.3.1c,26.28115744,161.44293107,ACTUAL,OLI_TIRS_L2SP,OLI_TIRS,8,UTM,10,WGS84,WGS84,"38°54'15.55""N","123°13'12.36""W","39°57'12.74""N","124°34'58.01""W","39°57'31.61""N","121°51'51.59""W","37°49'36.16""N","124°32'10.54""W","37°49'53.65""N","121°53'51.79""W",38.90432,-123.2201,39.95354,-124.58278,39.95878,-121.86433,37.82671,-124.53626,37.83157,-121.89772,LC08_L2SP_045033_20141206_20200910_02_T1,LC80450332014340LGN01
LC08_L2SP_045032_20141222_20200910_02_T1,LC08_L1TP_045032_20141222_20200910_02_T1,LC80450322014356LGN01,2014-12-22,T1,2,45,32,45,32,NADIR,0.0,2020/09/10,2020/09/10,2014-12-22 18:51:19.106049,2014-12-22 18:51:50.876045,LGN,DAY,12.23,12.05,644,5,8.759,5.277,6.99,LPGS_15.3.1c,23.68385476,160.4087252,FINAL,OLI_TIRS_L2SP,OLI_TIRS,8,UTM,10,WGS84,WGS84,"40°19'58.33""N","122°46'44.98""W","41°22'57.83""N","124°09'53.57""W","41°22'38.42""N","121°23'16.69""W","39°15'41.29""N","124°07'44.29""W","39°15'23.26""N","121°26'15.54""W",40.33287,-122.77916,41.38273,-124.16488,41.37734,-121.38797,39.26147,-124.12897,39.25646,-121.43765,LC08_L2SP_045032_20141222_20200910_02_T1,LC80450322014356LGN01
LC08_L2SP_044032_20141231_20200910_02_T1,LC08_L1TP_044032_20141231_20200910_02_T1,LC80440322014365LGN01,2014-12-31,T1,2,44,32,44,32,NADIR,0.0,2020/09/10,2020/09/10,2014-12-31 18:45:02.195677,2014-12-31 18:45:33.965673,LGN,DAY,1.67,1.67,600,5,9.136,5.357,7.4,LPGS_15.3.1c,23.74982244,159.22176483,FINAL,OLI_TIRS_L2SP,OLI_TIRS,8,UTM,10,WGS84,WGS84,"40°19'58.66""N","121°13'03.11""W","41°23'25.76""N","122°33'39.67""W","41°20'50.35""N","119°49'05.63""W","39°17'25.76""N","122°34'27.95""W","39°15'01.40""N","119°54'54.72""W",40.33296,-121.21753,41.39049,-122.56102,41.34732,-119.81823,39.29049,-122.57443,39.25039,-119.9152,LC08_L2SP_044032_20141231_20200910_02_T1,LC80440322014365LGN01
LC08_L2SP_045032_20150107_20200910_02_T1,LC08_L1TP_045032_20150107_20200910_02_T1,LC80450322015007LGN01,2015-01-07,T1,2,45,32,45,32,NADIR,0.0,2020/09/10,2020/09/10,2015-01-07 18:51:15.056634,2015-01-07 18:51:46.826631,LGN,DAY,0.98,0.96,1047,5,8.212,4.853,6.624,LPGS_15.3.1c,24.21665399,158.21205744,FINAL,OLI_TIRS_L2SP,OLI_TIRS,8,UTM,10,WGS84,WGS84,"40°19'57.14""N","122°46'48.40""W","41°22'57.83""N","124°09'53.57""W","41°22'38.60""N","121°23'29.62""W","39°15'41.29""N","124°07'44.29""W","39°15'23.44""N","121°26'28.07""W",40.33254,-122.78011,41.38273,-124.16488,41.37739,-121.39156,39.26147,-124.12897,39.25651,-121.44113,LC08_L2SP_045032_20150107_20200910_02_T1,LC80450322015007LGN01
LC08_L2SP_045032_20150123_20200910_02_T1,LC08_L1TP_045032_20150123_20200910_02_T1,LC80450322015023LGN01,2015-01-23,T1,2,45,32,45,32,NADIR,0.0,2020/09/10,2020/09/10,2015-01-23 18:51:08.53359,2015-01-23 18:51:40.303586,LGN,DAY,2.12,2.07,1087,5,8.031,4.403,6.716,LPGS_15.3.1c,26.59522891,155.78377763,ACTUAL,OLI_TIRS_L2SP,OLI_TIRS,8,UTM,10,WGS84,WGS84,"40°19'58.33""N","122°46'30.32""W","41°22'58.08""N","124°09'27.72""W","41°22'38.24""N","121°23'03.80""W","39°15'41.54""N","124°07'19.27""W","39°15'23.08""N","121°26'03.05""W",40.33287,-122.77509,41.3828,-124.1577,41.37729,-121.38439,39.26154,-124.12202,39.25641,-121.43418,LC08_L2SP_045032_20150123_20200910_02_T1,LC80450322015023LGN01
LC08_L2SP_044032_20150217_20200909_02_T1,LC08_L1TP_044032_20150217_20200909_02_T1,LC80440322015048LGN01,2015-02-17,T1,2,44,32,44,32,NADIR,0.0,2020/09/09,2020/09/09,2015-02-17 18:44:49.844281,2015-02-17 18:45:21.614277,LGN,DAY,3.61,3.61,861,5,8.026,4.24,6.814,LPGS_15.3.1c,33.42225205,152.17770106,FINAL,OLI_TIRS_L2SP,OLI_TIRS,8,UTM,10,WGS84,WGS84,"40°19'57.58""N","121°14'22.42""W","41°23'26.05""N","122°34'57.18""W","41°20'52.84""N","119°50'35.84""W","39°17'26.05""N","122°35'43.08""W","39°15'03.71""N","119°56'22.20""W",40.33266,-121.23956,41.39057,-122.58255,41.34801,-119.84329,39.29057,-122.5953,39.25103,-119.9395,LC08_L2SP_044032_20150217_20200909_02_T1,LC80440322015048LGN01
LC08_L2SP_045032_20150224_20200909_02_T1,LC08_L1TP_045032_20150224_20200909_02_T1,LC80450322015055LGN01,2015-02-24,T1,2,45,32,45,32,NADIR,0.0,2020/09/09,2020/09/09,2015-02-24 18:50:59.907264,2015-02-24 18:51:31.677261,LGN,DAY,0.26,0.25,1268,5,6.697,3.693,5.586,LPGS_15.3.1c,35.83830654,151.24759934,FINAL,OLI_TIRS_L2SP,OLI_TIRS,8,UTM,10,WGS84,WGS84,"40°19'57.83""N","122°47'50.03""W","41°22'57.18""N","124°10'58.12""W","41°22'39.50""N","121°24'34.16""W","39°15'40.68""N","124°08'46.86""W","39°15'24.26""N","121°27'30.64""W",40.33273,-122.79723,41.38255,-124.18281,41.37764,-121.40949,39.2613,-124.14635,39.25674,-121.45851,LC08_L2SP_045032_20150224_20200909_02_T1,LC80450322015055LGN01
LC08_L2SP_044032_20150305_20200909_02_T1,LC08_L1TP_044032_20150305_20200909_02_T1,LC80440322015064LGN01,2015-03-05,T1,2,44,32,44,32,NADIR,0.0,2020/09/09,2020/09/09,2015-03-05 18:44:44.254178,2015-03-05 18:45:16.024175,LGN,DAY,0.69,0.69,953,5,7.734,3.965,6.641,LPGS_15.3.1c,39.14963782,150.10173446,ACTUAL,OLI_TIRS_L2SP,OLI_TIRS,8,UTM,10,WGS84,WGS84,"40°19'57.68""N","121°15'03.89""W","41°23'26.27""N","122°35'48.88""W","41°20'53.92""N","119°51'14.51""W","39°17'26.20""N","122°36'33.16""W","39°15'04.72""N","119°56'59.71""W",40.33269,-121.25108,41.39063,-122.59691,41.34831,-119.85403,39.29061,-122.60921,39.25131,-119.94992,LC08_L2SP_044032_20150305_20200909_02_T1,LC80440322015064LGN01
LC08_L2SP_045032_20150312_20200909_02_T1,LC08_L1TP_045032_20150312_20200909_02_T1,LC80450322015071LGN01,2015-03-12,T1,2,45,32,45,32,NADIR,0.0,2020/09/09,2020/09/09,2015-03-12 18:50:48.010476,2015-03-12 18:51:19.780472,LGN,DAY,30.53,31.83,1147,5,6.266,3.945,4.868,LPGS_15.3.1c,41.83382545,149.21899298,ACTUAL,OLI_TIRS_L2SP,OLI_TIRS,8,UTM,10,WGS84,WGS84,"40°19'57.86""N","122°47'02.44""W","41°22'57.72""N","124°10'06.49""W","41°22'38.78""N","121°23'42.54""W","39°15'41.15""N","124°07'56.82""W","39°15'23.58""N","121°26'40.56""W",40.33274,-122.78401,41.3827,-124.16847,41.37744,-121.39515,39.26143,-124.13245,39.25655,-121.4446,LC08_L2SP_045032_20150312_20200909_02_T1,LC80450322015071LGN01
LC08_L2SP_044032_20150321_20200909_02_T1,LC08_L1TP_044032_20150321_20200909_02_T1,LC80440322015080LGN02,2015-03-21,T1,2,44,32,44,32,NADIR,0.0,2020/09/09,2020/09/09,2015-03-21 18:44:34.610068,2015-03-21 18:45:06.380064,LGN,DAY,2.12,2.12,947,5,6.43,3.713,5.25,LPGS_15.3.1c,45.34020661,148.05262874,ACTUAL,OLI_TIRS_L2SP,OLI_TIRS,8,UTM,10,WGS84,WGS84,"40°19'58.58""N","121°15'00.65""W","41°23'26.27""N","122°35'48.88""W","41°20'53.92""N","119°51'14.51""W","39°17'26.20""N","122°36'33.16""W","39°15'04.72""N","119°56'59.71""W",40.33294,-121.25018,41.39063,-122.59691,41.34831,-119.85403,39.29061,-122.60921,39.25131,-119.94992,LC08_L2SP_044032_20150321_20200909_02_T1,LC80440322015080LGN02
LC08_L2SP_045032_20150328_20200909_02_T1,LC08_L1TP_045032_20150328_20200909_02_T1,LC80450322015087LGN01,2015-03-28,T1,2,45,32,45,32,NADIR,0.0,2020/09/09,2020/09/09,2015-03-28 18:50:40.272838,2015-03-28 18:51:12.042835,LGN,DAY,24.31,24.03,1135,5,5.365,3.467,4.095,LPGS_15.3.1c,48.06051479,147.08585254,ACTUAL,OLI_TIRS_L2SP,OLI_TIRS,8,UTM,10,WGS84,WGS84,"40°19'58.73""N","122°47'30.05""W","41°22'57.43""N","124°10'32.30""W","41°22'39.14""N","121°24'08.35""W","39°15'40.93""N","124°08'21.84""W","39°15'23.94""N","121°27'05.62""W",40.33298,-122.79168,41.38262,-124.17564,41.37754,-121.40232,39.26137,-124.1394,39.25665,-121.45156,LC08_L2SP_045032_20150328_20200909_02_T1,LC80450322015087LGN01
LC08_L2SP_044032_20150406_20200909_02_T1,LC08_L1TP_044032_20150406_20200909_02_T1,LC80440322015096LGN03,2015-04-06,T1,2,44,32,44,32,NADIR,0.0,2020/09/09,2020/09/09,2015-04-06 18:44:23.730827,2015-04-06 18:44:55.500824,LGN,DAY,49.51,49.51,490,5,6.977,4.441,5.381,LPGS_15.3.1c,51.46400577,145.71267277,ACTUAL,OLI_TIRS_L2SP,OLI_TIRS,8,UTM,10,WGS84,WGS84,"40°19'58.08""N","121°14'52.62""W","41°23'26.20""N","122°35'35.95""W","41°20'53.56""N","119°51'01.62""W","39°17'26.16""N","122°36'20.66""W","39°15'04.39""N","119°56'47.22""W",40.3328,-121.24795,41.39061,-122.59332,41.34821,-119.85045,39.2906,-122.60574,39.25122,-119.94645,LC08_L2SP_044032_20150406_20200909_02_T1,LC80440322015096LGN03
LC08_L2SP_045032_20150413_20200909_02_T1,LC08_L1TP_045032_20150413_20200909_02_T1,LC80450322015103LGN01,2015-04-13,T1,2,45,32,45,32,NADIR,0.0,2020/09/09,2020/09/09,2015-04-13 18:50:34.944127,2015-04-13 18:51:06.714124,LGN,DAY,4.08,3.99,1262,5,4.774,3.381,3.37,LPGS_15.3.1c,53.98897984,144.49248242,ACTUAL,OLI_TIRS_L2SP,OLI_TIRS,8,UTM,10,WGS84,WGS84,"40°19'57.76""N","122°48'50.44""W","41°22'56.50""N","124°12'02.70""W","41°22'40.19""N","121°25'25.82""W","39°15'40.07""N","124°09'49.46""W","39°15'24.91""N","121°28'20.68""W",40.33271,-122.81401,41.38236,-124.20075,41.37783,-121.42384,39.26113,-124.16374,39.25692,-121.47241,LC08_L2SP_045032_20150413_20200909_02_T1,LC80450322015103LGN01
LC08_L2SP_044032_20150422_20200909_02_T1,LC08_L1TP_044032_20150422_20200909_02_T1,LC80440322015112LGN03,2015-04-22,T1,2,44,32,44,32,NADIR,0.0,2020/09/09,2020/09/09,2015-04-22 18:44:22.139132,2015-04-22 18:44:53.909128,LGN,DAY,16.77,16.77,926,5,5.023,3.534,3.569,LPGS_15.3.1c,56.99413474,142.66710723,ACTUAL,OLI_TIRS_L2SP,OLI_TIRS,8,UTM,10,WGS84,WGS84,"40°19'58.84""N","121°17'15.90""W","41°23'26.70""N","122°37'58.04""W","41°20'57.41""N","119°53'23.42""W","39°17'16.87""N","122°38'38.47""W","39°14'58.24""N","119°59'05.14""W",40.33301,-121.28775,41.39075,-122.63279,41.34928,-119.88984,39.28802,-122.64402,39.24951,-119.98476,LC08_L2SP_044032_20150422_20200909_02_T1,LC80440322015112LGN03
LC08_L2SP_045032_20150429_20200909_02_T1,LC08_L1TP_045032_20150429_20200909_02_T1,LC80450322015119LGN01,2015-04-29,T1,2,45,32,45,32,NADIR,0.0,2020/09/09,2020/09/09,2015-04-29 18:50:27.162566,2015-04-29 18:50:58.932562,LGN,DAY,2.65,2.59,1310,5,4.219,3.103,2.858,LPGS_15.3.1c,59.10083413,141.0321228,ACTUAL,OLI_TIRS_L2SP,OLI_TIRS,8,UTM,10,WGS84,WGS84,"40°19'58.76""N","122°49'43.32""W","41°23'05.68""N","124°12'54.54""W","41°22'50.81""N","121°26'30.12""W","39°15'39.56""N","124°10'39.50""W","39°15'25.74""N","121°29'23.24""W",40.33299,-122.8287,41.38491,-124.21515,41.38078,-121.4417,39.26099,-124.17764,39.25715,-121.48979,LC08_L2SP_045032_20150429_20200909_02_T1,LC80450322015119LGN01
LC08_L2SP_044032_20150508_20200909_02_T1,LC08_L1TP_044032_20150508_20200909_02_T1,LC80440322015128LGN03,2015-05-08,T1,2,44,32,44,32,NADIR,0.0,2020/09/09,2020/09/09,2015-05-08 18:44:06.331147,2015-05-08 18:44:38.101143,LGN,DAY,22.79,22.79,770,5,5.43,3.871,3.808,LPGS_15.3.1c,61.44015071,138.65427109,ACTUAL,OLI_TIRS_L2SP,OLI_TIRS,8,UTM,10,WGS84,WGS84,"40°19'57.29""N","121°16'14.95""W","41°23'26.48""N","122°36'53.46""W","41°20'56""N","119°52'31.87""W","39°17'16.69""N","122°37'35.83""W","39°14'56.94""N","119°58'15.13""W",40.33258,-121.27082,41.39069,-122.61485,41.34889,-119.87552,39.28797,-122.62662,39.24915,-119.97087,LC08_L2SP_044032_20150508_20200909_02_T1,LC80440322015128LGN03
LC08_L2SP_045032_20150515_20201015_02_T1,LC08_L1TP_045032_20150515_20201015_02_T1,LC80450322015135LGN01,2015-05-15,T1,2,45,32,45,32,NADIR,0.0,2020/10/15,2020/10/15,2015-05-15 18:50:12.426997,2015-05-15 18:50:44.196993,LGN,DAY,49.28,48.84,504,5,5.814,4.227,3.992,LPGS_15.3.1c,62.96263002,136.7117657,ACTUAL,OLI_TIRS_L2SP,OLI_TIRS,8,UTM,10,WGS84,WGS84,"40°19'57.76""N","122°46'09.70""W","41°23'07.94""N","124°09'14.98""W","41°22'47.78""N","121°22'50.63""W","39°15'41.65""N","124°07'06.74""W","39°15'22.93""N","121°25'50.52""W",40.33271,-122.76936,41.38554,-124.15416,41.37994,-121.38073,39.26157,-124.11854,39.25637,-121.4307,LC08_L2SP_045032_20150515_20201015_02_T1,LC80450322015135LGN01
LC08_L2SP_044032_20150524_20200909_02_T1,LC08_L1TP_044032_20150524_20200909_02_T1,LC80440322015144LGN04,2015-05-24,T1,2,44,32,44,32,NADIR,0.0,2020/09/09,2020/09/09,2015-05-24 18:44:04.808939,2015-05-24 18:44:36.578935,LGN,DAY,23.82,23.82,720,5,4.722,3.301,3.376,LPGS_15.3.1c,64.4595333,134.10658494,ACTUAL,OLI_TIRS_L2SP,OLI_TIRS,8,UTM,10,WGS84,WGS84,"40°19'58.44""N","121°12'59.36""W","41°23'35.52""N","122°33'39.60""W","41°21'00.07""N","119°49'05.16""W","39°17'25.76""N","122°34'27.95""W","39°15'01.40""N","119°54'54.72""W",40.3329,-121.21649,41.3932,-122.561,41.35002,-119.8181,39.29049,-122.57443,39.25039,-119.9152,LC08_L2SP_044032_20150524_20200909_02_T1,LC80440322015144LGN04
LC08_L2SP_045032_20150531_20200909_02_T1,LC08_L1TP_045032_20150531_20200909_02_T1,LC80450322015151LGN01,2015-05-31,T1,2,45,32,45,32,NADIR,0.0,2020/09/09,2020/09/09,2015-05-31 18:50:18.505257,2015-05-31 18:50:50.275253,LGN,DAY,50.75,51.54,897,5,4.087,2.775,3.001,LPGS_15.3.1c,65.26416488,132.16626568,ACTUAL,OLI_TIRS_L2SP,OLI_TIRS,8,UTM,10,WGS84,WGS84,"40°19'58.40""N","122°45'21.85""W","41°23'08.48""N","124°08'23.32""W","41°22'47.03""N","121°21'59""W","39°15'42.12""N","124°06'16.67""W","39°15'22.25""N","121°25'00.48""W",40.33289,-122.75607,41.38569,-124.13981,41.37973,-121.36639,39.2617,-124.10463,39.25618,-121.4168,LC08_L2SP_045032_20150531_20200909_02_T1,LC80450322015151LGN01
LC08_L2SP_044032_20150609_20200909_02_T1,LC08_L1TP_044032_20150609_20200909_02_T1,LC80440322015160LGN03,2015-06-09,T1,2,44,32,44,32,NADIR,0.0,2020/09/09,2020/09/09,2015-06-09 18:44:15.285482,2015-06-09 18:44:47.055478,LGN,DAY,19.59,19.59,927,5,4.349,2.967,3.18,LPGS_15.3.1c,65.83691393,130.01811874,ACTUAL,OLI_TIRS_L2SP,OLI_TIRS,8,UTM,10,WGS84,WGS84,"40°19'57.36""N","121°13'20.75""W","41°23'25.87""N","122°34'05.52""W","41°20'51.07""N","119°49'31.40""W","39°17'25.87""N","122°34'52.97""W","39°15'02.09""N","119°55'19.70""W",40.3326,-121.22243,41.39052,-122.5682,41.34752,-119.82539,39.29052,-122.58138,39.25058,-119.92214,LC08_L2SP_044032_20150609_20200909_02_T1,LC80440322015160LGN03
LC08_L2SP_045032_20150616_20200909_02_T1,LC08_L1TP_045032_20150616_20200909_02_T1,LC80450322015167LGN01,2015-06-16,T1,2,45,32,45,32,NADIR,0.0,2020/09/09,2020/09/09,2015-06-16 18:50:29.596946,2015-06-16 18:51:01.366942,LGN,DAY,0.11,0.1,1371,5,3.013,2.013,2.242,LPGS_15.3.1c,65.9417711,128.78227513,ACTUAL,OLI_TIRS_L2SP,OLI_TIRS,8,UTM,10,WGS84,WGS84,"40°19'58.87""N","122°45'55.37""W","41°23'08.09""N","124°09'02.09""W","41°22'47.42""N","121°22'24.82""W","39°15'41.76""N","124°06'54.22""W","39°15'22.57""N","121°25'25.50""W",40.33302,-122.76538,41.38558,-124.15058,41.37984,-121.37356,39.2616,-124.11506,39.25627,-121.42375,LC08_L2SP_045032_20150616_20200909_02_T1,LC80450322015167LGN01
LC08_L2SP_044032_20150625_20200909_02_T1,LC08_L1TP_044032_20150625_20200909_02_T1,LC80440322015176LGN03,2015-06-25,T1,2,44,32,44,32,NADIR,0.0,2020/09/09,2020/09/09,2015-06-25 18:44:20.409335,2015-06-25 18:44:52.179331,LGN,DAY,0.0,0.0,1088,5,3.334,2.257,2.453,LPGS_15.3.1c,65.6810455,127.94359237,ACTUAL,OLI_TIRS_L2SP,OLI_TIRS,8,UTM,10,WGS84,WGS84,"40°19'58.55""N","121°12'26.64""W","41°23'35.34""N","122°33'00.86""W","41°20'59.35""N","119°48'39.35""W","39°17'25.62""N","122°33'50.36""W","39°15'00.76""N","119°54'29.74""W",40.33293,-121.2074,41.39315,-122.55024,41.34982,-119.81093,39.29045,-122.56399,39.25021,-119.90826,LC08_L2SP_044032_20150625_20200909_02_T1,LC80440322015176LGN03
LC08_L2SP_045032_20150702_20200909_02_T1,LC08_L1TP_045032_20150702_20200909_02_T1,LC80450322015183LGN01,2015-07-02,T1,2,45,32,45,32,NADIR,0.0,2020/09/09,2020/09/09,2015-07-02 18:50:36.588143,2015-07-02 18:51:08.358139,LGN,DAY,25.01,26.16,1127,5,3.903,2.646,2.869,LPGS_15.3.1c,65.20439799,127.95462307,ACTUAL,OLI_TIRS_L2SP,OLI_TIRS,8,UTM,10,WGS84,WGS84,"40°19'57.97""N","122°45'48.96""W","41°23'08.20""N","124°08'49.16""W","41°22'47.42""N","121°22'24.82""W","39°15'41.90""N","124°06'41.72""W","39°15'22.57""N","121°25'25.50""W",40.33277,-122.7636,41.38561,-124.14699,41.37984,-121.37356,39.26164,-124.11159,39.25627,-121.42375,LC08_L2SP_045032_20150702_20200909_02_T1,LC80450322015183LGN01
LC08_L2SP_044032_20150711_20200909_02_T1,LC08_L1TP_044032_20150711_20200909_02_T1,LC80440322015192LGN04,2015-07-11,T1,2,44,32,44,32,NADIR,0.0,2020/09/09,2020/09/09,2015-07-11 18:44:32.187348,2015-07-11 18:45:03.957344,LGN,DAY,25.83,25.83,643,5,5.39,3.9,3.721,LPGS_15.3.1c,64.27655393,128.82194256,ACTUAL,OLI_TIRS_L2SP,OLI_TIRS,8,UTM,10,WGS84,WGS84,"40°19'58.69""N","121°13'34.21""W","41°23'35.66""N","122°34'18.37""W","41°21'01.15""N","119°49'43.82""W","39°17'25.91""N","122°35'05.50""W","39°15'02.41""N","119°55'32.23""W",40.33297,-121.22617,41.39324,-122.57177,41.35032,-119.82884,39.29053,-122.58486,39.25067,-119.92562,LC08_L2SP_044032_20150711_20200909_02_T1,LC80440322015192LGN04
LC08_L2SP_045032_20150718_20200908_02_T1,LC08_L1TP_045032_20150718_20200908_02_T1,LC80450322015199LGN01,2015-07-18,T1,2,45,32,45,32,NADIR,0.0,2020/09/08,2020/09/08,2015-07-18 18:50:46.059163,2015-07-18 18:51:17.829159,LGN,DAY,2.59,3.81,1311,5,3.114,2.153,2.25,LPGS_15.3.1c,63.33017372,130.10848922,ACTUAL,OLI_TIRS_L2SP,OLI_TIRS,8,UTM,10,WGS84,WGS84,"40°19'57.32""N","122°46'12.25""W","41°23'07.94""N","124°09'14.98""W","41°22'47.78""N","121°22'50.63""W","39°15'41.65""N","124°07'06.74""W","39°15'22.93""N","121°25'50.52""W",40.33259,-122.77007,41.38554,-124.15416,41.37994,-121.38073,39.26157,-124.11854,39.25637,-121.4307,LC08_L2SP_045032_20150718_20200908_02_T1,LC80450322015199LGN01
LC08_L2SP_044032_20150727_20200908_02_T1,LC08_L1TP_044032_20150727_20200908_02_T1,LC80440322015208LGN01,2015-07-27,T1,2,44,32,44,32,NADIR,0.0,2020/09/08,2020/09/08,2015-07-27 18:44:37.593275,2015-07-27 18:45:09.363271,LGN,DAY,0.07,0.07,1067,5,3.871,2.667,2.806,LPGS_15.3.1c,61.85407772,132.43924637,ACTUAL,OLI_TIRS_L2SP,OLI_TIRS,8,UTM,10,WGS84,WGS84,"40°19'57.54""N","121°13'01.45""W","41°23'25.76""N","122°33'39.67""W","41°20'50.35""N","119°49'05.63""W","39°17'25.76""N","122°34'27.95""W","39°15'01.40""N","119°54'54.72""W",40.33265,-121.21707,41.39049,-122.56102,41.34732,-119.81823,39.29049,-122.57443,39.25039,-119.9152,LC08_L2SP_044032_20150727_20200908_02_T1,LC80440322015208LGN01
LC08_L2SP_045032_20150803_20200908_02_T1,LC08_L1TP_045032_20150803_20200908_02_T1,LC80450322015215LGN01,2015-08-03,T1,2,45,32,45,32,NADIR,0.0,2020/09/08,2020/09/08,2015-08-03 18:50:49.170786,2015-08-03 18:51:20.940782,LGN,DAY,10.75,12.14,1227,5,3.359,2.301,2.448,LPGS_15.3.1c,60.51186625,134.67177128,ACTUAL,OLI_TIRS_L2SP,OLI_TIRS,8,UTM,10,WGS84,WGS84,"40°19'58.51""N","122°45'09.32""W","41°23'08.59""N","124°08'10.43""W","41°22'46.85""N","121°21'46.08""W","39°15'42.23""N","124°06'04.18""W","39°15'22.07""N","121°24'47.95""W",40.33292,-122.75259,41.38572,-124.13623,41.37968,-121.3628,39.26173,-124.10116,39.25613,-121.41332,LC08_L2SP_045032_20150803_20200908_02_T1,LC80450322015215LGN01
LC08_L2SP_044032_20150812_20200908_02_T1,LC08_L1TP_044032_20150812_20200908_02_T1,LC80440322015224LGN01,2015-08-12,T1,2,44,32,44,32,NADIR,0.0,2020/09/08,2020/09/08,2015-08-12 18:44:42.290737,2015-08-12 18:45:14.060733,LGN,DAY,0.01,0.01,1063,5,4.462,2.911,3.381,LPGS_15.3.1c,58.5460901,137.90188775,ACTUAL,OLI_TIRS_L2SP,OLI_TIRS,8,UTM,10,WGS84,WGS84,"40°19'58.22""N","121°12'27.07""W","41°23'35.34""N","122°33'00.86""W","41°20'59.35""N","119°48'39.35""W","39°17'25.62""N","122°33'50.36""W","39°15'00.76""N","119°54'29.74""W",40.33284,-121.20752,41.39315,-122.55024,41.34982,-119.81093,39.29045,-122.56399,39.25021,-119.90826,LC08_L2SP_044032_20150812_20200908_02_T1,LC80440322015224LGN01
LC08_L2SP_045032_20150819_20200908_02_T1,LC08_L1TP_045032_20150819_20200908_02_T1,LC80450322015231LGN02,2015-08-19,T1,2,45,32,45,32,NADIR,0.0,2020/09/08,2020/09/08,2015-08-19 18:50:56.68955,2015-08-19 18:51:28.459546,LGN,DAY,35.17,36.22,1252,5,3.44,2.318,2.542,LPGS_15.3.1c,56.83385924,140.58120321,ACTUAL,OLI_TIRS_L2SP,OLI_TIRS,8,UTM,10,WGS84,WGS84,"40°19'57.90""N","122°45'24.73""W","41°23'08.48""N","124°08'23.32""W","41°22'47.03""N","121°21'59""W","39°15'42.12""N","124°06'16.67""W","39°15'22.25""N","121°25'00.48""W",40.33275,-122.75687,41.38569,-124.13981,41.37973,-121.36639,39.2617,-124.10463,39.25618,-121.4168,LC08_L2SP_045032_20150819_20200908_02_T1,LC80450322015231LGN02
LC08_L2SP_044032_20150828_20200908_02_T1,LC08_L1TP_044032_20150828_20200908_02_T1,LC80440322015240LGN01,2015-08-28,T1,2,44,32,44,32,NADIR,0.0,2020/09/08,2020/09/08,2015-08-28 18:44:48.983462,2015-08-28 18:45:20.753458,LGN,DAY,48.46,48.46,778,5,5.447,3.505,4.17,LPGS_15.3.1c,54.42024335,144.09786546,ACTUAL,OLI_TIRS_L2SP,OLI_TIRS,8,UTM,10,WGS84,WGS84,"40°19'57.94""N","121°12'36.79""W","41°23'25.69""N","122°33'13.86""W","41°20'49.63""N","119°48'39.85""W","39°17'25.69""N","122°34'02.89""W","39°15'00.76""N","119°54'29.74""W",40.33276,-121.21022,41.39047,-122.55385,41.34712,-119.81107,39.29047,-122.56747,39.25021,-119.90826,LC08_L2SP_044032_20150828_20200908_02_T1,LC80440322015240LGN01
LC08_L2SP_045032_20150904_20200908_02_T1,LC08_L1TP_045032_20150904_20200908_02_T1,LC80450322015247LGN01,2015-09-04,T1,2,45,32,45,32,NADIR,0.0,2020/09/08,2020/09/08,2015-09-04 18:51:01.527597,2015-09-04 18:51:33.297593,LGN,DAY,8.87,8.73,1094,5,4.015,2.569,3.086,LPGS_15.3.1c,52.38438109,146.79333912,ACTUAL,OLI_TIRS_L2SP,OLI_TIRS,8,UTM,10,WGS84,WGS84,"40°19'57.79""N","122°45'14.22""W","41°23'08.48""N","124°08'23.32""W","41°22'46.85""N","121°21'46.08""W","39°15'42.12""N","124°06'16.67""W","39°15'22.07""N","121°24'47.95""W",40.33272,-122.75395,41.38569,-124.13981,41.37968,-121.3628,39.2617,-124.10463,39.25613,-121.41332,LC08_L2SP_045032_20150904_20200908_02_T1,LC80450322015247LGN01
LC08_L2SP_044032_20150913_20200908_02_T1,LC08_L1TP_044032_20150913_20200908_02_T1,LC80440322015256LGN01,2015-09-13,T1,2,44,32,44,32,NADIR,0.0,2020/09/08,2020/09/08,2015-09-13 18:44:56.224448,2015-09-13 18:45:27.994444,LGN,DAY,60.49,60.49,366,5,5.916,3.677,4.634,LPGS_15.3.1c,49.59299472,150.09159984,ACTUAL,OLI_TIRS_L2SP,OLI_TIRS,8,UTM,10,WGS84,WGS84,"40°19'57.90""N","121°13'09.70""W","41°23'25.84""N","122°33'52.60""W","41°20'50.71""N","119°49'18.52""W","39°17'25.84""N","122°34'40.48""W","39°15'01.73""N","119°55'07.21""W",40.33275,-121.21936,41.39051,-122.56461,41.34742,-119.82181,39.29051,-122.57791,39.25048,-119.91867,LC08_L2SP_044032_20150913_20200908_02_T1,LC80440322015256LGN01
LC08_L2SP_045032_20150920_20200908_02_T1,LC08_L1TP_045032_20150920_20200908_02_T1,LC80450322015263LGN01,2015-09-20,T1,2,45,32,45,32,NADIR,0.0,2020/09/08,2020/09/08,2015-09-20 18:51:10.149676,2015-09-20 18:51:41.919673,LGN,DAY,0.06,0.06,1341,5,4.34,2.403,3.614,LPGS_15.3.1c,47.30766713,152.46838728,ACTUAL,OLI_TIRS_L2SP,OLI_TIRS,8,UTM,10,WGS84,WGS84,"40°19'57.97""N","122°46'14.23""W","41°23'07.94""N","124°09'14.98""W","41°22'47.78""N","121°22'50.63""W","39°15'41.65""N","124°07'06.74""W","39°15'22.93""N","121°25'50.52""W",40.33277,-122.77062,41.38554,-124.15416,41.37994,-121.38073,39.26157,-124.11854,39.25637,-121.4307,LC08_L2SP_045032_20150920_20200908_02_T1,LC80450322015263LGN01
LC08_L2SP_044032_20150929_20200908_02_T1,LC08_L1TP_044032_20150929_20200908_02_T1,LC80440322015272LGN02,2015-09-29,T1,2,44,32,44,32,NADIR,0.0,2020/09/08,2020/09/08,2015-09-29 18:45:01.760079,2015-09-29 18:45:33.530076,LGN,DAY,0.07,0.07,988,5,6.051,3.158,5.161,LPGS_15.3.1c,44.27628373,155.22138837,ACTUAL,OLI_TIRS_L2SP,OLI_TIRS,8,UTM,10,WGS84,WGS84,"40°19'58.26""N","121°13'32.99""W","41°23'25.91""N","122°34'18.44""W","41°20'51.43""N","119°49'44.29""W","39°17'25.91""N","122°35'05.50""W","39°15'02.41""N","119°55'32.23""W",40.33285,-121.22583,41.39053,-122.57179,41.34762,-119.82897,39.29053,-122.58486,39.25067,-119.92562,LC08_L2SP_044032_20150929_20200908_02_T1,LC80440322015272LGN02
LC08_L2SP_045032_20151006_20200908_02_T1,LC08_L1TP_045032_20151006_20200908_02_T1,LC80450322015279LGN01,2015-10-06,T1,2,45,32,45,32,NADIR,0.0,2020/09/08,2020/09/08,2015-10-06 18:51:13.00895,2015-10-06 18:51:44.778947,LGN,DAY,2.77,3.42,1268,5,5.291,2.687,4.558,LPGS_15.3.1c,41.87346788,157.08823247,ACTUAL,OLI_TIRS_L2SP,OLI_TIRS,8,UTM,10,WGS84,WGS84,"40°19'58.69""N","122°46'01.31""W","41°23'08.09""N","124°09'02.09""W","41°22'47.60""N","121°22'37.74""W","39°15'41.76""N","124°06'54.22""W","39°15'22.75""N","121°25'38.03""W",40.33297,-122.76703,41.38558,-124.15058,41.37989,-121.37715,39.2616,-124.11506,39.25632,-121.42723,LC08_L2SP_045032_20151006_20200908_02_T1,LC80450322015279LGN01
LC08_L2SP_044032_20151015_20200908_02_T1,LC08_L1TP_044032_20151015_20200908_02_T1,LC80440322015288LGN01,2015-10-15,T1,2,44,32,44,32,NADIR,0.0,2020/09/08,2020/09/08,2015-10-15 18:45:01.112981,2015-10-15 18:45:32.882978,LGN,DAY,2.88,2.88,938,5,7.176,3.766,6.109,LPGS_15.3.1c,38.79009074,159.09785118,ACTUAL,OLI_TIRS_L2SP,OLI_TIRS,8,UTM,10,WGS84,WGS84,"40°19'57.65""N","121°12'37.30""W","41°23'25.69""N","122°33'13.86""W","41°20'49.63""N","119°48'39.85""W","39°17'25.69""N","122°34'02.89""W","39°15'00.76""N","119°54'29.74""W",40.33268,-121.21036,41.39047,-122.55385,41.34712,-119.81107,39.29047,-122.56747,39.25021,-119.90826,LC08_L2SP_044032_20151015_20200908_02_T1,LC80440322015288LGN01
LC08_L2SP_045032_20151022_20200908_02_T1,LC08_L1TP_045032_20151022_20200908_02_T1,LC80450322015295LGN01,2015-10-22,T1,2,45,32,45,32,NADIR,0.0,2020/09/08,2020/09/08,2015-10-22 18:51:16.014638,2015-10-22 18:51:47.784635,LGN,DAY,0.05,0.05,1291,5,5.988,2.895,5.242,LPGS_15.3.1c,36.43798568,160.35031001,ACTUAL,OLI_TIRS_L2SP,OLI_TIRS,8,UTM,10,WGS84,WGS84,"40°19'57.18""N","122°46'06.35""W","41°22'58.22""N","124°09'14.83""W","41°22'37.85""N","121°22'37.99""W","39°15'41.65""N","124°07'06.74""W","39°15'22.75""N","121°25'38.03""W",40.33255,-122.76843,41.38284,-124.15412,41.37718,-121.37722,39.26157,-124.11854,39.25632,-121.42723,LC08_L2SP_045032_20151022_20200908_02_T1,LC80450322015295LGN01
LC08_L2SP_044032_20151031_20200908_02_T1,LC08_L1TP_044032_20151031_20200908_02_T1,LC80440322015304LGN01,2015-10-31,T1,2,44,32,44,32,NADIR,0.0,2020/09/08,2020/09/08,2015-10-31 18:45:07.73654,2015-10-31 18:45:39.506536,LGN,DAY,5.85,5.85,854,5,7.521,4.192,6.245,LPGS_15.3.1c,33.54781829,161.55285322,ACTUAL,OLI_TIRS_L2SP,OLI_TIRS,8,UTM,10,WGS84,WGS84,"40°19'58.51""N","121°13'47.78""W","41°23'25.98""N","122°34'31.37""W","41°20'51.79""N","119°49'57.18""W","39°17'25.94""N","122°35'18.02""W","39°15'02.74""N","119°55'44.72""W",40.33292,-121.22994,41.39055,-122.57538,41.34772,-119.83255,39.29054,-122.58834,39.25076,-119.92909,LC08_L2SP_044032_20151031_20200908_02_T1,LC80440322015304LGN01
LC08_L2SP_045032_20151107_20200908_02_T1,LC08_L1TP_045032_20151107_20200908_02_T1,LC80450322015311LGN01,2015-11-07,T1,2,45,32,45,32,NADIR,0.0,2020/09/08,2020/09/08,2015-11-07 18:51:18.694715,2015-11-07 18:51:50.464711,LGN,DAY,0.15,0.14,1233,5,6.761,3.241,5.934,LPGS_15.3.1c,31.44768372,162.17073236,FINAL,OLI_TIRS_L2SP,OLI_TIRS,8,UTM,10,WGS84,WGS84,"40°19'57.07""N","122°46'18.44""W","41°22'58.08""N","124°09'27.72""W","41°22'38.06""N","121°22'50.88""W","39°15'41.54""N","124°07'19.27""W","39°15'22.93""N","121°25'50.52""W",40.33252,-122.77179,41.3828,-124.1577,41.37724,-121.3808,39.26154,-124.12202,39.25637,-121.4307,LC08_L2SP_045032_20151107_20200908_02_T1,LC80450322015311LGN01
LC08_L2SP_044032_20151116_20200908_02_T1,LC08_L1TP_044032_20151116_20200908_02_T1,LC80440322015320LGN01,2015-11-16,T1,2,44,32,44,32,NADIR,0.0,2020/09/08,2020/09/08,2015-11-16 18:45:08.549403,2015-11-16 18:45:40.319399,LGN,DAY,27.48,27.48,648,5,8.573,4.792,7.109,LPGS_15.3.1c,29.01098514,162.5644534,FINAL,OLI_TIRS_L2SP,OLI_TIRS,8,UTM,10,WGS84,WGS84,"40°19'58.33""N","121°13'41.59""W","41°23'25.91""N","122°34'18.44""W","41°20'51.43""N","119°49'44.29""W","39°17'25.91""N","122°35'05.50""W","39°15'02.41""N","119°55'32.23""W",40.33287,-121.22822,41.39053,-122.57179,41.34762,-119.82897,39.29053,-122.58486,39.25067,-119.92562,LC08_L2SP_044032_20151116_20200908_02_T1,LC80440322015320LGN01
LC08_L2SP_045032_20151123_20200908_02_T1,LC08_L1TP_045032_20151123_20200908_02_T1,LC80450322015327LGN01,2015-11-23,T1,2,45,32,45,32,NADIR,0.0,2020/09/08,2020/09/08,2015-11-23 18:51:20.927394,2015-11-23 18:51:52.697391,LGN,DAY,2.59,4.02,1054,5,7.638,4.218,6.367,LPGS_15.3.1c,27.36963933,162.585612,FINAL,OLI_TIRS_L2SP,OLI_TIRS,8,UTM,10,WGS84,WGS84,"40°19'57.40""N","122°46'37.56""W","41°22'57.97""N","124°09'40.64""W","41°22'38.42""N","121°23'16.69""W","39°15'41.40""N","124°07'31.76""W","39°15'23.26""N","121°26'15.54""W",40.33261,-122.7771,41.38277,-124.16129,41.37734,-121.38797,39.2615,-124.12549,39.25646,-121.43765,LC08_L2SP_045032_20151123_20200908_02_T1,LC80450322015327LGN01
LC08_L2SP_044032_20151202_20200908_02_T1,LC08_L1TP_044032_20151202_20200908_02_T1,LC80440322015336LGN01,2015-12-02,T1,2,44,32,44,32,NADIR,0.0,2020/09/08,2020/09/08,2015-12-02 18:45:09.756808,2015-12-02 18:45:41.526805,LGN,DAY,53.85,53.85,108,5,8.675,5.694,6.544,LPGS_15.3.1c,25.65058847,162.26902396,FINAL,OLI_TIRS_L2SP,OLI_TIRS,8,UTM,10,WGS84,WGS84,"40°19'57.18""N","121°13'55.16""W","41°23'25.98""N","122°34'31.37""W","41°20'52.15""N","119°50'10.07""W","39°17'25.94""N","122°35'18.02""W","39°15'03.06""N","119°55'57.22""W",40.33255,-121.23199,41.39055,-122.57538,41.34782,-119.83613,39.29054,-122.58834,39.25085,-119.93256,LC08_L2SP_044032_20151202_20200908_02_T1,LC80440322015336LGN01
LC08_L2SP_045032_20151225_20200908_02_T1,LC08_L1TP_045032_20151225_20200908_02_T1,LC80450322015359LGN01,2015-12-25,T1,2,45,32,45,32,NADIR,0.0,2020/09/08,2020/09/08,2015-12-25 18:51:19.992771,2015-12-25 18:51:51.762768,LGN,DAY,15.33,15.08,534,5,8.894,5.186,7.225,LPGS_15.3.1c,23.64255793,160.06907359,ACTUAL,OLI_TIRS_L2SP,OLI_TIRS,8,UTM,10,WGS84,WGS84,"40°19'58.15""N","122°46'39.90""W","41°22'57.97""N","124°09'40.64""W","41°22'38.42""N","121°23'16.69""W","39°15'41.40""N","124°07'31.76""W","39°15'23.26""N","121°26'15.54""W",40.33282,-122.77775,41.38277,-124.16129,41.37734,-121.38797,39.2615,-124.12549,39.25646,-121.43765,LC08_L2SP_045032_20151225_20200908_02_T1,LC80450322015359LGN01
LC08_L2SP_045032_20160110_20200907_02_T1,LC08_L1TP_045032_20160110_20200907_02_T1,LC80450322016010LGN01,2016-01-10,T1,2,45,32,45,32,NADIR,0.0,2020/09/07,2020/09/07,2016-01-10 18:51:16.166055,2016-01-10 18:51:47.936051,LGN,DAY,15.07,14.82,740,5,8.518,5.066,6.848,LPGS_15.3.1c,24.50363869,157.81500218,FINAL,OLI_TIRS_L2SP,OLI_TIRS,8,UTM,10,WGS84,WGS84,"40°19'58.51""N","122°46'12.90""W","41°22'58.22""N","124°09'14.83""W","41°22'38.06""N","121°22'50.88""W","39°15'41.65""N","124°07'06.74""W","39°15'22.93""N","121°25'50.52""W",40.33292,-122.77025,41.38284,-124.15412,41.37724,-121.3808,39.26157,-124.11854,39.25637,-121.4307,LC08_L2SP_045032_20160110_20200907_02_T1,LC80450322016010LGN01
LC08_L2SP_045032_20160126_20200907_02_T1,LC08_L1TP_045032_20160126_20200907_02_T1,LC80450322016026LGN01,2016-01-26,T1,2,45,32,45,32,NADIR,0.0,2020/09/07,2020/09/07,2016-01-26 18:51:16.360957,2016-01-26 18:51:48.130954,LGN,DAY,34.89,35.37,733,5,7.884,4.81,6.246,LPGS_15.3.1c,27.18721617,155.39386006,FINAL,OLI_TIRS_L2SP,OLI_TIRS,8,UTM,10,WGS84,WGS84,"40°19'58.84""N","122°47'04.81""W","41°23'07.44""N","124°10'06.64""W","41°22'48.50""N","121°23'42.29""W","39°15'41.15""N","124°07'56.82""W","39°15'23.58""N","121°26'40.56""W",40.33301,-122.78467,41.3854,-124.16851,41.38014,-121.39508,39.26143,-124.13245,39.25655,-121.4446,LC08_L2SP_045032_20160126_20200907_02_T1,LC80450322016026LGN01
LC08_L2SP_045032_20160211_20200907_02_T1,LC08_L1TP_045032_20160211_20200907_02_T1,LC80450322016042LGN01,2016-02-11,T1,2,45,32,45,32,NADIR,0.0,2020/09/07,2020/09/07,2016-02-11 18:51:10.27352,2016-02-11 18:51:42.043516,LGN,DAY,35.33,36.2,1014,5,7.689,4.747,6.049,LPGS_15.3.1c,31.43842186,153.06778065,FINAL,OLI_TIRS_L2SP,OLI_TIRS,8,UTM,10,WGS84,WGS84,"40°19'58.26""N","122°46'38.21""W","41°22'57.97""N","124°09'40.64""W","41°22'38.42""N","121°23'16.69""W","39°15'41.40""N","124°07'31.76""W","39°15'23.26""N","121°26'15.54""W",40.33285,-122.77728,41.38277,-124.16129,41.37734,-121.38797,39.2615,-124.12549,39.25646,-121.43765,LC08_L2SP_045032_20160211_20200907_02_T1,LC80450322016042LGN01
LC08_L2SP_044032_20160220_20200907_02_T1,LC08_L1TP_044032_20160220_20200907_02_T1,LC80440322016051LGN01,2016-02-20,T1,2,44,32,44,32,NADIR,0.0,2020/09/07,2020/09/07,2016-02-20 18:44:54.514348,2016-02-20 18:45:26.284345,LGN,DAY,4.66,4.66,608,5,8.696,5.13,7.021,LPGS_15.3.1c,34.36895089,151.85266883,FINAL,OLI_TIRS_L2SP,OLI_TIRS,8,UTM,10,WGS84,WGS84,"40°19'58.12""N","121°13'19.45""W","41°23'25.87""N","122°34'05.52""W","41°20'51.07""N","119°49'31.40""W","39°17'25.87""N","122°34'52.97""W","39°15'02.09""N","119°55'19.70""W",40.33281,-121.22207,41.39052,-122.5682,41.34752,-119.82539,39.29052,-122.58138,39.25058,-119.92214,LC08_L2SP_044032_20160220_20200907_02_T1,LC80440322016051LGN01
LC08_L2SP_045032_20160314_20200907_02_T1,LC08_L1TP_045032_20160314_20200907_02_T1,LC80450322016074LGN01,2016-03-14,T1,2,45,32,45,32,NADIR,0.0,2020/09/07,2020/09/07,2016-03-14 18:51:01.973332,2016-03-14 18:51:33.743328,LGN,DAY,51.02,50.43,467,5,7.946,5.153,6.049,LPGS_15.3.1c,42.92778079,148.93217517,FINAL,OLI_TIRS_L2SP,OLI_TIRS,8,UTM,10,WGS84,WGS84,"40°19'57.14""N","122°47'32.75""W","41°22'57.43""N","124°10'32.30""W","41°22'39.14""N","121°24'08.35""W","39°15'40.93""N","124°08'21.84""W","39°15'23.94""N","121°27'05.62""W",40.33254,-122.79243,41.38262,-124.17564,41.37754,-121.40232,39.26137,-124.1394,39.25665,-121.45156,LC08_L2SP_045032_20160314_20200907_02_T1,LC80450322016074LGN01
LC08_L2SP_044032_20160323_20200907_02_T1,LC08_L1TP_044032_20160323_20200907_02_T1,LC80440322016083LGN01,2016-03-23,T1,2,44,32,44,32,NADIR,0.0,2020/09/07,2020/09/07,2016-03-23 18:44:46.031299,2016-03-23 18:45:17.801296,LGN,DAY,7.36,7.36,791,5,7.467,4.562,5.912,LPGS_15.3.1c,46.44100325,147.76306691,FINAL,OLI_TIRS_L2SP,OLI_TIRS,8,UTM,10,WGS84,WGS84,"40°19'58.48""N","121°14'32.86""W","41°23'26.12""N","122°35'10.10""W","41°20'53.20""N","119°50'48.73""W","39°17'26.09""N","122°35'55.61""W","39°15'04.07""N","119°56'34.73""W",40.33291,-121.24246,41.39059,-122.58614,41.34811,-119.84687,39.29058,-122.59878,39.25113,-119.94298,LC08_L2SP_044032_20160323_20200907_02_T1,LC80440322016083LGN01
LC08_L2SP_045032_20160330_20200907_02_T1,LC08_L1TP_045032_20160330_20200907_02_T1,LC80450322016090LGN01,2016-03-30,T1,2,45,32,45,32,NADIR,0.0,2020/09/07,2020/09/07,2016-03-30 18:50:51.721283,2016-03-30 18:51:23.49128,LGN,DAY,0.85,1.42,1197,5,4.852,3.098,3.735,LPGS_15.3.1c,49.14652965,146.77781097,FINAL,OLI_TIRS_L2SP,OLI_TIRS,8,UTM,10,WGS84,WGS84,"40°19'57.32""N","122°46'52.64""W","41°22'57.83""N","124°09'53.57""W","41°22'38.60""N","121°23'29.62""W","39°15'41.29""N","124°07'44.29""W","39°15'23.44""N","121°26'28.07""W",40.33259,-122.78129,41.38273,-124.16488,41.37739,-121.39156,39.26147,-124.12897,39.25651,-121.44113,LC08_L2SP_045032_20160330_20200907_02_T1,LC80450322016090LGN01
LC08_L2SP_044032_20160408_20200907_02_T1,LC08_L1TP_044032_20160408_20200907_02_T1,LC80440322016099LGN01,2016-04-08,T1,2,44,32,44,32,NADIR,0.0,2020/09/07,2020/09/07,2016-04-08 18:44:38.570122,2016-04-08 18:45:10.340119,LGN,DAY,7.05,7.05,878,5,6.366,3.98,4.969,LPGS_15.3.1c,52.50499775,145.35188292,FINAL,OLI_TIRS_L2SP,OLI_TIRS,8,UTM,10,WGS84,WGS84,"40°19'58.12""N","121°14'44.16""W","41°23'26.16""N","122°35'23.03""W","41°20'53.56""N","119°51'01.62""W","39°17'26.12""N","122°36'08.14""W","39°15'04.39""N","119°56'47.22""W",40.33281,-121.2456,41.3906,-122.58973,41.34821,-119.85045,39.29059,-122.60226,39.25122,-119.94645,LC08_L2SP_044032_20160408_20200907_02_T1,LC80440322016099LGN01
LC08_L2SP_045032_20160415_20200907_02_T1,LC08_L1TP_045032_20160415_20200907_02_T1,LC80450322016106LGN02,2016-04-15,T1,2,45,32,45,32,NADIR,0.0,2020/09/07,2020/09/07,2016-04-15 18:50:46.869709,2016-04-15 18:51:18.639706,LGN,DAY,2.28,2.23,1191,5,5.061,3.49,3.665,LPGS_15.3.1c,54.97579769,144.07697452,FINAL,OLI_TIRS_L2SP,OLI_TIRS,8,UTM,10,WGS84,WGS84,"40°19'57.94""N","122°47'44.20""W","41°22'57.32""N","124°10'45.23""W","41°22'39.32""N","121°24'21.28""W","39°15'40.79""N","124°08'34.37""W","39°15'24.08""N","121°27'18.11""W",40.33276,-122.79561,41.38259,-124.17923,41.37759,-121.40591,39.26133,-124.14288,39.25669,-121.45503,LC08_L2SP_045032_20160415_20200907_02_T1,LC80450322016106LGN02
LC08_L2SP_044032_20160424_20200907_02_T1,LC08_L1TP_044032_20160424_20200907_02_T1,LC80440322016115LGN01,2016-04-24,T1,2,44,32,44,32,NADIR,0.0,2020/09/07,2020/09/07,2016-04-24 18:44:31.380137,2016-04-24 18:45:03.150133,LGN,DAY,46.38,46.38,458,5,7.01,4.864,5.047,LPGS_15.3.1c,57.88965771,142.18150996,FINAL,OLI_TIRS_L2SP,OLI_TIRS,8,UTM,10,WGS84,WGS84,"40°19'57.68""N","121°15'10.51""W","41°23'26.27""N","122°35'48.88""W","41°20'54.28""N","119°51'27.40""W","39°17'26.20""N","122°36'33.16""W","39°15'05.04""N","119°57'12.20""W",40.33269,-121.25292,41.39063,-122.59691,41.34841,-119.85761,39.29061,-122.60921,39.2514,-119.95339,LC08_L2SP_044032_20160424_20200907_02_T1,LC80440322016115LGN01
LC08_L2SP_045032_20160501_20200907_02_T1,LC08_L1TP_045032_20160501_20200907_02_T1,LC80450322016122LGN01,2016-05-01,T1,2,45,32,45,32,NADIR,0.0,2020/09/07,2020/09/07,2016-05-01 18:50:49.062339,2016-05-01 18:51:20.832336,LGN,DAY,3.45,3.36,1244,5,4.36,3.126,3.04,LPGS_15.3.1c,59.90668604,140.48166898,FINAL,OLI_TIRS_L2SP,OLI_TIRS,8,UTM,10,WGS84,WGS84,"40°19'58.01""N","122°50'36.28""W","41°23'05.14""N","124°13'46.20""W","41°22'51.49""N","121°27'21.78""W","39°15'39.02""N","124°11'29.58""W","39°15'26.39""N","121°30'13.32""W",40.33278,-122.84341,41.38476,-124.2295,41.38097,-121.45605,39.26084,-124.19155,39.25733,-121.5037,LC08_L2SP_045032_20160501_20200907_02_T1,LC80450322016122LGN01
LC08_L2SP_044032_20160510_20200907_02_T1,LC08_L1TP_044032_20160510_20200907_02_T1,LC80440322016131LGN01,2016-05-10,T1,2,44,32,44,32,NADIR,0.0,2020/09/07,2020/09/07,2016-05-10 18:44:33.959558,2016-05-10 18:45:05.729555,LGN,DAY,0.71,0.71,1008,5,5.2,3.752,3.6,LPGS_15.3.1c,62.14612962,138.14182663,FINAL,OLI_TIRS_L2SP,OLI_TIRS,8,UTM,10,WGS84,WGS84,"40°19'57.18""N","121°14'04.24""W","41°23'26.02""N","122°34'44.26""W","41°20'52.15""N","119°50'10.07""W","39°17'16.26""N","122°35'30.62""W","39°14'53.34""N","119°55'57.65""W",40.33255,-121.23451,41.39056,-122.57896,41.34782,-119.83613,39.28785,-122.59184,39.24815,-119.93268,LC08_L2SP_044032_20160510_20200907_02_T1,LC80440322016131LGN01
LC08_L2SP_045032_20160517_20200907_02_T1,LC08_L1TP_045032_20160517_20200907_02_T1,LC80450322016138LGN01,2016-05-17,T1,2,45,32,45,32,NADIR,0.0,2020/09/07,2020/09/07,2016-05-17 18:50:46.215798,2016-05-17 18:51:17.985795,LGN,DAY,0.44,0.43,1337,5,4.086,2.935,2.842,LPGS_15.3.1c,63.54709723,136.14744467,FINAL,OLI_TIRS_L2SP,OLI_TIRS,8,UTM,10,WGS84,WGS84,"40°19'58.37""N","122°46'14.66""W","41°23'07.94""N","124°09'14.98""W","41°22'47.78""N","121°22'50.63""W","39°15'41.65""N","124°07'06.74""W","39°15'22.93""N","121°25'50.52""W",40.33288,-122.77074,41.38554,-124.15416,41.37994,-121.38073,39.26157,-124.11854,39.25637,-121.4307,LC08_L2SP_045032_20160517_20200907_02_T1,LC80450322016138LGN01
LC08_L2SP_044032_20160526_20200906_02_T1,LC08_L1TP_044032_20160526_20200906_02_T1,LC80440322016147LGN01,2016-05-26,T1,2,44,32,44,32,NADIR,0.0,2020/09/06,2020/09/06,2016-05-26 18:44:39.165928,2016-05-26 18:45:10.935925,LGN,DAY,17.9,17.9,765,5,5.403,3.869,3.772,LPGS_15.3.1c,64.88719424,133.55945629,FINAL,OLI_TIRS_L2SP,OLI_TIRS,8,UTM,10,WGS84,WGS84,"40°19'57.54""N","121°13'31.94""W","41°23'25.91""N","122°34'18.44""W","41°20'51.43""N","119°49'44.29""W","39°17'25.91""N","122°35'05.50""W","39°15'02.41""N","119°55'32.23""W",40.33265,-121.22554,41.39053,-122.57179,41.34762,-119.82897,39.29053,-122.58486,39.25067,-119.92562,LC08_L2SP_044032_20160526_20200906_02_T1,LC80440322016147LGN01
LC08_L2SP_045032_20160602_20200906_02_T1,LC08_L1TP_045032_20160602_20200906_02_T1,LC80450322016154LGN01,2016-06-02,T1,2,45,32,45,32,NADIR,0.0,2020/09/06,2020/09/06,2016-06-02 18:50:51.981998,2016-06-02 18:51:23.751994,LGN,DAY,9.94,9.78,1287,5,3.839,2.729,2.7,LPGS_15.3.1c,65.56618589,131.68140415,FINAL,OLI_TIRS_L2SP,OLI_TIRS,8,UTM,10,WGS84,WGS84,"40°19'58.84""N","122°45'52.96""W","41°23'08.09""N","124°09'02.09""W","41°22'47.42""N","121°22'24.82""W","39°15'41.76""N","124°06'54.22""W","39°15'22.57""N","121°25'25.50""W",40.33301,-122.76471,41.38558,-124.15058,41.37984,-121.37356,39.2616,-124.11506,39.25627,-121.42375,LC08_L2SP_045032_20160602_20200906_02_T1,LC80450322016154LGN01
LC08_L2SP_044032_20160611_20200906_02_T1,LC08_L1TP_044032_20160611_20200906_02_T1,LC80440322016163LGN01,2016-06-11,T1,2,44,32,44,32,NADIR,0.0,2020/09/06,2020/09/06,2016-06-11 18:44:42.58603,2016-06-11 18:45:14.356027,LGN,DAY,14.81,14.81,1029,5,4.732,3.402,3.289,LPGS_15.3.1c,65.98247452,129.68519935,FINAL,OLI_TIRS_L2SP,OLI_TIRS,8,UTM,10,WGS84,WGS84,"40°19'58.15""N","121°12'36.32""W","41°23'35.41""N","122°33'13.79""W","41°20'59.35""N","119°48'39.35""W","39°17'25.69""N","122°34'02.89""W","39°15'00.76""N","119°54'29.74""W",40.33282,-121.21009,41.39317,-122.55383,41.34982,-119.81093,39.29047,-122.56747,39.25021,-119.90826,LC08_L2SP_044032_20160611_20200906_02_T1,LC80440322016163LGN01
LC08_L2SP_045032_20160618_20200906_02_T1,LC08_L1TP_045032_20160618_20200906_02_T1,LC80450322016170LGN01,2016-06-18,T1,2,45,32,45,32,NADIR,0.0,2020/09/06,2020/09/06,2016-06-18 18:50:55.14437,2016-06-18 18:51:26.914367,LGN,DAY,7.24,7.13,1202,5,4.268,3.146,2.884,LPGS_15.3.1c,65.97865879,128.63411685,FINAL,OLI_TIRS_L2SP,OLI_TIRS,8,UTM,10,WGS84,WGS84,"40°19'58.76""N","122°44'58.09""W","41°23'08.74""N","124°07'57.50""W","41°22'46.67""N","121°21'33.19""W","39°15'42.37""N","124°05'51.65""W","39°15'21.89""N","121°24'35.46""W",40.33299,-122.74947,41.38576,-124.13264,41.37963,-121.35922,39.26177,-124.09768,39.25608,-121.40985,LC08_L2SP_045032_20160618_20200906_02_T1,LC80450322016170LGN01
LC08_L2SP_044032_20160627_20200906_02_T1,LC08_L1TP_044032_20160627_20200906_02_T1,LC80440322016179LGN02,2016-06-27,T1,2,44,32,44,32,NADIR,0.0,2020/09/06,2020/09/06,2016-06-27 18:44:49.96875,2016-06-27 18:45:21.738747,LGN,DAY,0.05,0.05,1088,5,4.534,3.154,3.257,LPGS_15.3.1c,65.59169484,128.07548252,FINAL,OLI_TIRS_L2SP,OLI_TIRS,8,UTM,10,WGS84,WGS84,"40°19'57.54""N","121°12'48.78""W","41°23'25.73""N","122°33'26.75""W","41°20'49.99""N","119°48'52.74""W","39°17'25.73""N","122°34'15.42""W","39°15'01.08""N","119°54'42.23""W",40.33265,-121.21355,41.39048,-122.55743,41.34722,-119.81465,39.29048,-122.57095,39.2503,-119.91173,LC08_L2SP_044032_20160627_20200906_02_T1,LC80440322016179LGN02
LC08_L2SP_045032_20160704_20200906_02_T1,LC08_L1TP_045032_20160704_20200906_02_T1,LC80450322016186LGN01,2016-07-04,T1,2,45,32,45,32,NADIR,0.0,2020/09/06,2020/09/06,2016-07-04 18:51:04.54397,2016-07-04 18:51:36.313967,LGN,DAY,21.18,22.39,1314,5,3.549,2.568,2.45,LPGS_15.3.1c,65.02277584,128.30539153,FINAL,OLI_TIRS_L2SP,OLI_TIRS,8,UTM,10,WGS84,WGS84,"40°19'57.86""N","122°45'43.74""W","41°23'08.20""N","124°08'49.16""W","41°22'47.42""N","121°22'24.82""W","39°15'41.90""N","124°06'41.72""W","39°15'22.57""N","121°25'25.50""W",40.33274,-122.76215,41.38561,-124.14699,41.37984,-121.37356,39.26164,-124.11159,39.25627,-121.42375,LC08_L2SP_045032_20160704_20200906_02_T1,LC80450322016186LGN01
LC08_L2SP_044032_20160713_20200906_02_T1,LC08_L1TP_044032_20160713_20200906_02_T1,LC80440322016195LGN01,2016-07-13,T1,2,44,32,44,32,NADIR,0.0,2020/09/06,2020/09/06,2016-07-13 18:44:57.657534,2016-07-13 18:45:29.427531,LGN,DAY,0.02,0.02,1120,5,4.051,2.739,2.985,LPGS_15.3.1c,63.98869616,129.43992726,FINAL,OLI_TIRS_L2SP,OLI_TIRS,8,UTM,10,WGS84,WGS84,"40°19'58.19""N","121°13'11.14""W","41°23'25.84""N","122°33'52.60""W","41°20'50.71""N","119°49'18.52""W","39°17'25.84""N","122°34'40.48""W","39°15'01.73""N","119°55'07.21""W",40.33283,-121.21976,41.39051,-122.56461,41.34742,-119.82181,39.29051,-122.57791,39.25048,-119.91867,LC08_L2SP_044032_20160713_20200906_02_T1,LC80440322016195LGN01
LC08_L2SP_045032_20160720_20200906_02_T1,LC08_L1TP_045032_20160720_20200906_02_T1,LC80450322016202LGN01,2016-07-20,T1,2,45,32,45,32,NADIR,0.0,2020/09/06,2020/09/06,2016-07-20 18:51:10.729205,2016-07-20 18:51:42.499201,LGN,DAY,0.19,1.81,1355,5,3.562,2.557,2.48,LPGS_15.3.1c,62.97054314,130.92040418,FINAL,OLI_TIRS_L2SP,OLI_TIRS,8,UTM,10,WGS84,WGS84,"40°19'57.40""N","122°45'48.67""W","41°23'08.20""N","124°08'49.16""W","41°22'47.42""N","121°22'24.82""W","39°15'41.90""N","124°06'41.72""W","39°15'22.57""N","121°25'25.50""W",40.33261,-122.76352,41.38561,-124.14699,41.37984,-121.37356,39.26164,-124.11159,39.25627,-121.42375,LC08_L2SP_045032_20160720_20200906_02_T1,LC80450322016202LGN01
LC08_L2SP_044032_20160729_20200906_02_T1,LC08_L1TP_044032_20160729_20200906_02_T1,LC80440322016211LGN01,2016-07-29,T1,2,44,32,44,32,NADIR,0.0,2020/09/06,2020/09/06,2016-07-29 18:45:01.781109,2016-07-29 18:45:33.551106,LGN,DAY,0.13,0.13,1104,5,4.133,2.839,3.004,LPGS_15.3.1c,61.40335069,133.44366022,FINAL,OLI_TIRS_L2SP,OLI_TIRS,8,UTM,10,WGS84,WGS84,"40°19'57.14""N","121°12'49""W","41°23'25.73""N","122°33'26.75""W","41°20'49.99""N","119°48'52.74""W","39°17'25.73""N","122°34'15.42""W","39°15'01.08""N","119°54'42.23""W",40.33254,-121.21361,41.39048,-122.55743,41.34722,-119.81465,39.29048,-122.57095,39.2503,-119.91173,LC08_L2SP_044032_20160729_20200906_02_T1,LC80440322016211LGN01
LC08_L2SP_045032_20160805_20200906_02_T1,LC08_L1TP_045032_20160805_20200906_02_T1,LC80450322016218LGN01,2016-08-05,T1,2,45,32,45,32,NADIR,0.0,2020/09/06,2020/09/06,2016-08-05 18:51:13.481084,2016-08-05 18:51:45.251081,LGN,DAY,0.72,2.17,1332,5,3.4,2.334,2.472,LPGS_15.3.1c,59.98872206,135.77554519,FINAL,OLI_TIRS_L2SP,OLI_TIRS,8,UTM,10,WGS84,WGS84,"40°19'57.65""N","122°45'11.70""W","41°23'08.59""N","124°08'10.43""W","41°22'46.85""N","121°21'46.08""W","39°15'42.23""N","124°06'04.18""W","39°15'22.07""N","121°24'47.95""W",40.33268,-122.75325,41.38572,-124.13623,41.37968,-121.3628,39.26173,-124.10116,39.25613,-121.41332,LC08_L2SP_045032_20160805_20200906_02_T1,LC80450322016218LGN01
LC08_L2SP_044032_20160814_20200906_02_T1,LC08_L1TP_044032_20160814_20200906_02_T1,LC80440322016227LGN02,2016-08-14,T1,2,44,32,44,32,NADIR,0.0,2020/09/06,2020/09/06,2016-08-14 18:45:04.635157,2016-08-14 18:45:36.405153,LGN,DAY,2.38,2.38,1082,5,4.748,3.07,3.621,LPGS_15.3.1c,57.93713166,139.08681128,FINAL,OLI_TIRS_L2SP,OLI_TIRS,8,UTM,10,WGS84,WGS84,"40°19'58.40""N","121°12'18.83""W","41°23'35.34""N","122°33'00.86""W","41°20'58.99""N","119°48'26.46""W","39°17'25.62""N","122°33'50.36""W","39°15'00.43""N","119°54'17.24""W",40.33289,-121.20523,41.39315,-122.55024,41.34972,-119.80735,39.29045,-122.56399,39.25012,-119.90479,LC08_L2SP_044032_20160814_20200906_02_T1,LC80440322016227LGN02
LC08_L2SP_045032_20160821_20200906_02_T1,LC08_L1TP_045032_20160821_20200906_02_T1,LC80450322016234LGN01,2016-08-21,T1,2,45,32,45,32,NADIR,0.0,2020/09/06,2020/09/06,2016-08-21 18:51:18.959156,2016-08-21 18:51:50.729153,LGN,DAY,0.16,1.48,1380,5,3.445,2.353,2.517,LPGS_15.3.1c,56.16425636,141.79586218,FINAL,OLI_TIRS_L2SP,OLI_TIRS,8,UTM,10,WGS84,WGS84,"40°19'58.22""N","122°45'27.61""W","41°23'08.34""N","124°08'36.24""W","41°22'47.03""N","121°21'59""W","39°15'42.01""N","124°06'29.20""W","39°15'22.25""N","121°25'00.48""W",40.33284,-122.75767,41.38565,-124.1434,41.37973,-121.36639,39.26167,-124.10811,39.25618,-121.4168,LC08_L2SP_045032_20160821_20200906_02_T1,LC80450322016234LGN01
LC08_L2SP_044032_20160830_20200906_02_T1,LC08_L1TP_044032_20160830_20200906_02_T1,LC80440322016243LGN01,2016-08-30,T1,2,44,32,44,32,NADIR,0.0,2020/09/06,2020/09/06,2016-08-30 18:45:11.720669,2016-08-30 18:45:43.490666,LGN,DAY,2.93,2.93,1014,5,5.225,3.215,4.119,LPGS_15.3.1c,53.67241737,145.2938418,FINAL,OLI_TIRS_L2SP,OLI_TIRS,8,UTM,10,WGS84,WGS84,"40°19'58.55""N","121°13'04.84""W","41°23'25.76""N","122°33'39.67""W","41°20'50.71""N","119°49'18.52""W","39°17'25.76""N","122°34'27.95""W","39°15'01.73""N","119°55'07.21""W",40.33293,-121.21801,41.39049,-122.56102,41.34742,-119.82181,39.29049,-122.57443,39.25048,-119.91867,LC08_L2SP_044032_20160830_20200906_02_T1,LC80440322016243LGN01
LC08_L2SP_045032_20160906_20200906_02_T1,LC08_L1TP_045032_20160906_20200906_02_T1,LC80450322016250LGN01,2016-09-06,T1,2,45,32,45,32,NADIR,0.0,2020/09/06,2020/09/06,2016-09-06 18:51:24.494471,2016-09-06 18:51:56.264468,LGN,DAY,0.43,0.42,1396,5,3.969,2.448,3.124,LPGS_15.3.1c,51.58042783,147.941351,FINAL,OLI_TIRS_L2SP,OLI_TIRS,8,UTM,10,WGS84,WGS84,"40°19'58.19""N","122°45'58.39""W","41°23'08.09""N","124°09'02.09""W","41°22'47.60""N","121°22'37.74""W","39°15'41.76""N","124°06'54.22""W","39°15'22.75""N","121°25'38.03""W",40.33283,-122.76622,41.38558,-124.15058,41.37989,-121.37715,39.2616,-124.11506,39.25632,-121.42723,LC08_L2SP_045032_20160906_20200906_02_T1,LC80450322016250LGN01
LC08_L2SP_044032_20160915_20200906_02_T1,LC08_L1TP_044032_20160915_20200906_02_T1,LC80440322016259LGN01,2016-09-15,T1,2,44,32,44,32,NADIR,0.0,2020/09/06,2020/09/06,2016-09-15 18:45:15.019664,2016-09-15 18:45:46.789661,LGN,DAY,0.01,0.01,1044,5,5.715,3.191,4.742,LPGS_15.3.1c,48.73353392,151.15693503,FINAL,OLI_TIRS_L2SP,OLI_TIRS,8,UTM,10,WGS84,WGS84,"40°19'57.40""N","121°13'09.30""W","41°23'25.84""N","122°33'52.60""W","41°20'50.71""N","119°49'18.52""W","39°17'25.84""N","122°34'40.48""W","39°15'01.73""N","119°55'07.21""W",40.33261,-121.21925,41.39051,-122.56461,41.34742,-119.82181,39.29051,-122.57791,39.25048,-119.91867,LC08_L2SP_044032_20160915_20200906_02_T1,LC80440322016259LGN01
LC08_L2SP_045032_20160922_20200906_02_T1,LC08_L1TP_045032_20160922_20200906_02_T1,LC80450322016266LGN02,2016-09-22,T1,2,45,32,45,32,NADIR,0.0,2020/09/06,2020/09/06,2016-09-22 18:51:26.001441,2016-09-22 18:51:57.771438,LGN,DAY,20.98,20.65,1044,5,4.892,2.999,3.865,LPGS_15.3.1c,46.41613137,153.45206214,FINAL,OLI_TIRS_L2SP,OLI_TIRS,8,UTM,10,WGS84,WGS84,"40°19'57.65""N","122°45'43.99""W","41°22'58.48""N","124°08'48.98""W","41°22'37.67""N","121°22'25.07""W","39°15'41.90""N","124°06'41.72""W","39°15'22.57""N","121°25'25.50""W",40.33268,-122.76222,41.38291,-124.14694,41.37713,-121.37363,39.26164,-124.11159,39.25627,-121.42375,LC08_L2SP_045032_20160922_20200906_02_T1,LC80450322016266LGN02
LC08_L2SP_044032_20161001_20200906_02_T1,LC08_L1TP_044032_20161001_20200906_02_T1,LC80440322016275LGN01,2016-10-01,T1,2,44,32,44,32,NADIR,0.0,2020/09/06,2020/09/06,2016-10-01 18:45:15.729933,2016-10-01 18:45:47.499929,LGN,DAY,0.63,0.63,988,5,6.581,3.517,5.563,LPGS_15.3.1c,43.354752,156.07316484,FINAL,OLI_TIRS_L2SP,OLI_TIRS,8,UTM,10,WGS84,WGS84,"40°19'57.36""N","121°12'50.51""W","41°23'25.73""N","122°33'26.75""W","41°20'49.99""N","119°48'52.74""W","39°17'25.73""N","122°34'15.42""W","39°15'01.08""N","119°54'42.23""W",40.3326,-121.21403,41.39048,-122.55743,41.34722,-119.81465,39.29048,-122.57095,39.2503,-119.91173,LC08_L2SP_044032_20161001_20200906_02_T1,LC80440322016275LGN01
LC08_L2SP_045032_20161008_20200905_02_T1,LC08_L1TP_045032_20161008_20200905_02_T1,LC80450322016282LGN01,2016-10-08,T1,2,45,32,45,32,NADIR,0.0,2020/09/05,2020/09/05,2016-10-08 18:51:29.583697,2016-10-08 18:52:01.353694,LGN,DAY,4.87,4.8,1331,5,5.625,2.967,4.78,LPGS_15.3.1c,40.94324605,157.82775196,FINAL,OLI_TIRS_L2SP,OLI_TIRS,8,UTM,10,WGS84,WGS84,"40°19'57.72""N","122°46'14.59""W","41°22'58.22""N","124°09'14.83""W","41°22'38.06""N","121°22'50.88""W","39°15'41.65""N","124°07'06.74""W","39°15'22.93""N","121°25'50.52""W",40.3327,-122.77072,41.38284,-124.15412,41.37724,-121.3808,39.26157,-124.11854,39.25637,-121.4307,LC08_L2SP_045032_20161008_20200905_02_T1,LC80450322016282LGN01
LC08_L2SP_044033_20161017_20200905_02_T1,LC08_L1TP_044033_20161017_20200905_02_T1,LC80440332016291LGN01,2016-10-17,T1,2,44,33,44,33,NADIR,0.0,2020/09/05,2020/09/05,2016-10-17 18:45:45.160627,2016-10-17 18:46:16.930624,LGN,DAY,32.97,32.97,415,5,7.285,4.619,5.633,LPGS_15.3.1c,39.11545296,158.87419962,FINAL,OLI_TIRS_L2SP,OLI_TIRS,8,UTM,10,WGS84,WGS84,"38°54'15.91""N","121°40'51.49""W","39°57'32.18""N","123°00'21.06""W","39°55'40.37""N","120°19'00.19""W","37°51'10.62""N","123°00'20.45""W","37°49'26.87""N","120°23'41.06""W",38.90442,-121.68097,39.95894,-123.00585,39.92788,-120.31672,37.85295,-123.00568,37.82413,-120.39474,LC08_L2SP_044033_20161017_20200905_02_T1,LC80440332016291LGN01
LC08_L2SP_044032_20161102_20200905_02_T1,LC08_L1TP_044032_20161102_20200905_02_T1,LC80440322016307LGN01,2016-11-02,T1,2,44,32,44,32,NADIR,0.0,2020/09/05,2020/09/05,2016-11-02 18:45:21.841714,2016-11-02 18:45:53.611711,LGN,DAY,14.37,14.37,654,5,8.412,4.85,6.873,LPGS_15.3.1c,32.7146973,161.88279001,FINAL,OLI_TIRS_L2SP,OLI_TIRS,8,UTM,10,WGS84,WGS84,"40°19'57.36""N","121°14'09.49""W","41°23'26.05""N","122°34'57.18""W","41°20'52.51""N","119°50'22.96""W","39°17'26.05""N","122°35'43.08""W","39°15'03.38""N","119°56'09.71""W",40.3326,-121.23597,41.39057,-122.58255,41.34792,-119.83971,39.29057,-122.5953,39.25094,-119.93603,LC08_L2SP_044032_20161102_20200905_02_T1,LC80440322016307LGN01
LC08_L2SP_045032_20161109_20200905_02_T1,LC08_L1TP_045032_20161109_20200905_02_T1,LC80450322016314LGN01,2016-11-09,T1,2,45,32,45,32,NADIR,0.0,2020/09/05,2020/09/05,2016-11-09 18:51:31.473917,2016-11-09 18:52:03.243914,LGN,DAY,2.71,2.66,1120,5,7.694,4.076,6.526,LPGS_15.3.1c,30.67653179,162.38607363,FINAL,OLI_TIRS_L2SP,OLI_TIRS,8,UTM,10,WGS84,WGS84,"40°19'57.32""N","122°46'38.32""W","41°22'57.97""N","124°09'40.64""W","41°22'38.42""N","121°23'16.69""W","39°15'41.40""N","124°07'31.76""W","39°15'23.26""N","121°26'15.54""W",40.33259,-122.77731,41.38277,-124.16129,41.37734,-121.38797,39.2615,-124.12549,39.25646,-121.43765,LC08_L2SP_045032_20161109_20200905_02_T1,LC80450322016314LGN01
LC08_L2SP_044032_20161118_20200905_02_T1,LC08_L1TP_044032_20161118_20200905_02_T1,LC80440322016323LGN01,2016-11-18,T1,2,44,32,44,32,NADIR,0.0,2020/09/05,2020/09/05,2016-11-18 18:45:21.488221,2016-11-18 18:45:53.258218,LGN,DAY,9.6,9.6,731,5,8.754,4.707,7.381,LPGS_15.3.1c,28.34700804,162.64793969,FINAL,OLI_TIRS_L2SP,OLI_TIRS,8,UTM,10,WGS84,WGS84,"40°19'57.29""N","121°14'20.44""W","41°23'26.05""N","122°34'57.18""W","41°20'52.84""N","119°50'35.84""W","39°17'16.30""N","122°35'43.15""W","39°14'53.99""N","119°56'22.63""W",40.33258,-121.23901,41.39057,-122.58255,41.34801,-119.84329,39.28786,-122.59532,39.24833,-119.93962,LC08_L2SP_044032_20161118_20200905_02_T1,LC80440322016323LGN01
LC08_L2SP_045032_20161211_20200905_02_T1,LC08_L1TP_045032_20161211_20200905_02_T1,LC80450322016346LGN02,2016-12-11,T1,2,45,32,45,32,NADIR,0.0,2020/09/05,2020/09/05,2016-12-11 18:51:29.327262,2016-12-11 18:52:01.09726,LGN,DAY,53.19,52.35,604,5,8.208,5.16,6.383,LPGS_15.3.1c,24.35788466,161.57339347,FINAL,OLI_TIRS_L2SP,OLI_TIRS,8,UTM,10,WGS84,WGS84,"40°19'57.76""N","122°46'53.51""W","41°22'57.83""N","124°09'53.57""W","41°22'38.60""N","121°23'29.62""W","39°15'41.29""N","124°07'44.29""W","39°15'23.44""N","121°26'28.07""W",40.33271,-122.78153,41.38273,-124.16488,41.37739,-121.39156,39.26147,-124.12897,39.25651,-121.44113,LC08_L2SP_045032_20161211_20200905_02_T1,LC80450322016346LGN02
LC08_L2SP_044033_20161220_20200905_02_T1,LC08_L1TP_044033_20161220_20200905_02_T1,LC80440332016355LGN01,2016-12-20,T1,2,44,33,44,33,NADIR,0.0,2020/09/05,2020/09/05,2016-12-20 18:45:39.08501,2016-12-20 18:46:10.855007,LGN,DAY,38.98,38.96,968,5,8.477,4.484,7.194,LPGS_15.3.1c,24.99342436,160.06440255,FINAL,OLI_TIRS_L2SP,OLI_TIRS,8,UTM,10,WGS84,WGS84,"38°54'15.55""N","121°40'42.17""W","39°57'32.18""N","123°00'21.06""W","39°55'40.37""N","120°19'00.19""W","37°51'10.62""N","123°00'20.45""W","37°49'26.87""N","120°23'41.06""W",38.90432,-121.67838,39.95894,-123.00585,39.92788,-120.31672,37.85295,-123.00568,37.82413,-120.39474,LC08_L2SP_044033_20161220_20200905_02_T1,LC80440332016355LGN01
LC08_L2SP_045033_20161227_20200905_02_T1,LC08_L1TP_045033_20161227_20200905_02_T1,LC80450332016362LGN01,2016-12-27,T1,2,45,33,45,33,NADIR,0.0,2020/09/05,2020/09/05,2016-12-27 18:51:49.818333,2016-12-27 18:52:21.58833,LGN,DAY,28.34,30.14,845,5,7.752,4.174,6.532,LPGS_15.3.1c,24.90540237,159.16871555,FINAL,OLI_TIRS_L2SP,OLI_TIRS,8,UTM,10,WGS84,WGS84,"38°54'16.45""N","123°13'38.96""W","39°57'12.38""N","124°35'23.28""W","39°57'31.86""N","121°52'16.86""W","37°49'35.83""N","124°32'35.05""W","37°49'53.87""N","121°54'16.31""W",38.90457,-123.22749,39.95344,-124.5898,39.95885,-121.87135,37.82662,-124.54307,37.83163,-121.90453,LC08_L2SP_045033_20161227_20200905_02_T1,LC80450332016362LGN01
LC08_L2SP_044032_20170105_20200905_02_T1,LC08_L1TP_044032_20170105_20200905_02_T1,LC80440322017005LGN01,2017-01-05,T1,2,44,32,44,32,NADIR,0.0,2020/09/05,2020/09/05,2017-01-05 18:45:12.97671,2017-01-05 18:45:44.746707,LGN,DAY,17.22,17.22,395,5,9.39,5.461,7.638,LPGS_15.3.1c,24.09543027,158.45776591,FINAL,OLI_TIRS_L2SP,OLI_TIRS,8,UTM,10,WGS84,WGS84,"40°19'57.11""N","121°14'28.14""W","41°23'26.12""N","122°35'10.10""W","41°20'52.84""N","119°50'35.84""W","39°17'26.09""N","122°35'55.61""W","39°15'03.71""N","119°56'22.20""W",40.33253,-121.24115,41.39059,-122.58614,41.34801,-119.84329,39.29058,-122.59878,39.25103,-119.9395,LC08_L2SP_044032_20170105_20200905_02_T1,LC80440322017005LGN01
LC08_L2SP_045032_20170112_20200905_02_T1,LC08_L1TP_045032_20170112_20200905_02_T1,LC80450322017012LGN01,2017-01-12,T1,2,45,32,45,32,NADIR,0.0,2020/09/05,2020/09/05,2017-01-12 18:51:22.165102,2017-01-12 18:51:53.935099,LGN,DAY,49.32,48.4,466,5,8.55,5.201,6.786,LPGS_15.3.1c,24.84477293,157.41463266,FINAL,OLI_TIRS_L2SP,OLI_TIRS,8,UTM,10,WGS84,WGS84,"40°19'57.25""N","122°47'10.28""W","41°22'57.58""N","124°10'19.38""W","41°22'38.78""N","121°23'42.54""W","39°15'41.04""N","124°08'09.31""W","39°15'23.58""N","121°26'40.56""W",40.33257,-122.78619,41.38266,-124.17205,41.37744,-121.39515,39.2614,-124.13592,39.25655,-121.4446,LC08_L2SP_045032_20170112_20200905_02_T1,LC80450322017012LGN01
LC08_L2SP_045032_20170128_20200905_02_T1,LC08_L1TP_045032_20170128_20200905_02_T1,LC80450322017028LGN01,2017-01-28,T1,2,45,32,45,32,NADIR,0.0,2020/09/05,2020/09/05,2017-01-28 18:51:16.163598,2017-01-28 18:51:47.933595,LGN,DAY,30.08,29.99,818,5,8.369,4.933,6.76,LPGS_15.3.1c,27.8198177,154.98693428,FINAL,OLI_TIRS_L2SP,OLI_TIRS,8,UTM,10,WGS84,WGS84,"40°19'57.36""N","122°46'58.80""W","41°22'57.72""N","124°10'06.49""W","41°22'38.78""N","121°23'42.54""W","39°15'41.15""N","124°07'56.82""W","39°15'23.58""N","121°26'40.56""W",40.3326,-122.783,41.3827,-124.16847,41.37744,-121.39515,39.26143,-124.13245,39.25655,-121.4446,LC08_L2SP_045032_20170128_20200905_02_T1,LC80450322017028LGN01
LC08_L2SP_044032_20170222_20200905_02_T1,LC08_L1TP_044032_20170222_20200905_02_T1,LC80440322017053LGN00,2017-02-22,T1,2,44,32,44,32,NADIR,0.0,2020/09/05,2020/09/05,2017-02-22 18:44:55.039294,2017-02-22 18:45:26.809291,LGN,DAY,23.28,23.28,489,5,8.408,5.304,6.523,LPGS_15.3.1c,35.3250867,151.48849681,FINAL,OLI_TIRS_L2SP,OLI_TIRS,8,UTM,10,WGS84,WGS84,"40°19'57.14""N","121°14'16.08""W","41°23'26.05""N","122°34'57.18""W","41°20'52.51""N","119°50'22.96""W","39°17'26.05""N","122°35'43.08""W","39°15'03.38""N","119°56'09.71""W",40.33254,-121.2378,41.39057,-122.58255,41.34792,-119.83971,39.29057,-122.5953,39.25094,-119.93603,LC08_L2SP_044032_20170222_20200905_02_T1,LC80440322017053LGN00
LC08_L2SP_045032_20170301_20200905_02_T1,LC08_L1TP_045032_20170301_20200905_02_T1,LC80450322017060LGN00,2017-03-01,T1,2,45,32,45,32,NADIR,0.0,2020/09/05,2020/09/05,2017-03-01 18:51:02.963269,2017-03-01 18:51:34.733266,LGN,DAY,2.21,2.17,1106,5,7.233,4.373,5.762,LPGS_15.3.1c,37.85967138,150.58470433,FINAL,OLI_TIRS_L2SP,OLI_TIRS,8,UTM,10,WGS84,WGS84,"40°19'57.61""N","122°47'11.29""W","41°22'57.58""N","124°10'19.38""W","41°22'38.96""N","121°23'55.43""W","39°15'41.04""N","124°08'09.31""W","39°15'23.76""N","121°26'53.09""W",40.33267,-122.78647,41.38266,-124.17205,41.37749,-121.39873,39.2614,-124.13592,39.2566,-121.44808,LC08_L2SP_045032_20170301_20200905_02_T1,LC80450322017060LGN00
LC08_L2SP_045032_20170317_20200904_02_T1,LC08_L1TP_045032_20170317_20200904_02_T1,LC80450322017076LGN00,2017-03-17,T1,2,45,32,45,32,NADIR,0.0,2020/09/04,2020/09/04,2017-03-17 18:50:53.624155,2017-03-17 18:51:25.394152,LGN,DAY,42.99,43.23,627,5,6.205,4.166,4.598,LPGS_15.3.1c,43.99666986,148.56463302,FINAL,OLI_TIRS_L2SP,OLI_TIRS,8,UTM,10,WGS84,WGS84,"40°19'57.79""N","122°47'00.38""W","41°22'57.72""N","124°10'06.49""W","41°22'38.78""N","121°23'42.54""W","39°15'41.15""N","124°07'56.82""W","39°15'23.58""N","121°26'40.56""W",40.33272,-122.78344,41.3827,-124.16847,41.37744,-121.39515,39.26143,-124.13245,39.25655,-121.4446,LC08_L2SP_045032_20170317_20200904_02_T1,LC80450322017076LGN00
LC08_L2SP_045032_20170402_20200904_02_T1,LC08_L1TP_045032_20170402_20200904_02_T1,LC80450322017092LGN00,2017-04-02,T1,2,45,32,45,32,NADIR,0.0,2020/09/04,2020/09/04,2017-04-02 18:50:45.781537,2017-04-02 18:51:17.551535,LGN,DAY,1.1,1.08,1187,5,5.27,3.395,4.032,LPGS_15.3.1c,50.18171817,146.3247296,FINAL,OLI_TIRS_L2SP,OLI_TIRS,8,UTM,10,WGS84,WGS84,"40°19'57.50""N","122°47'26.95""W","41°22'57.43""N","124°10'32.30""W","41°22'39.14""N","121°24'08.35""W","39°15'40.93""N","124°08'21.84""W","39°15'23.94""N","121°27'05.62""W",40.33264,-122.79082,41.38262,-124.17564,41.37754,-121.40232,39.26137,-124.1394,39.25665,-121.45156,LC08_L2SP_045032_20170402_20200904_02_T1,LC80450322017092LGN00
LC08_L2SP_045032_20170418_20200904_02_T1,LC08_L1TP_045032_20170418_20200904_02_T1,LC80450322017108LGN00,2017-04-18,T1,2,45,32,45,32,NADIR,0.0,2020/09/04,2020/09/04,2017-04-18 18:50:37.067943,2017-04-18 18:51:08.83794,LGN,DAY,36.79,36.2,305,5,7.461,5.361,5.188,LPGS_15.3.1c,55.88802564,143.48378282,FINAL,OLI_TIRS_L2SP,OLI_TIRS,8,UTM,10,WGS84,WGS84,"40°19'57.29""N","122°47'54.35""W","41°22'57.18""N","124°10'58.12""W","41°22'39.50""N","121°24'34.16""W","39°15'40.68""N","124°08'46.86""W","39°15'24.26""N","121°27'30.64""W",40.33258,-122.79843,41.38255,-124.18281,41.37764,-121.40949,39.2613,-124.14635,39.25674,-121.45851,LC08_L2SP_045032_20170418_20200904_02_T1,LC80450322017108LGN00
LC08_L2SP_044032_20170427_20200904_02_T1,LC08_L1TP_044032_20170427_20200904_02_T1,LC80440322017117LGN00,2017-04-27,T1,2,44,32,44,32,NADIR,0.0,2020/09/04,2020/09/04,2017-04-27 18:44:19.676785,2017-04-27 18:44:51.446782,LGN,DAY,36.85,36.85,679,5,6.768,4.661,4.908,LPGS_15.3.1c,58.71118571,141.53407996,FINAL,OLI_TIRS_L2SP,OLI_TIRS,8,UTM,10,WGS84,WGS84,"40°19'58.44""N","121°12'51.73""W","41°23'25.76""N","122°33'39.67""W","41°20'50.35""N","119°49'05.63""W","39°17'25.76""N","122°34'27.95""W","39°15'01.40""N","119°54'54.72""W",40.3329,-121.21437,41.39049,-122.56102,41.34732,-119.81823,39.29049,-122.57443,39.25039,-119.9152,LC08_L2SP_044032_20170427_20200904_02_T1,LC80440322017117LGN00
LC08_L2SP_045032_20170504_20200904_02_T1,LC08_L1TP_045032_20170504_20200904_02_T1,LC80450322017124LGN01,2017-05-04,T1,2,45,32,45,32,NADIR,0.0,2020/09/04,2020/09/04,2017-05-04 18:50:29.654444,2017-05-04 18:51:01.424441,LGN,DAY,1.89,3.2,1177,5,4.716,3.295,3.374,LPGS_15.3.1c,60.64555404,139.80677758,FINAL,OLI_TIRS_L2SP,OLI_TIRS,8,UTM,10,WGS84,WGS84,"40°19'57.65""N","122°44'28.86""W","41°23'08.99""N","124°07'31.69""W","41°22'46.31""N","121°21'07.34""W","39°15'42.59""N","124°05'26.63""W","39°15'21.56""N","121°24'10.44""W",40.33268,-122.74135,41.38583,-124.12547,41.37953,-121.35204,39.26183,-124.09073,39.25599,-121.4029,LC08_L2SP_045032_20170504_20200904_02_T1,LC80450322017124LGN01
LC08_L2SP_044032_20170513_20200904_02_T1,LC08_L1TP_044032_20170513_20200904_02_T1,LC80440322017133LGN00,2017-05-13,T1,2,44,32,44,32,NADIR,0.0,2020/09/04,2020/09/04,2017-05-13 18:44:25.861747,2017-05-13 18:44:57.631745,LGN,DAY,23.64,23.64,597,5,6.597,4.742,4.586,LPGS_15.3.1c,62.72887547,137.3529856,FINAL,OLI_TIRS_L2SP,OLI_TIRS,8,UTM,10,WGS84,WGS84,"40°19'57.68""N","121°12'32.90""W","41°23'25.69""N","122°33'13.86""W","41°20'49.63""N","119°48'39.85""W","39°17'25.69""N","122°34'02.89""W","39°15'00.76""N","119°54'29.74""W",40.33269,-121.20914,41.39047,-122.55385,41.34712,-119.81107,39.29047,-122.56747,39.25021,-119.90826,LC08_L2SP_044032_20170513_20200904_02_T1,LC80440322017133LGN00
LC08_L2SP_045032_20170520_20200904_02_T1,LC08_L1TP_045032_20170520_20200904_02_T1,LC80450322017140LGN00,2017-05-20,T1,2,45,32,45,32,NADIR,0.0,2020/09/04,2020/09/04,2017-05-20 18:50:41.535408,2017-05-20 18:51:13.305406,LGN,DAY,0.71,0.7,1302,5,4.224,2.926,3.047,LPGS_15.3.1c,64.00780672,135.33202842,FINAL,OLI_TIRS_L2SP,OLI_TIRS,8,UTM,10,WGS84,WGS84,"40°19'57.86""N","122°45'39.64""W","41°23'08.20""N","124°08'49.16""W","41°22'47.21""N","121°22'11.93""W","39°15'41.90""N","124°06'41.72""W","39°15'22.43""N","121°25'12.97""W",40.33274,-122.76101,41.38561,-124.14699,41.37978,-121.36998,39.26164,-124.11159,39.25623,-121.42027,LC08_L2SP_045032_20170520_20200904_02_T1,LC80450322017140LGN00
LC08_L2SP_044032_20170529_20200903_02_T1,LC08_L1TP_044032_20170529_20200903_02_T1,LC80440322017149LGN00,2017-05-29,T1,2,44,32,44,32,NADIR,0.0,2020/09/03,2020/09/03,2017-05-29 18:44:36.08957,2017-05-29 18:45:07.859568,LGN,DAY,10.34,10.34,986,5,4.697,3.312,3.331,LPGS_15.3.1c,65.18346274,132.76779608,FINAL,OLI_TIRS_L2SP,OLI_TIRS,8,UTM,10,WGS84,WGS84,"40°19'58.73""N","121°13'21.40""W","41°23'35.59""N","122°34'05.45""W","41°21'00.79""N","119°49'30.94""W","39°17'25.87""N","122°34'52.97""W","39°15'02.09""N","119°55'19.70""W",40.33298,-121.22261,41.39322,-122.56818,41.35022,-119.82526,39.29052,-122.58138,39.25058,-119.92214,LC08_L2SP_044032_20170529_20200903_02_T1,LC80440322017149LGN00
LC08_L2SP_045032_20170605_20200903_02_T1,LC08_L1TP_045032_20170605_20200903_02_T1,LC80450322017156LGN00,2017-06-05,T1,2,45,32,45,32,NADIR,0.0,2020/09/03,2020/09/03,2017-06-05 18:50:50.333506,2017-06-05 18:51:22.103503,LGN,DAY,1.45,2.96,1340,5,3.751,2.716,2.588,LPGS_15.3.1c,65.73856552,130.97984275,FINAL,OLI_TIRS_L2SP,OLI_TIRS,8,UTM,10,WGS84,WGS84,"40°19'58.37""N","122°46'07.14""W","41°23'07.94""N","124°09'14.98""W","41°22'47.60""N","121°22'37.74""W","39°15'41.65""N","124°07'06.74""W","39°15'22.75""N","121°25'38.03""W",40.33288,-122.76865,41.38554,-124.15416,41.37989,-121.37715,39.26157,-124.11854,39.25632,-121.42723,LC08_L2SP_045032_20170605_20200903_02_T1,LC80450322017156LGN00
LC08_L2SP_044032_20170614_20200903_02_T1,LC08_L1TP_044032_20170614_20200903_02_T1,LC80440322017165LGN00,2017-06-14,T1,2,44,32,44,32,NADIR,0.0,2020/09/03,2020/09/03,2017-06-14 18:44:43.210183,2017-06-14 18:45:14.98018,LGN,DAY,0.7,0.7,1052,5,4.594,3.33,3.165,LPGS_15.3.1c,66.00637624,129.18993805,FINAL,OLI_TIRS_L2SP,OLI_TIRS,8,UTM,10,WGS84,WGS84,"40°19'57.79""N","121°13'29.28""W","41°23'25.87""N","122°34'05.52""W","41°20'51.07""N","119°49'31.40""W","39°17'25.87""N","122°34'52.97""W","39°15'02.09""N","119°55'19.70""W",40.33272,-121.2248,41.39052,-122.5682,41.34752,-119.82539,39.29052,-122.58138,39.25058,-119.92214,LC08_L2SP_044032_20170614_20200903_02_T1,LC80440322017165LGN00
LC08_L2SP_045032_20170621_20200903_02_T1,LC08_L1TP_045032_20170621_20200903_02_T1,LC80450322017172LGN00,2017-06-21,T1,2,45,32,45,32,NADIR,0.0,2020/09/03,2020/09/03,2017-06-21 18:50:56.294192,2017-06-21 18:51:28.06419,LGN,DAY,0.32,0.32,1347,5,3.543,2.572,2.437,LPGS_15.3.1c,65.89440813,128.33722137,FINAL,OLI_TIRS_L2SP,OLI_TIRS,8,UTM,10,WGS84,WGS84,"40°19'58.15""N","122°45'59.80""W","41°23'08.09""N","124°09'02.09""W","41°22'47.60""N","121°22'37.74""W","39°15'41.76""N","124°06'54.22""W","39°15'22.75""N","121°25'38.03""W",40.33282,-122.76661,41.38558,-124.15058,41.37989,-121.37715,39.2616,-124.11506,39.25632,-121.42723,LC08_L2SP_045032_20170621_20200903_02_T1,LC80450322017172LGN00
LC08_L2SP_044032_20170630_20200903_02_T1,LC08_L1TP_044032_20170630_20200903_02_T1,LC80440322017181LGN00,2017-06-30,T1,2,44,32,44,32,NADIR,0.0,2020/09/03,2020/09/03,2017-06-30 18:44:47.677339,2017-06-30 18:45:19.447337,LGN,DAY,0.18,0.18,1067,5,4.275,3.064,2.98,LPGS_15.3.1c,65.38169345,128.06080351,FINAL,OLI_TIRS_L2SP,OLI_TIRS,8,UTM,10,WGS84,WGS84,"40°19'57.25""N","121°13'00.95""W","41°23'25.76""N","122°33'39.67""W","41°20'50.35""N","119°49'05.63""W","39°17'25.76""N","122°34'27.95""W","39°15'01.40""N","119°54'54.72""W",40.33257,-121.21693,41.39049,-122.56102,41.34732,-119.81823,39.29049,-122.57443,39.25039,-119.9152,LC08_L2SP_044032_20170630_20200903_02_T1,LC80440322017181LGN00
LC08_L2SP_045032_20170707_20200903_02_T1,LC08_L1TP_045032_20170707_20200903_02_T1,LC80450322017188LGN00,2017-07-07,T1,2,45,32,45,32,NADIR,0.0,2020/09/03,2020/09/03,2017-07-07 18:50:59.689441,2017-07-07 18:51:31.459439,LGN,DAY,0.16,0.47,1349,5,3.343,2.43,2.295,LPGS_15.3.1c,64.73005033,128.52595729,FINAL,OLI_TIRS_L2SP,OLI_TIRS,8,UTM,10,WGS84,WGS84,"40°19'57.86""N","122°45'19.37""W","41°23'08.48""N","124°08'23.32""W","41°22'47.03""N","121°21'59""W","39°15'42.12""N","124°06'16.67""W","39°15'22.25""N","121°25'00.48""W",40.33274,-122.75538,41.38569,-124.13981,41.37973,-121.36639,39.2617,-124.10463,39.25618,-121.4168,LC08_L2SP_045032_20170707_20200903_02_T1,LC80450322017188LGN00
LC08_L2SP_044032_20170716_20200903_02_T1,LC08_L1TP_044032_20170716_20200903_02_T1,LC80440322017197LGN01,2017-07-16,T1,2,44,32,44,32,NADIR,0.0,2020/09/03,2020/09/03,2017-07-16 18:44:51.321391,2017-07-16 18:45:23.091389,LGN,DAY,0.04,0.04,1070,5,4.272,2.955,3.085,LPGS_15.3.1c,63.59989425,129.93831136,FINAL,OLI_TIRS_L2SP,OLI_TIRS,8,UTM,10,WGS84,WGS84,"40°19'57.61""N","121°12'28.55""W","41°23'25.69""N","122°33'13.86""W","41°20'49.63""N","119°48'39.85""W","39°17'25.69""N","122°34'02.89""W","39°15'00.76""N","119°54'29.74""W",40.33267,-121.20793,41.39047,-122.55385,41.34712,-119.81107,39.29047,-122.56747,39.25021,-119.90826,LC08_L2SP_044032_20170716_20200903_02_T1,LC80440322017197LGN01
LC08_L2SP_045032_20170723_20201015_02_T1,LC08_L1TP_045032_20170723_20201015_02_T1,LC80450322017204LGN00,2017-07-23,T1,2,45,32,45,32,NADIR,0.0,2020/10/15,2020/10/15,2017-07-23 18:51:05.866633,2017-07-23 18:51:37.636631,LGN,DAY,12.07,13.02,1264,5,3.468,2.439,2.464,LPGS_15.3.1c,62.50815549,131.59416945,FINAL,OLI_TIRS_L2SP,OLI_TIRS,8,UTM,10,WGS84,WGS84,"40°19'57.43""N","122°45'28.84""W","41°23'08.34""N","124°08'36.24""W","41°22'47.03""N","121°21'59""W","39°15'42.01""N","124°06'29.20""W","39°15'22.25""N","121°25'00.48""W",40.33262,-122.75801,41.38565,-124.1434,41.37973,-121.36639,39.26167,-124.10811,39.25618,-121.4168,LC08_L2SP_045032_20170723_20201015_02_T1,LC80450322017204LGN00
LC08_L2SP_044032_20170801_20200903_02_T1,LC08_L1TP_044032_20170801_20200903_02_T1,LC80440322017213LGN00,2017-08-01,T1,2,44,32,44,32,NADIR,0.0,2020/09/03,2020/09/03,2017-08-01 18:44:59.137884,2017-08-01 18:45:30.907882,LGN,DAY,2.15,2.15,1008,5,4.521,2.947,3.428,LPGS_15.3.1c,60.8528714,134.29340404,FINAL,OLI_TIRS_L2SP,OLI_TIRS,8,UTM,10,WGS84,WGS84,"40°19'57.32""N","121°13'06.67""W","41°23'25.84""N","122°33'52.60""W","41°20'50.71""N","119°49'18.52""W","39°17'25.84""N","122°34'40.48""W","39°15'01.73""N","119°55'07.21""W",40.33259,-121.21852,41.39051,-122.56461,41.34742,-119.82181,39.29051,-122.57791,39.25048,-119.91867,LC08_L2SP_044032_20170801_20200903_02_T1,LC80440322017213LGN00
LC08_L2SP_045032_20170808_20200903_02_T1,LC08_L1TP_045032_20170808_20200903_02_T1,LC80450322017220LGN00,2017-08-08,T1,2,45,32,45,32,NADIR,0.0,2020/09/03,2020/09/03,2017-08-08 18:51:12.667123,2017-08-08 18:51:44.437121,LGN,DAY,1.2,2.83,1348,5,3.888,2.832,2.664,LPGS_15.3.1c,59.37720242,136.7309255,FINAL,OLI_TIRS_L2SP,OLI_TIRS,8,UTM,10,WGS84,WGS84,"40°19'58.55""N","122°45'56.88""W","41°23'08.09""N","124°09'02.09""W","41°22'47.60""N","121°22'37.74""W","39°15'41.76""N","124°06'54.22""W","39°15'22.75""N","121°25'38.03""W",40.33293,-122.7658,41.38558,-124.15058,41.37989,-121.37715,39.2616,-124.11506,39.25632,-121.42723,LC08_L2SP_045032_20170808_20200903_02_T1,LC80450322017220LGN00
LC08_L2SP_044032_20170817_20200903_02_T1,LC08_L1TP_044032_20170817_20200903_02_T1,LC80440322017229LGN00,2017-08-17,T1,2,44,32,44,32,NADIR,0.0,2020/09/03,2020/09/03,2017-08-17 18:45:04.626498,2017-08-17 18:45:36.396496,LGN,DAY,0.41,0.41,1050,5,4.979,3.127,3.875,LPGS_15.3.1c,57.24696704,140.11518006,FINAL,OLI_TIRS_L2SP,OLI_TIRS,8,UTM,10,WGS84,WGS84,"40°19'58.40""N","121°13'20.68""W","41°23'25.87""N","122°34'05.52""W","41°20'51.07""N","119°49'31.40""W","39°17'25.87""N","122°34'52.97""W","39°15'02.09""N","119°55'19.70""W",40.33289,-121.22241,41.39052,-122.5682,41.34752,-119.82539,39.29052,-122.58138,39.25058,-119.92214,LC08_L2SP_044032_20170817_20200903_02_T1,LC80440322017229LGN00
LC08_L2SP_045032_20170824_20200903_02_T1,LC08_L1TP_045032_20170824_20200903_02_T1,LC80450322017236LGN00,2017-08-24,T1,2,45,32,45,32,NADIR,0.0,2020/09/03,2020/09/03,2017-08-24 18:51:17.076559,2017-08-24 18:51:48.846557,LGN,DAY,2.81,3.39,1374,5,3.741,2.469,2.811,LPGS_15.3.1c,55.41258669,142.83603237,FINAL,OLI_TIRS_L2SP,OLI_TIRS,8,UTM,10,WGS84,WGS84,"40°19'57.83""N","122°46'02.42""W","41°23'08.09""N","124°09'02.09""W","41°22'47.60""N","121°22'37.74""W","39°15'41.76""N","124°06'54.22""W","39°15'22.75""N","121°25'38.03""W",40.33273,-122.76734,41.38558,-124.15058,41.37989,-121.37715,39.2616,-124.11506,39.25632,-121.42723,LC08_L2SP_045032_20170824_20200903_02_T1,LC80450322017236LGN00
LC08_L2SP_044032_20170902_20200903_02_T1,LC08_L1TP_044032_20170902_20200903_02_T1,LC80440322017245LGN00,2017-09-02,T1,2,44,32,44,32,NADIR,0.0,2020/09/03,2020/09/03,2017-09-02 18:45:07.486615,2017-09-02 18:45:39.256613,LGN,DAY,0.01,0.01,1071,5,5.3,3.099,4.3,LPGS_15.3.1c,52.85234126,146.31451359,FINAL,OLI_TIRS_L2SP,OLI_TIRS,8,UTM,10,WGS84,WGS84,"40°19'58.73""N","121°13'08.58""W","41°23'25.84""N","122°33'52.60""W","41°20'50.71""N","119°49'18.52""W","39°17'25.84""N","122°34'40.48""W","39°15'01.73""N","119°55'07.21""W",40.33298,-121.21905,41.39051,-122.56461,41.34742,-119.82181,39.29051,-122.57791,39.25048,-119.91867,LC08_L2SP_044032_20170902_20200903_02_T1,LC80440322017245LGN00
LC08_L2SP_045032_20170909_20200903_02_T1,LC08_L1TP_045032_20170909_20200903_02_T1,LC80450322017252LGN00,2017-09-09,T1,2,45,32,45,32,NADIR,0.0,2020/09/03,2020/09/03,2017-09-09 18:51:18.51333,2017-09-09 18:51:50.283328,LGN,DAY,2.13,2.09,1354,5,4.286,2.708,3.321,LPGS_15.3.1c,50.71742044,148.92470764,FINAL,OLI_TIRS_L2SP,OLI_TIRS,8,UTM,10,WGS84,WGS84,"40°19'57.11""N","122°45'36.79""W","41°22'58.62""N","124°08'36.06""W","41°22'37.49""N","121°22'12.14""W","39°15'42.01""N","124°06'29.20""W","39°15'22.43""N","121°25'12.97""W",40.33253,-122.76022,41.38295,-124.14335,41.37708,-121.37004,39.26167,-124.10811,39.25623,-121.42027,LC08_L2SP_045032_20170909_20200903_02_T1,LC80450322017252LGN00
LC08_L2SP_044032_20170918_20200903_02_T1,LC08_L1TP_044032_20170918_20200903_02_T1,LC80440322017261LGN00,2017-09-18,T1,2,44,32,44,32,NADIR,0.0,2020/09/03,2020/09/03,2017-09-18 18:45:09.614315,2017-09-18 18:45:41.384313,LGN,DAY,54.4,54.4,463,5,6.539,4.382,4.853,LPGS_15.3.1c,47.8209479,152.05388139,FINAL,OLI_TIRS_L2SP,OLI_TIRS,8,UTM,10,WGS84,WGS84,"40°19'57.47""N","121°13'00.23""W","41°23'25.76""N","122°33'39.67""W","41°20'50.35""N","119°49'05.63""W","39°17'25.76""N","122°34'27.95""W","39°15'01.40""N","119°54'54.72""W",40.33263,-121.21673,41.39049,-122.56102,41.34732,-119.81823,39.29049,-122.57443,39.25039,-119.9152,LC08_L2SP_044032_20170918_20200903_02_T1,LC80440322017261LGN00
LC08_L2SP_045032_20170925_20200903_02_T1,LC08_L1TP_045032_20170925_20200903_02_T1,LC80450322017268LGN00,2017-09-25,T1,2,45,32,45,32,NADIR,0.0,2020/09/03,2020/09/03,2017-09-25 18:51:23.82825,2017-09-25 18:51:55.598248,LGN,DAY,0.11,0.12,1349,5,4.886,2.745,4.042,LPGS_15.3.1c,45.47428257,154.26240967,FINAL,OLI_TIRS_L2SP,OLI_TIRS,8,UTM,10,WGS84,WGS84,"40°19'58.80""N","122°46'25.07""W","41°23'07.84""N","124°09'27.90""W","41°22'47.96""N","121°23'03.55""W","39°15'41.54""N","124°07'19.27""W","39°15'23.08""N","121°26'03.05""W",40.333,-122.77363,41.38551,-124.15775,41.37999,-121.38432,39.26154,-124.12202,39.25641,-121.43418,LC08_L2SP_045032_20170925_20200903_02_T1,LC80450322017268LGN00
LC08_L2SP_044032_20171004_20200903_02_T1,LC08_L1TP_044032_20171004_20200903_02_T1,LC80440322017277LGN00,2017-10-04,T1,2,44,32,44,32,NADIR,0.0,2020/09/03,2020/09/03,2017-10-04 18:45:16.308216,2017-10-04 18:45:48.078214,LGN,DAY,0.59,0.59,998,5,6.386,3.185,5.535,LPGS_15.3.1c,42.39793013,156.76601952,FINAL,OLI_TIRS_L2SP,OLI_TIRS,8,UTM,10,WGS84,WGS84,"40°19'57.54""N","121°14'16.58""W","41°23'26.05""N","122°34'57.18""W","41°20'52.51""N","119°50'22.96""W","39°17'26.05""N","122°35'43.08""W","39°15'03.38""N","119°56'09.71""W",40.33265,-121.23794,41.39057,-122.58255,41.34792,-119.83971,39.29057,-122.5953,39.25094,-119.93603,LC08_L2SP_044032_20171004_20200903_02_T1,LC80440322017277LGN00
LC08_L2SP_045032_20171011_20200903_02_T1,LC08_L1TP_045032_20171011_20200903_02_T1,LC80450322017284LGN00,2017-10-11,T1,2,45,32,45,32,NADIR,0.0,2020/09/03,2020/09/03,2017-10-11 18:51:28.807181,2017-10-11 18:52:00.577179,LGN,DAY,11.39,11.19,1097,5,5.985,3.339,4.967,LPGS_15.3.1c,39.98993449,158.42154992,FINAL,OLI_TIRS_L2SP,OLI_TIRS,8,UTM,10,WGS84,WGS84,"40°19'58.76""N","122°47'23.68""W","41°23'07.15""N","124°10'32.48""W","41°22'48.68""N","121°23'55.21""W","39°15'40.93""N","124°08'21.84""W","39°15'23.76""N","121°26'53.09""W",40.33299,-122.78991,41.38532,-124.17569,41.38019,-121.39867,39.26137,-124.1394,39.2566,-121.44808,LC08_L2SP_045032_20171011_20200903_02_T1,LC80450322017284LGN00
LC08_L2SP_044032_20171020_20200902_02_T1,LC08_L1TP_044032_20171020_20200902_02_T1,LC80440322017293LGN01,2017-10-20,T1,2,44,32,44,32,NADIR,0.0,2020/09/02,2020/09/02,2017-10-20 18:45:19.177636,2017-10-20 18:45:50.947634,LGN,DAY,52.52,52.52,341,5,7.348,4.672,5.672,LPGS_15.3.1c,36.94154171,160.14862555,FINAL,OLI_TIRS_L2SP,OLI_TIRS,8,UTM,10,WGS84,WGS84,"40°19'58.84""N","121°14'51.58""W","41°23'26.20""N","122°35'35.95""W","41°20'53.56""N","119°51'01.62""W","39°17'26.16""N","122°36'20.66""W","39°15'04.39""N","119°56'47.22""W",40.33301,-121.24766,41.39061,-122.59332,41.34821,-119.85045,39.2906,-122.60574,39.25122,-119.94645,LC08_L2SP_044032_20171020_20200902_02_T1,LC80440322017293LGN01
LC08_L2SP_045032_20171027_20200902_02_T1,LC08_L1TP_045032_20171027_20200902_02_T1,LC80450322017300LGN00,2017-10-27,T1,2,45,32,45,32,NADIR,0.0,2020/09/02,2020/09/02,2017-10-27 18:51:30.087757,2017-10-27 18:52:01.857755,LGN,DAY,0.13,2.04,1293,5,6.535,3.344,5.615,LPGS_15.3.1c,34.65054746,161.17303482,FINAL,OLI_TIRS_L2SP,OLI_TIRS,8,UTM,10,WGS84,WGS84,"40°19'57.14""N","122°47'40.88""W","41°22'57.32""N","124°10'45.23""W","41°22'39.32""N","121°24'21.28""W","39°15'40.79""N","124°08'34.37""W","39°15'24.08""N","121°27'18.11""W",40.33254,-122.79469,41.38259,-124.17923,41.37759,-121.40591,39.26133,-124.14288,39.25669,-121.45503,LC08_L2SP_045032_20171027_20200902_02_T1,LC80450322017300LGN00
LC08_L2SP_044033_20171105_20200902_02_T1,LC08_L1TP_044033_20171105_20200902_02_T1,LC80440332017309LGN00,2017-11-05,T1,2,44,33,44,33,NADIR,0.0,2020/09/02,2020/09/02,2017-11-05 18:45:42.184966,2017-11-05 18:46:13.954964,LGN,DAY,14.87,14.86,975,5,6.386,3.533,5.32,LPGS_15.3.1c,33.15858242,161.41870937,FINAL,OLI_TIRS_L2SP,OLI_TIRS,8,UTM,10,WGS84,WGS84,"38°54'15.48""N","121°41'35.99""W","39°57'32.18""N","123°01'11.64""W","39°55'41.52""N","120°19'50.66""W","37°51'10.62""N","123°01'09.55""W","37°49'27.95""N","120°24'30.10""W",38.9043,-121.69333,39.95894,-123.0199,39.9282,-120.33074,37.85295,-123.01932,37.82443,-120.40836,LC08_L2SP_044033_20171105_20200902_02_T1,LC80440332017309LGN00
LC08_L2SP_045033_20171112_20200902_02_T1,LC08_L1TP_045033_20171112_20200902_02_T1,LC80450332017316LGN00,2017-11-12,T1,2,45,33,45,33,NADIR,0.0,2020/09/02,2020/09/02,2017-11-12 18:51:51.350197,2017-11-12 18:52:23.120195,LGN,DAY,58.92,48.94,57,5,8.86,5.503,6.944,LPGS_15.3.1c,31.19706525,161.85627624,FINAL,OLI_TIRS_L2SP,OLI_TIRS,8,UTM,10,WGS84,WGS84,"38°54'16.49""N","123°14'01.79""W","39°57'12.06""N","124°35'48.55""W","39°57'32.11""N","121°52'42.17""W","37°49'35.51""N","124°32'59.60""W","37°49'54.12""N","121°54'40.86""W",38.90458,-123.23383,39.95335,-124.59682,39.95892,-121.87838,37.82653,-124.54989,37.8317,-121.91135,LC08_L2SP_045033_20171112_20200902_02_T1,LC80450332017316LGN00
LC08_L2SP_044032_20171121_20200902_02_T1,LC08_L1TP_044032_20171121_20200902_02_T1,LC80440322017325LGN00,2017-11-21,T1,2,44,32,44,32,NADIR,0.0,2020/09/02,2020/09/02,2017-11-21 18:45:13.512912,2017-11-21 18:45:45.28291,LGN,DAY,50.12,50.12,357,5,8.235,5.106,6.461,LPGS_15.3.1c,27.70100119,162.61595262,FINAL,OLI_TIRS_L2SP,OLI_TIRS,8,UTM,10,WGS84,WGS84,"40°19'57.90""N","121°13'53.98""W","41°23'25.98""N","122°34'31.37""W","41°20'51.79""N","119°49'57.18""W","39°17'25.94""N","122°35'18.02""W","39°15'02.74""N","119°55'44.72""W",40.33275,-121.23166,41.39055,-122.57538,41.34772,-119.83255,39.29054,-122.58834,39.25076,-119.92909,LC08_L2SP_044032_20171121_20200902_02_T1,LC80440322017325LGN00
LC08_L2SP_045032_20171128_20200902_02_T1,LC08_L1TP_045032_20171128_20200902_02_T1,LC80450322017332LGN00,2017-11-28,T1,2,45,32,45,32,NADIR,0.0,2020/09/02,2020/09/02,2017-11-28 18:51:20.941476,2017-11-28 18:51:52.711474,LGN,DAY,59.15,59.8,300,5,8.799,5.284,7.035,LPGS_15.3.1c,26.2612527,162.44338355,FINAL,OLI_TIRS_L2SP,OLI_TIRS,8,UTM,10,WGS84,WGS84,"40°19'57.58""N","122°45'57.20""W","41°22'58.37""N","124°09'01.91""W","41°22'37.85""N","121°22'37.99""W","39°15'41.76""N","124°06'54.22""W","39°15'22.75""N","121°25'38.03""W",40.33266,-122.76589,41.38288,-124.15053,41.37718,-121.37722,39.2616,-124.11506,39.25632,-121.42723,LC08_L2SP_045032_20171128_20200902_02_T1,LC80450322017332LGN00
LC08_L2SP_044032_20171207_20200902_02_T1,LC08_L1TP_044032_20171207_20200902_02_T1,LC80440322017341LGN00,2017-12-07,T1,2,44,32,44,32,NADIR,0.0,2020/09/02,2020/09/02,2017-12-07 18:45:09.814062,2017-12-07 18:45:41.58406,LGN,DAY,1.39,1.39,609,5,9.031,5.002,7.519,LPGS_15.3.1c,24.84016085,161.90973886,FINAL,OLI_TIRS_L2SP,OLI_TIRS,8,UTM,10,WGS84,WGS84,"40°19'58.84""N","121°13'33.10""W","41°23'25.91""N","122°34'18.44""W","41°20'51.43""N","119°49'44.29""W","39°17'25.91""N","122°35'05.50""W","39°15'02.41""N","119°55'32.23""W",40.33301,-121.22586,41.39053,-122.57179,41.34762,-119.82897,39.29053,-122.58486,39.25067,-119.92562,LC08_L2SP_044032_20171207_20200902_02_T1,LC80440322017341LGN00
LC08_L2SP_045032_20171214_20200902_02_T1,LC08_L1TP_045032_20171214_20200902_02_T1,LC80450322017348LGN00,2017-12-14,T1,2,45,32,45,32,NADIR,0.0,2020/09/02,2020/09/02,2017-12-14 18:51:22.161678,2017-12-14 18:51:53.931676,LGN,DAY,3.19,3.13,1059,5,8.582,4.743,7.153,LPGS_15.3.1c,24.10112546,161.28193627,FINAL,OLI_TIRS_L2SP,OLI_TIRS,8,UTM,10,WGS84,WGS84,"40°19'57.07""N","122°46'51.64""W","41°22'57.83""N","124°09'53.57""W","41°22'38.60""N","121°23'29.62""W","39°15'41.29""N","124°07'44.29""W","39°15'23.44""N","121°26'28.07""W",40.33252,-122.78101,41.38273,-124.16488,41.37739,-121.39156,39.26147,-124.12897,39.25651,-121.44113,LC08_L2SP_045032_20171214_20200902_02_T1,LC80450322017348LGN00
LC08_L2SP_044032_20171223_20200902_02_T1,LC08_L1TP_044032_20171223_20200902_02_T1,LC80440322017357LGN00,2017-12-23,T1,2,44,32,44,32,NADIR,0.0,2020/09/02,2020/09/02,2017-12-23 18:45:12.694377,2017-12-23 18:45:44.464376,LGN,DAY,58.01,58.01,462,5,8.129,4.8,6.561,LPGS_15.3.1c,23.65697583,160.25170106,FINAL,OLI_TIRS_L2SP,OLI_TIRS,8,UTM,10,WGS84,WGS84,"40°19'57.76""N","121°15'03.06""W","41°23'26.27""N","122°35'48.88""W","41°20'53.92""N","119°51'14.51""W","39°17'16.48""N","122°36'33.23""W","39°14'55""N","119°57'00.14""W",40.33271,-121.25085,41.39063,-122.59691,41.34831,-119.85403,39.28791,-122.60923,39.24861,-119.95004,LC08_L2SP_044032_20171223_20200902_02_T1,LC80440322017357LGN00
LC08_L2SP_045032_20171230_20200902_02_T1,LC08_L1TP_045032_20171230_20200902_02_T1,LC80450322017364LGN00,2017-12-30,T1,2,45,32,45,32,NADIR,0.0,2020/09/02,2020/09/02,2017-12-30 18:51:21.525383,2017-12-30 18:51:53.295381,LGN,DAY,55.34,55.92,973,5,8.288,4.65,6.86,LPGS_15.3.1c,23.72338635,159.32661234,FINAL,OLI_TIRS_L2SP,OLI_TIRS,8,UTM,10,WGS84,WGS84,"40°19'58.44""N","122°47'32.86""W","41°22'57.43""N","124°10'32.30""W","41°22'39.14""N","121°24'08.35""W","39°15'40.93""N","124°08'21.84""W","39°15'23.94""N","121°27'05.62""W",40.3329,-122.79246,41.38262,-124.17564,41.37754,-121.40232,39.26137,-124.1394,39.25665,-121.45156,LC08_L2SP_045032_20171230_20200902_02_T1,LC80450322017364LGN00
LC08_L2SP_045033_20180131_20200902_02_T1,LC08_L1TP_045033_20180131_20200902_02_T1,LC80450332018031LGN00,2018-01-31,T1,2,45,33,45,33,NADIR,0.0,2020/09/02,2020/09/02,2018-01-31 18:51:28.841461,2018-01-31 18:52:00.611459,LGN,DAY,32.21,21.63,726,5,7.912,4.664,6.392,LPGS_15.3.1c,29.6553612,153.84957539,FINAL,OLI_TIRS_L2SP,OLI_TIRS,8,UTM,10,WGS84,WGS84,"38°54'16.56""N","123°12'44.46""W","39°57'13.10""N","124°34'32.74""W","39°57'31.36""N","121°51'26.28""W","37°49'36.48""N","124°31'45.98""W","37°49'53.44""N","121°53'27.24""W",38.9046,-123.21235,39.95364,-124.57576,39.95871,-121.8573,37.8268,-124.52944,37.83151,-121.8909,LC08_L2SP_045033_20180131_20200902_02_T1,LC80450332018031LGN00
LC08_L2SP_044033_20180209_20200902_02_T1,LC08_L1TP_044033_20180209_20200902_02_T1,LC80440332018040LGN00,2018-02-09,T1,2,44,33,44,33,NADIR,0.0,2020/09/02,2020/09/02,2018-02-09 18:45:15.23705,2018-02-09 18:45:47.007048,LGN,DAY,22.83,22.82,1097,5,7.765,4.563,6.283,LPGS_15.3.1c,32.12623349,152.4849915,FINAL,OLI_TIRS_L2SP,OLI_TIRS,8,UTM,10,WGS84,WGS84,"38°54'16.34""N","121°40'15.42""W","39°57'32.18""N","122°59'43.15""W","39°55'39.79""N","120°18'34.92""W","37°51'20.38""N","122°59'43.62""W","37°49'36.05""N","120°23'16.19""W",38.90454,-121.67095,39.95894,-122.99532,39.92772,-120.3097,37.85566,-122.99545,37.82668,-120.38783,LC08_L2SP_044033_20180209_20200902_02_T1,LC80440332018040LGN00
LC08_L2SP_045032_20180216_20200902_02_T1,LC08_L1TP_045032_20180216_20200902_02_T1,LC80450322018047LGN00,2018-02-16,T1,2,45,32,45,32,NADIR,0.0,2020/09/02,2020/09/02,2018-02-16 18:50:59.772492,2018-02-16 18:51:31.54249,LGN,DAY,3.22,3.17,1198,5,7.361,4.267,5.998,LPGS_15.3.1c,33.18468227,152.28360967,FINAL,OLI_TIRS_L2SP,OLI_TIRS,8,UTM,10,WGS84,WGS84,"40°19'58.22""N","122°46'19.52""W","41°22'58.08""N","124°09'27.72""W","41°22'38.24""N","121°23'03.80""W","39°15'41.54""N","124°07'19.27""W","39°15'23.08""N","121°26'03.05""W",40.33284,-122.77209,41.3828,-124.1577,41.37729,-121.38439,39.26154,-124.12202,39.25641,-121.43418,LC08_L2SP_045032_20180216_20200902_02_T1,LC80450322018047LGN00
LC08_L2SP_044032_20180225_20200902_02_T1,LC08_L1TP_044032_20180225_20200902_02_T1,LC80440322018056LGN00,2018-02-25,T1,2,44,32,44,32,NADIR,0.0,2020/09/02,2020/09/02,2018-02-25 18:44:44.999941,2018-02-25 18:45:16.769939,LGN,DAY,54.44,54.44,620,5,8.236,4.971,6.566,LPGS_15.3.1c,36.29602237,151.09697225,FINAL,OLI_TIRS_L2SP,OLI_TIRS,8,UTM,10,WGS84,WGS84,"40°19'58.48""N","121°13'40.26""W","41°23'25.91""N","122°34'18.44""W","41°20'51.43""N","119°49'44.29""W","39°17'25.91""N","122°35'05.50""W","39°15'02.41""N","119°55'32.23""W",40.33291,-121.22785,41.39053,-122.57179,41.34762,-119.82897,39.29053,-122.58486,39.25067,-119.92562,LC08_L2SP_044032_20180225_20200902_02_T1,LC80440322018056LGN00
LC08_L2SP_045032_20180304_20200902_02_T1,LC08_L1TP_045032_20180304_20200902_02_T1,LC80450322018063LGN00,2018-03-04,T1,2,45,32,45,32,NADIR,0.0,2020/09/02,2020/09/02,2018-03-04 18:50:52.174338,2018-03-04 18:51:23.944336,LGN,DAY,52.63,51.72,168,5,8.09,5.203,6.194,LPGS_15.3.1c,38.87999889,150.20680442,FINAL,OLI_TIRS_L2SP,OLI_TIRS,8,UTM,10,WGS84,WGS84,"40°19'57.61""N","122°46'26.04""W","41°22'58.08""N","124°09'27.72""W","41°22'38.24""N","121°23'03.80""W","39°15'41.54""N","124°07'19.27""W","39°15'23.08""N","121°26'03.05""W",40.33267,-122.7739,41.3828,-124.1577,41.37729,-121.38439,39.26154,-124.12202,39.25641,-121.43418,LC08_L2SP_045032_20180304_20200902_02_T1,LC80450322018063LGN00
LC08_L2SP_044032_20180329_20200901_02_T1,LC08_L1TP_044032_20180329_20200901_02_T1,LC80440322018088LGN00,2018-03-29,T1,2,44,32,44,32,NADIR,0.0,2020/09/01,2020/09/01,2018-03-29 18:44:29.129681,2018-03-29 18:45:00.89968,LGN,DAY,13.09,13.09,668,5,7.139,4.692,5.381,LPGS_15.3.1c,48.55329806,146.92370512,FINAL,OLI_TIRS_L2SP,OLI_TIRS,8,UTM,10,WGS84,WGS84,"40°19'58.37""N","121°14'14.21""W","41°23'26.05""N","122°34'57.18""W","41°20'52.51""N","119°50'22.96""W","39°17'26.05""N","122°35'43.08""W","39°15'03.38""N","119°56'09.71""W",40.33288,-121.23728,41.39057,-122.58255,41.34792,-119.83971,39.29057,-122.5953,39.25094,-119.93603,LC08_L2SP_044032_20180329_20200901_02_T1,LC80440322018088LGN00
LC08_L2SP_044032_20180414_20201015_02_T1,LC08_L1TP_044032_20180414_20201015_02_T1,LC80440322018104LGN00,2018-04-14,T1,2,44,32,44,32,NADIR,0.0,2020/10/15,2020/10/15,2018-04-14 18:44:20.301836,2018-04-14 18:44:52.071834,LGN,DAY,10.29,10.29,770,5,6.831,4.586,5.063,LPGS_15.3.1c,54.43576003,144.2744399,FINAL,OLI_TIRS_L2SP,OLI_TIRS,8,UTM,10,WGS84,WGS84,"40°19'57.18""N","121°14'42.29""W","41°23'26.16""N","122°35'23.03""W","41°20'53.20""N","119°50'48.73""W","39°17'26.12""N","122°36'08.14""W","39°15'04.07""N","119°56'34.73""W",40.33255,-121.24508,41.3906,-122.58973,41.34811,-119.84687,39.29059,-122.60226,39.25113,-119.94298,LC08_L2SP_044032_20180414_20201015_02_T1,LC80440322018104LGN00
LC08_L2SP_045032_20180421_20200901_02_T1,LC08_L1TP_045032_20180421_20200901_02_T1,LC80450322018111LGN00,2018-04-21,T1,2,45,32,45,32,NADIR,0.0,2020/09/01,2020/09/01,2018-04-21 18:50:26.871284,2018-04-21 18:50:58.641282,LGN,DAY,0.76,0.75,1233,5,4.458,3.04,3.26,LPGS_15.3.1c,56.77005752,142.84763533,FINAL,OLI_TIRS_L2SP,OLI_TIRS,8,UTM,10,WGS84,WGS84,"40°19'58.66""N","122°47'36.96""W","41°22'57.32""N","124°10'45.23""W","41°22'39.32""N","121°24'21.28""W","39°15'40.79""N","124°08'34.37""W","39°15'24.08""N","121°27'18.11""W",40.33296,-122.7936,41.38259,-124.17923,41.37759,-121.40591,39.26133,-124.14288,39.25669,-121.45503,LC08_L2SP_045032_20180421_20200901_02_T1,LC80450322018111LGN00
LC08_L2SP_044033_20180430_20200901_02_T1,LC08_L1TP_044033_20180430_20200901_02_T1,LC80440332018120LGN00,2018-04-30,T1,2,44,33,44,33,NADIR,0.0,2020/09/01,2020/09/01,2018-04-30 18:44:35.251017,2018-04-30 18:45:07.021015,LGN,DAY,51.71,51.68,744,5,6.306,4.499,4.418,LPGS_15.3.1c,60.37968408,138.5713571,FINAL,OLI_TIRS_L2SP,OLI_TIRS,8,UTM,10,WGS84,WGS84,"38°54'15.55""N","121°42'06.48""W","39°57'32.18""N","123°01'36.95""W","39°55'42.38""N","120°20'28.57""W","37°51'10.62""N","123°01'34.10""W","37°49'28.74""N","120°25'06.89""W",38.90432,-121.7018,39.95894,-123.02693,39.92844,-120.34127,37.85295,-123.02614,37.82465,-120.41858,LC08_L2SP_044033_20180430_20200901_02_T1,LC80440332018120LGN00
LC08_L2SP_045032_20180507_20200901_02_T1,LC08_L1TP_045032_20180507_20200901_02_T1,LC80450322018127LGN00,2018-05-07,T1,2,45,32,45,32,NADIR,-0.001,2020/09/01,2020/09/01,2018-05-07 18:50:17,2018-05-07 18:50:49,LGN,DAY,0.44,0.43,1321,5,4.312,3.106,2.991,LPGS_15.3.1c,61.27554685,138.88251253,FINAL,OLI_TIRS_L2SP,OLI_TIRS,8,UTM,10,WGS84,WGS84,"40°19'58.04""N","122°48'17.28""W","41°22'56.93""N","124°11'23.96""W","41°22'39.83""N","121°24'59.98""W","39°15'40.43""N","124°09'11.92""W","39°15'24.59""N","121°27'55.66""W",40.33279,-122.8048,41.38248,-124.18999,41.37773,-121.41666,39.26123,-124.15331,39.25683,-121.46546,LC08_L2SP_045032_20180507_20200901_02_T1,LC80450322018127LGN00
LC08_L2SP_045032_20180523_20200901_02_T1,LC08_L1TP_045032_20180523_20200901_02_T1,LC80450322018143LGN00,2018-05-23,T1,2,45,32,45,32,NADIR,0.0,2020/09/01,2020/09/01,2018-05-23 18:50:06.165485,2018-05-23 18:50:37.935484,LGN,DAY,40.19,41.32,880,5,4.524,3.377,3.011,LPGS_15.3.1c,64.31510374,134.17445956,FINAL,OLI_TIRS_L2SP,OLI_TIRS,8,UTM,10,WGS84,WGS84,"40°19'58.30""N","122°48'20.74""W","41°22'56.93""N","124°11'23.96""W","41°22'39.83""N","121°24'59.98""W","39°15'40.43""N","124°09'11.92""W","39°15'24.59""N","121°27'55.66""W",40.33286,-122.80576,41.38248,-124.18999,41.37773,-121.41666,39.26123,-124.15331,39.25683,-121.46546,LC08_L2SP_045032_20180523_20200901_02_T1,LC80450322018143LGN00
LC08_L2SP_044032_20180601_20200831_02_T1,LC08_L1TP_044032_20180601_20200831_02_T1,LC80440322018152LGN00,2018-06-01,T1,2,44,32,44,32,NADIR,0.0,2020/08/31,2020/08/31,2018-06-01 18:43:48.252878,2018-06-01 18:44:20.022877,LGN,DAY,0.09,0.09,1035,5,5.086,3.647,3.545,LPGS_15.3.1c,65.3292584,131.69119791,FINAL,OLI_TIRS_L2SP,OLI_TIRS,8,UTM,10,WGS84,WGS84,"40°19'58.37""N","121°12'44.03""W","41°23'35.45""N","122°33'26.71""W","41°20'59.71""N","119°48'52.24""W","39°17'25.73""N","122°34'15.42""W","39°15'01.08""N","119°54'42.23""W",40.33288,-121.21223,41.39318,-122.55742,41.34992,-119.81451,39.29048,-122.57095,39.2503,-119.91173,LC08_L2SP_044032_20180601_20200831_02_T1,LC80440322018152LGN00
LC08_L2SP_045032_20180608_20200831_02_T1,LC08_L1TP_045032_20180608_20200831_02_T1,LC80450322018159LGN00,2018-06-08,T1,2,45,32,45,32,NADIR,0.0,2020/08/31,2020/08/31,2018-06-08 18:50:00.604403,2018-06-08 18:50:32.374402,LGN,DAY,0.17,1.22,1336,5,3.906,2.78,2.744,LPGS_15.3.1c,65.76199976,130.02857495,FINAL,OLI_TIRS_L2SP,OLI_TIRS,8,UTM,10,WGS84,WGS84,"40°19'57.47""N","122°44'45.92""W","41°23'08.84""N","124°07'44.58""W","41°22'46.49""N","121°21'20.27""W","39°15'42.48""N","124°05'39.12""W","39°15'21.74""N","121°24'22.93""W",40.33263,-122.74609,41.38579,-124.12905,41.37958,-121.35563,39.2618,-124.0942,39.25604,-121.40637,LC08_L2SP_045032_20180608_20200831_02_T1,LC80450322018159LGN00
LC08_L2SP_044033_20180617_20200831_02_T1,LC08_L1TP_044033_20180617_20200831_02_T1,LC80440332018168LGN00,2018-06-17,T1,2,44,33,44,33,NADIR,0.0,2020/08/31,2020/08/31,2018-06-17 18:44:20.130272,2018-06-17 18:44:51.90027,LGN,DAY,14.7,14.7,1000,5,5.163,3.563,3.736,LPGS_15.3.1c,66.52481273,125.28637357,FINAL,OLI_TIRS_L2SP,OLI_TIRS,8,UTM,10,WGS84,WGS84,"38°54'14.90""N","121°39'18.61""W","39°57'32.18""N","122°58'52.57""W","39°55'38.32""N","120°17'31.81""W","37°51'10.62""N","122°58'54.52""W","37°49'24.96""N","120°22'15.24""W",38.90414,-121.65517,39.95894,-122.98127,39.92731,-120.29217,37.85295,-122.98181,37.8236,-120.3709,LC08_L2SP_044033_20180617_20200831_02_T1,LC80440332018168LGN00
LC08_L2SP_045032_20180624_20200831_02_T1,LC08_L1TP_045032_20180624_20200831_02_T1,LC80450322018175LGN00,2018-06-24,T1,2,45,32,45,32,NADIR,0.0,2020/08/31,2020/08/31,2018-06-24 18:50:11.527207,2018-06-24 18:50:43.297205,LGN,DAY,0.58,2.09,1320,5,3.606,2.541,2.558,LPGS_15.3.1c,65.67033528,127.8418874,FINAL,OLI_TIRS_L2SP,OLI_TIRS,8,UTM,10,WGS84,WGS84,"40°19'57.76""N","122°45'11.20""W","41°23'08.59""N","124°08'10.43""W","41°22'46.85""N","121°21'46.08""W","39°15'42.23""N","124°06'04.18""W","39°15'22.07""N","121°24'47.95""W",40.33271,-122.75311,41.38572,-124.13623,41.37968,-121.3628,39.26173,-124.10116,39.25613,-121.41332,LC08_L2SP_045032_20180624_20200831_02_T1,LC80450322018175LGN00
LC08_L2SP_044032_20180703_20200831_02_T1,LC08_L1TP_044032_20180703_20200831_02_T1,LC80440322018184LGN00,2018-07-03,T1,2,44,32,44,32,NADIR,0.0,2020/08/31,2020/08/31,2018-07-03 18:44:05.74849,2018-07-03 18:44:37.518488,LGN,DAY,2.17,2.17,992,5,5.064,3.616,3.545,LPGS_15.3.1c,65.04753282,127.8882042,FINAL,OLI_TIRS_L2SP,OLI_TIRS,8,UTM,10,WGS84,WGS84,"40°19'57.11""N","121°12'33.52""W","41°23'25.69""N","122°33'13.86""W","41°20'49.63""N","119°48'39.85""W","39°17'25.69""N","122°34'02.89""W","39°15'00.76""N","119°54'29.74""W",40.33253,-121.20931,41.39047,-122.55385,41.34712,-119.81107,39.29047,-122.56747,39.25021,-119.90826,LC08_L2SP_044032_20180703_20200831_02_T1,LC80440322018184LGN00
LC08_L2SP_045032_20180710_20200831_02_T1,LC08_L1TP_045032_20180710_20200831_02_T1,LC80450322018191LGN00,2018-07-10,T1,2,45,32,45,32,NADIR,0.0,2020/08/31,2020/08/31,2018-07-10 18:50:19.986399,2018-07-10 18:50:51.756398,LGN,DAY,0.04,0.04,1354,5,3.598,2.565,2.522,LPGS_15.3.1c,64.31726229,128.58846228,FINAL,OLI_TIRS_L2SP,OLI_TIRS,8,UTM,10,WGS84,WGS84,"40°19'58.01""N","122°45'06.91""W","41°23'08.59""N","124°08'10.43""W","41°22'46.85""N","121°21'46.08""W","39°15'42.23""N","124°06'04.18""W","39°15'22.07""N","121°24'47.95""W",40.33278,-122.75192,41.38572,-124.13623,41.37968,-121.3628,39.26173,-124.10116,39.25613,-121.41332,LC08_L2SP_045032_20180710_20200831_02_T1,LC80450322018191LGN00
LC08_L2SP_044032_20180719_20200831_02_T1,LC08_L1TP_044032_20180719_20200831_02_T1,LC80440322018200LGN00,2018-07-19,T1,2,44,32,44,32,NADIR,0.0,2020/08/31,2020/08/31,2018-07-19 18:44:12.940813,2018-07-19 18:44:44.710811,LGN,DAY,1.26,1.26,1036,5,4.656,3.084,3.488,LPGS_15.3.1c,63.09496968,130.26804987,FINAL,OLI_TIRS_L2SP,OLI_TIRS,8,UTM,10,WGS84,WGS84,"40°19'58.37""N","121°12'12.31""W","41°23'35.30""N","122°32'47.94""W","41°20'58.63""N","119°48'13.57""W","39°17'25.58""N","122°33'37.84""W","39°15'00.07""N","119°54'04.72""W",40.33288,-121.20342,41.39314,-122.54665,41.34962,-119.80377,39.29044,-122.56051,39.25002,-119.90131,LC08_L2SP_044032_20180719_20200831_02_T1,LC80440322018200LGN00
LC08_L2SP_045032_20180726_20200831_02_T1,LC08_L1TP_045032_20180726_20200831_02_T1,LC80450322018207LGN00,2018-07-26,T1,2,45,32,45,32,NADIR,0.0,2020/08/31,2020/08/31,2018-07-26 18:50:26.205139,2018-07-26 18:50:57.975138,LGN,DAY,1.39,2.81,1338,5,4.073,2.882,2.878,LPGS_15.3.1c,61.94209021,132.10751927,FINAL,OLI_TIRS_L2SP,OLI_TIRS,8,UTM,10,WGS84,WGS84,"40°19'57.83""N","122°44'35.70""W","41°23'08.84""N","124°07'44.58""W","41°22'46.31""N","121°21'07.34""W","39°15'42.48""N","124°05'39.12""W","39°15'21.56""N","121°24'10.44""W",40.33273,-122.74325,41.38579,-124.12905,41.37953,-121.35204,39.2618,-124.0942,39.25599,-121.4029,LC08_L2SP_045032_20180726_20200831_02_T1,LC80450322018207LGN00
LC08_L2SP_044032_20180804_20200831_02_T1,LC08_L1TP_044032_20180804_20200831_02_T1,LC80440322018216LGN00,2018-08-04,T1,2,44,32,44,32,NADIR,0.0,2020/08/31,2020/08/31,2018-08-04 18:44:21.113075,2018-08-04 18:44:52.883073,LGN,DAY,0.15,0.15,1035,5,5.083,3.628,3.559,LPGS_15.3.1c,60.2122219,134.98810794,FINAL,OLI_TIRS_L2SP,OLI_TIRS,8,UTM,10,WGS84,WGS84,"40°19'57.90""N","121°12'16.85""W","41°23'25.62""N","122°33'00.94""W","41°20'49.31""N","119°48'26.96""W","39°17'25.62""N","122°33'50.36""W","39°15'00.43""N","119°54'17.24""W",40.33275,-121.20468,41.39045,-122.55026,41.34703,-119.80749,39.29045,-122.56399,39.25012,-119.90479,LC08_L2SP_044032_20180804_20200831_02_T1,LC80440322018216LGN00
LC08_L2SP_045032_20180811_20200831_02_T1,LC08_L1TP_045032_20180811_20200831_02_T1,LC80450322018223LGN00,2018-08-11,T1,2,45,32,45,32,NADIR,0.0,2020/08/31,2020/08/31,2018-08-11 18:50:35.952988,2018-08-11 18:51:07.722986,LGN,DAY,0.8,0.79,1369,5,3.76,2.636,2.682,LPGS_15.3.1c,58.67705677,137.5148211,FINAL,OLI_TIRS_L2SP,OLI_TIRS,8,UTM,10,WGS84,WGS84,"40°19'57.36""N","122°45'08.32""W","41°23'08.59""N","124°08'10.43""W","41°22'46.85""N","121°21'46.08""W","39°15'42.23""N","124°06'04.18""W","39°15'22.07""N","121°24'47.95""W",40.3326,-122.75231,41.38572,-124.13623,41.37968,-121.3628,39.26173,-124.10116,39.25613,-121.41332,LC08_L2SP_045032_20180811_20200831_02_T1,LC80450322018223LGN00
LC08_L2SP_044032_20180820_20200831_02_T1,LC08_L1TP_044032_20180820_20200831_02_T1,LC80440322018232LGN00,2018-08-20,T1,2,44,32,44,32,NADIR,0.0,2020/08/31,2020/08/31,2018-08-20 18:44:29.653762,2018-08-20 18:45:01.423761,LGN,DAY,4.33,4.33,1038,5,4.9,3.304,3.618,LPGS_15.3.1c,56.47515773,140.96575592,FINAL,OLI_TIRS_L2SP,OLI_TIRS,8,UTM,10,WGS84,WGS84,"40°19'57.36""N","121°12'36.76""W","41°23'25.69""N","122°33'13.86""W","41°20'49.63""N","119°48'39.85""W","39°17'25.69""N","122°34'02.89""W","39°15'00.76""N","119°54'29.74""W",40.3326,-121.21021,41.39047,-122.55385,41.34712,-119.81107,39.29047,-122.56747,39.25021,-119.90826,LC08_L2SP_044032_20180820_20200831_02_T1,LC80440322018232LGN00
LC08_L2SP_045032_20180827_20200831_02_T1,LC08_L1TP_045032_20180827_20200831_02_T1,LC80450322018239LGN00,2018-08-27,T1,2,45,32,45,32,NADIR,0.0,2020/08/31,2020/08/31,2018-08-27 18:50:43.515751,2018-08-27 18:51:15.28575,LGN,DAY,1.17,2.64,1343,5,4.067,2.692,3.049,LPGS_15.3.1c,54.59322785,143.7120917,FINAL,OLI_TIRS_L2SP,OLI_TIRS,8,UTM,10,WGS84,WGS84,"40°19'58.44""N","122°45'20.05""W","41°23'08.48""N","124°08'23.32""W","41°22'47.03""N","121°21'59""W","39°15'42.12""N","124°06'16.67""W","39°15'22.25""N","121°25'00.48""W",40.3329,-122.75557,41.38569,-124.13981,41.37973,-121.36639,39.2617,-124.10463,39.25618,-121.4168,LC08_L2SP_045032_20180827_20200831_02_T1,LC80450322018239LGN00
LC08_L2SP_044032_20180905_20200831_02_T1,LC08_L1TP_044032_20180905_20200831_02_T1,LC80440322018248LGN00,2018-09-05,T1,2,44,32,44,32,NADIR,0.0,2020/08/31,2020/08/31,2018-09-05 18:44:35.824079,2018-09-05 18:45:07.594077,LGN,DAY,0.05,0.05,1002,5,5.984,3.834,4.595,LPGS_15.3.1c,51.97549732,147.17355955,FINAL,OLI_TIRS_L2SP,OLI_TIRS,8,UTM,10,WGS84,WGS84,"40°19'58.69""N","121°12'34.85""W","41°23'35.41""N","122°33'13.79""W","41°20'59.35""N","119°48'39.35""W","39°17'25.69""N","122°34'02.89""W","39°15'00.76""N","119°54'29.74""W",40.33297,-121.20968,41.39317,-122.55383,41.34982,-119.81093,39.29047,-122.56747,39.25021,-119.90826,LC08_L2SP_044032_20180905_20200831_02_T1,LC80440322018248LGN00
LC08_L2SP_045033_20180912_20200830_02_T1,LC08_L1TP_045033_20180912_20200830_02_T1,LC80450332018255LGN00,2018-09-12,T1,2,45,33,45,33,NADIR,0.0,2020/08/30,2020/08/30,2018-09-12 18:51:12.526604,2018-09-12 18:51:44.296603,LGN,DAY,16.85,17.4,949,5,4.084,2.689,3.074,LPGS_15.3.1c,50.88584755,148.35367063,FINAL,OLI_TIRS_L2SP,OLI_TIRS,8,UTM,10,WGS84,WGS84,"38°54'16.52""N","123°12'03.78""W","39°57'13.61""N","124°33'54.79""W","39°57'31""N","121°50'48.37""W","37°49'36.95""N","124°31'09.19""W","37°49'53.08""N","121°52'50.41""W",38.90459,-123.20105,39.95378,-124.56522,39.95861,-121.84677,37.82693,-124.51922,37.83141,-121.88067,LC08_L2SP_045033_20180912_20200830_02_T1,LC80450332018255LGN00
LC08_L2SP_044032_20180921_20200830_02_T1,LC08_L1TP_044032_20180921_20200830_02_T1,LC80440322018264LGN00,2018-09-21,T1,2,44,32,44,32,NADIR,0.0,2020/08/30,2020/08/30,2018-09-21 18:44:40.134618,2018-09-21 18:45:11.904616,LGN,DAY,0.99,0.99,989,5,6.402,3.628,5.275,LPGS_15.3.1c,46.86546014,152.79339773,FINAL,OLI_TIRS_L2SP,OLI_TIRS,8,UTM,10,WGS84,WGS84,"40°19'58.80""N","121°12'19.80""W","41°23'35.34""N","122°33'00.86""W","41°20'58.99""N","119°48'26.46""W","39°17'25.62""N","122°33'50.36""W","39°15'00.43""N","119°54'17.24""W",40.333,-121.2055,41.39315,-122.55024,41.34972,-119.80735,39.29045,-122.56399,39.25012,-119.90479,LC08_L2SP_044032_20180921_20200830_02_T1,LC80440322018264LGN00
LC08_L2SP_045032_20180928_20200830_02_T1,LC08_L1TP_045032_20180928_20200830_02_T1,LC80450322018271LGN00,2018-09-28,T1,2,45,32,45,32,NADIR,0.0,2020/08/30,2020/08/30,2018-09-28 18:50:54.894925,2018-09-28 18:51:26.664924,LGN,DAY,25.41,26.59,1170,5,5.387,3.319,4.243,LPGS_15.3.1c,44.50480259,154.932389,FINAL,OLI_TIRS_L2SP,OLI_TIRS,8,UTM,10,WGS84,WGS84,"40°19'57.72""N","122°45'33.88""W","41°23'08.34""N","124°08'36.24""W","41°22'47.21""N","121°22'11.93""W","39°15'42.01""N","124°06'29.20""W","39°15'22.43""N","121°25'12.97""W",40.3327,-122.75941,41.38565,-124.1434,41.37978,-121.36998,39.26167,-124.10811,39.25623,-121.42027,LC08_L2SP_045032_20180928_20200830_02_T1,LC80450322018271LGN00
LC08_L2SP_044032_20181007_20200830_02_T1,LC08_L1TP_044032_20181007_20200830_02_T1,LC80440322018280LGN00,2018-10-07,T1,2,44,32,44,32,NADIR,0.0,2020/08/30,2020/08/30,2018-10-07 18:44:48.428228,2018-10-07 18:45:20.198227,LGN,DAY,0.01,0.01,943,5,7.483,3.938,6.364,LPGS_15.3.1c,41.42074792,157.32236361,FINAL,OLI_TIRS_L2SP,OLI_TIRS,8,UTM,10,WGS84,WGS84,"40°19'58.87""N","121°13'20.64""W","41°23'25.87""N","122°34'05.52""W","41°20'51.07""N","119°49'31.40""W","39°17'25.87""N","122°34'52.97""W","39°15'02.09""N","119°55'19.70""W",40.33302,-121.2224,41.39052,-122.5682,41.34752,-119.82539,39.29052,-122.58138,39.25058,-119.92214,LC08_L2SP_044032_20181007_20200830_02_T1,LC80440322018280LGN00
LC08_L2SP_045032_20181014_20200830_02_T1,LC08_L1TP_045032_20181014_20200830_02_T1,LC80450322018287LGN00,2018-10-14,T1,2,45,32,45,32,NADIR,0.0,2020/08/30,2020/08/30,2018-10-14 18:51:02.062456,2018-10-14 18:51:33.832454,LGN,DAY,0.26,1.98,1240,5,6.271,3.256,5.359,LPGS_15.3.1c,39.02078354,158.87909278,FINAL,OLI_TIRS_L2SP,OLI_TIRS,8,UTM,10,WGS84,WGS84,"40°19'57.22""N","122°46'28.09""W","41°22'58.08""N","124°09'27.72""W","41°22'38.24""N","121°23'03.80""W","39°15'41.54""N","124°07'19.27""W","39°15'23.08""N","121°26'03.05""W",40.33256,-122.77447,41.3828,-124.1577,41.37729,-121.38439,39.26154,-124.12202,39.25641,-121.43418,LC08_L2SP_045032_20181014_20200830_02_T1,LC80450322018287LGN00
LC08_L2SP_044032_20181023_20200830_02_T1,LC08_L1TP_044032_20181023_20200830_02_T1,LC80440322018296LGN00,2018-10-23,T1,2,44,32,44,32,NADIR,0.0,2020/08/30,2020/08/30,2018-10-23 18:44:54.070531,2018-10-23 18:45:25.84053,LGN,DAY,55.03,55.03,477,5,7.603,4.622,6.037,LPGS_15.3.1c,36.00755694,160.48365293,FINAL,OLI_TIRS_L2SP,OLI_TIRS,8,UTM,10,WGS84,WGS84,"40°19'57.61""N","121°13'58.08""W","41°23'26.02""N","122°34'44.26""W","41°20'52.15""N","119°50'10.07""W","39°17'26.02""N","122°35'30.55""W","39°15'03.06""N","119°55'57.22""W",40.33267,-121.2328,41.39056,-122.57896,41.34782,-119.83613,39.29056,-122.59182,39.25085,-119.93256,LC08_L2SP_044032_20181023_20200830_02_T1,LC80440322018296LGN00
LC08_L2SP_045032_20181030_20200830_02_T1,LC08_L1TP_045032_20181030_20200830_02_T1,LC80450322018303LGN00,2018-10-30,T1,2,45,32,45,32,NADIR,0.0,2020/08/30,2020/08/30,2018-10-30 18:51:06.481349,2018-10-30 18:51:38.251347,LGN,DAY,0.14,0.14,1213,5,6.995,3.604,5.996,LPGS_15.3.1c,33.76118312,161.41079279,FINAL,OLI_TIRS_L2SP,OLI_TIRS,8,UTM,10,WGS84,WGS84,"40°19'58.01""N","122°46'54.12""W","41°23'07.55""N","124°09'53.75""W","41°22'48.32""N","121°23'29.36""W","39°15'41.29""N","124°07'44.29""W","39°15'23.44""N","121°26'28.07""W",40.33278,-122.7817,41.38543,-124.16493,41.38009,-121.39149,39.26147,-124.12897,39.25651,-121.44113,LC08_L2SP_045032_20181030_20200830_02_T1,LC80450322018303LGN00
LC08_L2SP_044032_20181108_20200830_02_T1,LC08_L1TP_044032_20181108_20200830_02_T1,LC80440322018312LGN00,2018-11-08,T1,2,44,32,44,32,NADIR,0.0,2020/08/30,2020/08/30,2018-11-08 18:44:56.969228,2018-11-08 18:45:28.739226,LGN,DAY,0.15,0.15,779,5,8.027,4.26,6.804,LPGS_15.3.1c,31.07259055,162.19319736,FINAL,OLI_TIRS_L2SP,OLI_TIRS,8,UTM,10,WGS84,WGS84,"40°19'57.07""N","121°14'10.21""W","41°23'26.05""N","122°34'57.18""W","41°20'52.51""N","119°50'22.96""W","39°17'16.30""N","122°35'43.15""W","39°14'53.66""N","119°56'10.14""W",40.33252,-121.23617,41.39057,-122.58255,41.34792,-119.83971,39.28786,-122.59532,39.24824,-119.93615,LC08_L2SP_044032_20181108_20200830_02_T1,LC80440322018312LGN00
LC08_L2SP_045032_20181115_20200830_02_T1,LC08_L1TP_045032_20181115_20200830_02_T1,LC80450322018319LGN00,2018-11-15,T1,2,45,32,45,32,NADIR,0.0,2020/08/30,2020/08/30,2018-11-15 18:51:08.092005,2018-11-15 18:51:39.862003,LGN,DAY,5.27,5.18,1180,5,7.316,3.901,6.189,LPGS_15.3.1c,29.18245717,162.49277275,FINAL,OLI_TIRS_L2SP,OLI_TIRS,8,UTM,10,WGS84,WGS84,"40°19'57.68""N","122°46'51.13""W","41°22'57.83""N","124°09'53.57""W","41°22'38.60""N","121°23'29.62""W","39°15'41.29""N","124°07'44.29""W","39°15'23.44""N","121°26'28.07""W",40.33269,-122.78087,41.38273,-124.16488,41.37739,-121.39156,39.26147,-124.12897,39.25651,-121.44113,LC08_L2SP_045032_20181115_20200830_02_T1,LC80450322018319LGN00
LC08_L2SP_044032_20181124_20200830_02_T1,LC08_L1TP_044032_20181124_20200830_02_T1,LC80440322018328LGN00,2018-11-24,T1,2,44,32,44,32,NADIR,0.0,2020/08/30,2020/08/30,2018-11-24 18:44:56.894103,2018-11-24 18:45:28.664101,LGN,DAY,33.06,33.06,341,5,8.278,4.992,6.604,LPGS_15.3.1c,27.08843285,162.5120161,FINAL,OLI_TIRS_L2SP,OLI_TIRS,8,UTM,10,WGS84,WGS84,"40°19'57.43""N","121°13'50.34""W","41°23'25.98""N","122°34'31.37""W","41°20'51.79""N","119°49'57.18""W","39°17'25.94""N","122°35'18.02""W","39°15'02.74""N","119°55'44.72""W",40.33262,-121.23065,41.39055,-122.57538,41.34772,-119.83255,39.29054,-122.58834,39.25076,-119.92909,LC08_L2SP_044032_20181124_20200830_02_T1,LC80440322018328LGN00
LC08_L2SP_045032_20181201_20200830_02_T1,LC08_L1TP_045032_20181201_20200830_02_T1,LC80450322018335LGN00,2018-12-01,T1,2,45,32,45,32,NADIR,0.0,2020/08/30,2020/08/30,2018-12-01 18:51:06.720724,2018-12-01 18:51:38.490723,LGN,DAY,54.62,54.49,195,5,8.495,4.82,6.995,LPGS_15.3.1c,25.75954564,162.25826757,FINAL,OLI_TIRS_L2SP,OLI_TIRS,8,UTM,10,WGS84,WGS84,"40°19'58.26""N","122°46'14.81""W","41°22'58.22""N","124°09'14.83""W","41°22'38.06""N","121°22'50.88""W","39°15'41.65""N","124°07'06.74""W","39°15'22.93""N","121°25'50.52""W",40.33285,-122.77078,41.38284,-124.15412,41.37724,-121.3808,39.26157,-124.11854,39.25637,-121.4307,LC08_L2SP_045032_20181201_20200830_02_T1,LC80450322018335LGN00
LC08_L2SP_044032_20181210_20200830_02_T1,LC08_L1TP_044032_20181210_20200830_02_T1,LC80440322018344LGN00,2018-12-10,T1,2,44,32,44,32,NADIR,0.0,2020/08/30,2020/08/30,2018-12-10 18:44:53.870861,2018-12-10 18:45:25.640859,LGN,DAY,58.73,58.73,322,5,8.38,5.105,6.646,LPGS_15.3.1c,24.49554316,161.62778416,FINAL,OLI_TIRS_L2SP,OLI_TIRS,8,UTM,10,WGS84,WGS84,"40°19'57.25""N","121°13'00.73""W","41°23'25.76""N","122°33'39.67""W","41°20'50.35""N","119°49'05.63""W","39°17'25.76""N","122°34'27.95""W","39°15'01.40""N","119°54'54.72""W",40.33257,-121.21687,41.39049,-122.56102,41.34732,-119.81823,39.29049,-122.57443,39.25039,-119.9152,LC08_L2SP_044032_20181210_20200830_02_T1,LC80440322018344LGN00
LC08_L2SP_045033_20181217_20200830_02_T1,LC08_L1TP_045033_20181217_20200830_02_T1,LC80450332018351LGN00,2018-12-17,T1,2,45,33,45,33,NADIR,0.0,2020/08/30,2020/08/30,2018-12-17 18:51:28.122928,2018-12-17 18:51:59.892927,LGN,DAY,50.54,54.59,331,5,8.872,5.522,6.944,LPGS_15.3.1c,25.14870112,160.38739974,FINAL,OLI_TIRS_L2SP,OLI_TIRS,8,UTM,10,WGS84,WGS84,"38°54'14.94""N","123°12'27.04""W","39°57'03.53""N","124°34'19.85""W","39°57'21.53""N","121°51'13.82""W","37°49'36.62""N","124°31'33.71""W","37°49'53.29""N","121°53'14.96""W",38.90415,-123.20751,39.95098,-124.57218,39.95598,-121.85384,37.82684,-124.52603,37.83147,-121.88749,LC08_L2SP_045033_20181217_20200830_02_T1,LC80450332018351LGN00
LC08_L2SP_044032_20181226_20200830_02_T1,LC08_L1TP_044032_20181226_20200830_02_T1,LC80440322018360LGN00,2018-12-26,T1,2,44,32,44,32,NADIR,0.0,2020/08/30,2020/08/30,2018-12-26 18:44:53.721497,2018-12-26 18:45:25.491496,LGN,DAY,26.11,26.11,385,5,9.062,5.622,7.108,LPGS_15.3.1c,23.62856663,159.85968807,FINAL,OLI_TIRS_L2SP,OLI_TIRS,8,UTM,10,WGS84,WGS84,"40°19'57.86""N","121°13'07.46""W","41°23'25.84""N","122°33'52.60""W","41°20'50.71""N","119°49'18.52""W","39°17'25.84""N","122°34'40.48""W","39°15'01.73""N","119°55'07.21""W",40.33274,-121.21874,41.39051,-122.56461,41.34742,-119.82181,39.29051,-122.57791,39.25048,-119.91867,LC08_L2SP_044032_20181226_20200830_02_T1,LC80440322018360LGN00
LC08_L2SP_045032_20190102_20200829_02_T1,LC08_L1TP_045032_20190102_20200829_02_T1,LC80450322019002LGN00,2019-01-02,T1,2,45,32,45,32,NADIR,0.0,2020/08/29,2020/08/29,2019-01-02 18:51:04.120002,2019-01-02 18:51:35.890001,LGN,DAY,0.61,0.6,1002,5,8.639,4.955,7.077,LPGS_15.3.1c,23.83859404,158.90331204,FINAL,OLI_TIRS_L2SP,OLI_TIRS,8,UTM,10,WGS84,WGS84,"40°19'57.97""N","122°45'44.42""W","41°22'58.48""N","124°08'48.98""W","41°22'37.67""N","121°22'25.07""W","39°15'41.90""N","124°06'41.72""W","39°15'22.57""N","121°25'25.50""W",40.33277,-122.76234,41.38291,-124.14694,41.37713,-121.37363,39.26164,-124.11159,39.25627,-121.42375,LC08_L2SP_045032_20190102_20200829_02_T1,LC80450322019002LGN00
LC08_L2SP_044032_20190127_20200829_02_T1,LC08_L1TP_044032_20190127_20200829_02_T1,LC80440322019027LGN00,2019-01-27,T1,2,44,32,44,32,NADIR,0.0,2020/08/29,2020/08/29,2019-01-27 18:44:48.041722,2019-01-27 18:45:19.811721,LGN,DAY,9.6,9.6,473,5,9.395,5.672,7.49,LPGS_15.3.1c,27.45681629,155.16095578,FINAL,OLI_TIRS_L2SP,OLI_TIRS,8,UTM,10,WGS84,WGS84,"40°19'58.19""N","121°12'38.66""W","41°23'25.69""N","122°33'13.86""W","41°20'49.99""N","119°48'52.74""W","39°17'25.69""N","122°34'02.89""W","39°15'01.08""N","119°54'42.23""W",40.33283,-121.21074,41.39047,-122.55385,41.34722,-119.81465,39.29047,-122.56747,39.2503,-119.91173,LC08_L2SP_044032_20190127_20200829_02_T1,LC80440322019027LGN00
LC08_L2SP_045033_20190203_20200829_02_T2,LC08_L1GT_045033_20190203_20200829_02_T2,LC80450332019034LGN00,2019-02-03,T2,2,45,33,45,33,NADIR,0.0,2020/08/29,2020/08/29,2019-02-03 18:51:21.709837,2019-02-03 18:51:53.479836,LGN,DAY,41.02,32.19,-1,5,0.0,0.0,0.0,LPGS_15.3.1c,30.36108459,153.40607791,FINAL,OLI_TIRS_L2SP,OLI_TIRS,8,UTM,10,WGS84,WGS84,"38°54'15.19""N","123°12'11.74""W","39°57'13.61""N","124°33'54.79""W","39°57'31""N","121°50'48.37""W","37°49'36.95""N","124°31'09.19""W","37°49'53.08""N","121°52'50.41""W",38.90422,-123.20326,39.95378,-124.56522,39.95861,-121.84677,37.82693,-124.51922,37.83141,-121.88067,LC08_L2SP_045033_20190203_20200829_02_T2,LC80450332019034LGN00
LC08_L2SP_045032_20190219_20200829_02_T1,LC08_L1TP_045032_20190219_20200829_02_T1,LC80450322019050LGN00,2019-02-19,T1,2,45,32,45,32,NADIR,0.0,2020/08/29,2020/08/29,2019-02-19 18:50:55.452961,2019-02-19 18:51:27.222959,LGN,DAY,3.1,3.05,921,5,8.208,4.927,6.564,LPGS_15.3.1c,34.10668341,151.904427,FINAL,OLI_TIRS_L2SP,OLI_TIRS,8,UTM,10,WGS84,WGS84,"40°19'58.30""N","122°45'49""W","41°22'58.48""N","124°08'48.98""W","41°22'37.67""N","121°22'25.07""W","39°15'41.90""N","124°06'41.72""W","39°15'22.57""N","121°25'25.50""W",40.33286,-122.76361,41.38291,-124.14694,41.37713,-121.37363,39.26164,-124.11159,39.25627,-121.42375,LC08_L2SP_045032_20190219_20200829_02_T1,LC80450322019050LGN00
LC08_L2SP_044032_20190228_20200829_02_T1,LC08_L1TP_044032_20190228_20200829_02_T1,LC80440322019059LGN00,2019-02-28,T1,2,44,32,44,32,NADIR,0.0,2020/08/29,2020/08/29,2019-02-28 18:44:42.170018,2019-02-28 18:45:13.940016,LGN,DAY,34.76,34.76,246,5,8.372,5.514,6.299,LPGS_15.3.1c,37.29955152,150.74277825,FINAL,OLI_TIRS_L2SP,OLI_TIRS,8,UTM,10,WGS84,WGS84,"40°19'57.94""N","121°13'12.36""W","41°23'25.84""N","122°33'52.60""W","41°20'50.71""N","119°49'18.52""W","39°17'25.84""N","122°34'40.48""W","39°15'01.73""N","119°55'07.21""W",40.33276,-121.2201,41.39051,-122.56461,41.34742,-119.82181,39.29051,-122.57791,39.25048,-119.91867,LC08_L2SP_044032_20190228_20200829_02_T1,LC80440322019059LGN00
LC08_L2SP_044032_20190316_20200829_02_T1,LC08_L1TP_044032_20190316_20200829_02_T1,LC80440322019075LGN00,2019-03-16,T1,2,44,32,44,32,NADIR,0.0,2020/08/29,2020/08/29,2019-03-16 18:44:36.590205,2019-03-16 18:45:08.360204,LGN,DAY,0.41,0.41,538,5,7.923,4.861,6.257,LPGS_15.3.1c,43.40874587,148.7260993,FINAL,OLI_TIRS_L2SP,OLI_TIRS,8,UTM,10,WGS84,WGS84,"40°19'57.22""N","121°13'17.69""W","41°23'25.84""N","122°33'52.60""W","41°20'51.07""N","119°49'31.40""W","39°17'25.84""N","122°34'40.48""W","39°15'02.09""N","119°55'19.70""W",40.33256,-121.22158,41.39051,-122.56461,41.34752,-119.82539,39.29051,-122.57791,39.25058,-119.92214,LC08_L2SP_044032_20190316_20200829_02_T1,LC80440322019075LGN00
LC08_L2SP_045033_20190323_20200829_02_T1,LC08_L1TP_045033_20190323_20200829_02_T1,LC80450332019082LGN00,2019-03-23,T1,2,45,33,45,33,NADIR,0.0,2020/08/29,2020/08/29,2019-03-23 18:51:10.234993,2019-03-23 18:51:42.004992,LGN,DAY,30.12,20.19,343,5,7.205,5.127,5.061,LPGS_15.3.1c,47.20055556,146.53203667,FINAL,OLI_TIRS_L2SP,OLI_TIRS,8,UTM,10,WGS84,WGS84,"38°54'14.94""N","123°13'21.18""W","39°57'12.56""N","124°35'10.64""W","39°57'31.75""N","121°52'04.22""W","37°49'35.98""N","124°32'22.78""W","37°49'53.76""N","121°54'04.03""W",38.90415,-123.22255,39.95349,-124.58629,39.95882,-121.86784,37.82666,-124.53966,37.8316,-121.90112,LC08_L2SP_045033_20190323_20200829_02_T1,LC80450332019082LGN00
LC08_L2SP_044032_20190417_20200828_02_T1,LC08_L1TP_044032_20190417_20200828_02_T1,LC80440322019107LGN00,2019-04-17,T1,2,44,32,44,32,NADIR,0.0,2020/08/28,2020/08/28,2019-04-17 18:44:27.802969,2019-04-17 18:44:59.572967,LGN,DAY,1.01,1.01,717,5,6.975,4.533,5.301,LPGS_15.3.1c,55.39247499,143.77766511,FINAL,OLI_TIRS_L2SP,OLI_TIRS,8,UTM,10,WGS84,WGS84,"40°19'57.94""N","121°14'52.33""W","41°23'26.20""N","122°35'35.95""W","41°20'53.56""N","119°51'01.62""W","39°17'26.16""N","122°36'20.66""W","39°15'04.39""N","119°56'47.22""W",40.33276,-121.24787,41.39061,-122.59332,41.34821,-119.85045,39.2906,-122.60574,39.25122,-119.94645,LC08_L2SP_044032_20190417_20200828_02_T1,LC80440322019107LGN00
LC08_L2SP_045032_20190424_20200829_02_T1,LC08_L1TP_045032_20190424_20200829_02_T1,LC80450322019114LGN00,2019-04-24,T1,2,45,32,45,32,NADIR,0.0,2020/08/29,2020/08/29,2019-04-24 18:50:35.303302,2019-04-24 18:51:07.073301,LGN,DAY,1.02,1.0,1207,5,4.951,3.279,3.71,LPGS_15.3.1c,57.65396969,142.29255546,FINAL,OLI_TIRS_L2SP,OLI_TIRS,8,UTM,10,WGS84,WGS84,"40°19'57.36""N","122°47'45.64""W","41°22'57.32""N","124°10'45.23""W","41°22'39.32""N","121°24'21.28""W","39°15'40.79""N","124°08'34.37""W","39°15'24.08""N","121°27'18.11""W",40.3326,-122.79601,41.38259,-124.17923,41.37759,-121.40591,39.26133,-124.14288,39.25669,-121.45503,LC08_L2SP_045032_20190424_20200829_02_T1,LC80450322019114LGN00
LC08_L2SP_044032_20190503_20200828_02_T1,LC08_L1TP_044032_20190503_20200828_02_T1,LC80440322019123LGN00,2019-05-03,T1,2,44,32,44,32,NADIR,0.0,2020/08/28,2020/08/28,2019-05-03 18:44:27.485977,2019-05-03 18:44:59.255975,LGN,DAY,3.17,3.17,834,5,6.153,4.189,4.506,LPGS_15.3.1c,60.26395114,140.20919601,FINAL,OLI_TIRS_L2SP,OLI_TIRS,8,UTM,10,WGS84,WGS84,"40°19'57.47""N","121°12'53.96""W","41°23'25.76""N","122°33'39.67""W","41°20'50.35""N","119°49'05.63""W","39°17'25.76""N","122°34'27.95""W","39°15'01.40""N","119°54'54.72""W",40.33263,-121.21499,41.39049,-122.56102,41.34732,-119.81823,39.29049,-122.57443,39.25039,-119.9152,LC08_L2SP_044032_20190503_20200828_02_T1,LC80440322019123LGN00
LC08_L2SP_045032_20190510_20200828_02_T1,LC08_L1TP_045032_20190510_20200828_02_T1,LC80450322019130LGN00,2019-05-10,T1,2,45,32,45,32,NADIR,0.0,2020/08/28,2020/08/28,2019-05-10 18:50:43.246709,2019-05-10 18:51:15.016707,LGN,DAY,0.86,2.49,1258,5,4.718,3.218,3.45,LPGS_15.3.1c,61.98681721,138.34179232,FINAL,OLI_TIRS_L2SP,OLI_TIRS,8,UTM,10,WGS84,WGS84,"40°19'57.32""N","122°46'02.32""W","41°23'08.09""N","124°09'02.09""W","41°22'47.60""N","121°22'37.74""W","39°15'41.76""N","124°06'54.22""W","39°15'22.75""N","121°25'38.03""W",40.33259,-122.76731,41.38558,-124.15058,41.37989,-121.37715,39.2616,-124.11506,39.25632,-121.42723,LC08_L2SP_045032_20190510_20200828_02_T1,LC80450322019130LGN00
LC08_L2SP_044032_20190519_20200828_02_T1,LC08_L1TP_044032_20190519_20200828_02_T1,LC80440322019139LGN01,2019-05-19,T1,2,44,32,44,32,NADIR,0.0,2020/08/28,2020/08/28,2019-05-19 18:44:38.112234,2019-05-19 18:45:09.882232,LGN,DAY,53.64,53.64,189,5,7.106,5.117,4.931,LPGS_15.3.1c,63.77023399,135.78005553,FINAL,OLI_TIRS_L2SP,OLI_TIRS,8,UTM,10,WGS84,WGS84,"40°19'57.18""N","121°13'39.79""W","41°23'25.91""N","122°34'18.44""W","41°20'51.43""N","119°49'44.29""W","39°17'16.19""N","122°35'05.57""W","39°14'52.69""N","119°55'32.63""W",40.33255,-121.22772,41.39053,-122.57179,41.34762,-119.82897,39.28783,-122.58488,39.24797,-119.92573,LC08_L2SP_044032_20190519_20200828_02_T1,LC80440322019139LGN01
LC08_L2SP_044032_20190604_20200828_02_T1,LC08_L1TP_044032_20190604_20200828_02_T1,LC80440322019155LGN00,2019-06-04,T1,2,44,32,44,32,NADIR,0.0,2020/08/28,2020/08/28,2019-06-04 18:44:46.388329,2019-06-04 18:45:18.158327,LGN,DAY,2.95,2.95,945,5,5.428,4.029,3.638,LPGS_15.3.1c,65.65576635,131.35818373,FINAL,OLI_TIRS_L2SP,OLI_TIRS,8,UTM,10,WGS84,WGS84,"40°19'57.79""N","121°13'56.46""W","41°23'26.02""N","122°34'44.26""W","41°20'51.79""N","119°49'57.18""W","39°17'26.02""N","122°35'30.55""W","39°15'02.74""N","119°55'44.72""W",40.33272,-121.23235,41.39056,-122.57896,41.34772,-119.83255,39.29056,-122.59182,39.25076,-119.92909,LC08_L2SP_044032_20190604_20200828_02_T1,LC80440322019155LGN00
LC08_L2SP_045032_20190611_20200828_02_T1,LC08_L1TP_045032_20190611_20200828_02_T1,LC80450322019162LGN00,2019-06-11,T1,2,45,32,45,32,NADIR,0.0,2020/08/28,2020/08/28,2019-06-11 18:51:00.08756,2019-06-11 18:51:31.857559,LGN,DAY,4.44,4.7,1300,5,4.276,3.136,2.906,LPGS_15.3.1c,65.968405,129.81912431,FINAL,OLI_TIRS_L2SP,OLI_TIRS,8,UTM,10,WGS84,WGS84,"40°19'58.80""N","122°46'33.71""W","41°23'07.69""N","124°09'40.82""W","41°22'47.96""N","121°23'03.55""W","39°15'41.40""N","124°07'31.76""W","39°15'23.08""N","121°26'03.05""W",40.333,-122.77603,41.38547,-124.16134,41.37999,-121.38432,39.2615,-124.12549,39.25641,-121.43418,LC08_L2SP_045032_20190611_20200828_02_T1,LC80450322019162LGN00
LC08_L2SP_044032_20190620_20200827_02_T1,LC08_L1TP_044032_20190620_20200827_02_T1,LC80440322019171LGN00,2019-06-20,T1,2,44,32,44,32,NADIR,0.0,2020/08/27,2020/08/27,2019-06-20 18:44:52.429463,2019-06-20 18:45:24.199461,LGN,DAY,1.57,1.57,966,5,5.145,3.698,3.576,LPGS_15.3.1c,65.95006451,128.49772104,FINAL,OLI_TIRS_L2SP,OLI_TIRS,8,UTM,10,WGS84,WGS84,"40°19'58.76""N","121°13'42.85""W","41°23'25.98""N","122°34'31.37""W","41°20'51.79""N","119°49'57.18""W","39°17'25.94""N","122°35'18.02""W","39°15'02.74""N","119°55'44.72""W",40.33299,-121.22857,41.39055,-122.57538,41.34772,-119.83255,39.29054,-122.58834,39.25076,-119.92909,LC08_L2SP_044032_20190620_20200827_02_T1,LC80440322019171LGN00
LC08_L2SP_045032_20190627_20200827_02_T1,LC08_L1TP_045032_20190627_20200827_02_T1,LC80450322019178LGN00,2019-06-27,T1,2,45,32,45,32,NADIR,0.0,2020/08/27,2020/08/27,2019-06-27 18:51:05.243465,2019-06-27 18:51:37.013464,LGN,DAY,12.12,12.9,1003,5,4.846,3.551,3.297,LPGS_15.3.1c,65.63821461,128.08396539,FINAL,OLI_TIRS_L2SP,OLI_TIRS,8,UTM,10,WGS84,WGS84,"40°19'57.72""N","122°46'09.91""W","41°23'07.94""N","124°09'14.98""W","41°22'47.78""N","121°22'50.63""W","39°15'41.65""N","124°07'06.74""W","39°15'22.93""N","121°25'50.52""W",40.3327,-122.76942,41.38554,-124.15416,41.37994,-121.38073,39.26157,-124.11854,39.25637,-121.4307,LC08_L2SP_045032_20190627_20200827_02_T1,LC80450322019178LGN00
LC08_L2SP_044032_20190706_20200827_02_T1,LC08_L1TP_044032_20190706_20200827_02_T1,LC80440322019187LGN00,2019-07-06,T1,2,44,32,44,32,NADIR,0.0,2020/08/27,2020/08/27,2019-07-06 18:44:56.471596,2019-07-06 18:45:28.241594,LGN,DAY,4.48,4.48,998,5,4.666,3.342,3.256,LPGS_15.3.1c,64.89655408,128.40557005,FINAL,OLI_TIRS_L2SP,OLI_TIRS,8,UTM,10,WGS84,WGS84,"40°19'57.32""N","121°13'05.20""W","41°23'25.76""N","122°33'39.67""W","41°20'50.71""N","119°49'18.52""W","39°17'25.76""N","122°34'27.95""W","39°15'01.73""N","119°55'07.21""W",40.33259,-121.21811,41.39049,-122.56102,41.34742,-119.82181,39.29049,-122.57443,39.25048,-119.91867,LC08_L2SP_044032_20190706_20200827_02_T1,LC80440322019187LGN00
LC08_L2SP_045032_20190713_20200827_02_T1,LC08_L1TP_045032_20190713_20200827_02_T1,LC80450322019194LGN00,2019-07-13,T1,2,45,32,45,32,NADIR,0.0,2020/08/27,2020/08/27,2019-07-13 18:51:08.387889,2019-07-13 18:51:40.157888,LGN,DAY,0.23,0.25,1319,5,3.588,2.548,2.525,LPGS_15.3.1c,64.08514128,129.31854836,FINAL,OLI_TIRS_L2SP,OLI_TIRS,8,UTM,10,WGS84,WGS84,"40°19'57.68""N","122°45'19.30""W","41°23'08.48""N","124°08'23.32""W","41°22'47.03""N","121°21'59""W","39°15'42.12""N","124°06'16.67""W","39°15'22.25""N","121°25'00.48""W",40.33269,-122.75536,41.38569,-124.13981,41.37973,-121.36639,39.2617,-124.10463,39.25618,-121.4168,LC08_L2SP_045032_20190713_20200827_02_T1,LC80450322019194LGN00
LC08_L2SP_044032_20190722_20200827_02_T1,LC08_L1TP_044032_20190722_20200827_02_T1,LC80440322019203LGN00,2019-07-22,T1,2,44,32,44,32,NADIR,0.0,2020/08/27,2020/08/27,2019-07-22 18:45:00.115815,2019-07-22 18:45:31.885814,LGN,DAY,0.06,0.06,1043,5,4.775,3.289,3.462,LPGS_15.3.1c,62.76833688,131.24244769,FINAL,OLI_TIRS_L2SP,OLI_TIRS,8,UTM,10,WGS84,WGS84,"40°19'58.08""N","121°12'27.07""W","41°23'25.62""N","122°33'00.94""W","41°20'49.63""N","119°48'39.85""W","39°17'25.62""N","122°33'50.36""W","39°15'00.76""N","119°54'29.74""W",40.3328,-121.20752,41.39045,-122.55026,41.34712,-119.81107,39.29045,-122.56399,39.25021,-119.90826,LC08_L2SP_044032_20190722_20200827_02_T1,LC80440322019203LGN00
LC08_L2SP_045032_20190729_20200827_02_T1,LC08_L1TP_045032_20190729_20200827_02_T1,LC80450322019210LGN00,2019-07-29,T1,2,45,32,45,32,NADIR,0.0,2020/08/27,2020/08/27,2019-07-29 18:51:14.060604,2019-07-29 18:51:45.830603,LGN,DAY,0.38,0.38,1327,5,3.75,2.606,2.696,LPGS_15.3.1c,61.54112495,133.22455119,FINAL,OLI_TIRS_L2SP,OLI_TIRS,8,UTM,10,WGS84,WGS84,"40°19'57.32""N","122°45'16.24""W","41°22'58.73""N","124°08'23.17""W","41°22'37.31""N","121°21'59.26""W","39°15'42.12""N","124°06'16.67""W","39°15'22.25""N","121°25'00.48""W",40.33259,-122.75451,41.38298,-124.13977,41.37703,-121.36646,39.2617,-124.10463,39.25618,-121.4168,LC08_L2SP_045032_20190729_20200827_02_T1,LC80450322019210LGN00
LC08_L2SP_044032_20190807_20200827_02_T1,LC08_L1TP_044032_20190807_20200827_02_T1,LC80440322019219LGN00,2019-08-07,T1,2,44,32,44,32,NADIR,0.0,2020/08/27,2020/08/27,2019-08-07 18:45:06.71576,2019-08-07 18:45:38.485759,LGN,DAY,3.14,3.14,988,5,4.737,3.312,3.386,LPGS_15.3.1c,59.71686776,136.2323695,FINAL,OLI_TIRS_L2SP,OLI_TIRS,8,UTM,10,WGS84,WGS84,"40°19'58.48""N","121°12'42.66""W","41°23'35.45""N","122°33'26.71""W","41°20'59.71""N","119°48'52.24""W","39°17'25.73""N","122°34'15.42""W","39°15'01.08""N","119°54'42.23""W",40.33291,-121.21185,41.39318,-122.55742,41.34992,-119.81451,39.29048,-122.57095,39.2503,-119.91173,LC08_L2SP_044032_20190807_20200827_02_T1,LC80440322019219LGN00
LC08_L2SP_045032_20190814_20200827_02_T1,LC08_L1TP_045032_20190814_20200827_02_T1,LC80450322019226LGN00,2019-08-14,T1,2,45,32,45,32,NADIR,0.0,2020/08/27,2020/08/27,2019-08-14 18:51:19.809237,2019-08-14 18:51:51.579235,LGN,DAY,0.06,0.06,1338,5,3.813,2.52,2.861,LPGS_15.3.1c,58.11520315,138.82456127,FINAL,OLI_TIRS_L2SP,OLI_TIRS,8,UTM,10,WGS84,WGS84,"40°19'58.04""N","122°45'23.44""W","41°23'08.48""N","124°08'23.32""W","41°22'47.03""N","121°21'59""W","39°15'42.12""N","124°06'16.67""W","39°15'22.25""N","121°25'00.48""W",40.33279,-122.75651,41.38569,-124.13981,41.37973,-121.36639,39.2617,-124.10463,39.25618,-121.4168,LC08_L2SP_045032_20190814_20200827_02_T1,LC80450322019226LGN00
LC08_L2SP_044032_20190823_20200826_02_T1,LC08_L1TP_044032_20190823_20200826_02_T1,LC80440322019235LGN00,2019-08-23,T1,2,44,32,44,32,NADIR,0.0,2020/08/26,2020/08/26,2019-08-23 18:45:11.346291,2019-08-23 18:45:43.11629,LGN,DAY,0.01,0.01,1055,5,5.135,3.139,4.064,LPGS_15.3.1c,55.83096691,142.30461901,FINAL,OLI_TIRS_L2SP,OLI_TIRS,8,UTM,10,WGS84,WGS84,"40°19'57.94""N","121°12'41.15""W","41°23'25.73""N","122°33'26.75""W","41°20'49.99""N","119°48'52.74""W","39°17'25.73""N","122°34'15.42""W","39°15'01.08""N","119°54'42.23""W",40.33276,-121.21143,41.39048,-122.55743,41.34722,-119.81465,39.29048,-122.57095,39.2503,-119.91173,LC08_L2SP_044032_20190823_20200826_02_T1,LC80440322019235LGN00
LC08_L2SP_045032_20190830_20200826_02_T1,LC08_L1TP_045032_20190830_20200826_02_T1,LC80450322019242LGN00,2019-08-30,T1,2,45,32,45,32,NADIR,0.0,2020/08/26,2020/08/26,2019-08-30 18:51:23.605644,2019-08-30 18:51:55.375642,LGN,DAY,0.08,0.26,1341,5,4.093,2.657,3.113,LPGS_15.3.1c,53.88473416,145.02998506,FINAL,OLI_TIRS_L2SP,OLI_TIRS,8,UTM,10,WGS84,WGS84,"40°19'58.76""N","122°45'14.40""W","41°23'08.48""N","124°08'23.32""W","41°22'46.85""N","121°21'46.08""W","39°15'42.12""N","124°06'16.67""W","39°15'22.07""N","121°24'47.95""W",40.33299,-122.754,41.38569,-124.13981,41.37968,-121.3628,39.2617,-124.10463,39.25613,-121.41332,LC08_L2SP_045032_20190830_20200826_02_T1,LC80450322019242LGN00
LC08_L2SP_044032_20190908_20200826_02_T1,LC08_L1TP_044032_20190908_20200826_02_T1,LC80440322019251LGN00,2019-09-08,T1,2,44,32,44,32,NADIR,0.0,2020/08/26,2020/08/26,2019-09-08 18:45:14.990397,2019-09-08 18:45:46.760396,LGN,DAY,1.48,1.48,1027,5,5.59,3.285,4.523,LPGS_15.3.1c,51.19401995,148.42830866,FINAL,OLI_TIRS_L2SP,OLI_TIRS,8,UTM,10,WGS84,WGS84,"40°19'58.15""N","121°12'37.37""W","41°23'25.69""N","122°33'13.86""W","41°20'49.63""N","119°48'39.85""W","39°17'25.69""N","122°34'02.89""W","39°15'00.76""N","119°54'29.74""W",40.33282,-121.21038,41.39047,-122.55385,41.34712,-119.81107,39.29047,-122.56747,39.25021,-119.90826,LC08_L2SP_044032_20190908_20200826_02_T1,LC80440322019251LGN00
LC08_L2SP_045032_20190915_20200826_02_T1,LC08_L1TP_045032_20190915_20200826_02_T1,LC80450322019258LGN00,2019-09-15,T1,2,45,32,45,32,NADIR,0.0,2020/08/26,2020/08/26,2019-09-15 18:51:28.57171,2019-09-15 18:52:00.341709,LGN,DAY,0.22,0.94,1324,5,4.574,2.971,3.478,LPGS_15.3.1c,48.9739064,150.92983701,FINAL,OLI_TIRS_L2SP,OLI_TIRS,8,UTM,10,WGS84,WGS84,"40°19'58.33""N","122°45'38.74""W","41°23'08.20""N","124°08'49.16""W","41°22'47.21""N","121°22'11.93""W","39°15'41.90""N","124°06'41.72""W","39°15'22.43""N","121°25'12.97""W",40.33287,-122.76076,41.38561,-124.14699,41.37978,-121.36998,39.26164,-124.11159,39.25623,-121.42027,LC08_L2SP_045032_20190915_20200826_02_T1,LC80450322019258LGN00
LC08_L2SP_044032_20190924_20200826_02_T1,LC08_L1TP_044032_20190924_20200826_02_T1,LC80440322019267LGN00,2019-09-24,T1,2,44,32,44,32,NADIR,0.0,2020/08/26,2020/08/26,2019-09-24 18:45:20.660167,2019-09-24 18:45:52.430166,LGN,DAY,0.0,0.0,1008,5,6.69,3.481,5.713,LPGS_15.3.1c,45.99491244,153.86703064,FINAL,OLI_TIRS_L2SP,OLI_TIRS,8,UTM,10,WGS84,WGS84,"40°19'57.97""N","121°13'20.53""W","41°23'25.87""N","122°34'05.52""W","41°20'51.07""N","119°49'31.40""W","39°17'25.87""N","122°34'52.97""W","39°15'02.09""N","119°55'19.70""W",40.33277,-121.22237,41.39052,-122.5682,41.34752,-119.82539,39.29052,-122.58138,39.25058,-119.92214,LC08_L2SP_044032_20190924_20200826_02_T1,LC80440322019267LGN00
LC08_L2SP_045032_20191001_20200825_02_T1,LC08_L1TP_045032_20191001_20200825_02_T1,LC80450322019274LGN00,2019-10-01,T1,2,45,32,45,32,NADIR,0.0,2020/08/25,2020/08/25,2019-10-01 18:51:33.284619,2019-10-01 18:52:05.054617,LGN,DAY,0.57,0.56,1281,5,5.533,3.304,4.438,LPGS_15.3.1c,43.60812146,155.89772057,FINAL,OLI_TIRS_L2SP,OLI_TIRS,8,UTM,10,WGS84,WGS84,"40°19'57.22""N","122°46'17.76""W","41°22'58.08""N","124°09'27.72""W","41°22'38.06""N","121°22'50.88""W","39°15'41.54""N","124°07'19.27""W","39°15'22.93""N","121°25'50.52""W",40.33256,-122.7716,41.3828,-124.1577,41.37724,-121.3808,39.26154,-124.12202,39.25637,-121.4307,LC08_L2SP_045032_20191001_20200825_02_T1,LC80450322019274LGN00
LC08_L2SP_044032_20191010_20200825_02_T1,LC08_L1TP_044032_20191010_20200825_02_T1,LC80440322019283LGN00,2019-10-10,T1,2,44,32,44,32,NADIR,0.0,2020/08/25,2020/08/25,2019-10-10 18:45:24.043682,2019-10-10 18:45:55.813681,LGN,DAY,0.0,0.0,976,5,7.218,3.915,6.064,LPGS_15.3.1c,40.51408169,158.14388364,FINAL,OLI_TIRS_L2SP,OLI_TIRS,8,UTM,10,WGS84,WGS84,"40°19'57.18""N","121°13'45.01""W","41°23'25.98""N","122°34'31.37""W","41°20'51.79""N","119°49'57.18""W","39°17'25.94""N","122°35'18.02""W","39°15'02.74""N","119°55'44.72""W",40.33255,-121.22917,41.39055,-122.57538,41.34772,-119.83255,39.29054,-122.58834,39.25076,-119.92909,LC08_L2SP_044032_20191010_20200825_02_T1,LC80440322019283LGN00
LC08_L2SP_045032_20191017_20200825_02_T1,LC08_L1TP_045032_20191017_20200825_02_T1,LC80450322019290LGN00,2019-10-17,T1,2,45,32,45,32,NADIR,0.0,2020/08/25,2020/08/25,2019-10-17 18:51:35.545851,2019-10-17 18:52:07.31585,LGN,DAY,50.24,50.01,569,5,6.737,4.164,5.296,LPGS_15.3.1c,38.12488294,159.58880325,FINAL,OLI_TIRS_L2SP,OLI_TIRS,8,UTM,10,WGS84,WGS84,"40°19'58.76""N","122°46'32.88""W","41°23'07.69""N","124°09'40.82""W","41°22'47.96""N","121°23'03.55""W","39°15'41.40""N","124°07'31.76""W","39°15'23.08""N","121°26'03.05""W",40.33299,-122.7758,41.38547,-124.16134,41.37999,-121.38432,39.2615,-124.12549,39.25641,-121.43418,LC08_L2SP_045032_20191017_20200825_02_T1,LC80450322019290LGN00
LC08_L2SP_044032_20191026_20200825_02_T1,LC08_L1TP_044032_20191026_20200825_02_T1,LC80440322019299LGN00,2019-10-26,T1,2,44,32,44,32,NADIR,0.0,2020/08/25,2020/08/25,2019-10-26 18:45:24.857038,2019-10-26 18:45:56.627037,LGN,DAY,0.1,0.1,863,5,7.529,3.714,6.549,LPGS_15.3.1c,35.14409648,161.0357677,FINAL,OLI_TIRS_L2SP,OLI_TIRS,8,UTM,10,WGS84,WGS84,"40°19'58.44""N","121°13'45.62""W","41°23'25.98""N","122°34'31.37""W","41°20'51.79""N","119°49'57.18""W","39°17'25.94""N","122°35'18.02""W","39°15'02.74""N","119°55'44.72""W",40.3329,-121.22934,41.39055,-122.57538,41.34772,-119.83255,39.29054,-122.58834,39.25076,-119.92909,LC08_L2SP_044032_20191026_20200825_02_T1,LC80440322019299LGN00
LC08_L2SP_045032_20191102_20200825_02_T1,LC08_L1TP_045032_20191102_20200825_02_T1,LC80450322019306LGN00,2019-11-02,T1,2,45,32,45,32,NADIR,0.0,2020/08/25,2020/08/25,2019-11-02 18:51:35.114427,2019-11-02 18:52:06.884426,LGN,DAY,0.07,0.07,1236,5,6.925,3.929,5.702,LPGS_15.3.1c,32.93950359,161.83935486,FINAL,OLI_TIRS_L2SP,OLI_TIRS,8,UTM,10,WGS84,WGS84,"40°19'58.76""N","122°46'25.36""W","41°23'07.84""N","124°09'27.90""W","41°22'47.96""N","121°23'03.55""W","39°15'41.54""N","124°07'19.27""W","39°15'23.08""N","121°26'03.05""W",40.33299,-122.77371,41.38551,-124.15775,41.37999,-121.38432,39.26154,-124.12202,39.25641,-121.43418,LC08_L2SP_045032_20191102_20200825_02_T1,LC80450322019306LGN00
LC08_L2SP_044032_20191111_20200825_02_T1,LC08_L1TP_044032_20191111_20200825_02_T1,LC80440322019315LGN00,2019-11-11,T1,2,44,32,44,32,NADIR,0.0,2020/08/25,2020/08/25,2019-11-11 18:45:22.782312,2019-11-11 18:45:54.552311,LGN,DAY,17.28,17.28,748,5,7.9,4.317,6.616,LPGS_15.3.1c,30.33346251,162.4768721,FINAL,OLI_TIRS_L2SP,OLI_TIRS,8,UTM,10,WGS84,WGS84,"40°19'58.48""N","121°13'18.37""W","41°23'25.84""N","122°33'52.60""W","41°20'51.07""N","119°49'31.40""W","39°17'25.84""N","122°34'40.48""W","39°15'02.09""N","119°55'19.70""W",40.33291,-121.22177,41.39051,-122.56461,41.34752,-119.82539,39.29051,-122.57791,39.25058,-119.92214,LC08_L2SP_044032_20191111_20200825_02_T1,LC80440322019315LGN00
LC08_L2SP_045032_20191118_20200825_02_T1,LC08_L1TP_045032_20191118_20200825_02_T1,LC80450322019322LGN00,2019-11-18,T1,2,45,32,45,32,NADIR,0.0,2020/08/25,2020/08/25,2019-11-18 18:51:31.765306,2019-11-18 18:52:03.535305,LGN,DAY,5.67,5.58,1156,5,7.471,4.096,6.248,LPGS_15.3.1c,28.52681242,162.66864882,FINAL,OLI_TIRS_L2SP,OLI_TIRS,8,UTM,10,WGS84,WGS84,"40°19'57.79""N","122°45'45.65""W","41°22'58.48""N","124°08'48.98""W","41°22'37.67""N","121°22'25.07""W","39°15'41.90""N","124°06'41.72""W","39°15'22.57""N","121°25'25.50""W",40.33272,-122.76268,41.38291,-124.14694,41.37713,-121.37363,39.26164,-124.11159,39.25627,-121.42375,LC08_L2SP_045032_20191118_20200825_02_T1,LC80450322019322LGN00
LC08_L2SP_045033_20200105_20200823_02_T1,LC08_L1TP_045033_20200105_20200823_02_T1,LC80450332020005LGN00,2020-01-05,T1,2,45,33,45,33,NADIR,0.0,2020/08/23,2020/08/23,2020-01-05 18:51:47.996387,2020-01-05 18:52:19.766386,LGN,DAY,58.63,58.02,338,5,8.178,4.767,6.645,LPGS_15.3.1c,25.27199826,158.01217663,FINAL,OLI_TIRS_L2SP,OLI_TIRS,8,UTM,10,WGS84,WGS84,"38°54'16.24""N","123°12'24.16""W","39°57'13.43""N","124°34'07.43""W","39°57'31.10""N","121°51'01.01""W","37°49'36.80""N","124°31'21.47""W","37°49'53.18""N","121°53'02.69""W",38.90451,-123.20671,39.95373,-124.56873,39.95864,-121.85028,37.82689,-124.52263,37.83144,-121.88408,LC08_L2SP_045033_20200105_20200823_02_T1,LC80450332020005LGN00
LC08_L2SP_044032_20200114_20200823_02_T1,LC08_L1TP_044032_20200114_20200823_02_T1,LC80440322020014LGN00,2020-01-14,T1,2,44,32,44,32,NADIR,0.0,2020/08/23,2020/08/23,2020-01-14 18:45:11.698229,2020-01-14 18:45:43.468228,LGN,DAY,58.95,58.95,218,5,8.976,6.057,6.625,LPGS_15.3.1c,25.0235832,157.24809667,FINAL,OLI_TIRS_L2SP,OLI_TIRS,8,UTM,10,WGS84,WGS84,"40°19'57.04""N","121°13'06.82""W","41°23'25.76""N","122°33'39.67""W","41°20'50.71""N","119°49'18.52""W","39°17'25.76""N","122°34'27.95""W","39°15'01.73""N","119°55'07.21""W",40.33251,-121.21856,41.39049,-122.56102,41.34742,-119.82181,39.29049,-122.57443,39.25048,-119.91867,LC08_L2SP_044032_20200114_20200823_02_T1,LC80440322020014LGN00
LC08_L2SP_044032_20200130_20200823_02_T1,LC08_L1TP_044032_20200130_20200823_02_T1,LC80440322020030LGN00,2020-01-30,T1,2,44,32,44,32,NADIR,0.0,2020/08/23,2020/08/23,2020-01-30 18:45:06.810008,2020-01-30 18:45:38.580007,LGN,DAY,41.08,41.08,419,5,8.607,5.083,6.946,LPGS_15.3.1c,28.13108311,154.82175037,FINAL,OLI_TIRS_L2SP,OLI_TIRS,8,UTM,10,WGS84,WGS84,"40°19'57.29""N","121°13'05.92""W","41°23'25.76""N","122°33'39.67""W","41°20'50.71""N","119°49'18.52""W","39°17'25.76""N","122°34'27.95""W","39°15'01.73""N","119°55'07.21""W",40.33258,-121.21831,41.39049,-122.56102,41.34742,-119.82181,39.29049,-122.57443,39.25048,-119.91867,LC08_L2SP_044032_20200130_20200823_02_T1,LC80440322020030LGN00
LC08_L2SP_045032_20200206_20200823_02_T1,LC08_L1TP_045032_20200206_20200823_02_T1,LC80450322020037LGN00,2020-02-06,T1,2,45,32,45,32,NADIR,0.0,2020/08/23,2020/08/23,2020-02-06 18:51:15.349383,2020-02-06 18:51:47.119382,LGN,DAY,6.18,6.08,996,5,7.894,4.644,6.383,LPGS_15.3.1c,29.98053767,153.80090073,FINAL,OLI_TIRS_L2SP,OLI_TIRS,8,UTM,10,WGS84,WGS84,"40°19'58.15""N","122°45'43.99""W","41°22'58.48""N","124°08'48.98""W","41°22'37.67""N","121°22'25.07""W","39°15'41.90""N","124°06'41.72""W","39°15'22.57""N","121°25'25.50""W",40.33282,-122.76222,41.38291,-124.14694,41.37713,-121.37363,39.26164,-124.11159,39.25627,-121.42375,LC08_L2SP_045032_20200206_20200823_02_T1,LC80450322020037LGN00
LC08_L2SP_044033_20200215_20200823_02_T1,LC08_L1TP_044033_20200215_20200823_02_T1,LC80440332020046LGN00,2020-02-15,T1,2,44,33,44,33,NADIR,0.0,2020/08/23,2020/08/23,2020-02-15 18:45:26.85088,2020-02-15 18:45:58.620879,LGN,DAY,56.43,56.41,489,5,7.637,4.981,5.789,LPGS_15.3.1c,33.85431555,151.72917029,FINAL,OLI_TIRS_L2SP,OLI_TIRS,8,UTM,10,WGS84,WGS84,"38°54'14.98""N","121°40'25.61""W","39°57'32.18""N","122°59'55.79""W","39°55'39.79""N","120°18'34.92""W","37°51'10.62""N","122°59'55.90""W","37°49'26.33""N","120°23'16.55""W",38.90416,-121.67378,39.95894,-122.99883,39.92772,-120.3097,37.85295,-122.99886,37.82398,-120.38793,LC08_L2SP_044033_20200215_20200823_02_T1,LC80440332020046LGN00
LC08_L2SP_045032_20200222_20200822_02_T1,LC08_L1TP_045032_20200222_20200822_02_T1,LC80450322020053LGN00,2020-02-22,T1,2,45,32,45,32,NADIR,0.0,2020/08/22,2020/08/22,2020-02-22 18:51:12.020366,2020-02-22 18:51:43.790365,LGN,DAY,0.97,0.95,1168,5,7.037,4.156,5.679,LPGS_15.3.1c,35.0800939,151.60993323,FINAL,OLI_TIRS_L2SP,OLI_TIRS,8,UTM,10,WGS84,WGS84,"40°19'57.50""N","122°46'33.85""W","41°22'57.97""N","124°09'40.64""W","41°22'38.42""N","121°23'16.69""W","39°15'41.40""N","124°07'31.76""W","39°15'23.26""N","121°26'15.54""W",40.33264,-122.77607,41.38277,-124.16129,41.37734,-121.38797,39.2615,-124.12549,39.25646,-121.43765,LC08_L2SP_045032_20200222_20200822_02_T1,LC80450322020053LGN00
LC08_L2SP_044032_20200302_20200822_02_T1,LC08_L1TP_044032_20200302_20200822_02_T1,LC80440322020062LGN00,2020-03-02,T1,2,44,32,44,32,NADIR,0.0,2020/08/22,2020/08/22,2020-03-02 18:44:58.152206,2020-03-02 18:45:29.922205,LGN,DAY,1.24,1.24,801,5,7.857,4.636,6.344,LPGS_15.3.1c,38.34222765,150.45293739,FINAL,OLI_TIRS_L2SP,OLI_TIRS,8,UTM,10,WGS84,WGS84,"40°19'57.11""N","121°14'12.88""W","41°23'26.05""N","122°34'57.18""W","41°20'52.51""N","119°50'22.96""W","39°17'26.05""N","122°35'43.08""W","39°15'03.38""N","119°56'09.71""W",40.33253,-121.23691,41.39057,-122.58255,41.34792,-119.83971,39.29057,-122.5953,39.25094,-119.93603,LC08_L2SP_044032_20200302_20200822_02_T1,LC80440322020062LGN00
LC08_L2SP_045032_20200309_20200822_02_T1,LC08_L1TP_045032_20200309_20200822_02_T1,LC80450322020069LGN00,2020-03-09,T1,2,45,32,45,32,NADIR,0.0,2020/08/22,2020/08/22,2020-03-09 18:51:06.072875,2020-03-09 18:51:37.842874,LGN,DAY,35.52,34.89,808,5,6.606,4.596,4.744,LPGS_15.3.1c,41.00503005,149.57615286,FINAL,OLI_TIRS_L2SP,OLI_TIRS,8,UTM,10,WGS84,WGS84,"40°19'57.79""N","122°47'02.47""W","41°22'57.72""N","124°10'06.49""W","41°22'38.78""N","121°23'42.54""W","39°15'41.15""N","124°07'56.82""W","39°15'23.58""N","121°26'40.56""W",40.33272,-122.78402,41.3827,-124.16847,41.37744,-121.39515,39.26143,-124.13245,39.25655,-121.4446,LC08_L2SP_045032_20200309_20200822_02_T1,LC80450322020069LGN00
LC08_L2SP_045032_20200325_20200822_02_T1,LC08_L1TP_045032_20200325_20200822_02_T1,LC80450322020085LGN00,2020-03-25,T1,2,45,32,45,32,NADIR,0.0,2020/08/22,2020/08/22,2020-03-25 18:50:57.645361,2020-03-25 18:51:29.41536,LGN,DAY,41.26,40.51,390,5,7.304,5.043,5.283,LPGS_15.3.1c,47.23409974,147.48977066,FINAL,OLI_TIRS_L2SP,OLI_TIRS,8,UTM,10,WGS84,WGS84,"40°19'58.73""N","122°47'11.58""W","41°22'57.58""N","124°10'19.38""W","41°22'38.96""N","121°23'55.43""W","39°15'41.04""N","124°08'09.31""W","39°15'23.76""N","121°26'53.09""W",40.33298,-122.78655,41.38266,-124.17205,41.37749,-121.39873,39.2614,-124.13592,39.2566,-121.44808,LC08_L2SP_045032_20200325_20200822_02_T1,LC80450322020085LGN00
LC08_L2SP_044032_20200403_20200822_02_T1,LC08_L1TP_044032_20200403_20200822_02_T1,LC80440322020094LGN00,2020-04-03,T1,2,44,32,44,32,NADIR,0.0,2020/08/22,2020/08/22,2020-04-03 18:44:41.342943,2020-04-03 18:45:13.112942,LGN,DAY,0.53,0.53,725,5,7.222,4.323,5.785,LPGS_15.3.1c,50.67205583,146.1625958,FINAL,OLI_TIRS_L2SP,OLI_TIRS,8,UTM,10,WGS84,WGS84,"40°19'57.22""N","121°14'27.38""W","41°23'26.12""N","122°35'10.10""W","41°20'52.84""N","119°50'35.84""W","39°17'26.09""N","122°35'55.61""W","39°15'03.71""N","119°56'22.20""W",40.33256,-121.24094,41.39059,-122.58614,41.34801,-119.84329,39.29058,-122.59878,39.25103,-119.9395,LC08_L2SP_044032_20200403_20200822_02_T1,LC80440322020094LGN00
LC08_L2SP_045032_20200410_20200822_02_T1,LC08_L1TP_045032_20200410_20200822_02_T1,LC80450322020101LGN00,2020-04-10,T1,2,45,32,45,32,NADIR,0.0,2020/08/22,2020/08/22,2020-04-10 18:50:49.717696,2020-04-10 18:51:21.487695,LGN,DAY,18.3,18.05,823,5,5.873,4.114,4.191,LPGS_15.3.1c,53.23800751,144.99523545,FINAL,OLI_TIRS_L2SP,OLI_TIRS,8,UTM,10,WGS84,WGS84,"40°19'58.73""N","122°47'43.84""W","41°23'07.04""N","124°10'45.41""W","41°22'49.04""N","121°24'21.02""W","39°15'40.79""N","124°08'34.37""W","39°15'24.08""N","121°27'18.11""W",40.33298,-122.79551,41.38529,-124.17928,41.38029,-121.40584,39.26133,-124.14288,39.25669,-121.45503,LC08_L2SP_045032_20200410_20200822_02_T1,LC80450322020101LGN00
LC08_L2SP_044032_20200419_20200822_02_T1,LC08_L1TP_044032_20200419_20200822_02_T1,LC80440322020110LGN00,2020-04-19,T1,2,44,32,44,32,NADIR,0.0,2020/08/22,2020/08/22,2020-04-19 18:44:35.038245,2020-04-19 18:45:06.808244,LGN,DAY,54.33,54.33,221,5,7.26,4.633,5.589,LPGS_15.3.1c,56.31873499,143.25763534,FINAL,OLI_TIRS_L2SP,OLI_TIRS,8,UTM,10,WGS84,WGS84,"40°19'57.58""N","121°15'30.17""W","41°23'26.34""N","122°36'14.69""W","41°20'54.60""N","119°51'40.28""W","39°17'26.30""N","122°36'58.21""W","39°15'05.36""N","119°57'24.70""W",40.33266,-121.25838,41.39065,-122.60408,41.3485,-119.86119,39.29064,-122.61617,39.25149,-119.95686,LC08_L2SP_044032_20200419_20200822_02_T1,LC80440322020110LGN00
LC08_L2SP_045032_20200426_20200822_02_T1,LC08_L1TP_045032_20200426_20200822_02_T1,LC80450322020117LGN00,2020-04-26,T1,2,45,32,45,32,NADIR,0.0,2020/08/22,2020/08/22,2020-04-26 18:50:42.295655,2020-04-26 18:51:14.065654,LGN,DAY,0.88,2.32,1271,5,4.682,3.1,3.51,LPGS_15.3.1c,58.49573679,141.68248217,FINAL,OLI_TIRS_L2SP,OLI_TIRS,8,UTM,10,WGS84,WGS84,"40°19'58.40""N","122°48'36.29""W","41°22'56.78""N","124°11'36.89""W","41°22'40.01""N","121°25'12.90""W","39°15'40.32""N","124°09'24.41""W","39°15'24.77""N","121°28'08.18""W",40.33289,-122.81008,41.38244,-124.19358,41.37778,-121.42025,39.2612,-124.15678,39.25688,-121.46894,LC08_L2SP_045032_20200426_20200822_02_T1,LC80450322020117LGN00
LC08_L2SP_044032_20200505_20200820_02_T1,LC08_L1TP_044032_20200505_20200820_02_T1,LC80440322020126LGN00,2020-05-05,T1,2,44,32,44,32,NADIR,0.0,2020/08/20,2020/08/20,2020-05-05 18:44:26.176289,2020-05-05 18:44:57.946288,LGN,DAY,4.59,4.59,1050,5,5.519,3.681,4.112,LPGS_15.3.1c,60.94426879,139.38385422,FINAL,OLI_TIRS_L2SP,OLI_TIRS,8,UTM,10,WGS84,WGS84,"40°19'57.58""N","121°16'06.38""W","41°23'26.48""N","122°36'53.46""W","41°20'55.68""N","119°52'18.98""W","39°17'16.69""N","122°37'35.83""W","39°14'56.62""N","119°58'02.64""W",40.33266,-121.26844,41.39069,-122.61485,41.3488,-119.87194,39.28797,-122.62662,39.24906,-119.9674,LC08_L2SP_044032_20200505_20200820_02_T1,LC80440322020126LGN00
LC08_L2SP_044032_20200521_20200820_02_T1,LC08_L1TP_044032_20200521_20200820_02_T1,LC80440322020142LGN00,2020-05-21,T1,2,44,32,44,32,NADIR,0.0,2020/08/20,2020/08/20,2020-05-21 18:44:27.492275,2020-05-21 18:44:59.262274,LGN,DAY,29.81,29.81,799,5,5.464,3.765,3.959,LPGS_15.3.1c,64.19386019,134.9133463,FINAL,OLI_TIRS_L2SP,OLI_TIRS,8,UTM,10,WGS84,WGS84,"40°19'58.08""N","121°12'58.25""W","41°23'25.76""N","122°33'39.67""W","41°20'50.35""N","119°49'05.63""W","39°17'25.76""N","122°34'27.95""W","39°15'01.40""N","119°54'54.72""W",40.3328,-121.21618,41.39049,-122.56102,41.34732,-119.81823,39.29049,-122.57443,39.25039,-119.9152,LC08_L2SP_044032_20200521_20200820_02_T1,LC80440322020142LGN00
LC08_L2SP_045032_20200528_20200820_02_T1,LC08_L1TP_045032_20200528_20200820_02_T1,LC80450322020149LGN00,2020-05-28,T1,2,45,32,45,32,NADIR,0.0,2020/08/20,2020/08/20,2020-05-28 18:50:39.396115,2020-05-28 18:51:11.166115,LGN,DAY,0.23,1.66,1320,5,4.557,3.242,3.202,LPGS_15.3.1c,65.09760979,132.92011533,FINAL,OLI_TIRS_L2SP,OLI_TIRS,8,UTM,10,WGS84,WGS84,"40°19'58.19""N","122°45'07.06""W","41°23'08.59""N","124°08'10.43""W","41°22'46.85""N","121°21'46.08""W","39°15'42.23""N","124°06'04.18""W","39°15'22.07""N","121°24'47.95""W",40.33283,-122.75196,41.38572,-124.13623,41.37968,-121.3628,39.26173,-124.10116,39.25613,-121.41332,LC08_L2SP_045032_20200528_20200820_02_T1,LC80450322020149LGN00
LC08_L2SP_044032_20200606_20200824_02_T1,LC08_L1TP_044032_20200606_20200824_02_T1,LC80440322020158LGN00,2020-06-06,T1,2,44,32,44,32,NADIR,0.0,2020/08/24,2020/08/24,2020-06-06 18:44:34.735245,2020-06-06 18:45:06.505244,LGN,DAY,25.3,25.3,516,5,6.23,4.343,4.467,LPGS_15.3.1c,65.79621069,130.64976426,FINAL,OLI_TIRS_L2SP,OLI_TIRS,8,UTM,10,WGS84,WGS84,"40°19'57.79""N","121°12'50.04""W","41°23'25.73""N","122°33'26.75""W","41°20'49.99""N","119°48'52.74""W","39°17'25.73""N","122°34'15.42""W","39°15'01.08""N","119°54'42.23""W",40.33272,-121.2139,41.39048,-122.55743,41.34722,-119.81465,39.29048,-122.57095,39.2503,-119.91173,LC08_L2SP_044032_20200606_20200824_02_T1,LC80440322020158LGN00
LC08_L2SP_045033_20200613_20200823_02_T1,LC08_L1TP_045033_20200613_20200823_02_T1,LC80450332020165LGN00,2020-06-13,T1,2,45,33,45,33,NADIR,0.0,2020/08/23,2020/08/23,2020-06-13 18:51:13.699951,2020-06-13 18:51:45.46995,LGN,DAY,33.59,37.19,547,5,5.318,3.592,3.922,LPGS_15.3.1c,66.65478299,126.09790521,FINAL,OLI_TIRS_L2SP,OLI_TIRS,8,UTM,10,WGS84,WGS84,"38°54'14.80""N","123°12'39.71""W","39°57'13.10""N","124°34'32.74""W","39°57'31.36""N","121°51'26.28""W","37°49'36.48""N","124°31'45.98""W","37°49'53.44""N","121°53'27.24""W",38.90411,-123.21103,39.95364,-124.57576,39.95871,-121.8573,37.8268,-124.52944,37.83151,-121.8909,LC08_L2SP_045033_20200613_20200823_02_T1,LC80450332020165LGN00
LC08_L2SP_044032_20200622_20200823_02_T1,LC08_L1TP_044032_20200622_20200823_02_T1,LC80440322020174LGN00,2020-06-22,T1,2,44,32,44,32,NADIR,0.0,2020/08/23,2020/08/23,2020-06-22 18:44:43.908555,2020-06-22 18:45:15.678554,LGN,DAY,0.05,0.05,1041,5,4.743,3.215,3.487,LPGS_15.3.1c,65.83727775,128.20709293,FINAL,OLI_TIRS_L2SP,OLI_TIRS,8,UTM,10,WGS84,WGS84,"40°19'57.65""N","121°13'15.56""W","41°23'25.84""N","122°33'52.60""W","41°20'50.71""N","119°49'18.52""W","39°17'25.84""N","122°34'40.48""W","39°15'01.73""N","119°55'07.21""W",40.33268,-121.22099,41.39051,-122.56461,41.34742,-119.82181,39.29051,-122.57791,39.25048,-119.91867,LC08_L2SP_044032_20200622_20200823_02_T1,LC80440322020174LGN00
LC08_L2SP_045032_20200629_20200823_02_T1,LC08_L1TP_045032_20200629_20200823_02_T1,LC80450322020181LGN00,2020-06-29,T1,2,45,32,45,32,NADIR,0.0,2020/08/23,2020/08/23,2020-06-29 18:50:58.076055,2020-06-29 18:51:29.846055,LGN,DAY,0.23,0.23,1344,5,3.944,2.808,2.769,LPGS_15.3.1c,65.43040174,128.02299399,FINAL,OLI_TIRS_L2SP,OLI_TIRS,8,UTM,10,WGS84,WGS84,"40°19'58.12""N","122°45'58.72""W","41°23'08.09""N","124°09'02.09""W","41°22'47.60""N","121°22'37.74""W","39°15'41.76""N","124°06'54.22""W","39°15'22.75""N","121°25'38.03""W",40.33281,-122.76631,41.38558,-124.15058,41.37989,-121.37715,39.2616,-124.11506,39.25632,-121.42723,LC08_L2SP_045032_20200629_20200823_02_T1,LC80450322020181LGN00
LC08_L2SP_044032_20200708_20200912_02_T1,LC08_L1TP_044032_20200708_20200912_02_T1,LC80440322020190LGN00,2020-07-08,T1,2,44,32,44,32,NADIR,0.0,2020/09/12,2020/09/12,2020-07-08 18:44:51.053417,2020-07-08 18:45:22.823416,LGN,DAY,0.01,0.01,1048,5,5.241,3.598,3.811,LPGS_15.3.1,64.5854457,128.65455452,FINAL,OLI_TIRS_L2SP,OLI_TIRS,8,UTM,10,WGS84,WGS84,"40°19'58.40""N","121°13'14.20""W","41°23'25.84""N","122°33'52.60""W","41°20'50.71""N","119°49'18.52""W","39°17'25.84""N","122°34'40.48""W","39°15'01.73""N","119°55'07.21""W",40.33289,-121.22061,41.39051,-122.56461,41.34742,-119.82181,39.29051,-122.57791,39.25048,-119.91867,LC08_L2SP_044032_20200708_20200912_02_T1,LC80440322020190LGN00
LC08_L2SP_045032_20200715_20200912_02_T1,LC08_L1TP_045032_20200715_20200912_02_T1,LC80450322020197LGN00,2020-07-15,T1,2,45,32,45,32,NADIR,0.0,2020/09/12,2020/09/12,2020-07-15 18:51:04.356899,2020-07-15 18:51:36.126898,LGN,DAY,0.15,1.72,1343,5,3.751,2.678,2.626,LPGS_15.3.1,63.69887364,129.78017797,FINAL,OLI_TIRS_L2SP,OLI_TIRS,8,UTM,10,WGS84,WGS84,"40°19'58.04""N","122°45'47.12""W","41°23'08.20""N","124°08'49.16""W","41°22'47.42""N","121°22'24.82""W","39°15'41.90""N","124°06'41.72""W","39°15'22.57""N","121°25'25.50""W",40.33279,-122.76309,41.38561,-124.14699,41.37984,-121.37356,39.26164,-124.11159,39.25627,-121.42375,LC08_L2SP_045032_20200715_20200912_02_T1,LC80450322020197LGN00
LC08_L2SP_044032_20200724_20200910_02_T1,LC08_L1TP_044032_20200724_20200910_02_T1,LC80440322020206LGN00,2020-07-24,T1,2,44,32,44,32,NADIR,0.0,2020/09/10,2020/09/10,2020-07-24 18:44:56.232453,2020-07-24 18:45:28.002452,LGN,DAY,0.4,0.4,1017,5,5.462,3.839,3.885,LPGS_15.3.1,62.28922139,131.92872293,FINAL,OLI_TIRS_L2SP,OLI_TIRS,8,UTM,10,WGS84,WGS84,"40°19'57.18""N","121°12'50.87""W","41°23'25.73""N","122°33'26.75""W","41°20'50.35""N","119°49'05.63""W","39°17'25.73""N","122°34'15.42""W","39°15'01.40""N","119°54'54.72""W",40.33255,-121.21413,41.39048,-122.55743,41.34732,-119.81823,39.29048,-122.57095,39.25039,-119.9152,LC08_L2SP_044032_20200724_20200910_02_T1,LC80440322020206LGN00
LC08_L2SP_045032_20200731_20200908_02_T1,LC08_L1TP_045032_20200731_20200908_02_T1,LC80450322020213LGN00,2020-07-31,T1,2,45,32,45,32,NADIR,0.0,2020/09/08,2020/09/08,2020-07-31 18:51:08.66739,2020-07-31 18:51:40.437389,LGN,DAY,0.47,1.98,1307,5,3.775,2.587,2.75,LPGS_15.3.1,60.99660796,134.05578064,FINAL,OLI_TIRS_L2SP,OLI_TIRS,8,UTM,10,WGS84,WGS84,"40°19'57.68""N","122°45'12.78""W","41°23'08.59""N","124°08'10.43""W","41°22'46.85""N","121°21'46.08""W","39°15'42.23""N","124°06'04.18""W","39°15'22.07""N","121°24'47.95""W",40.33269,-122.75355,41.38572,-124.13623,41.37968,-121.3628,39.26173,-124.10116,39.25613,-121.41332,LC08_L2SP_045032_20200731_20200908_02_T1,LC80450322020213LGN00
LC08_L2SP_044032_20200809_20200918_02_T1,LC08_L1TP_044032_20200809_20200918_02_T1,LC80440322020222LGN00,2020-08-09,T1,2,44,32,44,32,NADIR,0.0,2020/09/18,2020/09/18,2020-08-09 18:44:59.37316,2020-08-09 18:45:31.143159,LGN,DAY,0.01,0.01,989,5,5.384,3.593,4.009,LPGS_15.3.1,59.09517094,137.19767173,FINAL,OLI_TIRS_L2SP,OLI_TIRS,8,UTM,10,WGS84,WGS84,"40°19'57.18""N","121°12'05.29""W","41°23'25.58""N","122°32'48.01""W","41°20'48.95""N","119°48'14.08""W","39°17'25.58""N","122°33'37.84""W","39°15'00.07""N","119°54'04.72""W",40.33255,-121.20147,41.39044,-122.54667,41.34693,-119.80391,39.29044,-122.56051,39.25002,-119.90131,LC08_L2SP_044032_20200809_20200918_02_T1,LC80440322020222LGN00
LC08_L2SP_044032_20200825_20200905_02_T1,LC08_L1TP_044032_20200825_20200905_02_T1,LC80440322020238LGN00,2020-08-25,T1,2,44,32,44,32,NADIR,0.0,2020/09/05,2020/09/05,2020-08-25 18:45:07.35061,2020-08-25 18:45:39.120609,LGN,DAY,14.07,14.07,767,5,5.821,3.847,4.369,LPGS_15.3.1,55.06899991,143.34306096,FINAL,OLI_TIRS_L2SP,OLI_TIRS,8,UTM,10,WGS84,WGS84,"40°19'58.19""N","121°12'45.61""W","41°23'25.73""N","122°33'26.75""W","41°20'49.99""N","119°48'52.74""W","39°17'25.73""N","122°34'15.42""W","39°15'01.08""N","119°54'42.23""W",40.33283,-121.21267,41.39048,-122.55743,41.34722,-119.81465,39.29048,-122.57095,39.2503,-119.91173,LC08_L2SP_044032_20200825_20200905_02_T1,LC80440322020238LGN00
LC08_L2SP_045032_20200901_20200906_02_T1,LC08_L1TP_045032_20200901_20200906_02_T1,LC80450322020245LGN00,2020-09-01,T1,2,45,32,45,32,NADIR,0.0,2020/09/06,2020/09/06,2020-09-01 18:51:21.470538,2020-09-01 18:51:53.240537,LGN,DAY,12.2,13.6,1295,5,4.679,3.001,3.589,LPGS_15.3.1,53.07257741,146.05805039,FINAL,OLI_TIRS_L2SP,OLI_TIRS,8,UTM,10,WGS84,WGS84,"40°19'57.68""N","122°45'43.78""W","41°23'08.20""N","124°08'49.16""W","41°22'47.42""N","121°22'24.82""W","39°15'41.90""N","124°06'41.72""W","39°15'22.57""N","121°25'25.50""W",40.33269,-122.76216,41.38561,-124.14699,41.37984,-121.37356,39.26164,-124.11159,39.25627,-121.42375,LC08_L2SP_045032_20200901_20200906_02_T1,LC80450322020245LGN00
LC08_L2SP_044032_20200910_20200919_02_T1,LC08_L1TP_044032_20200910_20200919_02_T1,LC80440322020254LGN00,2020-09-10,T1,2,44,32,44,32,NADIR,0.0,2020/09/19,2020/09/19,2020-09-10 18:45:14.221847,2020-09-10 18:45:45.991847,LGN,DAY,28.75,28.75,959,5,6.252,3.917,4.873,LPGS_15.3.1,50.32515255,149.40568843,FINAL,OLI_TIRS_L2SP,OLI_TIRS,8,UTM,10,WGS84,WGS84,"40°19'58.87""N","121°13'23.92""W","41°23'25.87""N","122°34'05.52""W","41°20'51.07""N","119°49'31.40""W","39°17'25.87""N","122°34'52.97""W","39°15'02.09""N","119°55'19.70""W",40.33302,-121.22331,41.39052,-122.5682,41.34752,-119.82539,39.29052,-122.58138,39.25058,-119.92214,LC08_L2SP_044032_20200910_20200919_02_T1,LC80440322020254LGN00
LC08_L2SP_045032_20200917_20201005_02_T1,LC08_L1TP_045032_20200917_20201005_02_T1,LC80450322020261LGN00,2020-09-17,T1,2,45,32,45,32,NADIR,0.0,2020/10/05,2020/10/05,2020-09-17 18:51:27.406014,2020-09-17 18:51:59.176014,LGN,DAY,9.82,11.21,1179,5,5.656,3.659,4.313,LPGS_15.3.1,48.06584163,151.83837155,FINAL,OLI_TIRS_L2SP,OLI_TIRS,8,UTM,10,WGS84,WGS84,"40°19'57.58""N","122°46'15.02""W","41°23'07.94""N","124°09'14.98""W","41°22'47.78""N","121°22'50.63""W","39°15'41.65""N","124°07'06.74""W","39°15'22.93""N","121°25'50.52""W",40.33266,-122.77084,41.38554,-124.15416,41.37994,-121.38073,39.26157,-124.11854,39.25637,-121.4307,LC08_L2SP_045032_20200917_20201005_02_T1,LC80450322020261LGN00
LC08_L2SP_044032_20200926_20201008_02_T1,LC08_L1TP_044032_20200926_20201008_02_T1,LC80440322020270LGN00,2020-09-26,T1,2,44,32,44,32,NADIR,0.0,2020/10/08,2020/10/08,2020-09-26 18:45:18.966465,2020-09-26 18:45:50.736464,LGN,DAY,2.7,2.7,912,5,7.046,3.957,5.83,LPGS_15.3.1,45.05173868,154.66927115,FINAL,OLI_TIRS_L2SP,OLI_TIRS,8,UTM,10,WGS84,WGS84,"40°19'57.50""N","121°13'46.31""W","41°23'25.98""N","122°34'31.37""W","41°20'51.79""N","119°49'57.18""W","39°17'25.94""N","122°35'18.02""W","39°15'02.74""N","119°55'44.72""W",40.33264,-121.22953,41.39055,-122.57538,41.34772,-119.83255,39.29054,-122.58834,39.25076,-119.92909,LC08_L2SP_044032_20200926_20201008_02_T1,LC80440322020270LGN00
LC08_L2SP_045032_20201003_20201015_02_T1,LC08_L1TP_045032_20201003_20201015_02_T1,LC80450322020277LGN00,2020-10-03,T1,2,45,32,45,32,NADIR,0.0,2020/10/15,2020/10/15,2020-10-03 18:51:31.079288,2020-10-03 18:52:02.849288,LGN,DAY,5.57,7.15,1247,5,5.876,3.583,4.657,LPGS_15.3.1,42.65515776,156.61331502,FINAL,OLI_TIRS_L2SP,OLI_TIRS,8,UTM,10,WGS84,WGS84,"40°19'58.84""N","122°46'29.21""W","41°23'07.84""N","124°09'27.90""W","41°22'47.96""N","121°23'03.55""W","39°15'41.54""N","124°07'19.27""W","39°15'23.08""N","121°26'03.05""W",40.33301,-122.77478,41.38551,-124.15775,41.37999,-121.38432,39.26154,-124.12202,39.25641,-121.43418,LC08_L2SP_045032_20201003_20201015_02_T1,LC80450322020277LGN00
LC08_L2SP_044032_20201012_20201105_02_T1,LC08_L1TP_044032_20201012_20201105_02_T1,LC80440322020286LGN00,2020-10-12,T1,2,44,32,44,32,NADIR,0.0,2020/11/05,2020/11/05,2020-10-12 18:45:21.133084,2020-10-12 18:45:52.903083,LGN,DAY,0.01,0.01,887,5,7.428,3.968,6.28,LPGS_15.3.1,39.56443561,158.72827417,FINAL,OLI_TIRS_L2SP,OLI_TIRS,8,UTM,10,WGS84,WGS84,"40°19'58.58""N","121°13'45.30""W","41°23'25.98""N","122°34'31.37""W","41°20'51.79""N","119°49'57.18""W","39°17'25.94""N","122°35'18.02""W","39°15'02.74""N","119°55'44.72""W",40.33294,-121.22925,41.39055,-122.57538,41.34772,-119.83255,39.29054,-122.58834,39.25076,-119.92909,LC08_L2SP_044032_20201012_20201105_02_T1,LC80440322020286LGN00
LC08_L2SP_045032_20201019_20201105_02_T1,LC08_L1TP_045032_20201019_20201105_02_T1,LC80450322020293LGN00,2020-10-19,T1,2,45,32,45,32,NADIR,0.0,2020/11/05,2020/11/05,2020-10-19 18:51:32.094264,2020-10-19 18:52:03.864264,LGN,DAY,0.15,0.15,1231,5,6.663,3.411,5.724,LPGS_15.3.1,37.19089074,160.06214592,FINAL,OLI_TIRS_L2SP,OLI_TIRS,8,UTM,10,WGS84,WGS84,"40°19'58.80""N","122°46'21.47""W","41°23'07.84""N","124°09'27.90""W","41°22'47.96""N","121°23'03.55""W","39°15'41.54""N","124°07'19.27""W","39°15'23.08""N","121°26'03.05""W",40.333,-122.77263,41.38551,-124.15775,41.37999,-121.38432,39.26154,-124.12202,39.25641,-121.43418,LC08_L2SP_045032_20201019_20201105_02_T1,LC80450322020293LGN00
LC08_L2SP_044032_20201028_20201106_02_T1,LC08_L1TP_044032_20201028_20201106_02_T1,LC80440322020302LGN00,2020-10-28,T1,2,44,32,44,32,NADIR,0.0,2020/11/06,2020/11/06,2020-10-28 18:45:20.610976,2020-10-28 18:45:52.380975,LGN,DAY,0.07,0.07,811,5,7.861,4.026,6.752,LPGS_15.3.1,34.25634092,161.37119035,FINAL,OLI_TIRS_L2SP,OLI_TIRS,8,UTM,10,WGS84,WGS84,"40°19'57.83""N","121°13'19.06""W","41°23'25.87""N","122°34'05.52""W","41°20'51.07""N","119°49'31.40""W","39°17'25.87""N","122°34'52.97""W","39°15'02.09""N","119°55'19.70""W",40.33273,-121.22196,41.39052,-122.5682,41.34752,-119.82539,39.29052,-122.58138,39.25058,-119.92214,LC08_L2SP_044032_20201028_20201106_02_T1,LC80440322020302LGN00
LC08_L2SP_045032_20201120_20210315_02_T1,LC08_L1TP_045032_20201120_20210315_02_T1,LC80450322020325LGN00,2020-11-20,T1,2,45,32,45,32,NADIR,0.0,2021/03/15,2021/03/15,2020-11-20 18:51:30.770739,2020-11-20 18:52:02.540738,LGN,DAY,5.91,5.81,1003,5,7.415,4.077,6.194,LPGS_15.4.0,27.87327094,162.66317296,FINAL,OLI_TIRS_L2SP,OLI_TIRS,8,UTM,10,WGS84,WGS84,"40°19'57.61""N","122°45'56.92""W","41°22'58.37""N","124°09'01.91""W","41°22'37.85""N","121°22'37.99""W","39°15'41.76""N","124°06'54.22""W","39°15'22.75""N","121°25'38.03""W",40.33267,-122.76581,41.38288,-124.15053,41.37718,-121.37722,39.2616,-124.11506,39.25632,-121.42723,LC08_L2SP_045032_20201120_20210315_02_T1,LC80450322020325LGN00
LC08_L2SP_044032_20201129_20210316_02_T1,LC08_L1TP_044032_20201129_20210316_02_T1,LC80440322020334LGN00,2020-11-29,T1,2,44,32,44,32,NADIR,0.0,2021/03/16,2021/03/16,2020-11-29 18:45:21.86751,2020-11-29 18:45:53.637509,LGN,DAY,2.39,2.39,565,5,8.62,4.887,7.101,LPGS_15.4.0,26.04080344,162.43613157,FINAL,OLI_TIRS_L2SP,OLI_TIRS,8,UTM,10,WGS84,WGS84,"40°19'57.61""N","121°13'44.11""W","41°23'25.98""N","122°34'31.37""W","41°20'51.79""N","119°49'57.18""W","39°17'25.94""N","122°35'18.02""W","39°15'02.74""N","119°55'44.72""W",40.33267,-121.22892,41.39055,-122.57538,41.34772,-119.83255,39.29054,-122.58834,39.25076,-119.92909,LC08_L2SP_044032_20201129_20210316_02_T1,LC80440322020334LGN00
LC08_L2SP_045032_20201206_20210313_02_T1,LC08_L1TP_045032_20201206_20210313_02_T1,LC80450322020341LGN00,2020-12-06,T1,2,45,32,45,32,NADIR,0.0,2021/03/13,2021/03/13,2020-12-06 18:51:33.137847,2020-12-06 18:52:04.907847,LGN,DAY,11.27,11.07,889,5,7.958,4.23,6.741,LPGS_15.4.0,24.94548651,162.01183699,FINAL,OLI_TIRS_L2SP,OLI_TIRS,8,UTM,10,WGS84,WGS84,"40°19'58.69""N","122°46'47.60""W","41°23'07.55""N","124°09'53.75""W","41°22'48.32""N","121°23'29.36""W","39°15'41.29""N","124°07'44.29""W","39°15'23.44""N","121°26'28.07""W",40.33297,-122.77989,41.38543,-124.16493,41.38009,-121.39149,39.26147,-124.12897,39.25651,-121.44113,LC08_L2SP_045032_20201206_20210313_02_T1,LC80450322020341LGN00
LC08_L2SP_045032_20201222_20210310_02_T1,LC08_L1TP_045032_20201222_20210310_02_T1,LC80450322020357LGN00,2020-12-22,T1,2,45,32,45,32,NADIR,0.0,2021/03/10,2021/03/10,2020-12-22 18:51:31.368684,2020-12-22 18:52:03.138683,LGN,DAY,4.44,4.36,882,5,8.315,4.543,6.965,LPGS_15.4.0,23.68184576,160.39229488,FINAL,OLI_TIRS_L2SP,OLI_TIRS,8,UTM,10,WGS84,WGS84,"40°19'57.79""N","122°46'47.42""W","41°22'57.83""N","124°09'53.57""W","41°22'38.60""N","121°23'29.62""W","39°15'41.29""N","124°07'44.29""W","39°15'23.44""N","121°26'28.07""W",40.33272,-122.77984,41.38273,-124.16488,41.37739,-121.39156,39.26147,-124.12897,39.25651,-121.44113,LC08_L2SP_045032_20201222_20210310_02_T1,LC80450322020357LGN00
LC08_L2SP_044032_20201231_20210308_02_T1,LC08_L1TP_044032_20201231_20210308_02_T1,LC80440322020366LGN01,2020-12-31,T1,2,44,32,44,32,NADIR,0.0,2021/03/08,2021/03/08,2020-12-31 18:45:17.978394,2020-12-31 18:45:49.748394,LGN,DAY,25.6,25.6,413,5,9.227,5.151,7.656,LPGS_15.4.0,23.78705829,159.20245138,FINAL,OLI_TIRS_L2SP,OLI_TIRS,8,UTM,10,WGS84,WGS84,"40°19'57.32""N","121°13'45.66""W","41°23'25.98""N","122°34'31.37""W","41°20'51.79""N","119°49'57.18""W","39°17'25.94""N","122°35'18.02""W","39°15'02.74""N","119°55'44.72""W",40.33259,-121.22935,41.39055,-122.57538,41.34772,-119.83255,39.29054,-122.58834,39.25076,-119.92909,LC08_L2SP_044032_20201231_20210308_02_T1,LC80440322020366LGN01
LC08_L2SP_044032_20210116_20210306_02_T1,LC08_L1TP_044032_20210116_20210306_02_T1,LC80440322021016LGN00,2021-01-16,T1,2,44,32,44,32,NADIR,0.0,2021/03/06,2021/03/06,2021-01-16 18:45:10.68681,2021-01-16 18:45:42.456809,LGN,DAY,2.07,2.07,456,5,9.327,5.277,7.691,LPGS_15.4.0,25.43840791,156.83066049,FINAL,OLI_TIRS_L2SP,OLI_TIRS,8,UTM,10,WGS84,WGS84,"40°19'58.44""N","121°12'47.63""W","41°23'25.73""N","122°33'26.75""W","41°20'49.99""N","119°48'52.74""W","39°17'25.73""N","122°34'15.42""W","39°15'01.08""N","119°54'42.23""W",40.3329,-121.21323,41.39048,-122.55743,41.34722,-119.81465,39.29048,-122.57095,39.2503,-119.91173,LC08_L2SP_044032_20210116_20210306_02_T1,LC80440322021016LGN00
LC08_L2SP_045032_20210123_20210305_02_T1,LC08_L1TP_045032_20210123_20210305_02_T1,LC80450322021023LGN00,2021-01-23,T1,2,45,32,45,32,NADIR,0.0,2021/03/05,2021/03/05,2021-01-23 18:51:20.410761,2021-01-23 18:51:52.18076,LGN,DAY,9.67,9.52,899,5,8.091,4.458,6.752,LPGS_15.4.0,26.7250376,155.76676625,FINAL,OLI_TIRS_L2SP,OLI_TIRS,8,UTM,10,WGS84,WGS84,"40°19'57.54""N","122°45'35.64""W","41°22'58.62""N","124°08'36.06""W","41°22'37.49""N","121°22'12.14""W","39°15'42.01""N","124°06'29.20""W","39°15'22.43""N","121°25'12.97""W",40.33265,-122.7599,41.38295,-124.14335,41.37708,-121.37004,39.26167,-124.10811,39.25623,-121.42027,LC08_L2SP_045032_20210123_20210305_02_T1,LC80450322021023LGN00
LC08_L2SP_044033_20210201_20210302_02_T1,LC08_L1TP_044033_20210201_20210302_02_T1,LC80440332021032LGN00,2021-02-01,T1,2,44,33,44,33,NADIR,0.0,2021/03/02,2021/03/02,2021-02-01 18:45:32.673575,2021-02-01 18:46:04.443574,LGN,DAY,59.42,59.41,353,5,8.139,4.985,6.434,LPGS_15.4.0,29.996828,153.71713411,FINAL,OLI_TIRS_L2SP,OLI_TIRS,8,UTM,10,WGS84,WGS84,"38°54'15.12""N","121°40'14.66""W","39°57'32.18""N","122°59'43.15""W","39°55'39.79""N","120°18'34.92""W","37°51'10.62""N","122°59'43.62""W","37°49'26.33""N","120°23'16.55""W",38.9042,-121.67074,39.95894,-122.99532,39.92772,-120.3097,37.85295,-122.99545,37.82398,-120.38793,LC08_L2SP_044033_20210201_20210302_02_T1,LC80440332021032LGN00
LC08_L2SP_044032_20210217_20210302_02_T1,LC08_L1TP_044032_20210217_20210302_02_T1,LC80440322021048LGN00,2021-02-17,T1,2,44,32,44,32,NADIR,0.0,2021/03/02,2021/03/02,2021-02-17 18:45:04.914056,2021-02-17 18:45:36.684055,LGN,DAY,3.77,3.77,496,5,8.338,4.943,6.714,LPGS_15.4.0,33.62798039,152.1807976,FINAL,OLI_TIRS_L2SP,OLI_TIRS,8,UTM,10,WGS84,WGS84,"40°19'57.90""N","121°13'49.66""W","41°23'25.98""N","122°34'31.37""W","41°20'51.79""N","119°49'57.18""W","39°17'25.94""N","122°35'18.02""W","39°15'02.74""N","119°55'44.72""W",40.33275,-121.23046,41.39055,-122.57538,41.34772,-119.83255,39.29054,-122.58834,39.25076,-119.92909,LC08_L2SP_044032_20210217_20210302_02_T1,LC80440322021048LGN00
LC08_L2SP_045032_20210224_20210304_02_T1,LC08_L1TP_045032_20210224_20210304_02_T1,LC80450322021055LGN00,2021-02-24,T1,2,45,32,45,32,NADIR,0.0,2021/03/04,2021/03/04,2021-02-24 18:51:13.079639,2021-02-24 18:51:44.849638,LGN,DAY,0.83,0.81,1129,5,6.875,3.998,5.593,LPGS_15.4.0,36.06082584,151.26576313,FINAL,OLI_TIRS_L2SP,OLI_TIRS,8,UTM,10,WGS84,WGS84,"40°19'57.14""N","122°46'28.38""W","41°22'58.08""N","124°09'27.72""W","41°22'38.24""N","121°23'03.80""W","39°15'41.54""N","124°07'19.27""W","39°15'23.08""N","121°26'03.05""W",40.33254,-122.77455,41.3828,-124.1577,41.37729,-121.38439,39.26154,-124.12202,39.25641,-121.43418,LC08_L2SP_045032_20210224_20210304_02_T1,LC80450322021055LGN00
LC08_L2SP_044032_20210305_20210312_02_T1,LC08_L1TP_044032_20210305_20210312_02_T1,LC80440322021064LGN00,2021-03-05,T1,2,44,32,44,32,NADIR,0.0,2021/03/12,2021/03/12,2021-03-05 18:44:57.843446,2021-03-05 18:45:29.613445,LGN,DAY,1.69,1.69,588,5,8.112,5.125,6.288,LPGS_15.4.0,39.38517932,150.12873562,FINAL,OLI_TIRS_L2SP,OLI_TIRS,8,UTM,10,WGS84,WGS84,"40°19'58.08""N","121°13'43.68""W","41°23'25.91""N","122°34'18.44""W","41°20'51.79""N","119°49'57.18""W","39°17'25.91""N","122°35'05.50""W","39°15'02.74""N","119°55'44.72""W",40.3328,-121.2288,41.39053,-122.57179,41.34772,-119.83255,39.29053,-122.58486,39.25076,-119.92909,LC08_L2SP_044032_20210305_20210312_02_T1,LC80440322021064LGN00
LC08_L2SP_045032_20210312_20210317_02_T1,LC08_L1TP_045032_20210312_20210317_02_T1,LC80450322021071LGN00,2021-03-12,T1,2,45,32,45,32,NADIR,0.0,2021/03/17,2021/03/17,2021-03-12 18:51:04.543975,2021-03-12 18:51:36.313975,LGN,DAY,1.82,1.79,1052,5,6.344,4.051,4.882,LPGS_15.4.0,42.07708116,149.24979162,FINAL,OLI_TIRS_L2SP,OLI_TIRS,8,UTM,10,WGS84,WGS84,"40°19'57.25""N","122°46'11.75""W","41°22'58.22""N","124°09'14.83""W","41°22'38.06""N","121°22'50.88""W","39°15'41.65""N","124°07'06.74""W","39°15'22.93""N","121°25'50.52""W",40.33257,-122.76993,41.38284,-124.15412,41.37724,-121.3808,39.26157,-124.11854,39.25637,-121.4307,LC08_L2SP_045032_20210312_20210317_02_T1,LC80450322021071LGN00
LC08_L2SP_044032_20210321_20210401_02_T1,LC08_L1TP_044032_20210321_20210401_02_T1,LC80440322021080LGN00,2021-03-21,T1,2,44,32,44,32,NADIR,0.0,2021/04/01,2021/04/01,2021-03-21 18:44:49.885514,2021-03-21 18:45:21.655513,LGN,DAY,0.58,0.58,697,5,8.051,5.028,6.288,LPGS_15.4.0,45.58745404,148.08811014,FINAL,OLI_TIRS_L2SP,OLI_TIRS,8,UTM,10,WGS84,WGS84,"40°19'58.33""N","121°13'43.93""W","41°23'25.91""N","122°34'18.44""W","41°20'51.79""N","119°49'57.18""W","39°17'25.91""N","122°35'05.50""W","39°15'02.74""N","119°55'44.72""W",40.33287,-121.22887,41.39053,-122.57179,41.34772,-119.83255,39.29053,-122.58486,39.25076,-119.92909,LC08_L2SP_044032_20210321_20210401_02_T1,LC80440322021080LGN00
LC08_L2SP_045032_20210328_20210402_02_T1,LC08_L1TP_045032_20210328_20210402_02_T1,LC80450322021087LGN00,2021-03-28,T1,2,45,32,45,32,NADIR,0.0,2021/04/02,2021/04/02,2021-03-28 18:50:59.336078,2021-03-28 18:51:31.106077,LGN,DAY,1.19,2.98,1154,5,5.513,3.388,4.349,LPGS_15.4.0,48.30750902,147.12749115,FINAL,OLI_TIRS_L2SP,OLI_TIRS,8,UTM,10,WGS84,WGS84,"40°19'57.43""N","122°47'02.72""W","41°22'57.72""N","124°10'06.49""W","41°22'38.78""N","121°23'42.54""W","39°15'41.15""N","124°07'56.82""W","39°15'23.58""N","121°26'40.56""W",40.33262,-122.78409,41.3827,-124.16847,41.37744,-121.39515,39.26143,-124.13245,39.25655,-121.4446,LC08_L2SP_045032_20210328_20210402_02_T1,LC80450322021087LGN00
LC08_L2SP_044032_20210406_20210415_02_T1,LC08_L1TP_044032_20210406_20210415_02_T1,LC80440322021096LGN00,2021-04-06,T1,2,44,32,44,32,NADIR,0.0,2021/04/15,2021/04/15,2021-04-06 18:44:45.830097,2021-04-06 18:45:17.600096,LGN,DAY,1.08,1.08,793,5,6.915,4.394,5.339,LPGS_15.4.0,51.70478074,145.75355141,FINAL,OLI_TIRS_L2SP,OLI_TIRS,8,UTM,10,WGS84,WGS84,"40°19'58.12""N","121°14'57.88""W","41°23'26.20""N","122°35'35.95""W","41°20'53.92""N","119°51'14.51""W","39°17'26.16""N","122°36'20.66""W","39°15'04.72""N","119°56'59.71""W",40.33281,-121.24941,41.39061,-122.59332,41.34831,-119.85403,39.2906,-122.60574,39.25131,-119.94992,LC08_L2SP_044032_20210406_20210415_02_T1,LC80440322021096LGN00
LC08_L2SP_045032_20210413_20210423_02_T1,LC08_L1TP_045032_20210413_20210423_02_T1,LC80450322021103LGN00,2021-04-13,T1,2,45,32,45,32,NADIR,0.0,2021/04/23,2021/04/23,2021-04-13 18:50:53.96684,2021-04-13 18:51:25.73684,LGN,DAY,0.68,0.67,1240,5,5.125,3.172,4.026,LPGS_15.4.0,54.22053714,144.52284111,FINAL,OLI_TIRS_L2SP,OLI_TIRS,8,UTM,10,WGS84,WGS84,"40°19'57.76""N","122°48'07.45""W","41°22'57.04""N","124°11'11.04""W","41°22'39.68""N","121°24'47.09""W","39°15'40.54""N","124°08'59.39""W","39°15'24.41""N","121°27'43.13""W",40.33271,-122.80207,41.38251,-124.1864,41.37769,-121.41308,39.26126,-124.14983,39.25678,-121.46198,LC08_L2SP_045032_20210413_20210423_02_T1,LC80450322021103LGN00
LC08_L2SP_044032_20210422_20210430_02_T1,LC08_L1TP_044032_20210422_20210430_02_T1,LC80440322021112LGN00,2021-04-22,T1,2,44,32,44,32,NADIR,0.0,2021/04/30,2021/04/30,2021-04-22 18:44:38.77051,2021-04-22 18:45:10.540509,LGN,DAY,1.07,1.07,962,5,5.788,3.659,4.486,LPGS_15.4.0,57.21192773,142.69501326,FINAL,OLI_TIRS_L2SP,OLI_TIRS,8,UTM,10,WGS84,WGS84,"40°19'58.15""N","121°15'43.52""W","41°23'26.38""N","122°36'27.61""W","41°20'54.96""N","119°51'53.17""W","39°17'26.34""N","122°37'10.74""W","39°15'05.69""N","119°57'37.22""W",40.33282,-121.26209,41.39066,-122.60767,41.3486,-119.86477,39.29065,-122.61965,39.25158,-119.96034,LC08_L2SP_044032_20210422_20210430_02_T1,LC80440322021112LGN00
LC08_L2SP_045032_20210429_20210508_02_T1,LC08_L1TP_045032_20210429_20210508_02_T1,LC80450322021119LGN00,2021-04-29,T1,2,45,32,45,32,NADIR,0.0,2021/05/08,2021/05/08,2021-04-29 18:50:45.412265,2021-04-29 18:51:17.182264,LGN,DAY,1.12,3.2,1257,5,4.918,3.219,3.719,LPGS_15.4.0,59.30253586,141.05470731,FINAL,OLI_TIRS_L2SP,OLI_TIRS,8,UTM,10,WGS84,WGS84,"40°19'58.73""N","122°48'35.53""W","41°23'06.50""N","124°11'37.07""W","41°22'49.76""N","121°25'12.68""W","39°15'40.32""N","124°09'24.41""W","39°15'24.77""N","121°28'08.18""W",40.33298,-122.80987,41.38514,-124.19363,41.38049,-121.42019,39.2612,-124.15678,39.25688,-121.46894,LC08_L2SP_045032_20210429_20210508_02_T1,LC80450322021119LGN00
LC08_L2SP_044032_20210508_20210518_02_T1,LC08_L1TP_044032_20210508_20210518_02_T1,LC80440322021128LGN00,2021-05-08,T1,2,44,32,44,32,NADIR,0.0,2021/05/18,2021/05/18,2021-05-08 18:44:31.534153,2021-05-08 18:45:03.304152,LGN,DAY,2.52,2.52,985,5,5.662,3.963,4.044,LPGS_15.4.0,61.64244467,138.74680289,FINAL,OLI_TIRS_L2SP,OLI_TIRS,8,UTM,10,WGS84,WGS84,"40°19'57.36""N","121°13'46.67""W","41°23'25.98""N","122°34'31.37""W","41°20'51.79""N","119°49'57.18""W","39°17'25.94""N","122°35'18.02""W","39°15'02.74""N","119°55'44.72""W",40.3326,-121.22963,41.39055,-122.57538,41.34772,-119.83255,39.29054,-122.58834,39.25076,-119.92909,LC08_L2SP_044032_20210508_20210518_02_T1,LC80440322021128LGN00
LC08_L2SP_045032_20210515_20210525_02_T1,LC08_L1TP_045032_20210515_20210525_02_T1,LC80450322021135LGN00,2021-05-15,T1,2,45,32,45,32,NADIR,0.0,2021/05/25,2021/05/25,2021-05-15 18:50:47.321884,2021-05-15 18:51:19.091883,LGN,DAY,33.28,32.7,1099,5,5.218,3.713,3.667,LPGS_15.5.0,63.13697246,136.77244384,FINAL,OLI_TIRS_L2SP,OLI_TIRS,8,UTM,10,WGS84,WGS84,"40°19'58.26""N","122°46'57.14""W","41°23'07.44""N","124°10'06.64""W","41°22'48.32""N","121°23'29.36""W","39°15'41.15""N","124°07'56.82""W","39°15'23.44""N","121°26'28.07""W",40.33285,-122.78254,41.3854,-124.16851,41.38009,-121.39149,39.26143,-124.13245,39.25651,-121.44113,LC08_L2SP_045032_20210515_20210525_02_T1,LC80450322021135LGN00
LC08_L2SP_044032_20210524_20210529_02_T1,LC08_L1TP_044032_20210524_20210529_02_T1,LC80440322021144LGN00,2021-05-24,T1,2,44,32,44,32,NADIR,0.0,2021/05/29,2021/05/29,2021-05-24 18:44:41.966168,2021-05-24 18:45:13.736167,LGN,DAY,27.17,27.17,824,5,5.836,3.732,4.486,LPGS_15.5.0,64.6057013,134.17186942,FINAL,OLI_TIRS_L2SP,OLI_TIRS,8,UTM,10,WGS84,WGS84,"40°19'57.79""N","121°14'30.23""W","41°23'26.12""N","122°35'10.10""W","41°20'52.84""N","119°50'35.84""W","39°17'26.09""N","122°35'55.61""W","39°15'03.71""N","119°56'22.20""W",40.33272,-121.24173,41.39059,-122.58614,41.34801,-119.84329,39.29058,-122.59878,39.25103,-119.9395,LC08_L2SP_044032_20210524_20210529_02_T1,LC80440322021144LGN00
LC08_L2SP_045032_20210531_20210608_02_T1,LC08_L1TP_045032_20210531_20210608_02_T1,LC80450322021151LGN00,2021-05-31,T1,2,45,32,45,32,NADIR,0.0,2021/06/08,2021/06/08,2021-05-31 18:50:56.365022,2021-05-31 18:51:28.135021,LGN,DAY,0.13,0.13,1313,5,4.773,3.058,3.665,LPGS_15.5.0,65.38549937,132.23753291,FINAL,OLI_TIRS_L2SP,OLI_TIRS,8,UTM,10,WGS84,WGS84,"40°19'57.22""N","122°47'20.36""W","41°23'07.15""N","124°10'32.48""W","41°22'48.68""N","121°23'55.21""W","39°15'40.93""N","124°08'21.84""W","39°15'23.76""N","121°26'53.09""W",40.33256,-122.78899,41.38532,-124.17569,41.38019,-121.39867,39.26137,-124.1394,39.2566,-121.44808,LC08_L2SP_045032_20210531_20210608_02_T1,LC80450322021151LGN00
LC08_L2SP_044032_20210609_20210615_02_T1,LC08_L1TP_044032_20210609_20210615_02_T1,LC80440322021160LGN00,2021-06-09,T1,2,44,32,44,32,NADIR,0.0,2021/06/15,2021/06/15,2021-06-09 18:44:49.358211,2021-06-09 18:45:21.12821,LGN,DAY,42.01,42.01,525,5,5.797,4.165,4.032,LPGS_15.5.0,65.92596542,130.10726367,FINAL,OLI_TIRS_L2SP,OLI_TIRS,8,UTM,10,WGS84,WGS84,"40°19'58.80""N","121°14'32.14""W","41°23'35.84""N","122°35'10.03""W","41°21'02.56""N","119°50'35.38""W","39°17'26.09""N","122°35'55.61""W","39°15'03.71""N","119°56'22.20""W",40.333,-121.24226,41.39329,-122.58612,41.35071,-119.84316,39.29058,-122.59878,39.25103,-119.9395,LC08_L2SP_044032_20210609_20210615_02_T1,LC80440322021160LGN00
LC08_L2SP_045032_20210616_20210622_02_T1,LC08_L1TP_045032_20210616_20210622_02_T1,LC80450322021167LGN00,2021-06-16,T1,2,45,32,45,32,NADIR,0.0,2021/06/22,2021/06/22,2021-06-16 18:51:02.521118,2021-06-16 18:51:34.291117,LGN,DAY,0.08,0.15,1299,5,4.658,3.041,3.528,LPGS_15.5.0,66.00776906,128.89531975,FINAL,OLI_TIRS_L2SP,OLI_TIRS,8,UTM,10,WGS84,WGS84,"40°19'58.62""N","122°47'05.60""W","41°23'07.44""N","124°10'06.64""W","41°22'48.50""N","121°23'42.29""W","39°15'41.15""N","124°07'56.82""W","39°15'23.58""N","121°26'40.56""W",40.33295,-122.78489,41.3854,-124.16851,41.38014,-121.39508,39.26143,-124.13245,39.25655,-121.4446,LC08_L2SP_045032_20210616_20210622_02_T1,LC80450322021167LGN00
LC08_L2SP_044032_20210625_20210707_02_T1,LC08_L1TP_044032_20210625_20210707_02_T1,LC80440322021176LGN00,2021-06-25,T1,2,44,32,44,32,NADIR,0.0,2021/07/07,2021/07/07,2021-06-25 18:44:53.914728,2021-06-25 18:45:25.684727,LGN,DAY,0.24,0.24,968,5,5.468,4.07,3.652,LPGS_15.5.0,65.72262166,128.11175644,FINAL,OLI_TIRS_L2SP,OLI_TIRS,8,UTM,10,WGS84,WGS84,"40°19'58.55""N","121°13'55.70""W","41°23'35.74""N","122°34'44.22""W","41°21'01.87""N","119°50'09.60""W","39°17'26.02""N","122°35'30.55""W","39°15'03.06""N","119°55'57.22""W",40.33293,-121.23214,41.39326,-122.57895,41.35052,-119.836,39.29056,-122.59182,39.25085,-119.93256,LC08_L2SP_044032_20210625_20210707_02_T1,LC80440322021176LGN00
LC08_L2SP_045032_20210702_20210712_02_T1,LC08_L1TP_045032_20210702_20210712_02_T1,LC80450322021183LGN00,2021-07-02,T1,2,45,32,45,32,NADIR,0.0,2021/07/12,2021/07/12,2021-07-02 18:51:05.807466,2021-07-02 18:51:37.577465,LGN,DAY,0.15,1.81,1280,5,4.698,3.331,3.313,LPGS_15.5.0,65.22618048,128.16079253,FINAL,OLI_TIRS_L2SP,OLI_TIRS,8,UTM,10,WGS84,WGS84,"40°19'58.19""N","122°46'08.90""W","41°23'07.94""N","124°09'14.98""W","41°22'47.78""N","121°22'50.63""W","39°15'41.65""N","124°07'06.74""W","39°15'22.93""N","121°25'50.52""W",40.33283,-122.76914,41.38554,-124.15416,41.37994,-121.38073,39.26157,-124.11854,39.25637,-121.4307,LC08_L2SP_045032_20210702_20210712_02_T1,LC80450322021183LGN00
LC08_L2SP_044032_20210711_20210720_02_T1,LC08_L1TP_044032_20210711_20210720_02_T1,LC80440322021192LGN00,2021-07-11,T1,2,44,32,44,32,NADIR,0.0,2021/07/20,2021/07/20,2021-07-11 18:44:55.604459,2021-07-11 18:45:27.374458,LGN,DAY,0.01,0.01,944,5,5.314,3.831,3.682,LPGS_15.5.0,64.27311693,129.06953115,FINAL,OLI_TIRS_L2SP,OLI_TIRS,8,UTM,10,WGS84,WGS84,"40°19'57.11""N","121°12'40.61""W","41°23'25.73""N","122°33'26.75""W","41°20'49.99""N","119°48'52.74""W","39°17'25.73""N","122°34'15.42""W","39°15'01.08""N","119°54'42.23""W",40.33253,-121.21128,41.39048,-122.55743,41.34722,-119.81465,39.29048,-122.57095,39.2503,-119.91173,LC08_L2SP_044032_20210711_20210720_02_T1,LC80440322021192LGN00
LC08_L2SP_045032_20210718_20210729_02_T1,LC08_L1TP_045032_20210718_20210729_02_T1,LC80450322021199LGN00,2021-07-18,T1,2,45,32,45,32,NADIR,0.0,2021/07/29,2021/07/29,2021-07-18 18:51:08.225792,2021-07-18 18:51:39.995792,LGN,DAY,0.02,0.02,1277,5,4.597,3.089,3.404,LPGS_15.5.0,63.3104229,130.39428958,FINAL,OLI_TIRS_L2SP,OLI_TIRS,8,UTM,10,WGS84,WGS84,"40°19'58.26""N","122°45'07.38""W","41°23'08.59""N","124°08'10.43""W","41°22'46.85""N","121°21'46.08""W","39°15'42.23""N","124°06'04.18""W","39°15'22.07""N","121°24'47.95""W",40.33285,-122.75205,41.38572,-124.13623,41.37968,-121.3628,39.26173,-124.10116,39.25613,-121.41332,LC08_L2SP_045032_20210718_20210729_02_T1,LC80450322021199LGN00
LC08_L2SP_045032_20210803_20210811_02_T1,LC08_L1TP_045032_20210803_20210811_02_T1,LC80450322021215LGN00,2021-08-03,T1,2,45,32,45,32,NADIR,0.0,2021/08/11,2021/08/11,2021-08-03 18:51:16.418917,2021-08-03 18:51:48.188917,LGN,DAY,34.69,35.72,1129,5,5.038,3.36,3.753,LPGS_15.5.0,60.45540419,135.01277044,FINAL,OLI_TIRS_L2SP,OLI_TIRS,8,UTM,10,WGS84,WGS84,"40°19'57.65""N","122°45'40.46""W","41°23'08.20""N","124°08'49.16""W","41°22'47.21""N","121°22'11.93""W","39°15'41.90""N","124°06'41.72""W","39°15'22.43""N","121°25'12.97""W",40.33268,-122.76124,41.38561,-124.14699,41.37978,-121.36998,39.26164,-124.11159,39.25623,-121.42027,LC08_L2SP_045032_20210803_20210811_02_T1,LC80450322021215LGN00
LC08_L2SP_044032_20210812_20210819_02_T1,LC08_L1TP_044032_20210812_20210819_02_T1,LC80440322021224LGN00,2021-08-12,T1,2,44,32,44,32,NADIR,0.0,2021/08/19,2021/08/19,2021-08-12 18:45:09.016677,2021-08-12 18:45:40.786677,LGN,DAY,3.66,3.66,893,5,5.633,3.788,4.169,LPGS_15.5.0,58.46685019,138.25127464,FINAL,OLI_TIRS_L2SP,OLI_TIRS,8,UTM,10,WGS84,WGS84,"40°19'57.29""N","121°13'05.16""W","41°23'25.84""N","122°33'52.60""W","41°20'50.71""N","119°49'18.52""W","39°17'25.84""N","122°34'40.48""W","39°15'01.73""N","119°55'07.21""W",40.33258,-121.2181,41.39051,-122.56461,41.34742,-119.82181,39.29051,-122.57791,39.25048,-119.91867,LC08_L2SP_044032_20210812_20210819_02_T1,LC80440322021224LGN00
LC08_L2SP_045032_20210819_20210827_02_T1,LC08_L1TP_045032_20210819_20210827_02_T1,LC80450322021231LGN00,2021-08-19,T1,2,45,32,45,32,NADIR,0.0,2021/08/27,2021/08/27,2021-08-19 18:51:21.917935,2021-08-19 18:51:53.687935,LGN,DAY,9.24,10.69,1266,5,4.786,3.235,3.527,LPGS_15.5.0,56.74110045,140.9386569,FINAL,OLI_TIRS_L2SP,OLI_TIRS,8,UTM,10,WGS84,WGS84,"40°19'57.40""N","122°45'44.24""W","41°23'08.20""N","124°08'49.16""W","41°22'47.42""N","121°22'24.82""W","39°15'41.90""N","124°06'41.72""W","39°15'22.57""N","121°25'25.50""W",40.33261,-122.76229,41.38561,-124.14699,41.37984,-121.37356,39.26164,-124.11159,39.25627,-121.42375,LC08_L2SP_045032_20210819_20210827_02_T1,LC80450322021231LGN00
LC08_L2SP_044032_20210828_20210901_02_T1,LC08_L1TP_044032_20210828_20210901_02_T1,LC80440322021240LGN00,2021-08-28,T1,2,44,32,44,32,NADIR,0.0,2021/09/01,2021/09/01,2021-08-28 18:45:13.508768,2021-08-28 18:45:45.278767,LGN,DAY,0.58,0.58,933,5,5.978,4.076,4.373,LPGS_15.5.0,54.30861869,144.44764066,FINAL,OLI_TIRS_L2SP,OLI_TIRS,8,UTM,10,WGS84,WGS84,"40°19'58.58""N","121°13'02.86""W","41°23'35.52""N","122°33'39.60""W","41°21'00.07""N","119°49'05.16""W","39°17'25.76""N","122°34'27.95""W","39°15'01.40""N","119°54'54.72""W",40.33294,-121.21746,41.3932,-122.561,41.35002,-119.8181,39.29049,-122.57443,39.25039,-119.9152,LC08_L2SP_044032_20210828_20210901_02_T1,LC80440322021240LGN00
LC08_L2SP_045032_20210904_20210910_02_T1,LC08_L1TP_045032_20210904_20210910_02_T1,LC80450322021247LGN00,2021-09-04,T1,2,45,32,45,32,NADIR,0.0,2021/09/10,2021/09/10,2021-09-04 18:51:26.631181,2021-09-04 18:51:58.401181,LGN,DAY,5.46,7.0,1252,5,4.992,3.195,3.836,LPGS_15.5.0,52.25811483,147.12976922,FINAL,OLI_TIRS_L2SP,OLI_TIRS,8,UTM,10,WGS84,WGS84,"40°19'57.47""N","122°45'51.12""W","41°23'08.09""N","124°09'02.09""W","41°22'47.42""N","121°22'24.82""W","39°15'41.76""N","124°06'54.22""W","39°15'22.57""N","121°25'25.50""W",40.33263,-122.7642,41.38558,-124.15058,41.37984,-121.37356,39.2616,-124.11506,39.25627,-121.42375,LC08_L2SP_045032_20210904_20210910_02_T1,LC80450322021247LGN00
LC08_L2SP_044032_20210913_20210924_02_T1,LC08_L1TP_044032_20210913_20210924_02_T1,LC80440322021256LGN00,2021-09-13,T1,2,44,32,44,32,NADIR,0.0,2021/09/24,2021/09/24,2021-09-13 18:45:17.883569,2021-09-13 18:45:49.653569,LGN,DAY,0.03,0.03,924,5,6.181,3.72,4.937,LPGS_15.5.0,49.45003217,150.40205478,FINAL,OLI_TIRS_L2SP,OLI_TIRS,8,UTM,10,WGS84,WGS84,"40°19'57.04""N","121°13'15.28""W","41°23'25.84""N","122°33'52.60""W","41°20'50.71""N","119°49'18.52""W","39°17'25.84""N","122°34'40.48""W","39°15'01.73""N","119°55'07.21""W",40.33251,-121.22091,41.39051,-122.56461,41.34742,-119.82181,39.29051,-122.57791,39.25048,-119.91867,LC08_L2SP_044032_20210913_20210924_02_T1,LC80440322021256LGN00
LC08_L2SP_045032_20210920_20210925_02_T1,LC08_L1TP_045032_20210920_20210925_02_T1,LC80450322021263LGN00,2021-09-20,T1,2,45,32,45,32,NADIR,0.0,2021/09/25,2021/09/25,2021-09-20 18:51:29.617031,2021-09-20 18:52:01.387031,LGN,DAY,0.05,0.05,1255,5,5.469,3.252,4.397,LPGS_15.5.0,47.15764766,152.76492567,FINAL,OLI_TIRS_L2SP,OLI_TIRS,8,UTM,10,WGS84,WGS84,"40°19'58.55""N","122°45'47.84""W","41°23'08.20""N","124°08'49.16""W","41°22'47.42""N","121°22'24.82""W","39°15'41.90""N","124°06'41.72""W","39°15'22.57""N","121°25'25.50""W",40.33293,-122.76329,41.38561,-124.14699,41.37984,-121.37356,39.26164,-124.11159,39.25627,-121.42375,LC08_L2SP_045032_20210920_20210925_02_T1,LC80450322021263LGN00
LC08_L2SP_044032_20210929_20211013_02_T1,LC08_L1TP_044032_20210929_20211013_02_T1,LC80440322021272LGN00,2021-09-29,T1,2,44,32,44,32,NADIR,0.0,2021/10/13,2021/10/13,2021-09-29 18:45:22.017347,2021-09-29 18:45:53.787346,LGN,DAY,0.02,0.02,888,5,6.546,3.766,5.354,LPGS_15.5.0,44.11673407,155.48280528,FINAL,OLI_TIRS_L2SP,OLI_TIRS,8,UTM,10,WGS84,WGS84,"40°19'58.30""N","121°13'39.29""W","41°23'25.91""N","122°34'18.44""W","41°20'51.43""N","119°49'44.29""W","39°17'25.91""N","122°35'05.50""W","39°15'02.41""N","119°55'32.23""W",40.33286,-121.22758,41.39053,-122.57179,41.34762,-119.82897,39.29053,-122.58486,39.25067,-119.92562,LC08_L2SP_044032_20210929_20211013_02_T1,LC80440322021272LGN00
LC08_L2SP_045032_20211006_20211013_02_T1,LC08_L1TP_045032_20211006_20211013_02_T1,LC80450322021279LGN00,2021-10-06,T1,2,45,32,45,32,NADIR,0.0,2021/10/13,2021/10/13,2021-10-06 18:51:35.352506,2021-10-06 18:52:07.122505,LGN,DAY,33.52,32.94,800,5,6.05,3.588,4.871,LPGS_15.5.0,41.70895973,157.32233367,FINAL,OLI_TIRS_L2SP,OLI_TIRS,8,UTM,10,WGS84,WGS84,"40°19'57.68""N","122°46'44.08""W","41°23'07.55""N","124°09'53.75""W","41°22'48.14""N","121°23'16.48""W","39°15'41.29""N","124°07'44.29""W","39°15'23.26""N","121°26'15.54""W",40.33269,-122.77891,41.38543,-124.16493,41.38004,-121.38791,39.26147,-124.12897,39.25646,-121.43765,LC08_L2SP_045032_20211006_20211013_02_T1,LC80450322021279LGN00
LC08_L2SP_044032_20211015_20211025_02_T1,LC08_L1TP_044032_20211015_20211025_02_T1,LC80440322021288LGN00,2021-10-15,T1,2,44,32,44,32,NADIR,0.0,2021/10/25,2021/10/25,2021-10-15 18:45:26.516476,2021-10-15 18:45:58.286476,LGN,DAY,0.01,0.01,872,5,7.389,3.907,6.272,LPGS_15.5.0,38.62487683,159.29722746,FINAL,OLI_TIRS_L2SP,OLI_TIRS,8,UTM,10,WGS84,WGS84,"40°19'57.18""N","121°14'25.30""W","41°23'26.12""N","122°35'10.10""W","41°20'52.84""N","119°50'35.84""W","39°17'16.37""N","122°35'55.64""W","39°14'53.99""N","119°56'22.63""W",40.33255,-121.24036,41.39059,-122.58614,41.34801,-119.84329,39.28788,-122.59879,39.24833,-119.93962,LC08_L2SP_044032_20211015_20211025_02_T1,LC80440322021288LGN00
LC08_L2SP_045032_20211022_20211103_02_T1,LC08_L1TP_045032_20211022_20211103_02_T1,LC80450322021295LGN00,2021-10-22,T1,2,45,32,45,32,NADIR,0.0,2021/11/03,2021/11/03,2021-10-22 18:51:37.950191,2021-10-22 18:52:09.72019,LGN,DAY,55.33,54.72,296,5,7.933,5.185,6.004,LPGS_15.5.0,36.27789896,160.52625273,FINAL,OLI_TIRS_L2SP,OLI_TIRS,8,UTM,10,WGS84,WGS84,"40°19'58.15""N","122°47'10.18""W","41°23'07.30""N","124°10'19.56""W","41°22'48.50""N","121°23'42.29""W","39°15'41.04""N","124°08'09.31""W","39°15'23.58""N","121°26'40.56""W",40.33282,-122.78616,41.38536,-124.1721,41.38014,-121.39508,39.2614,-124.13592,39.25655,-121.4446,LC08_L2SP_045032_20211022_20211103_02_T1,LC80450322021295LGN00
LC08_L2SP_044032_20211031_20211109_02_T1,LC08_L1TP_044032_20211031_20211109_02_T1,LC80440322021304LGN00,2021-10-31,T1,2,44,32,44,32,NADIR,0.0,2021/11/09,2021/11/09,2021-10-31 18:45:26.691298,2021-10-31 18:45:58.461298,LGN,DAY,26.61,26.61,189,5,8.2,5.04,6.468,LPGS_15.5.0,33.39620932,161.69161233,FINAL,OLI_TIRS_L2SP,OLI_TIRS,8,UTM,10,WGS84,WGS84,"40°19'58.19""N","121°14'20.58""W","41°23'26.05""N","122°34'57.18""W","41°20'52.84""N","119°50'35.84""W","39°17'26.05""N","122°35'43.08""W","39°15'03.71""N","119°56'22.20""W",40.33283,-121.23905,41.39057,-122.58255,41.34801,-119.84329,39.29057,-122.5953,39.25103,-119.9395,LC08_L2SP_044032_20211031_20211109_02_T1,LC80440322021304LGN00
LC08_L2SP_045032_20211107_20211117_02_T1,LC08_L1TP_045032_20211107_20211117_02_T1,LC80450322021311LGN00,2021-11-07,T1,2,45,32,45,32,NADIR,0.0,2021/11/17,2021/11/17,2021-11-07 18:51:35.8299,2021-11-07 18:52:07.5999,LGN,DAY,11.58,11.38,789,5,8.079,4.62,6.628,LPGS_15.5.0,31.30494137,162.27954175,FINAL,OLI_TIRS_L2SP,OLI_TIRS,8,UTM,10,WGS84,WGS84,"40°19'57.83""N","122°46'40.73""W","41°22'57.97""N","124°09'40.64""W","41°22'38.42""N","121°23'16.69""W","39°15'41.40""N","124°07'31.76""W","39°15'23.26""N","121°26'15.54""W",40.33273,-122.77798,41.38277,-124.16129,41.37734,-121.38797,39.2615,-124.12549,39.25646,-121.43765,LC08_L2SP_045032_20211107_20211117_02_T1,LC80450322021311LGN00
LC08_L2SP_044032_20211116_20211125_02_T1,LC08_L1TP_044032_20211116_20211125_02_T1,LC80440322021320LGN00,2021-11-16,T1,2,44,32,44,32,NADIR,0.0,2021/11/25,2021/11/25,2021-11-16 18:45:21.314722,2021-11-16 18:45:53.084721,LGN,DAY,1.85,1.85,644,5,8.475,4.704,7.05,LPGS_15.5.0,28.88925616,162.64695767,FINAL,OLI_TIRS_L2SP,OLI_TIRS,8,UTM,10,WGS84,WGS84,"40°19'58.26""N","121°13'04.91""W","41°23'25.76""N","122°33'39.67""W","41°20'50.71""N","119°49'18.52""W","39°17'25.76""N","122°34'27.95""W","39°15'01.73""N","119°55'07.21""W",40.33285,-121.21803,41.39049,-122.56102,41.34742,-119.82181,39.29049,-122.57443,39.25048,-119.91867,LC08_L2SP_044032_20211116_20211125_02_T1,LC80440322021320LGN00
LC09_L2SP_043032_20211121_20230407_02_T1,LC09_L1TP_043032_20211121_20230407_02_T1,LC90430322021325LGN04,2021-11-21,T1,2,43,32,43,32,NADIR,0.0,2023/04/07,2023/04/07,2021-11-21 18:41:31,2021-11-21 18:42:03,LGN,DAY,0.11,0.11,543,5,8.276,4.732,6.79,LPGS_16.2.0,27.68864988,162.5897978,,OLI_TIRS_L2SP,OLI_TIRS,9,UTM,11,WGS84,WGS84,"40°19'57.07""N","120°20'24.65""W","41°21'40.75""N","121°48'02.81""W","41°26'39.84""N","118°59'18.10""W","39°11'54.06""N","121°38'59.39""W","39°16'31.26""N","118°55'32.20""W",40.33252,-120.34018,41.36132,-121.80078,41.4444,-118.98836,39.19835,-121.64983,39.27535,-118.92561,LC09_L2SP_043032_20211121_20230407_02_T1,LC90430322021325LGN04
LC08_L2SP_044032_20211202_20211209_02_T1,LC08_L1TP_044032_20211202_20211209_02_T1,LC80440322021336LGN00,2021-12-02,T1,2,44,32,44,32,NADIR,0.0,2021/12/09,2021/12/09,2021-12-02 18:45:22.863671,2021-12-02 18:45:54.633671,LGN,DAY,0.37,0.37,610,5,8.897,4.977,7.375,LPGS_15.5.0,25.57425033,162.30071317,FINAL,OLI_TIRS_L2SP,OLI_TIRS,8,UTM,10,WGS84,WGS84,"40°19'57.86""N","121°13'46.67""W","41°23'25.98""N","122°34'31.37""W","41°20'51.79""N","119°49'57.18""W","39°17'25.94""N","122°35'18.02""W","39°15'02.74""N","119°55'44.72""W",40.33274,-121.22963,41.39055,-122.57538,41.34772,-119.83255,39.29054,-122.58834,39.25076,-119.92909,LC08_L2SP_044032_20211202_20211209_02_T1,LC80440322021336LGN00
LC08_L2SP_045032_20211209_20211215_02_T1,LC08_L1TP_045032_20211209_20211215_02_T1,LC80450322021343LGN00,2021-12-09,T1,2,45,32,45,32,NADIR,0.0,2021/12/15,2021/12/15,2021-12-09 18:51:33.31524,2021-12-09 18:52:05.08524,LGN,DAY,3.41,3.35,915,5,8.786,5.07,7.176,LPGS_15.5.0,24.60082256,161.79495189,FINAL,OLI_TIRS_L2SP,OLI_TIRS,8,UTM,10,WGS84,WGS84,"40°19'57.58""N","122°46'43.32""W","41°22'57.83""N","124°09'53.57""W","41°22'38.42""N","121°23'16.69""W","39°15'41.29""N","124°07'44.29""W","39°15'23.26""N","121°26'15.54""W",40.33266,-122.7787,41.38273,-124.16488,41.37734,-121.38797,39.26147,-124.12897,39.25646,-121.43765,LC08_L2SP_045032_20211209_20211215_02_T1,LC80450322021343LGN00
LC09_L2SP_045032_20211217_20230504_02_T1,LC09_L1TP_045032_20211217_20230504_02_T1,LC90450322021351LGN02,2021-12-17,T1,2,45,32,45,32,NADIR,-0.001,2023/05/04,2023/05/04,2021-12-17 18:51:28,2021-12-17 18:52:00,LGN,DAY,11.25,11.06,636,5,8.826,5.35,7.019,LPGS_16.2.0,23.89270279,160.99469147,,OLI_TIRS_L2SP,OLI_TIRS,9,UTM,10,WGS84,WGS84,"40°19'57.11""N","122°46'53.04""W","41°22'57.83""N","124°09'53.57""W","41°22'38.60""N","121°23'29.62""W","39°15'41.29""N","124°07'44.29""W","39°15'23.44""N","121°26'28.07""W",40.33253,-122.7814,41.38273,-124.16488,41.37739,-121.39156,39.26147,-124.12897,39.25651,-121.44113,LC09_L2SP_045032_20211217_20230504_02_T1,LC90450322021351LGN02
