,grid_id,calibrated_prob,raw_prob,log_scaled_prob,sqrt_scaled_prob,softmax_prob,scaled
0,0_0,0.0026211744645759207,0.0016258067,0.0026177451779875495,0.1406383156273249,0.0002369082270314001,0.05324922394274836
1,0_1,0.0026205270646284247,0.0016089627,0.0026170994703434264,0.14062685178338794,0.000236908073657076,0.05226720170985359
2,0_10,0.0026154657633934075,0.0014771348,0.0026120513849777834,0.14053716324636917,0.00023690687459698462,0.04458986043204192
3,0_11,0.0026157499208073333,0.0014845427,0.002612334801086313,0.14054220172323864,0.000236906941915839,0.0450208905845713
4,0_12,0.002615891287572089,0.0014882279,0.0026124757990257535,0.14054470820141904,0.00023690697540660932,0.04523532573631854
5,0_13,0.002616019901997313,0.0014915804,0.0026126040778791933,0.14054698849767824,0.00023690700587626574,0.04543041723351351
6,0_14,0.002615585175954085,0.001480248,0.0026121704860266343,0.14053928062951843,0.00023690690288664286,0.044770993887375
7,0_15,0.0026155338951351077,0.001478911,0.0026121193389857873,0.14053837134331063,0.00023690689073786316,0.04469320749806229
8,0_16,0.0026154747475013087,0.001477369,0.0026120603456493145,0.1405373225517859,0.00023690687672538155,0.044603488165154206
9,0_17,0.002621273470794239,0.0016283822,0.0026178439253668703,0.14064006861412104,0.0002369082504867889,0.053399403608284504
10,0_18,0.0026220253666992283,0.0016479391,0.0026185938552186995,0.14065338010408426,0.00023690842861719927,0.05453993273309834
11,0_19,0.002622519605903977,0.0016607912,0.002619086801783235,0.1406621286725422,0.00023690854570666156,0.055289629870561185
12,0_2,0.0026205424055834987,0.0016093618,0.0026171147712020686,0.14062712345552006,0.00023690807729147213,0.052290471960360206
13,0_20,0.002622574578347341,0.0016622206,0.002619141630435875,0.140663101675975,0.00023690855873010353,0.05537301597800308
14,0_21,0.002622933866204896,0.0016715617,0.0026194999784347034,0.14066946067695332,0.00023690864384848733,0.05591800932484077
15,0_22,0.0026238877753665666,0.0016963563,0.002620451391648654,0.140686340991608,0.00023690886983792096,0.05736496650879772
16,0_23,0.0026251853054263157,0.0017300681,0.002621745525207589,0.1407092954005693,0.00023690917723450045,0.05933315228244638
17,0_24,0.002625425590427533,0.0017363093,0.002621985181039047,0.14071354541211656,0.0002369092341602292,0.05969763364259961
18,0_25,0.0026250439620634906,0.0017263966,0.002621604551915815,0.1407067952853904,0.00023690914374896297,0.05911875262841022
19,0_26,0.002623413142341501,0.0016840205,0.002619978000636135,0.1406779424304194,0.00023690875739317409,0.05664500941753801
20,0_27,0.0026394511446282826,0.0020996241,0.0026359739107711653,0.14096117044341788,0.00023691255696683565,0.08097259065654186
21,0_28,0.0026390055203024602,0.0020881104,0.002635529459453852,0.1409533164006066,0.00023691245139286068,0.08029663602112862
22,0_29,0.0026391247702400094,0.0020911917,0.002635648395511397,0.140955418244832,0.0002369124796446574,0.08047752279814731
23,0_3,0.0026205173205512446,0.0016087091,0.0026170897517340777,0.14062667922550617,0.00023690807134862547,0.05225242120134865
24,0_30,0.0026400204518754757,0.0021143307,0.0026365417191542427,0.14097120308144964,0.00023691269184290963,0.08183615633376178
25,0_31,0.0026408482135774625,0.002135708,0.0026373673009616808,0.14098578775699966,0.00023691288795024383,0.08309176408911298
26,0_32,0.0026411872184339807,0.002144461,0.0026377054128586892,0.14099175993962074,0.00023691296826487703,0.0836059907390343
27,0_33,0.002640794428026712,0.0021343192,0.0026373136570748503,0.14098484018020185,0.00023691287520775402,0.08301017834470556
28,0_34,0.0026404963685797158,0.0021266222,0.002637016382624264,0.14097958882887834,0.00023691280459364397,0.08255806060078755
29,0_35,0.0026404566725291593,0.002125597,0.002636976791114161,0.1409788894152472,0.00023691279518914151,0.08249784681122066
30,0_36,0.0026400550483306967,0.0021152243,0.0026365762245140114,0.14097181271203993,0.00023691270003924913,0.08188863469483962
31,0_37,0.002639872227679651,0.002110502,0.00263639388523204,0.1409685911346547,0.00023691265672671902,0.08161131934340418
32,0_38,0.002639438536603355,0.0020992984,0.002635961335936819,0.14096094824162284,0.00023691255397983622,0.08095346590863314
33,0_39,0.002640645042474937,0.0021304616,0.0026371646649694684,0.14098220828503205,0.00023691283981639607,0.08278357972713764
34,0_4,0.002620952591242046,0.0016200345,0.002617523884677499,0.14063438701574443,0.00023690817446778777,0.05291267070762018
35,0_40,0.002641378896127563,0.0021494096,0.00263789658561092,0.14099513646098075,0.00023691301367581273,0.0838967410818107
36,0_41,0.0026398116117471596,0.0021089362,0.002636333428894722,0.1409675229569147,0.00023691264236603784,0.08151937279072925
37,0_42,0.002638702094267142,0.0020802696,0.002635226832008121,0.14094796806672927,0.00023691237950746575,0.07983637785479089
38,0_43,0.00263357067671801,0.0019475328,0.0026301089060099202,0.14085745674746147,0.00023691116381424304,0.07205267917053249
39,0_44,0.0026325734945266406,0.0019217082,0.002629114342575766,0.14083985408282879,0.00023691092757076735,0.0705400823809299
40,0_45,0.0026345930545040794,0.0019739997,0.0026311285978442202,0.14087549953926323,0.000236911406027078,0.07360349442811938
41,0_46,0.0026356646443701837,0.0020017296,0.0026321973713544144,0.14089440578497378,0.00023691165989907592,0.07522895806482381
42,0_47,0.002634355445173409,0.0019678494,0.0026308916128444295,0.14087130665881895,0.0002369113497347241,0.07324307171513667
43,0_48,0.002634309913696259,0.0019666709,0.0026308462009971925,0.1408705031764248,0.00023691133894780062,0.0731740063359517
44,0_49,0.002633163061849606,0.0019369777,0.002629702361721775,0.14085026190413194,0.00023691106724574987,0.0714343799803963
45,0_5,0.0026205323930164905,0.0016091013,0.0026171047848047883,0.14062694614364077,0.00023690807491941415,0.05227528418741088
46,0_50,0.002641173745422659,0.0021441132,0.0026376919753382843,0.14099152259800118,0.00023691296507294597,0.08358555391831288
47,0_51,0.0026413096780833383,0.0021476226,0.0026378275499137397,0.14099391716117368,0.00023691299727715784,0.08379174623494805
48,0_52,0.002645014667292255,0.0022432073,0.002641522772051287,0.14105915175672448,0.00023691387503888225,0.0894117370765656
49,0_53,0.002642830429564773,0.0021868725,0.0026393442940509104,0.14102070079473616,0.0002369133575632234,0.08609853011908797
50,0_54,0.0026424847451999287,0.0021779526,0.002638999520803704,0.14101461347269875,0.000236913275665994,0.08557417151641218
51,0_55,0.0026421625615302012,0.002169638,0.00263867818620399,0.14100893950530516,0.0002369131993364177,0.0850854604376238
52,0_56,0.002641336517334347,0.0021483155,0.0026378543184603677,0.14099438994641106,0.00023691300363572535,0.08383245791758967
53,0_57,0.0026406994651584728,0.002131867,0.002637218944319032,0.14098316712289669,0.00023691285270982895,0.08286613191981687
54,0_58,0.002640261221210428,0.0021205493,0.0026367818544980677,0.14097544561181888,0.00023691274888422778,0.0822013723657328
55,0_59,0.0026405658989583133,0.0021284178,0.0026370857298892497,0.14098081388326023,0.00023691282106628154,0.08266352921861611
56,0_6,0.0026205672089969316,0.0016100073,0.0026171395097866848,0.14062756269555418,0.0002369080831676012,0.05232809553993789
57,0_60,0.002641279276827497,0.0021468378,0.0026377972287450337,0.14099338162576314,0.0002369129900747053,0.08374563145032425
58,0_61,0.0026410503542245002,0.0021409274,0.002637568909171661,0.14098934889128406,0.00023691293583997313,0.08339838538299844
59,0_62,0.002640551635705327,0.0021280495,0.0026370715042000315,0.1409805625810466,0.00023691281768713408,0.08264189370319741
60,0_63,0.002640099561058339,0.002116374,0.002636620620034049,0.14097259707124246,0.00023691271058487985,0.08195615476239695
61,0_64,0.0026400185589089504,0.0021142818,0.0026365398311720277,0.14097116972497897,0.00023691269139444187,0.08183328494765618
62,0_65,0.002640189904906035,0.0021187074,0.0026367107259889825,0.14097418899381212,0.00023691273198848665,0.08209319472878178
63,0_66,0.0026403663376078045,0.0021232641,0.0026368866940860354,0.14097729775771908,0.00023691277378764373,0.08236082038494316
64,0_7,0.0026200495847182423,0.001596537,0.002616623238298511,0.14061839558507735,0.0002369079605382573,0.0515429262610013
65,0_8,0.0026208091708822137,0.001616303,0.002617380839222764,0.14063184741720697,0.00023690814049033456,0.05269512051696949
66,0_9,0.0026245178162962513,0.0017127278,0.0026210797835505527,0.14069748790048334,0.00023690901910025257,0.05832065735025793
67,10_0,0.0026265823946665045,0.001766348,0.0026231389554617775,0.1407340025988396,0.00023690950821799405,0.061452356493861514
68,10_1,0.002625757478946458,0.0017449288,0.0026223162004362444,0.14071941522111542,0.00023690931278769707,0.06020106572610118
69,10_10,0.0026241412968432353,0.0017029445,0.002620704249622324,0.1406908265996052,0.0002369089298994151,0.05774952589526024
70,10_11,0.0026243105442690464,0.0017073423,0.0026208730540671354,0.14069382096774985,0.00023690896999564503,0.058006252414391925
71,10_12,0.002624489140176135,0.0017119828,0.0026210511824940083,0.14069698059128313,0.00023690901230662118,0.05827715937405884
72,10_13,0.002625187712156563,0.0017301306,0.0026217479256362636,0.14070933797060814,0.0002369091778046769,0.05933680298186417
73,10_14,0.0026247971022025523,0.0017199838,0.002621358338345932,0.14070242855284568,0.00023690908526561194,0.058744298053941435
74,10_15,0.0026241884585108425,0.00170417,0.002620751287853856,0.14069166100872774,0.00023690894107243556,0.057821064063141844
75,10_16,0.0026242563598943072,0.0017059344,0.0026208190115153706,0.14069286233820671,0.00023690895715888097,0.05792406170542534
76,10_17,0.0026241620170500053,0.0017034829,0.0026207249155984383,0.14069119319368015,0.00023690893480821714,0.057780955776891574
77,10_18,0.002624978348301777,0.0017246922,0.0026215391099400184,0.14070563466284058,0.0002369091282044634,0.05901922501331569
78,10_19,0.0026250855468250315,0.0017274768,0.0026216460278004733,0.14070753085595433,0.00023690915360077345,0.05918183134897674
79,10_2,0.0026254001091649214,0.0017356474,0.0026219597665000922,0.1407130947277564,0.00023690922812348285,0.05965898185323297
80,10_20,0.002624535833124692,0.0017131959,0.0026210977532171212,0.14069780663427,0.00023690902336860178,0.058347986555586574
81,10_21,0.002624040928231295,0.0017003363,0.0026206041436974514,0.14068905079168742,0.00023690890612119585,0.057597279654290644
82,10_22,0.0026238452509112723,0.0016952512,0.0026204089784798525,0.14068558856917468,0.00023690885976350055,0.057300462393988026
83,10_23,0.0026238434411846112,0.0016952042,0.002620407173489206,0.14068555654791454,0.00023690885933476025,0.057297717272022194
84,10_24,0.0026232606574936057,0.0016800569,0.0026198259147607286,0.1406752440175142,0.000236908721268181,0.056413709567434724
85,10_25,0.00262340086601442,0.0016837014,0.002619965756430589,0.1406777251891212,0.0002369087544848047,0.056626387812487876
86,10_26,0.002624157088986038,0.0017033549,0.0026207200004326504,0.14069110600365212,0.0002369089336407148,0.057773480539366776
87,10_27,0.002642978476498565,0.0021906924,0.0026394919507421754,0.14102330766115176,0.00023691339263752213,0.08632309822580098
88,10_28,0.0026440994563301685,0.0022196083,0.002640609975033001,0.14104304312383117,0.00023691365821280596,0.08802348007093244
89,10_29,0.0026441865962115426,0.0022218556,0.0026406968851116967,0.14104457703423243,0.00023691367885743492,0.08815566003358484
90,10_3,0.002625600366713303,0.0017408485,0.0026221594996490437,0.14071663658256,0.0002369092755663488,0.059962746729298286
91,10_30,0.0026421134222882788,0.0021683697,0.0026386291764525934,0.14100807407477906,0.00023691318769468298,0.08501092254453013
92,10_31,0.0026413143045880528,0.002147742,0.0026378321642306036,0.14099399865932322,0.00023691299837323693,0.08379876404597439
93,10_32,0.0026402303992777206,0.0021197533,0.0026367511137285484,0.1409749025214699,0.00023691274158211907,0.08215461946855243
94,10_33,0.0026415859928890554,0.0021547559,0.002638103136771149,0.1409987844142757,0.0002369130627397357,0.08421088016219329
95,10_34,0.002642508366266145,0.002178562,0.0026390230796158403,0.14101502944438327,0.00023691328126213823,0.08561000162773454
96,10_35,0.0026425731493390507,0.0021802338,0.0026390876919480245,0.14101617027442487,0.00023691329661010911,0.08570826919503176
97,10_36,0.002642535731958725,0.0021792683,0.002639050373184563,0.14101551135656948,0.00023691328774543433,0.08565151185435127
98,10_37,0.002642677933447593,0.0021829377,0.0026391921998812334,0.14101801548311796,0.00023691332143485898,0.08586721317493229
99,10_38,0.0026426834466158422,0.00218308,0.0026391976985183406,0.14101811256657729,0.000236913322741002,0.0858755759401987
100,10_39,0.0026431592915921527,0.0021953573,0.0026396722891888266,0.1410264913890098,0.00023691343547504326,0.08659737140520533
101,10_4,0.0026247211613553848,0.0017180109,0.0026212825963033825,0.1407010851711006,0.00023690906727453598,0.058629105581974275
102,10_40,0.002643061861443324,0.0021928437,0.0026395751158797987,0.14102477589173273,0.0002369134123925331,0.08644958243383769
103,10_41,0.002642765405590904,0.0021851948,0.002639279441469309,0.14101955579708222,0.0002369133421581759,0.08599989713609517
104,10_42,0.0026425522345192515,0.0021796941,0.002639066832251282,0.14101580196645522,0.00023691329165511025,0.08567654411053098
105,10_43,0.0026414788619005757,0.0021519903,0.0026379962880270914,0.14099689735488882,0.00023691303735900646,0.0840483762680762
106,10_44,0.0026410049147428624,0.0021397541,0.002637523589380843,0.1409885483947888,0.0002369129250747724,0.08332945954914237
107,10_45,0.002641570019472178,0.0021543435,0.0026380872054381304,0.14099850305368883,0.0002369130589554246,0.08418665054869123
108,10_46,0.002641616334528917,0.002155539,0.002638133398471667,0.1409993188579406,0.00023691306992806662,0.08425690451706344
109,10_47,0.002641909008494518,0.0021630938,0.0026384253012992744,0.14100447386407863,0.00023691313926636445,0.08470085318020608
110,10_48,0.0026429967415477628,0.0021911636,0.0026395101676443267,0.14102362927226778,0.00023691339696475694,0.08635080395000827
111,10_49,0.002643280605978092,0.002198487,0.0026397932837595025,0.14102862736777555,0.00023691346421605294,0.08678138968420442
112,10_5,0.0026245447138848175,0.0017134267,0.0026211066107303467,0.140697963742309,0.000236909025472534,0.05836145752345132
113,10_50,0.0026479204819482485,0.0023180807,0.002644420916861017,0.14111027227726342,0.00023691456346769277,0.09381948318141724
114,10_51,0.0026395308856940053,0.0021016842,0.002636053441915148,0.14096257577060972,0.00023691257585849615,0.08109354756998784
115,10_52,0.0026389404820619023,0.0020864299,0.002635464592395709,0.14095217003985275,0.00023691243598449217,0.08019798139740927
116,10_53,0.0026388900870847943,0.0020851276,0.0026354143300566556,0.140951281767507,0.00023691242404529566,0.08012153871597576
117,10_54,0.00263964524729985,0.0021046386,0.0026361675024481708,0.140964591187808,0.0002369126029522003,0.08126701937820044
118,10_55,0.0026392987708926036,0.0020956874,0.0026358219381482214,0.14095848498567126,0.00023691252086758706,0.08074145934934193
119,10_56,0.0026404648587202597,0.0021258085,0.0026369849557468686,0.14097903365016354,0.00023691279712855493,0.08251026420744409
120,10_57,0.002640371746797773,0.0021234038,0.002636892089031357,0.14097739306605137,0.00023691277506914996,0.08236902542856654
121,10_58,0.002640849349713201,0.0021357373,0.002637368434104959,0.1409858077729398,0.00023691288821940906,0.08309348746051412
122,10_59,0.0026406908634869423,0.0021316449,0.0026372103653020704,0.14098301557652146,0.0002369128506719824,0.08285308429336027
123,10_6,0.0026235757004672722,0.0016882457,0.002620140133407485,0.14068081898703536,0.0002369087959046208,0.05689158913114909
124,10_60,0.0026407953026530823,0.0021343417,0.002637314529397595,0.14098485558919566,0.00023691287541496427,0.08301150504011971
125,10_61,0.0026397918814479314,0.0021084265,0.002636313750542443,0.140967175264807,0.00023691263769168059,0.08148944447118182
126,10_62,0.002639479416021898,0.0021003545,0.0026360021077398606,0.1409616686913078,0.0002369125636646839,0.08101547471483173
127,10_63,0.002638930561573048,0.0020861735,0.002635454698017481,0.14095199518015175,0.000236912433634205,0.08018293329514421
128,10_64,0.0026390128189579002,0.002088299,0.00263553673889877,0.14095344504515864,0.000236912453122003,0.08030770714021003
129,10_65,0.002639117038745184,0.002090992,0.0026356406843672134,0.14095528197501042,0.00023691247781296978,0.08046579511753578
130,10_66,0.0026387473500760054,0.0020814391,0.002635271968713644,0.14094876579362323,0.00023691239022912734,0.07990502508073405
131,10_7,0.002626429380830068,0.0017623755,0.0026229863424642778,0.14073129701416442,0.0002369094719675641,0.06122025423635833
132,10_8,0.0026237810332536858,0.0016935823,0.0026203449288764572,0.14068445229442733,0.000236908844549769,0.05720305248881559
133,10_9,0.002623656356209225,0.001690342,0.0026202205780934706,0.14068224619100825,0.0002369088150126763,0.0570139334904816
134,11_0,0.0026259449733717533,0.0017497977,0.0026225032038184794,0.1407227310439765,0.0002369093572068767,0.06048547059035272
135,11_1,0.00262590025036336,0.0017486364,0.0026224585979416665,0.1407219401358076,0.00023690934661157778,0.06041763155401299
136,11_10,0.00262398124378461,0.0016987853,0.0026205446154535382,0.1406879947814803,0.00023690889198141928,0.0575067460454612
137,11_11,0.002624007853661131,0.0016994769,0.0026205711556886273,0.14068846559793974,0.00023690889828553572,0.05754710979658526
138,11_12,0.002624159862140898,0.0017034269,0.002620722766329359,0.14069115506785218,0.00023690893429769995,0.05777768705766917
139,11_13,0.002624656384608073,0.001716328,0.002621217989129794,0.14069993925996066,0.0002369090519283377,0.058530847609787884
140,11_14,0.0026244607600861875,0.0017112454,0.0026210228766919293,0.1406964785154957,0.0002369090055831222,0.05823411043745068
141,11_15,0.0026242899662615657,0.0017068076,0.0026208525299211763,0.14069345690336085,0.0002369089651205305,0.05797503823074379
142,11_16,0.0026245647158680504,0.0017139463,0.002621126560354699,0.14069831759273757,0.00023690903021118438,0.05839179795259852
143,11_17,0.0026244478471121628,0.0017109099,0.0026210099975187066,0.14069625006922276,0.0002369090025239224,0.058214523121087325
144,11_18,0.002624849119833093,0.0017213351,0.002621410219796841,0.1407033487215913,0.00023690909758906152,0.05882320209137788
145,11_19,0.0026247185847733502,0.0017179439,0.00262128002646645,0.14070103959130942,0.00023690906666412034,0.058625197239299355
146,11_2,0.002625593544339665,0.0017406713,0.002622152695141301,0.14071651592163784,0.00023690927395006526,0.05995239806828963
147,11_20,0.0026244591022754286,0.0017112023,0.0026210212232206397,0.14069644918684188,0.0002369090051903719,0.058231595752317844
148,11_21,0.0026242190891832325,0.001704966,0.0026207818383555044,0.14069220293737342,0.0002369089483291158,0.05786752684308496
149,11_22,0.002624733224273868,0.0017183243,0.0026212946276428814,0.14070129856398736,0.00023690907013235076,0.0586474034737023
150,11_23,0.002624689686898272,0.0017171932,0.0026212512042411854,0.14070052838522876,0.00023690905981795183,0.05858136288942006
151,11_24,0.00262367775792027,0.0016908982,0.002620241923800487,0.1406826248895145,0.00023690882008293033,0.057046397126212865
152,11_25,0.002623945343276698,0.0016978524,0.0026205088089007065,0.1406873595780472,0.00023690888347626987,0.05745228960461901
153,11_26,0.002624138304186858,0.0017028667,0.002620701264798541,0.14069077365160956,0.00023690892919042805,0.05774498642146284
154,11_27,0.0026413723575378686,0.0021492408,0.0026378900642465984,0.14099502128237573,0.00023691301212673573,0.08388682288444826
155,11_28,0.002642690728346644,0.0021832678,0.0026392049610565265,0.14101824079311379,0.00023691332446614105,0.085886621386787
156,11_29,0.002643865848548858,0.0022135833,0.002640376983277849,0.1410389307936052,0.00023691360286793838,0.0876691271922958
157,11_3,0.0026257487151280876,0.0017447012,0.002622307459569233,0.1407192602298571,0.00023690931071146694,0.06018777214379867
158,11_30,0.0026426055504924326,0.00218107,0.0026391200077041338,0.14101674085177018,0.0002369133042863733,0.08575741756632098
159,11_31,0.0026427146129250644,0.0021838841,0.0026392287826814747,0.14101866138332095,0.00023691333012471598,0.08592285121214119
160,11_32,0.002640718165324856,0.0021323499,0.0026372375952337804,0.14098349658590933,0.00023691285714013874,0.08289449766068202
161,11_33,0.002641373538992189,0.0021492713,0.0026378912425884782,0.1409950420939512,0.00023691301240663762,0.08388861499829403
162,11_34,0.0026429669977375988,0.0021903962,0.0026394805022392906,0.14102310554228512,0.00023691338991804994,0.086305686425694
163,11_35,0.0026433044146458697,0.0021991013,0.0026398170296599195,0.1410290465585671,0.000236913469856647,0.086817504362903
164,11_36,0.002643390391168487,0.0022013192,0.002639902779515878,0.14103056029572617,0.00023691349022564415,0.08694791966034643
165,11_37,0.0026424104548005874,0.0021760354,0.002638925426195482,0.1410133051877185,0.0002369132580656128,0.08546148256095876
166,11_38,0.0026425043963243283,0.0021784597,0.002639019120136972,0.1410149595330907,0.0002369132803216063,0.08560397973795446
167,11_39,0.002643030086416326,0.002192024,0.0026395434246142724,0.14102421640510954,0.00023691340486460316,0.08640138381552873
168,11_4,0.0026251282257800223,0.0017285855,0.002621688595011984,0.14070828577300198,0.00023690916371180878,0.059246569819901396
169,11_40,0.002643298241339221,0.002198942,0.002639810872628161,0.14102893786758358,0.0002369134683941075,0.08680814025281477
170,11_41,0.0026428617600313233,0.002187681,0.0026393755419341146,0.14102125248160513,0.0002369133649858295,0.0861460543965272
171,11_42,0.002641984286143735,0.0021650367,0.002638500380593003,0.14100579970335245,0.00023691315710062933,0.08481503966640673
172,11_43,0.002641705431281676,0.002157839,0.002638222260481132,0.14100088820205173,0.00023691309103625278,0.0843920528012525
173,11_44,0.002641600793865553,0.002155138,0.002638117898752494,0.14099904512212635,0.0002369130662462804,0.08423333133483482
174,11_45,0.0026408033636561145,0.00213455,0.002637322569169204,0.14098499760618619,0.0002369128773247197,0.08302373254218764
175,11_46,0.002641413880111364,0.0021503128,0.0026379314774315917,0.14099575270781994,0.0002369130219639739,0.08394980727376904
176,11_47,0.002642131013797587,0.0021688237,0.0026386467216054635,0.14100838389417097,0.00023691319186234359,0.08503760659558353
177,11_48,0.0026424890038334336,0.0021780625,0.002639003768213484,0.14101468846826773,0.0002369132766749208,0.08558063131425371
178,11_49,0.002644994103473854,0.0022426771,0.0026415022624807897,0.1410587898538653,0.00023691387016702838,0.089380544415922
179,11_5,0.0026248741073030563,0.0017219842,0.0026214351418498644,0.14070379073447584,0.00023690910350882057,0.05886110486097564
180,11_50,0.0026444377217068283,0.0022283315,0.002640947348304117,0.1410489973696249,0.00023691373835250734,0.0885365850252704
181,11_51,0.0026395329405362227,0.0021017373,0.0026360554913478222,0.1409626119840167,0.00023691257634531412,0.0810966645006431
182,11_52,0.0026393308526391447,0.0020965163,0.002635853935443826,0.14095905040785375,0.0002369125284681546,0.08079012322164374
183,11_53,0.0026397151699278742,0.002106445,0.00263623724098875,0.14096582341929143,0.00023691261951775273,0.08137308298782528
184,11_54,0.0026393296090136335,0.0020964842,0.002635852695092013,0.14095902848976094,0.00023691252817352413,0.08078823680211897
185,11_55,0.00263993124053887,0.0021120263,0.002636452742713292,0.14096963104715068,0.0002369126707076127,0.08170083424065382
186,11_56,0.002640561742591575,0.0021283105,0.002637081584468759,0.14098074065292324,0.00023691282008158498,0.08265722454627138
187,11_57,0.0026409033257394398,0.002137131,0.0026374222679626373,0.14098675869220126,0.00023691290100702565,0.08317536213167358
188,11_58,0.0026415884461835244,0.0021548192,0.0026381055836021,0.1409988276272441,0.0002369130633209532,0.08421460149353024
189,11_59,0.0026413487916926684,0.0021486324,0.0026378665604833117,0.14099460616357087,0.00023691300654368045,0.08385107653628551
190,11_6,0.0026241244564753864,0.0017025069,0.0026206874533301772,0.14069052864849185,0.0002369089259097816,0.05772398122893492
191,11_60,0.002641106480590331,0.0021423765,0.0026376248876938246,0.14099033764332752,0.00023691294913703563,0.08348352184201531
192,11_61,0.002640291024801046,0.002121319,0.0026368115796061927,0.14097597075467982,0.00023691275594507844,0.08224658056928646
193,11_62,0.0026405731568377817,0.0021286053,0.0026370929686542555,0.140980941758451,0.00023691282278576626,0.08267453848580715
194,11_63,0.002640380347432576,0.002123626,0.0026369006670170524,0.14097754460643125,0.00023691277710675022,0.08238207148244214
195,11_64,0.002639837209979059,0.0021095974,0.0026363589597297,0.14096797405255712,0.00023691264843058268,0.0815582020074217
196,11_65,0.0026395794002236125,0.0021029375,0.002636101828725102,0.14096343075890522,0.00023691258735219863,0.08116713785506136
197,11_66,0.0026390202888372147,0.002088492,0.0026355441891168356,0.14095357670741954,0.00023691245489171047,0.08031903798382914
198,11_7,0.002624332753285475,0.0017079194,0.0026208952049525157,0.14069421388566683,0.0002369089752571603,0.05803994062828153
199,11_8,0.0026239297360711577,0.0016974468,0.0026204932425403235,0.14068708343109804,0.00023690887977878428,0.05742861548649003
200,11_9,0.0026238497169994686,0.0016953673,0.0026204134328803815,0.14068566759196882,0.0002369088608215564,0.05730723687384369
201,12_0,0.002625960561150544,0.0017502025,0.002622518750771705,0.140723006705368,0.0002369093608997674,0.06050911524060822
202,12_1,0.0026253121525205833,0.0017333629,0.002621872040168616,0.1407115390254989,0.00023690920728574306,0.05952556296649192
203,12_10,0.00262391061692259,0.0016969499,0.0026204741734275855,0.14068674514389207,0.00023690887524928825,0.05739961420368189
204,12_11,0.002624243927304886,0.0017056114,0.0026208066114667785,0.14069264237905935,0.00023690895421348918,0.05790520307055687
205,12_12,0.0026245521518805394,0.0017136199,0.002621114029255789,0.14069809532637065,0.0002369090272346623,0.05837274000377235
206,12_13,0.0026245953688439233,0.0017147427,0.0026211571330899807,0.14069885986389108,0.0002369090374731513,0.058438294564048476
207,12_14,0.002623999230060558,0.0016992528,0.002620562554657191,0.14068831301836038,0.000236908896242528,0.05753402890659842
208,12_15,0.0026241709099887943,0.001703714,0.002620733785261754,0.14069135053218457,0.0002369089369150338,0.05779444521821873
209,12_16,0.002624073107234912,0.0017011726,0.0026206362384825223,0.14068962013528757,0.0002369089137446885,0.057646091053035066
210,12_17,0.0026238905079211702,0.0016964274,0.0026204541170521006,0.1406863893408106,0.00023690887048528737,0.05736911144174641
211,12_18,0.0026242948766532588,0.0017069352,0.0026208574274602945,0.14069354377777415,0.00023690896628384632,0.057982486661707355
212,12_19,0.002624929442666675,0.0017234217,0.002621490332343857,0.14070476957278943,0.0002369091166182723,0.05894504147164241
213,12_2,0.0026257807984661242,0.0017455344,0.002622339458884595,0.14071982763346244,0.00023690931831230855,0.060236438430194994
214,12_20,0.002624783963521921,0.0017196424,0.002621345234061303,0.14070219613349697,0.00023690908215293915,0.058724368369762914
215,12_21,0.0026241126382661735,0.0017021998,0.0026206756660521794,0.14069031955202158,0.00023690892310994236,0.05770605452961206
216,12_22,0.002624805517803942,0.0017202024,0.0026213667319158686,0.14070257742191924,0.00023690908725934438,0.05875706343598992
217,12_23,0.0026248881830250124,0.0017223499,0.002621449180721451,0.14070403972404763,0.00023690910684348726,0.05888245591600523
218,12_24,0.002623949446679059,0.001697959,0.0026205129015641343,0.14068743218163973,0.00023690888444840235,0.05745851393683452
219,12_25,0.0026236372032140366,0.0016898442,0.002620201475217481,0.14068190728127286,0.00023690881047516292,0.0569848808667139
220,12_26,0.0026231895618294603,0.0016782088,0.0026197550051085634,0.14067398585358593,0.00023690870442499872,0.05630586661328678
221,12_27,0.0026413610210144042,0.0021489481,0.002637878757588165,0.14099482158672583,0.00023691300944096586,0.08386962684028916
222,12_28,0.002642949274339547,0.002189939,0.002639462825559962,0.14102279346623467,0.00023691338571913968,0.08627880231642493
223,12_29,0.0026442100067402847,0.0022224593,0.002640720233901608,0.14104498912052424,0.0002369136844037095,0.08819117078670971
224,12_3,0.002626277043949916,0.0017584203,0.0026228344046265537,0.14072860329449258,0.00023690943587751701,0.060989178834240224
225,12_30,0.0026441011355424256,0.0022196516,0.0026406116498169613,0.14104307268307542,0.0002369136586106343,0.08802602721937802
226,12_31,0.0026438628334575845,0.0022135056,0.002640373976137048,0.1410388777156527,0.00023691360215362224,0.0876645536876545
227,12_32,0.00264178429315732,0.0021598747,0.002638300914572733,0.14100227724015144,0.00023691310971966426,0.08451167609672794
228,12_33,0.0026418086566568828,0.0021605035,0.0026383252138784757,0.1410027063624095,0.00023691311549169677,0.08454863238369441
229,12_34,0.0026429216517034654,0.0021892262,0.0026394352757362865,0.14102230708023275,0.00023691337917496752,0.08623690233965178
230,12_35,0.0026429929423349655,0.0021910656,0.00263950637844636,0.1410235623758245,0.00023691339606467251,0.08634504103413362
231,12_36,0.002643094304671419,0.0021936807,0.002639607473583955,0.14102534713922188,0.0002369134200787691,0.08649879462704106
232,12_37,0.0026429319481179494,0.0021894919,0.002639445545009832,0.14102248838236692,0.0002369133816143259,0.08625252067261827
233,12_38,0.002642946440772642,0.0021898658,0.0026394599994622858,0.1410227435722657,0.00023691338504782975,0.08627450416084201
234,12_39,0.00264409630555305,0.002219527,0.002640606832564876,0.14104298766053464,0.00023691365746634385,0.08801870074836202
235,12_4,0.0026254536985408816,0.0017370393,0.00262201321554948,0.14071404255390466,0.0002369092408193009,0.05974027002578097
236,12_40,0.002643470991050308,0.0022033984,0.0026399831668992226,0.14103197933963277,0.00023691350932084423,0.08707017928706193
237,12_41,0.0026434786630593113,0.0022035963,0.002639990818680934,0.14103211441173952,0.0002369135111384468,0.08708181673535265
238,12_42,0.002641375559190115,0.0021493235,0.0026378932574643624,0.14099507768016376,0.0002369130128852488,0.0838916793780271
239,12_43,0.002641377543314577,0.0021493747,0.002637895236361811,0.14099511263091685,0.00023691301335531374,0.08389468903896642
240,12_44,0.002642097472754144,0.002167958,0.002638613268947764,0.14100779317244738,0.00023691318391602805,0.08498672915806864
241,12_45,0.0026422128654691813,0.0021709362,0.0026387283575807744,0.14100982543707324,0.00023691321125408516,0.08516176502595699
242,12_46,0.0026425319965656334,0.002179172,0.002639046647636359,0.1410154455761748,0.00023691328686047008,0.08564584574474025
243,12_47,0.002642834219520872,0.0021869703,0.0026393480740171927,0.14102076753093715,0.0002369133584611146,0.08610427899374429
244,12_48,0.002642438469092,0.0021767584,0.0026389533666563375,0.14101379853399248,0.00023691326470256992,0.08550397662836247
245,12_49,0.002645408697959243,0.002253365,0.002641915763173567,0.1410660859425298,0.00023691396839023283,0.09000943078494643
246,12_5,0.002625129718189061,0.0017286242,0.0026216900835135146,0.14070831217099308,0.00023690916406537415,0.05924883361195512
247,12_50,0.0026381370339571644,0.0020656656,0.0026346632586411404,0.14093800694244266,0.00023691224563772095,0.07897925423364924
248,12_51,0.0026380612171001344,0.0020637058,0.002634587641270231,0.14093667030176701,0.00023691222767577977,0.07886424983873183
249,12_52,0.0026388340887859053,0.0020836806,0.0026353584791406317,0.14095029471651493,0.0002369124107786033,0.08003659651799425
250,12_53,0.00263943498581947,0.0020992067,0.002635957794500332,0.14096088566305276,0.00023691255313861094,0.08094807982738175
251,12_54,0.0026396191101586432,0.0021039634,0.0026361414341177676,0.14096413057295656,0.00023691259675998223,0.08122737270558603
252,12_55,0.0026396854449242074,0.002105677,0.002636207594243605,0.14096529958459666,0.00023691261247552433,0.08132799399054277
253,12_56,0.002640074095503862,0.0021157162,0.0026365952215338176,0.14097214834354627,0.00023691270455176639,0.08191752680024393
254,12_57,0.0026404963235009647,0.002126621,0.00263701633766423,0.1409795880346297,0.00023691280458296426,0.08255799222213582
255,12_58,0.0026432999922463706,0.0021989872,0.0026398126189193408,0.1410289686951348,0.00023691346880892096,0.08681079615316704
256,12_59,0.0026420818029716446,0.0021675536,0.0026385976404571377,0.14100751719597998,0.00023691318020365002,0.08496296011876225
257,12_6,0.0026295037733938317,0.0018421488,0.002626052676803885,0.14078563806062175,0.00023691020032140262,0.0658837112878139
258,12_60,0.002641432305736419,0.0021507884,0.002637949854514994,0.14099607727509483,0.00023691302632924448,0.0839777565708438
259,12_61,0.0026410731959968623,0.0021415171,0.0026375916907763973,0.14098975128584704,0.00023691294125148456,0.08343303340604039
260,12_62,0.0026419269865331357,0.0021635578,0.0026384432319665396,0.14100479050737313,0.00023691314352559806,0.08472812354637611
261,12_63,0.0026415050805423095,0.0021526671,0.0026380224375949514,0.14099735918803713,0.00023691304357054458,0.08408814656648075
262,12_64,0.002640754168476125,0.0021332796,0.002637273503560632,0.14098413089172904,0.00023691286566974833,0.08294910979825972
263,12_65,0.0026417941251238794,0.0021601284,0.0026383107206337463,0.14100245041410187,0.00023691311204898603,0.08452658992208698
264,12_66,0.0026384705296241947,0.0020742852,0.0026349958767605285,0.14094388611923317,0.0002369123246469415,0.07948512415357242
265,12_7,0.0026236136249755426,0.0016892314,0.0026201779586775787,0.14068149006516179,0.00023690880488927058,0.05694911571952303
266,12_8,0.0026236786000171063,0.0016909201,0.002620242763693714,0.14068263979018797,0.0002369088202824305,0.05704767447851822
267,12_9,0.002623696987358334,0.001691398,0.0026202611029185413,0.1406829651483693,0.00023690882463855387,0.05707556570396477
268,13_0,0.002625852251083192,0.0017473899,0.0026224107243715696,0.14072109127806703,0.00023690933524009994,0.06034482283589426
269,13_1,0.002625359568244955,0.0017345945,0.0026219193317367382,0.14071237767881034,0.000236909218518965,0.05959748650572294
270,13_10,0.0026237493684693083,0.0016927593,0.002620313346955625,0.14068389200716847,0.00023690883704810162,0.05715502109434496
271,13_11,0.002624592640037996,0.0017146718,0.002621154411427313,0.14069881158970493,0.0002369090368266725,0.058434155317358
272,13_12,0.0026252111162663864,0.0017307386,0.0026217712684665027,0.14070975193913807,0.00023690918334932538,0.05937230399831748
273,13_13,0.0026257161032213726,0.0017438543,0.002622274933068405,0.14071868347359315,0.0002369093029854027,0.060138304086881075
274,13_14,0.0026250683911826205,0.0017270312,0.0026216289170750335,0.14070722739993452,0.00023690914953644477,0.059155808451797756
275,13_15,0.0026249595128249523,0.0017242029,0.0026215203237762896,0.14070530148403523,0.00023690912374216706,0.05899065402395962
276,13_16,0.002624661161256211,0.0017164521,0.00262122275327368,0.14070002376028612,0.00023690905305996887,0.05853809316902527
277,13_17,0.002623556561496426,0.0016877482,0.002620121044517604,0.14068048031848387,0.0002369087913704303,0.05686255778050011
278,13_18,0.0026245412637373134,0.001713337,0.0026211031696142,0.14069790270637006,0.0002369090246551629,0.05835622409461223
279,13_19,0.002624829321823229,0.0017208208,0.002621390473617523,0.14070299850504356,0.00023690909289873294,0.05879317106352744
280,13_2,0.0026262076422342868,0.0017566183,0.0026227651846992286,0.1407273760535632,0.00023690941943559625,0.060883905381543
281,13_20,0.0026249579084769823,0.0017241612,0.002621518723628641,0.14070527310481556,0.00023690912336208237,0.05898822043498271
282,13_21,0.002624578283608093,0.0017142989,0.0026211400925784524,0.1406985576154394,0.00023690903342550454,0.058412378464573325
283,13_22,0.00262489844521932,0.0017226165,0.0026214594160491153,0.14070422125444712,0.00023690910927469456,0.05889802234137633
284,13_23,0.002625106785378422,0.0017280285,0.002621667210746593,0.1407079065303328,0.0002369091586323812,0.05921404749558619
285,13_24,0.0026243314450227046,0.0017078854,0.002620893900114075,0.14069419074017936,0.0002369089749472211,0.058037956162370105
286,13_25,0.00262411161235135,0.0017021731,0.0026206746428224254,0.1406903014007504,0.000236908922866894,0.05770449834912483
287,13_26,0.0026232409386106686,0.0016795443,0.0026198062474700277,0.14067489505918124,0.0002369087165966057,0.05638379856492861
288,13_27,0.0026401609948998915,0.0021179607,0.0026366818921093405,0.14097367958300341,0.0002369127251393382,0.08204934197764188
289,13_28,0.002642788776499685,0.0021857978,0.0026393027507767863,0.14101996733417266,0.00023691334769505607,0.08603534779084825
290,13_29,0.002643446278306403,0.002202761,0.0026399585193101994,0.14103154424941317,0.00023691350346606143,0.08703269324146631
291,13_3,0.0026266406762459117,0.0017678611,0.0026231970843591523,0.14073503310367677,0.00023690952202545476,0.06154076213394148
292,13_30,0.002644262633785743,0.0022238165,0.0026407727221557185,0.14104591548469722,0.00023691369687177705,0.08827099922798709
293,13_31,0.002644723934816337,0.0022357116,0.0026412328064963635,0.14105403497769273,0.0002369138061603348,0.08897073340290121
294,13_32,0.0026433815099876435,0.00220109,0.0026398939217495295,0.14103040393162003,0.00023691348812157262,0.08693444805430631
295,13_33,0.0026413946970344064,0.0021498175,0.002637912344891408,0.14099541479642258,0.00023691301741925321,0.08392070901983714
296,13_34,0.0026419311450431387,0.0021636651,0.002638447379519003,0.14100486375010218,0.00023691314451080374,0.08473443146977715
297,13_35,0.002642097310372502,0.0021679539,0.0026386131069940193,0.14100779031258487,0.00023691318387755768,0.08498648284605821
298,13_36,0.0026424606641998493,0.0021773311,0.0026389755032693034,0.14101418939892268,0.00023691326996088546,0.08553764374473119
299,13_37,0.0026430134635633683,0.002191595,0.002639526845580063,0.1410239237123316,0.00023691340092642647,0.08637616909124261
300,13_38,0.002644150582500554,0.0022209268,0.0026406609663759007,0.14104394309432824,0.00023691367032529432,0.08810103187827423
301,13_39,0.002644933325092016,0.0022411102,0.0026414416444314926,0.14105772020345572,0.00023691385576778717,0.08928835144853764
302,13_4,0.0026255788372986795,0.0017402894,0.0026221380266137984,0.14071625581128674,0.00023690927046583088,0.05993008938370607
303,13_40,0.0026444013795388363,0.0022273944,0.002640911101986596,0.1410483576886553,0.00023691372974254864,0.08848145864304299
304,13_41,0.002643583835002667,0.0022063092,0.0026400957133320014,0.1410339660248971,0.0002369135360551025,0.08724134901065099
305,13_42,0.0026421328541468467,0.0021688712,0.002638648557105091,0.14100841630608482,0.0002369131922983466,0.08504039816808273
306,13_43,0.0026420252409700296,0.0021660938,0.0026385412275015704,0.1410065210159525,0.00023691316680336672,0.08487716285643998
307,13_44,0.0026421513749878005,0.0021693492,0.0026386670291403025,0.14100874249110001,0.0002369131966861782,0.08506849189539736
308,13_45,0.0026417788450007382,0.002159734,0.0026382954807710685,0.1410021812796312,0.00023691310842892453,0.08450341194577718
309,13_46,0.0026419750308015436,0.0021647979,0.0026384911496388046,0.14100563669356708,0.000236913154907917,0.08480100050585407
310,13_47,0.0026427529622451845,0.0021848737,0.0026392670309216782,0.14101933668187414,0.0002369133392101813,0.08598102218530883
311,13_48,0.0026429429304025555,0.0021897752,0.0026394564983454574,0.1410226817609717,0.00023691338421617607,0.08626917938211065
312,13_49,0.002645612975325138,0.0022586305,0.002642119501547386,0.14106968056093827,0.0002369140167863992,0.09031929320579124
313,13_5,0.002625295380852439,0.0017329273,0.002621855312415904,0.14071124237854435,0.0002369092033123805,0.05950012250876
314,13_50,0.0026344966768994025,0.0019715051,0.0026310324734834844,0.14087379887996856,0.0002369113831941253,0.07345730203049569
315,13_51,0.0026381254050216706,0.002065365,0.002634651660303583,0.1409378019275936,0.00023691224288268376,0.07896161463815048
316,13_52,0.0026385174121025565,0.0020754968,0.0026350426358652743,0.14094471256795177,0.0002369123357539787,0.07955623882737228
317,13_53,0.0026394101575018215,0.0020985652,0.0026359330315425928,0.14096044809031896,0.0002369125472564709,0.08091041847132133
318,13_54,0.0026388112212775484,0.0020830897,0.0026353356718167575,0.14094989163957794,0.00023691240536100684,0.08000190945676736
319,13_55,0.00263966369667182,0.0021051152,0.0026361859032483863,0.1409649163192589,0.0002369126073230891,0.08129500469628397
320,13_56,0.0026409408282738315,0.0021380994,0.0026374596717166294,0.14098741938308515,0.00023691290989186003,0.0832322486400912
321,13_57,0.0026405552781469488,0.0021281436,0.0026370751370489217,0.14098062675679088,0.00023691281855007517,0.08264741881741529
322,13_58,0.0026426102604675114,0.0021811915,0.0026391247052654,0.14101682379302855,0.00023691330540222903,0.0857645619911267
323,13_59,0.0026431463319845695,0.002195023,0.002639659363745166,0.1410262632057034,0.0002369134324047381,0.08657771335174758
324,13_6,0.0026281728002999103,0.0018076246,0.002624725193449032,0.14076211783803297,0.00023690988500051012,0.06386479674407539
325,13_60,0.002642184122821802,0.0021701944,0.002638699690677045,0.14100931923506765,0.00023691320444457236,0.08511816613647909
326,13_61,0.002641711709116905,0.002158001,0.002638228521775845,0.1410009987780748,0.00023691309252355414,0.08440157546771729
327,13_62,0.002640176022294301,0.0021183488,0.002636696879933369,0.14097394437473626,0.0002369127286995192,0.082072136597057
328,13_63,0.0026402022100091168,0.0021190252,0.0026367229986897283,0.1409744058156177,0.00023691273490372228,0.08211185998331487
329,13_64,0.0026409676637867553,0.0021387923,0.0026374864365448663,0.14098789214670882,0.00023691291624953958,0.08327295465253996
330,13_65,0.0026411301434763703,0.0021429874,0.0026376484882480082,0.14099075449715004,0.0002369129547430798,0.08351941538861637
331,13_66,0.0026390928171454073,0.002090366,0.002635616526522524,0.14095485506061128,0.00023691247207457063,0.08042905407424569
332,13_7,0.0026234694502569305,0.0016854841,0.002620034161217576,0.1406789388438773,0.00023690877073301273,0.056730421263883814
333,13_8,0.00262412916495791,0.0017026293,0.0026206921494893835,0.1406906119542602,0.00023690892702526314,0.05773112338972623
334,13_9,0.0026238157623767913,0.0016944848,0.0026203795671158056,0.14068506679790876,0.00023690885277740555,0.057255732089965504
335,14_0,0.0026250224864960707,0.0017258388,0.002621583132574877,0.14070641541252887,0.00023690913866120477,0.05908617696208225
336,14_1,0.002625210605335684,0.0017307253,0.0026217707588735892,0.14070974290189567,0.00023690918322828123,0.0593715289823308
337,14_10,0.002623722774645115,0.0016920682,0.0026202868227240147,0.14068342144367066,0.00023690883074778976,0.057114681692532795
338,14_11,0.0026243166151032164,0.0017075001,0.002620879109011233,0.1406939283720754,0.0002369089714338801,0.05801546108694424
339,14_12,0.0026244843100729043,0.0017118573,0.002621046365034137,0.1406968951415683,0.0002369090111623262,0.05826983273033903
340,14_13,0.0026247186161404206,0.0017179447,0.0026212800577514062,0.14070104014619372,0.0002369090666715515,0.05862524481909972
341,14_14,0.002624829671356743,0.0017208299,0.0026213908222359732,0.14070300468812585,0.0002369090929815406,0.058793701260793085
342,14_15,0.002624647982926246,0.0017161097,0.0026212096094417334,0.14069979063146165,0.00023690904993790322,0.05851810334192109
343,14_16,0.0026244582509676075,0.0017111802,0.002621020374141193,0.14069643412618416,0.0002369090049886894,0.05823030442813604
344,14_17,0.002623501868612455,0.0016863267,0.002620066494746551,0.140679512506026,0.0002369087784132056,0.05677959572860516
345,14_18,0.0026242291113191814,0.0017052264,0.0026207918342599596,0.14069238025161276,0.00023690895070344953,0.05788272913088335
346,14_19,0.0026246342445539112,0.0017157528,0.002621195907033303,0.14069954759447562,0.0002369090466831585,0.058497264002762964
347,14_2,0.002626855114413428,0.0017734278,0.002623410960727369,0.14073882455691533,0.00023690957282790397,0.06186603718052837
348,14_20,0.002624799813295908,0.0017200542,0.0026213610423418436,0.14070247651118298,0.00023690908590789459,0.058748410432944806
349,14_21,0.002624827112593248,0.0017207634,0.00262138827017121,0.14070295942479882,0.00023690909237534627,0.05878981994654424
350,14_22,0.0026246053655282343,0.0017150025,0.002621167103605673,0.14069903671084485,0.0002369090398414562,0.058453458244994747
351,14_23,0.0026246784307487315,0.0017169007,0.002621239977558141,0.1407003292618827,0.00023690905715126803,0.05856428876213826
352,14_24,0.002624469882544617,0.0017114824,0.002621031975271453,0.14069663990246686,0.00023690900774431478,0.0582479480304741
353,14_25,0.002624224994040114,0.0017051194,0.002620787727757288,0.14069230740769412,0.00023690894972802927,0.057876483749495125
354,14_26,0.0026234956697691754,0.0016861656,0.0026200603121233758,0.14067940281416189,0.00023690877694464523,0.05677019288274181
355,14_27,0.002639252000728587,0.002094479,0.0026357752910986143,0.14095766068039675,0.00023691250978714984,0.08067051504191909
356,14_28,0.00264155216110774,0.0021538825,0.0026380693941233683,0.14099818848971696,0.0002369130547245449,0.0841595617128192
357,14_29,0.0026436744873237225,0.0022086476,0.0026401861266338155,0.14103556197206524,0.0002369135575318654,0.08737885689134259
358,14_3,0.0026270334928427904,0.0017780581,0.0026235888717942675,0.14074197828463997,0.00023690961508746525,0.06213661425453054
359,14_30,0.0026434309164465944,0.0022023646,0.002639943197951462,0.14103127378859637,0.00023691349982662944,0.08700939128117255
360,14_31,0.002643678106981909,0.002208741,0.0026401897367480287,0.14103562569590766,0.00023691355838941153,0.08738434744602727
361,14_32,0.002643538884588325,0.0022051497,0.002640050881433534,0.14103317465278015,0.00023691352540574113,0.08717316502881331
362,14_33,0.0026408391605767757,0.0021354742,0.002637358271805584,0.14098562826500594,0.0002369128858054713,0.0830780318545287
363,14_34,0.0026409880881749204,0.0021393197,0.0026375068071347544,0.14098825196281897,0.00023691292108834097,0.08330393581549629
364,14_35,0.002643088312345697,0.0021935261,0.002639601497054745,0.14102524162908162,0.00023691341865910673,0.08648970504168005
365,14_36,0.0026432859218448084,0.0021986242,0.0026397985856119214,0.14102872096257976,0.00023691346547545335,0.08678945316848967
366,14_37,0.0026437024247139428,0.0022093682,0.002640213990361022,0.14103605380645257,0.000236913564150612,0.08742123430955431
367,14_38,0.0026447846090654316,0.002237276,0.0026412933207002587,0.1410551028521061,0.00023691382053490253,0.08906276841434249
368,14_39,0.00264475944159046,0.002236627,0.002641268219611943,0.14105465990337415,0.00023691381457237993,0.08902459260036011
369,14_4,0.002625545259293907,0.0017394173,0.0026221045365392944,0.14071566194332738,0.00023690926251089038,0.059879155880621225
370,14_40,0.0026442124805220765,0.002222523,0.002640722701159449,0.14104503266538534,0.00023691368498978226,0.08819492319467344
371,14_41,0.002643803678782676,0.0022119798,0.002640314977444844,0.14103783634294645,0.00023691358813907553,0.08757482367429219
372,14_42,0.002641863960197098,0.002161931,0.0026383803717007536,0.14100368043184677,0.00023691312859383114,0.08463252072236216
373,14_43,0.0026412059130270847,0.0021449437,0.0026377240582057663,0.14099208926368906,0.00023691297269386863,0.08363434802595435
374,14_44,0.0026423291383436305,0.002173937,0.0026388443240404104,0.1410118731426768,0.00023691323880066682,0.08533813598216966
375,14_45,0.002642488805337651,0.0021780573,0.002639003570240842,0.14101468497271066,0.00023691327662789453,0.08558033022174882
376,14_46,0.002642206983395435,0.0021707844,0.0026387224910077458,0.14100972184505342,0.00023691320986054417,0.08515284267862526
377,14_47,0.0026425509262206544,0.0021796604,0.0026390655274008195,0.14101577892737757,0.00023691329134515693,0.08567455959027512
378,14_48,0.002643105829107011,0.002193978,0.0026396189676396076,0.1410255500557809,0.00023691342280906256,0.08651627570966554
379,14_49,0.0026496208667975683,0.0023618562,0.0026461168096791735,0.1411401688533878,0.00023691496631396959,0.09639874771946352
380,14_5,0.002625146668071209,0.0017290645,0.002621706989016381,0.14070861198275628,0.0002369091680809566,0.05927454439734916
381,14_50,0.002640239450197051,0.002119987,0.002636760140814252,0.14097506200142734,0.0002369127437263972,0.08216834854598787
382,14_51,0.002639742993482732,0.0021071637,0.002636264991290329,0.14096631374175136,0.00023691262610950407,0.08141528773247231
383,14_52,0.002639132087246592,0.0020913808,0.0026356556932582882,0.14095554720893266,0.00023691248137814756,0.08048862175354614
384,14_53,0.0026393851581897445,0.0020979194,0.0026359080980399444,0.14096000750120355,0.00023691254133382028,0.08087249773876408
385,14_54,0.0026395658452664406,0.0021025874,0.0026360883094530304,0.14096319187627765,0.00023691258414085866,0.08114657673305317
386,14_55,0.0026385961069849678,0.0020775306,0.0026351211236532025,0.14094609978658998,0.00023691235439776784,0.07967560881564921
387,14_56,0.0026401511239223904,0.0021177058,0.0026366720471241367,0.14097350564989006,0.00023691272280077806,0.08203436897771468
388,14_57,0.0026412741724087885,0.002146706,0.0026377921377729913,0.14099329170811983,0.0002369129888654022,0.08373788870540011
389,14_58,0.0026431282463985793,0.0021945564,0.0026396413258358464,0.14102594476665958,0.00023691342812001993,0.08655027985008346
390,14_59,0.0026423581622491477,0.002174686,0.0026388732714569055,0.14101238427925475,0.00023691324567681437,0.08538216150397204
391,14_6,0.002626719071645638,0.0017698962,0.0026232752743787276,0.14073641922655158,0.00023690954059807216,0.061659677845605644
392,14_60,0.002641856635636445,0.002161742,0.00263837306643958,0.14100355142406104,0.00023691312685854656,0.08462141030841294
393,14_61,0.0026410450338241716,0.00214079,0.0026375636027857505,0.14098925516353916,0.0002369129345795015,0.08339031502180845
394,14_62,0.0026410410841101635,0.002140688,0.00263755966347563,0.1409891855826431,0.00023691293364376314,0.08338432381500596
395,14_63,0.0026395956410283443,0.002103357,0.002636118026773667,0.14096371697385873,0.00023691259119984972,0.08119177306145672
396,14_64,0.002639333673328158,0.0020965892,0.0026358567487077015,0.14095910012064203,0.00023691252913641116,0.08079440184312717
397,14_65,0.002640115705896052,0.002116791,0.0026366367223598884,0.14097288155739365,0.00023691271440979715,0.08198064439920003
398,14_66,0.002639135682679654,0.0020914737,0.0026356592792274977,0.1409556105792664,0.00023691248222995054,0.08049407556184036
399,14_7,0.0026236502331481257,0.0016901828,0.0026202144710551225,0.1406821378444262,0.00023690881356206912,0.05700464559641176
400,14_8,0.0026239472785049606,0.0016979027,0.0026205107390643236,0.14068739381903816,0.00023690888393474265,0.057455225096330054
401,14_9,0.0026234388686210163,0.0016846892,0.0026200036596012543,0.14067839767922483,0.0002369087634879551,0.05668403286595165
402,15_0,0.0026250065457510074,0.0017254247,0.0026215672335649456,0.14070613344161564,0.0002369091348846966,0.05906199690750924
403,15_1,0.0026252111162663864,0.0017307386,0.0026217712684665027,0.14070975193913807,0.00023690918334932538,0.05937230399831748
404,15_10,0.0026232079412739713,0.0016786866,0.00261977333646628,0.1406743111126585,0.00023690870877924916,0.05633374586043231
405,15_11,0.0026233119102623856,0.0016813892,0.002619877033430603,0.14067615101202863,0.00023690873341040923,0.05649145340821491
406,15_12,0.002623420142695217,0.0016842025,0.0026199849826730594,0.14067806630803978,0.0002369087590516192,0.056655628051373697
407,15_13,0.0026238468948967175,0.0016952939,0.0026204106181630217,0.14068561765780088,0.00023690886015297524,0.057302956107903216
408,15_14,0.002624522207354734,0.0017128419,0.002621084163114781,0.14069756558236485,0.00023690902014053393,0.058327318019713914
409,15_15,0.0026245579320242616,0.0017137701,0.002621119794268917,0.14069819758153898,0.00023690902860403054,0.05838150773640223
410,15_16,0.0026243376951195505,0.0017080478,0.0026209001338515082,0.14069430131540184,0.00023690897642792514,0.05804743675328439
411,15_17,0.002623945343276698,0.0016978524,0.0026205088089007065,0.1406873595780472,0.00023690888347626987,0.05745228960461901
412,15_18,0.002624851145350875,0.0017213877,0.0026214122400118616,0.14070338455185272,0.00023690909806892512,0.05882627454064604
413,15_19,0.002624692115580165,0.0017172563,0.0026212536265652264,0.14070057134898104,0.00023690906039332857,0.058585046886653204
414,15_2,0.002627419805576121,0.0017880849,0.002623974172255957,0.140748807795678,0.00023690970660868388,0.06272260085284387
415,15_20,0.0026247144891333634,0.0017178375,0.0026212759415482154,0.1407009671392889,0.00023690906569382608,0.05861898468160476
416,15_21,0.0026246013731230874,0.0017148987,0.002621163121651576,0.14069896608301213,0.0002369090388956193,0.0584474022812401
417,15_22,0.0026243438018593366,0.0017082065,0.002620906224607076,0.14069440935421496,0.0002369089778746666,0.05805669989002667
418,15_23,0.0026246305971311637,0.001715658,0.0026211922691586394,0.14069948307004893,0.00023690904581905107,0.0584917313328198
419,15_24,0.0026248330725891253,0.0017209182,0.002621394214564066,0.14070306485428688,0.00023690909378732347,0.05879886049170011
420,15_25,0.0026240760102188144,0.001701248,0.0026206391338687153,0.14068967149759587,0.00023690891443243125,0.05765049450525126
421,15_26,0.0026238495646954347,0.0016953633,0.0026204132809749246,0.14068566489710854,0.00023690886078547423,0.05730700584826494
422,15_27,0.002640366103209822,0.002123258,0.0026368864603053196,0.1409772936276928,0.00023691277373211187,0.08236046483343173
423,15_28,0.0026419966176294348,0.002165355,0.0026385126795848836,0.14100601689114448,0.00023691316002212055,0.08483374493996862
424,15_29,0.0026423251235604714,0.0021738333,0.0026388403198376645,0.14101180243850778,0.00023691323784951154,0.08533204607385585
425,15_3,0.002627252663611573,0.0017837469,0.0026238074682788087,0.14074585302382495,0.0002369096670111334,0.0624690680469314
426,15_30,0.0026431705545894918,0.002195648,0.0026396835224946854,0.14102668969903315,0.00023691343814339868,0.08661445591971458
427,15_31,0.0026436651538638187,0.0022084068,0.0026401768177834388,0.14103539765685263,0.00023691355532064223,0.08736469923629357
428,15_32,0.002641986757848779,0.0021651005,0.0026385028457850453,0.14100584323621176,0.00023691315768620876,0.08481878892421264
429,15_33,0.0026402942882514943,0.0021214033,0.0026368148344628668,0.14097602825682903,0.00023691275671823152,0.08225153080276755
430,15_34,0.0026404839358893737,0.0021263012,0.0026370039826758636,0.1409793697752723,0.00023691280164818044,0.08253920181283476
431,15_35,0.0026426585697757053,0.002182438,0.002639172887246233,0.14101767449984012,0.00023691331684734721,0.085837840981781
432,15_36,0.002643248250720476,0.0021976524,0.002639761013799923,0.14102805769614504,0.0002369134565506569,0.08673231093087352
433,15_37,0.002644068345955692,0.002218806,0.00264057894670004,0.14104249548432113,0.00023691365084233345,0.08797628964478577
434,15_38,0.0026446251558825636,0.0022331646,0.0026411342881116546,0.14105229642092326,0.00023691378275824277,0.0888208984987088
435,15_39,0.0026441742184181473,0.0022215364,0.0026406845399611066,0.1410443591518358,0.0002369136759249664,0.08813688451722043
436,15_4,0.002625535595219191,0.0017391663,0.0026220948977715526,0.14071549102143863,0.0002369092602213816,0.05986449672553747
437,15_40,0.0026439642742048896,0.0022161219,0.002640475149391016,0.1410406634659107,0.00023691362618631631,0.08781842621971236
438,15_41,0.002643957774369886,0.0022159542,0.0026404686666960052,0.1410405490450028,0.00023691362464641684,0.08780856680821784
439,15_42,0.0026431998765114074,0.0021964044,0.002639712767117646,0.14102720597378088,0.0002369134450901561,0.08665893349396114
440,15_43,0.00264294858850779,0.0021899212,0.002639462141536045,0.1410227813899858,0.00023691338555665694,0.08627776199809319
441,15_44,0.002643178532574903,0.0021958537,0.0026396914794484787,0.14102683016880044,0.00023691344003349063,0.0866265574947576
442,15_45,0.0026429117614078556,0.002188971,0.0026394254115110023,0.1410221329287072,0.00023691337683182418,0.08622190003664514
443,15_46,0.0026423111395318015,0.0021734724,0.0026388263726618705,0.14101155616583416,0.00023691323453651006,0.08531083410571724
444,15_47,0.0026420970668000593,0.0021679476,0.002638612864063423,0.1410077860227912,0.0002369131838198522,0.08498611337807346
445,15_48,0.002644227467716595,0.0022229096,0.002640737648829041,0.14104529647760275,0.00023691368854045374,0.08821765683603786
446,15_49,0.0026454221292887023,0.0022537112,0.0026419291590653276,0.1410663222960324,0.00023691397157230243,0.09002980437965746
447,15_5,0.0026256255809611563,0.0017415034,0.0026221846478674087,0.14071708252148438,0.0002369092815398381,0.060000993491710376
448,15_50,0.0026408117763398087,0.0021347671,0.002637330959695134,0.14098514581870006,0.0002369128793177928,0.08303649349846864
449,15_51,0.002640690349551477,0.0021316316,0.002637209852720175,0.14098300652186893,0.00023691285055022447,0.08285230471953539
450,15_52,0.002640126541291823,0.0021170708,0.002636647529224229,0.1409730724858837,0.0002369127169768402,0.08199708029727262
451,15_53,0.002639783453978012,0.0021082088,0.0026363053452606823,0.14096702675336198,0.00023691263569510643,0.08147666108610423
452,15_54,0.0026394022809807533,0.0020983617,0.0026359251757561365,0.14096030927442285,0.00023691254539042424,0.08089847080460189
453,15_55,0.0026385630161098227,0.0020766754,0.0026350881198611885,0.14094551647022222,0.00023691234655813084,0.07962541422539005
454,15_56,0.0026404383528628103,0.002125124,0.002636958519692541,0.14097856663455505,0.00023691279084897817,0.08247005823983784
455,15_57,0.0026407992339669323,0.0021344433,0.0026373184503569866,0.14098492485026057,0.00023691287634634316,0.08301746833625501
456,15_58,0.0026417772123599726,0.0021596919,0.0026382938524320133,0.14100215252326279,0.00023691310804213055,0.08450093544027766
457,15_59,0.0026421482445686665,0.0021692684,0.0026386639069704092,0.14100868735894792,0.0002369131959445406,0.08506374345326365
458,15_6,0.0026251124591800783,0.0017281759,0.002621672869692895,0.14070800689002075,0.0002369091599765568,0.059222653921016645
459,15_60,0.002641795360887397,0.0021601603,0.002638311953141232,0.14100247218001702,0.00023691311234175463,0.08452846441598112
460,15_61,0.0026413149088300057,0.0021477577,0.0026378327668807678,0.1409940093033345,0.0002369129985163897,0.08379968060309509
461,15_62,0.002641131983130333,0.002143035,0.0026376503230560026,0.14099078690504416,0.00023691295517891766,0.08352220590643925
462,15_63,0.002640163293625962,0.00211802,0.0026366841847823824,0.14097372008800554,0.00023691272568393567,0.08205282884865142
463,15_64,0.0026400616377537066,0.0021153945,0.002636582796586367,0.140971928824885,0.00023691270160036712,0.081898629999786
464,15_65,0.0026404781928896907,0.0021261529,0.0026369982548005272,0.14097926858818757,0.00023691280028759033,0.08253049042292204
465,15_66,0.00264073124830667,0.0021326877,0.0026372506437580337,0.14098372708338913,0.00023691286023966537,0.0829143428569374
466,15_7,0.0026237029716705555,0.0016915535,0.00262026707157081,0.14068307103854985,0.00023690882605629024,0.057084643133879356
467,15_8,0.0026233162186933847,0.0016815012,0.002619881330588807,0.14067622725562773,0.00023690873443111418,0.05649798874243359
468,15_9,0.0026231574921560035,0.0016773752,0.0026197230193393296,0.14067341831633293,0.00023690869682741405,0.05625722105429674
469,16_0,0.0026234320742431483,0.0016845126,0.0026199968830013585,0.14067827744711242,0.00023690876187830743,0.056673726670915414
470,16_1,0.0026237624840672403,0.0016931002,0.0026203264282314816,0.14068412407948355,0.0002369088401553027,0.057174915765045145
471,16_10,0.002623585473803076,0.0016884997,0.0026201498811692504,0.14068099192785266,0.00023690879822001003,0.05690641402121273
472,16_11,0.002623541785213302,0.0016873642,0.0026201063068993463,0.1406802188475765,0.00023690878786979897,0.056840144064522494
473,16_12,0.0026231413656602606,0.001676956,0.0026197069350351204,0.14067313292385955,0.00023690869300690702,0.056232759239896526
474,16_13,0.002623630730823194,0.001689676,0.002620195019763387,0.1406817927527919,0.0002369088089417965,0.05697506308447302
475,16_14,0.0026242735819278413,0.0017063819,0.002620836188472019,0.14069316703172985,0.000236908961238935,0.05795018530937597
476,16_15,0.002624599361239961,0.0017148465,0.002621161115035016,0.14069893049167093,0.000236909038418986,0.05844435051398591
477,16_16,0.0026245027254490866,0.0017123357,0.0026210647322057966,0.14069722092879056,0.00023690901552509482,0.058297766481195626
478,16_17,0.0026234856593847504,0.0016859054,0.0026200503279323827,0.14067922567466157,0.00023690877457309731,0.0567550084204889
479,16_18,0.002624043701263724,0.0017004084,0.00262060690947237,0.14068909985517655,0.00023690890677815192,0.05760148598688062
480,16_19,0.0026241316244825785,0.0017026932,0.0026206946025768307,0.14069065546985227,0.00023690892760794648,0.057734854171472706
481,16_2,0.0026252659164008015,0.001732162,0.0026218259251141814,0.1407107212263644,0.00023690919633198083,0.05945542873530485
482,16_20,0.002623447293315638,0.0016849082,0.0026200120622519997,0.1406785467608452,0.00023690876548383908,0.05669681204125965
483,16_21,0.002623551553944073,0.0016876181,0.002620116050068458,0.14068039170840424,0.00023690879018409714,0.05685496196934494
484,16_22,0.0026238980605376738,0.0016966236,0.002620461649903199,0.14068652297492187,0.00023690887227456923,0.057380567787011214
485,16_23,0.002623711025429603,0.0016917628,0.002620275104254449,0.14068321354656738,0.00023690882796429684,0.05709685964775631
486,16_24,0.002623642582701175,0.001689984,0.002620206840627715,0.14068200247075896,0.00023690881174961084,0.056993040854974454
487,16_25,0.0026231023776566824,0.0016759424,0.0026196680490342614,0.14067244294376288,0.0002369086837703102,0.05617361946628705
488,16_26,0.002623078136957563,0.0016753123,0.0026196438717543294,0.14067201394680365,0.00023690867802747816,0.056136849451756635
489,16_27,0.0026410983916110905,0.0021421677,0.002637616820022132,0.14099019514441632,0.00023691294722065173,0.0834712519036465
490,16_28,0.0026432388104603356,0.0021974088,0.002639751598426906,0.14102789148276057,0.00023691345431413224,0.08671799127363826
491,16_29,0.0026398262856329115,0.0021093152,0.00263634806414606,0.1409677815425515,0.00023691264584246692,0.08154163118309868
492,16_3,0.002625297133311962,0.0017329728,0.0026218570602867487,0.14071127337503034,0.00023690920372755427,0.05950278076386226
493,16_30,0.002641388483082055,0.002149657,0.0026379061473092978,0.1409953053368145,0.00023691301594708702,0.08391128325545978
494,16_31,0.0026423509355646725,0.0021744994,0.0026388660638175685,0.14101225701131823,0.0002369132439647171,0.08537119955556208
495,16_32,0.0026432194787897227,0.00219691,0.002639732317719621,0.14102755111140758,0.00023691344973419945,0.08668866762229328
496,16_33,0.002641950007260486,0.002164152,0.0026384661920348016,0.14100519596434258,0.000236913148979511,0.08476304302105789
497,16_34,0.0026429080525565184,0.0021888753,0.0026394217124359872,0.1410220676219401,0.00023691337595314768,0.08621627418745277
498,16_35,0.0026444780643539636,0.0022293718,0.0026409875845481994,0.14104970745860326,0.00023691374791023488,0.08859777961846405
499,16_36,0.002645007884917312,0.0022430324,0.0026415160075684775,0.14105903239384393,0.00023691387343204351,0.08940144908841959
500,16_37,0.0026444788860212373,0.002229393,0.0026409884040483225,0.14104972192106108,0.00023691374810489915,0.0885990259817575
501,16_38,0.0026451439240696177,0.0022465396,0.002641651687836176,0.14106142650496306,0.0002369139056616082,0.08960780293911838
502,16_39,0.0026452464434792876,0.0022491824,0.0026417539367774388,0.14106323065795157,0.00023691392994988324,0.08976331166288105
503,16_4,0.002625619610205441,0.0017413483,0.0026221786927475904,0.14071697692302038,0.00023690928012531066,0.05999193662526707
504,16_40,0.0026450892203730906,0.0022451293,0.0026415971284555707,0.14106046380138262,0.0002369138927015422,0.08952482448597081
505,16_41,0.0026440497665736074,0.0022183268,0.0026405604163133923,0.1410421684272564,0.00023691364644062423,0.08794810711812459
506,16_42,0.002644705350839766,0.0022352324,0.0026412142715394643,0.14105370789408458,0.0002369138017575342,0.08894254390699671
507,16_43,0.0026450225063304436,0.0022434094,0.002641530590409772,0.14105928971554482,0.00023691387689605916,0.08942362788659039
508,16_44,0.0026446967632444427,0.002235011,0.0026412057065958562,0.1410535567492895,0.00023691379972301435,0.08892951763233085
509,16_45,0.0026435197673539907,0.0022046566,0.002640031814602925,0.1410328380826004,0.00023691352087660977,0.08714416664965015
510,16_46,0.0026426926683402567,0.002183318,0.002639206895936847,0.14101827495509775,0.00023691332492575137,0.08588956410691964
511,16_47,0.002642930576463578,0.0021894565,0.0026394441769710935,0.141022464229922,0.0002369133812893626,0.08625044004982244
512,16_48,0.0026463138705841755,0.0022766937,0.002642818547157309,0.14108201262844197,0.00023691418283836857,0.09138246092764177
513,16_49,0.0026437664065088583,0.0022110185,0.002640277803451075,0.14103718018512015,0.00023691357930876757,0.08751828644147182
514,16_5,0.002627703611919354,0.0017954501,0.0026242572348347966,0.1407538246972295,0.00023690977384517093,0.06315309847640549
515,16_50,0.0026429281489980454,0.0021893939,0.002639441755904269,0.14102242148646055,0.00023691338071426355,0.08624675789765064
516,16_51,0.002642619752626638,0.0021814364,0.002639134172406517,0.14101699094682277,0.00023691330765104784,0.08577896037243064
517,16_52,0.0026421271346342124,0.0021687236,0.0026386428526643307,0.141008315574965,0.00023691319094331858,0.08503172240499382
518,16_53,0.0026411500009852207,0.0021435001,0.00263766829344855,0.14099110431216252,0.00023691295944758094,0.08354953666875602
519,16_54,0.0026409271130511764,0.0021377453,0.0026374459926195664,0.140987177759542,0.00023691290664254675,0.08321144441601191
520,16_55,0.0026409036052706726,0.0021371383,0.0026374225467575996,0.14098676361679136,0.0002369129010732502,0.08317578614450624
521,16_56,0.0026418292589172757,0.0021610353,0.002638345761854835,0.14100306923466713,0.00023691312037264252,0.0845798833558824
522,16_57,0.002641486915965514,0.0021521982,0.0026380043208734036,0.14099703922504267,0.00023691303926711945,0.08406059324595105
523,16_58,0.0026416912250284406,0.0021574723,0.0026382080916576536,0.141000637976455,0.00023691308767060545,0.08437050374710538
524,16_59,0.002642595417758331,0.0021808085,0.0026391099016762265,0.14101656241700475,0.0002369133018857938,0.0857420475153873
525,16_6,0.0026237464882425897,0.0016926845,0.0026203104742661193,0.1406838410432512,0.00023690883636575048,0.05715065216184101
526,16_60,0.0026427300789135023,0.0021842832,0.002639244207905329,0.14101893372686913,0.00023691333378881484,0.08594631112213733
527,16_61,0.002643768356316926,0.0022110688,0.002640279748117896,0.14103721451056955,0.0002369135797707036,0.08752124404886671
528,16_62,0.0026438405724407304,0.0022129314,0.002640351773819828,0.14103848582934733,0.00023691359687968462,0.08763078659582532
529,16_63,0.0026444375501525693,0.002228327,0.0026409471772023264,0.14104899435000615,0.0002369137383118638,0.08853632479958265
530,16_64,0.002643714908625176,0.0022096902,0.0026402264413554533,0.14103627358307932,0.00023691356710821995,0.08744017079299411
531,16_65,0.002643118003369444,0.0021942921,0.002639631109808928,0.14102576441352552,0.00023691342569330878,0.08653474249580598
532,16_66,0.0026446581781041484,0.002234016,0.0026411672232316487,0.14105287763275542,0.00023691379058166234,0.08887098895037013
533,16_7,0.0026234045027751706,0.0016837959,0.002619969383675615,0.14067778954513688,0.0002369087553463852,0.0566319043095568
534,16_8,0.0026227844629425102,0.0016676775,0.002619350966010919,0.1406668164739763,0.0002369086084535657,0.055691383842560074
535,16_9,0.002623086542583884,0.0016755308,0.0026196522553896843,0.1406721627047007,0.00023690868001884397,0.05614959970291196
536,17_0,0.002623888523459102,0.0016963758,0.002620452137783415,0.14068635422819134,0.00023690887001515072,0.05736610126870119
537,17_1,0.0026246398097959007,0.0017158973,0.0026212014577067892,0.14069964604580723,0.0002369090480016147,0.0585057057571781
538,17_10,0.00262336991344263,0.0016828969,0.0026199348848468607,0.14067717745086422,0.0002369087471518696,0.05657943675266708
539,17_11,0.0026232673305081377,0.0016802304,0.0026198325703159823,0.14067536210717405,0.00023690872284907633,0.05642383166994094
540,17_12,0.0026231792749498366,0.0016779414,0.002619744745142722,0.1406738038071061,0.00023690870198794743,0.05629026274347382
541,17_13,0.0026233224977291586,0.0016816644,0.0026198875931957625,0.1406763383716324,0.0002369087359186726,0.056507513229970385
542,17_14,0.002624159046770344,0.0017034058,0.0026207219530928676,0.14069114064186589,0.00023690893410453136,0.05777645024568727
543,17_15,0.0026250380732948876,0.0017262436,0.002621598678564999,0.14070669112148698,0.00023690914235385987,0.05910982012584398
544,17_16,0.0026253636648888843,0.0017347009,0.002621923417653658,0.1407124501366597,0.00023690921948949772,0.05960370058626836
545,17_17,0.002623776070068065,0.0016934533,0.002620339978679058,0.14068436447446453,0.00023690884337394642,0.05719552397627155
546,17_18,0.002623470870063252,0.001685521,0.0026200355773088246,0.140678963968297,0.00023690877106937732,0.05673257492697843
547,17_19,0.0026238848188352734,0.0016962795,0.0026204484428546605,0.14068628867937458,0.00023690886913749247,0.05736048183209448
548,17_2,0.0026254891445054228,0.0017379599,0.002622048568695347,0.14071466947350883,0.0002369092492167776,0.05979403698294661
549,17_20,0.002623886091039242,0.0016963126,0.0026204497117292475,0.1406863111894848,0.0002369088694388889,0.05736241160145354
550,17_21,0.0026242334884553522,0.0017053401,0.0026207961999395774,0.1406924576929035,0.00023690895174043226,0.05788936868198746
551,17_22,0.0026240894455209014,0.0017015971,0.0026206525340077293,0.14068990920703947,0.00023690891761537412,0.05767087412592673
552,17_23,0.0026236462690671547,0.0016900798,0.00262021051734729,0.14068206770056021,0.0002369088126229434,0.056998632596778974
553,17_24,0.0026234431279927553,0.0016847999,0.002620007907828021,0.14067847305220949,0.00023690876449703756,0.05669049378359929
554,17_25,0.002623671715435447,0.0016907412,0.0026202358971276936,0.14068251796930217,0.0002369088186514124,0.057037231455964135
555,17_26,0.002623326044808776,0.0016817566,0.0026198911309945863,0.14067640114191035,0.00023690873675900672,0.05651289369232586
556,17_27,0.002639897898607485,0.002111165,0.0026364194885700044,0.14096904350439143,0.00023691266280848682,0.08165025883045444
557,17_28,0.00264001640453441,0.002114226,0.002636537682470098,0.1409711317621481,0.00023691269088404318,0.08183001703930301
558,17_29,0.0026406216093280027,0.0021298565,0.0026371412935379153,0.1409817954275794,0.00023691283426478276,0.08274803466513206
559,17_3,0.002625315868118392,0.0017334594,0.0026218757460373557,0.1407116047445367,0.00023690920816600238,0.05953119904921138
560,17_30,0.0026411888056205486,0.002144502,0.002637706995864242,0.14099178789956984,0.00023691296864090212,0.08360839829637712
561,17_31,0.002641943873191326,0.0021639937,0.0026384600741288246,0.14100508792710603,0.00023691314752626936,0.08475373842917974
562,17_32,0.0026431365401225425,0.0021947704,0.0026396495976961877,0.14102609079725034,0.0002369134300849145,0.08656286035979263
563,17_33,0.0026425630528200106,0.0021799733,0.002639077622039404,0.1410159924759373,0.00023691329421810948,0.08569295407767541
564,17_34,0.0026434034693029918,0.0022016566,0.0026399158231708254,0.14103079055171988,0.00023691349332403066,0.08696775750385868
565,17_35,0.002645550421332193,0.0022570181,0.0026420571126094736,0.14106857983351198,0.00023691400196648192,0.09022440686533742
566,17_36,0.0026457980353843816,0.0022634002,0.00264230407328417,0.14107293685660394,0.00023691406062972524,0.0906000054506734
567,17_37,0.0026456014309537822,0.002258333,0.002642107987637314,0.14106947742244152,0.00023691401405137583,0.09030178188318487
568,17_38,0.0026466838122330997,0.0022862258,0.002643187512340304,0.14108852077199457,0.0002369142704828082,0.09194361470209386
569,17_39,0.0026466200040096803,0.0022845818,0.002643123872549259,0.14108739827879277,0.00023691425536573,0.09184682585575246
570,17_4,0.0026257138304891163,0.0017437952,0.002622272666288068,0.1407186432791203,0.0002369093024469713,0.06013485664513567
571,17_40,0.0026468514776629066,0.0022905455,0.0026433547351701354,0.14109147020047186,0.00023691431020514452,0.09219794153729807
572,17_41,0.002645965364784146,0.0022677127,0.0026424709611184674,0.14107588103424368,0.00023691410027241612,0.09085382257163772
573,17_42,0.0026449425456157387,0.002241348,0.0026414508406318363,0.14105788247828244,0.000236913857952257,0.08930233779396346
574,17_43,0.002645681375401144,0.0022603935,0.002642187721138424,0.14107088413864183,0.0002369140329913365,0.09042304730035014
575,17_44,0.002644786722168924,0.0022373304,0.0026412954282297877,0.1410551400426975,0.00023691382103552594,0.08906597371983907
576,17_45,0.002643684371439431,0.0022089025,0.0026401959846879893,0.14103573598112895,0.00023691355987354645,0.08739384982023565
577,17_46,0.002642736151639594,0.00218444,0.0026392502646251266,0.14101904066237228,0.00023691333522752464,0.08595552266449147
578,17_47,0.002642822732361098,0.002186674,0.0026393366171359903,0.14102056525678636,0.000236913355739653,0.08608685445372899
579,17_48,0.0026456495870323497,0.0022595741,0.0026421560166491028,0.14107032478846593,0.00023691402546022596,0.0903748284442564
580,17_49,0.0026390450143782755,0.002089131,0.002635568849578134,0.14095401251196152,0.0002369124607494992,0.08035654344106007
581,17_5,0.00263029215146549,0.0018625904,0.002626838986960066,0.14079956608171185,0.00023691038709628312,0.06707957915479383
582,17_50,0.0026427877297673136,0.0021857708,0.0026393017068034154,0.14101994890237013,0.00023691334744707122,0.08603376003282577
583,17_51,0.002642762509056333,0.00218512,0.0026392765525694185,0.1410195047919891,0.0002369133414719482,0.08599550346668253
584,17_52,0.0026425411094903963,0.002179407,0.0026390557365433527,0.14101560605496893,0.00023691328901944306,0.08565966887642062
585,17_53,0.002641273351734616,0.0021466848,0.0026377913192607333,0.1409932772514016,0.00023691298867097385,0.08373664384851268
586,17_54,0.002640551157860634,0.0021280372,0.0026370710276137892,0.1409805541619536,0.0002369128175739265,0.08264116887442015
587,17_55,0.00264068289299026,0.002131439,0.00263720241579754,0.1409828751500455,0.0002369128487836693,0.08284099407775258
588,17_56,0.0026421454569651188,0.0021691965,0.0026386611267127107,0.14100863826434062,0.00023691319528412053,0.08505951501816611
589,17_57,0.002642926010303487,0.0021893387,0.002639439622847225,0.14102238382773372,0.00023691338020757818,0.08624351377380748
590,17_58,0.0026428931991552542,0.002188492,0.00263940689818731,0.14102180607737796,0.00023691337243417828,0.08619374349320097
591,17_59,0.0026432980337575207,0.0021989367,0.002639810665593715,0.14102893421277124,0.0002369134683449286,0.0868078253781448
592,17_6,0.0026240303737113434,0.0017000621,0.0026205936168004528,0.1406888640493867,0.00023690890362073607,0.057581269808614624
593,17_60,0.002643964806830965,0.0022161356,0.00264047568061256,0.14104067284207253,0.00023691362631250267,0.08781923414478143
594,17_61,0.0026438946004148454,0.002214325,0.0026404056593277952,0.14103943694214138,0.00023691360967964664,0.08771274006521353
595,17_62,0.0026442773323477322,0.0022241955,0.002640787381953245,0.14104617421297969,0.00023691370035406774,0.08829329505102593
596,17_63,0.0026447800306803066,0.002237158,0.0026412887543920253,0.14105502227252475,0.0002369138194502198,0.0890558235945278
597,17_64,0.002643797648744983,0.0022118243,0.002640308963307332,0.14103773018787844,0.00023691358671047767,0.08756567688473353
598,17_65,0.0026443398834048396,0.0022258086,0.00264084976804228,0.14104727524376082,0.00023691371517327062,0.08838817693819365
599,17_66,0.002644335414133416,0.0022256933,0.0026408453105579506,0.14104719657571865,0.00023691371411443891,0.08838139762979295
600,17_7,0.0026238702198908294,0.0016959001,0.002620433882115812,0.14068603036818975,0.0002369088656788731,0.05733833711602472
601,17_8,0.0026232555206275082,0.0016799234,0.0026198207913347,0.14067515311231954,0.00023690872005121264,0.056405917604005394
602,17_9,0.002623203153828321,0.0016785621,0.0026197685615462264,0.1406742263898896,0.00023690870764506158,0.05632648392276067
603,18_0,0.0026245237531882914,0.0017128821,0.002621085704901883,0.14069759292956796,0.00023690902050675587,0.05832966284987293
604,18_1,0.002625018623422196,0.0017257384,0.0026215792796151012,0.14070634707991422,0.00023690913774600725,0.05908031717718885
605,18_10,0.0026235129047395373,0.0016866135,0.002620077501996033,0.14067970779579758,0.00023690878102776102,0.056796336110191706
606,18_11,0.002623351703056183,0.0016824235,0.0026199167221078313,0.14067685519693265,0.0002369087428376698,0.0565518139448038
607,18_12,0.0026229778044245607,0.001672704,0.002619543801707858,0.1406702382951957,0.0002369086542578316,0.0559846579378835
608,18_13,0.0026233949182194963,0.0016835468,0.002619959824198271,0.1406776199369811,0.00023690875307572003,0.056617365774604876
609,18_14,0.0026250339950838644,0.0017261377,0.0026215946110313983,0.1407066189836687,0.0002369091413876944,0.0591036340056398
610,18_15,0.0026252533804388715,0.0017318364,0.002621813421976235,0.14071049949548062,0.00023690919336209618,0.05943641329767076
611,18_16,0.0026255598944282207,0.0017397974,0.002622119133348917,0.14071592078414938,0.0002369092659780893,0.05990135549205675
612,18_17,0.002624171254954783,0.001703723,0.002620734129324863,0.14069135663549528,0.00023690893699675935,0.05779496848713776
613,18_18,0.0026235352100403416,0.0016871933,0.002620099748931467,0.14068010249753687,0.0002369087863120827,0.05683017037506275
614,18_19,0.002623633481027461,0.0016897474,0.0026201977627710116,0.14068184141747772,0.00023690880959334414,0.05697923478968505
615,18_2,0.002625065316802927,0.0017269513,0.0026216258507446625,0.14070717301890867,0.0002369091488080961,0.05915114501426899
616,18_20,0.0026236805753623413,0.0016909714,0.002620244733869838,0.14068267474336973,0.0002369088207504072,0.05705067082250324
617,18_21,0.002624205469533521,0.001704612,0.002620768254353099,0.14069196197425643,0.00023690894510249898,0.057846867590836126
618,18_22,0.002623807560474946,0.0016942717,0.002620371386677889,0.14068492167244295,0.00023690885083430243,0.057243290862567874
619,18_23,0.0026226012680218317,0.0016629145,0.002619168250297439,0.1406635740740061,0.00023690856505311593,0.05541350077235663
620,18_24,0.0026228159190906254,0.0016684954,0.0026193823398716664,0.1406673732067557,0.00023690861590579807,0.0557390987627258
621,18_25,0.0026234144008810073,0.0016840532,0.002619979255882611,0.14067796470143595,0.00023690875769133313,0.056646918459670556
622,18_26,0.002623318399783285,0.0016815579,0.0026198835059719865,0.1406762658529747,0.00023690873494783342,0.0565012971745432
623,18_27,0.0026400212361048607,0.002114351,0.0026365425013186975,0.1409712169005612,0.00023691269202870356,0.0818373459086061
624,18_28,0.0026391393772400205,0.0020915691,0.002635662964063076,0.14095567569668138,0.000236912483105238,0.08049967973347308
625,18_29,0.0026392897772592977,0.002095455,0.002635812968189277,0.14095832647727216,0.0002369125187368827,0.08072781716741843
626,18_3,0.0026252837904461985,0.0017326262,0.0026218437523581628,0.14071103737382287,0.0002369092005665066,0.059482541357169086
627,18_30,0.002640586491552665,0.0021289496,0.0026371062682504936,0.14098117669962937,0.00023691282594493122,0.08269476552866592
628,18_31,0.00264100137087481,0.0021396626,0.002637520054847504,0.14098848596292385,0.00023691292423518425,0.08332408395831763
629,18_32,0.0026434769571636258,0.0022035523,0.0026399891172828563,0.14103208437804823,0.00023691351073429709,0.0870792291115869
630,18_33,0.0026434271888171866,0.0022022685,0.0026399394801497993,0.14103120815981535,0.0002369134989435037,0.08700373694806914
631,18_34,0.0026431667912268845,0.0021955508,0.0026396797690530576,0.14102662343675904,0.0002369134372518075,0.08660874738395492
632,18_35,0.002645005726482054,0.0022429768,0.0026415138548272345,0.1410589944075421,0.00023691387292068027,0.08939817502048016
633,18_36,0.002647344974159197,0.0023032583,0.0026438469287815903,0.14110015064719747,0.0002369144271215554,0.09294651208180796
634,18_37,0.0026478172263307413,0.0023154216,0.002644317933928808,0.14110845639790265,0.00023691453900493448,0.09366285772530532
635,18_38,0.002647203398948296,0.0022996115,0.0026437057273695423,0.1410976604950823,0.00023691439358034777,0.09273176074413954
636,18_39,0.0026468349483251483,0.0022901196,0.0026433382494674474,0.14109117943589997,0.00023691430628910792,0.0921728686635106
637,18_4,0.00262507347780997,0.0017271633,0.0026216339903845855,0.14070731737441813,0.0002369091507415133,0.059163524209525066
638,18_40,0.002646717212532385,0.0022870863,0.0026432208244723523,0.14108910833180394,0.00023691427839581588,0.09199427864887114
639,18_41,0.002645273720035813,0.0022498856,0.00264178114137074,0.14106371066727091,0.00023691393641207952,0.08980468668159744
640,18_42,0.0026442082100899917,0.002222413,0.0026407184419895056,0.1410449574948853,0.00023691368397805844,0.08818844549990743
641,18_43,0.002644065484108471,0.0022187321,0.00264057609239978,0.14104244510667757,0.00023691365016432277,0.08797194859160981
642,18_44,0.002644405000189628,0.0022274877,0.002640914713088179,0.14104842141823276,0.0002369137306003305,0.08848695070338194
643,18_45,0.00264346074669644,0.0022031341,0.002639972949554557,0.14103179897884327,0.00023691350689381842,0.08705463992333691
644,18_46,0.002642763474567504,0.002185145,0.002639277515535698,0.14101952179368477,0.0002369133417006907,0.08599696802261861
645,18_47,0.002642420848474144,0.0021763036,0.0026389357924770144,0.14101348822613632,0.00023691326052801184,0.08547724842339618
646,18_48,0.002648029455742221,0.002320887,0.002644529602857192,0.1411121886664635,0.000236914589285173,0.09398478237382193
647,18_49,0.0026414228358690585,0.002150544,0.0026379404095957042,0.14099591046362753,0.00023691302408570953,0.0839633920032746
648,18_5,0.002628251174001929,0.001809658,0.0026248033617082946,0.14076350303597857,0.00023690990356801562,0.0639836795431151
649,18_50,0.0026416992166002494,0.0021576786,0.002638216062173788,0.14100077873822853,0.0002369130895639134,0.08438262593096155
650,18_51,0.0026420178618378233,0.0021659033,0.002638533867813818,0.14100639105231064,0.00023691316505515314,0.08486596966448161
651,18_52,0.002642313945353571,0.0021735448,0.00263882917108932,0.1410116055792203,0.00023691323520124636,0.0853150901755079
652,18_53,0.002641248425005041,0.0021460413,0.002637766458195717,0.14099283814914323,0.00023691298276550793,0.08369883321425035
653,18_54,0.002640433177940651,0.0021249903,0.0026369533583984477,0.14097847545549624,0.00023691278962297292,0.08246220855027034
654,18_55,0.0026412983508466593,0.0021473302,0.00263781625251692,0.1409937176259406,0.00023691299459358827,0.08377456427764471
655,18_56,0.0026428829119152066,0.0021882267,0.002639396638063621,0.14102162493501064,0.00023691336999699355,0.08617813907667156
656,18_57,0.0026439505072121164,0.0022157668,0.0026404614187016005,0.14104042111617998,0.00023691362292472813,0.08779754346704038
657,18_58,0.0026456278620378,0.0022590142,0.002642134348979379,0.1410699425114783,0.0002369140203132701,0.09034187442913791
658,18_59,0.0026452034879874808,0.002248075,0.0026417110946127956,0.14106247472603037,0.00023691391977312905,0.08969815372126817
659,18_6,0.0026238071573236846,0.0016942612,0.0026203709845816505,0.14068491453902682,0.0002369088507387923,0.05724267933409379
660,18_60,0.0026450032068046233,0.0022429118,0.0026415113417967806,0.14105895006371308,0.00023691387232373373,0.08939435299475065
661,18_61,0.0026438423327333096,0.0022129768,0.002640353529470745,0.14103851681788446,0.00023691359729672185,0.08763345673266372
662,18_62,0.002643697938463745,0.0022092524,0.002640209515939852,0.14103597482679328,0.0002369135630877585,0.08741442924654237
663,18_63,0.0026439012535598187,0.0022144965,0.0026404122949289168,0.14103955406373914,0.00023691361125586724,0.08772283202816097
664,18_64,0.00264383628455344,0.0022128208,0.002640347497239126,0.14103841034447745,0.00023691359586382578,0.08762428242376288
665,18_65,0.002643797359881248,0.0022118168,0.00264030867520528,0.14103772510260776,0.0002369135866420419,0.08756523871569896
666,18_66,0.0026436836493110077,0.0022088839,0.0026401952644636113,0.14103572326813077,0.00023691355970246442,0.0873927544445415
667,18_7,0.0026239807734104266,0.0016987731,0.0026205441463103777,0.1406879864589812,0.00023690889186998347,0.05750603254848343
668,18_8,0.002622931264504961,0.0016714941,0.002619497383541,0.14066941463181604,0.0002369086432321221,0.055914062881549854
669,18_9,0.002623023861530292,0.0016739013,0.002619589738321813,0.140671053404097,0.0002369086651691588,0.056054520627841956
670,19_0,0.0026250794652535265,0.0017273189,0.0026216399621517964,0.14070742328278216,0.0002369091521599935,0.059172606389271465
671,19_1,0.002625620219831531,0.0017413641,0.0026221793007772257,0.14071698770484195,0.00023690928026973674,0.05999286134942992
672,19_10,0.0026236924991330994,0.0016912813,0.0026202566264382247,0.14068288573078577,0.0002369088235752537,0.05706875764507657
673,19_11,0.002623527877935655,0.0016870027,0.002620092436012454,0.1406799727530889,0.00023690878457504269,0.056819048517787255
674,19_12,0.002623082306180687,0.0016754207,0.002619648030069858,0.14067208773133513,0.0002369086790152033,0.05614317362558054
675,19_13,0.0026230624274200328,0.0016749039,0.0026196282033162134,0.140671735927668,0.0002369086743057524,0.05611302010919559
676,19_14,0.0026247007011230496,0.0017174793,0.0026212621896326586,0.14070072322832766,0.00023690906242732147,0.05859807004803415
677,19_15,0.0026252483606925225,0.001731706,0.002621808415373474,0.14071041070809484,0.00023690919217287214,0.059428798989795695
678,19_16,0.002625563682094918,0.0017398958,0.0026221229110969034,0.14071598777365804,0.0002369092668754226,0.0599071008939859
679,19_17,0.0026241638269958152,0.00170353,0.0026207267208070866,0.14069122521621297,0.00023690893523700947,0.05778370123127843
680,19_18,0.002623158898358874,0.0016774117,0.002619724421863158,0.1406734432020132,0.00023690869716055574,0.056259354082709476
681,19_19,0.002623582320532194,0.0016884177,0.0026201467361495912,0.14068093613024235,0.00023690879747297243,0.05690163091592382
682,19_2,0.0026253204711642057,0.001733579,0.0026218803370303525,0.14071168616008176,0.00023690920925650635,0.05953818127611114
683,19_20,0.002623701542780398,0.0016915164,0.002620265646419824,0.1406830457548843,0.00023690882571777354,0.05708247569177658
684,19_21,0.002623709354653312,0.0016917194,0.0026202734378503196,0.140683183982879,0.0002369088275684752,0.05709432529558356
685,19_22,0.00262398762744257,0.0016989512,0.0026205509824047176,0.14068810772973084,0.00023690889349376463,0.05751642923136231
686,19_23,0.002623680821720693,0.0016909778,0.0026202449795835157,0.14068267910261067,0.00023690882080877168,0.05705104451635279
687,19_24,0.002623666918187181,0.0016906165,0.0026202311124328844,0.14068243308311246,0.00023690881751490197,0.05702995464898777
688,19_25,0.0026235945663524935,0.001688736,0.002620158949925968,0.140681152821653,0.000236908800374115,0.05692020624612084
689,19_26,0.0026237914927053035,0.0016938541,0.002620355360956527,0.14068463736645836,0.0002369088470277056,0.05721891812808906
690,19_27,0.0026402929089473603,0.0021213677,0.0026368134587909106,0.14097600395343163,0.00023691275639145675,0.08224943857626883
691,19_28,0.0026393455599069025,0.0020968963,0.002635868603996313,0.14095930961338168,0.00023691253195249064,0.08081243225021169
692,19_29,0.0026396445082461023,0.0021046195,0.0026361667653401265,0.14096457816350544,0.00023691260277710916,0.08126589832897295
693,19_3,0.0026253856049011474,0.0017352707,0.002621945300215997,0.14071283819108904,0.00023690922468728897,0.05963698075552983
694,19_30,0.0026393417028459307,0.0020967966,0.0026358647570886525,0.14095924163541562,0.00023691253103870453,0.08080658158611627
695,19_31,0.002638988643365192,0.0020876743,0.002635512626937545,0.14095301893037862,0.00023691244739450413,0.08027103588370962
696,19_32,0.0026429494728698274,0.002189944,0.00263946302356692,0.14102279696199113,0.00023691338576617413,0.08627910346125844
697,19_33,0.00264601528017055,0.0022689991,0.002642520744777791,0.14107675927633745,0.00023691411209807525,0.09092953777581983
698,19_34,0.0026440956916484897,0.0022195112,0.0026406062202792577,0.141042976853935,0.00023691365732090146,0.08801776953431144
699,19_35,0.0026447675236921956,0.0022368354,0.0026412762803948147,0.14105480214904906,0.00023691381648714151,0.08903685210644027
700,19_36,0.002647720519935034,0.002312931,0.0026442214829130984,0.14110675565178338,0.00023691451609378442,0.0935161665940889
701,19_37,0.0026483791188602413,0.0023298908,0.0026448783424415498,0.14111833740847993,0.00023691467212548148,0.09451517623197318
702,19_38,0.002647462855316151,0.0023062946,0.0026439644986835254,0.1411022239789127,0.00023691445504930378,0.09312532259517922
703,19_39,0.0026464854975777365,0.002281116,0.002642989721156054,0.14108503202664827,0.00023691422349924097,0.09164279694418553
704,19_4,0.002625287985575742,0.0017327352,0.00262184793650313,0.14071111157503355,0.0002369092015603714,0.05948890482769116
705,19_40,0.002646949535173255,0.0022930717,0.0026434525338171954,0.14109319508727283,0.0002369143334363731,0.09234668213518801
706,19_41,0.0026457050339996,0.0022610032,0.0026422113173086527,0.14107130043393473,0.00023691403859639053,0.09045893434323986
707,19_42,0.0026438171922552847,0.0022123284,0.0026403284552845995,0.14103807423864864,0.00023691359134060084,0.08759532186956775
708,19_43,0.0026445974345100987,0.0022324498,0.002641106639858073,0.14105180850360935,0.00023691377619066765,0.0887788487515742
709,19_44,0.0026443054295799697,0.00222492,0.0026408154050841593,0.14104666878579777,0.00023691370701068708,0.08833591492896531
710,19_45,0.0026442792915602462,0.002224246,0.002640789335998719,0.14104620869952464,0.00023691370081823203,0.08829626692375356
711,19_46,0.002642864945436487,0.002187763,0.0026393787189428783,0.14102130857200867,0.00023691336574049458,0.08615088624537677
712,19_47,0.0026456010515621495,0.0022583231,0.002642107609246752,0.14106947074653342,0.00023691401396149262,0.09030120639500368
713,19_48,0.002647847078824898,0.0023161904,0.0026443477075873147,0.14110898139627792,0.00023691454607742448,0.09370814010922075
714,19_49,0.002642072745753335,0.0021673199,0.002638588607105641,0.14100735767960182,0.00023691317805787565,0.0849492214865883
715,19_5,0.0026265195540670135,0.0017647166,0.0026230762794839375,0.1407328914665951,0.000236909493330459,0.06135703540823698
716,19_50,0.002642068190092484,0.0021672023,0.0026385840634494495,0.14100727744483785,0.00023691317697857955,0.08494231113656667
717,19_51,0.002641937874446254,0.0021638388,0.0026384540911903224,0.14100498227312322,0.0002369131461050878,0.08474463910649206
718,19_52,0.0026422415633199385,0.0021716768,0.0026387569798051115,0.14101033084646097,0.00023691321805298523,0.08520529596473594
719,19_53,0.0026416472537751407,0.0021563373,0.0026381642362558197,0.14099986347144747,0.0002369130772532403,0.0843038050262976
720,19_54,0.002640520819407182,0.0021272537,0.0026370407690591395,0.1409800196299935,0.00023691281038635815,0.08259514935292174
721,19_55,0.0026424062774936226,0.0021759276,0.0026389212598975777,0.14101323162286525,0.00023691325707595338,0.08545514612499047
722,19_56,0.0026435751336983037,0.0022060848,0.002640087034969579,0.14103381283525196,0.00023691353399364574,0.08722815025403534
723,19_57,0.0026445553021908247,0.0022313634,0.002641064618667048,0.14105106693607053,0.00023691376620894102,0.0887149394565391
724,19_58,0.0026459901010157188,0.0022683502,0.0026424956320712486,0.1410763162601455,0.00023691410613277823,0.09089134424499576
725,19_59,0.0026446057057426873,0.002232663,0.0026411148892742427,0.14105195408397467,0.0002369137781502366,0.08879139514476933
726,19_6,0.002623830714899374,0.0016948734,0.0026203944805082828,0.1406853313689108,0.00023690885631979055,0.05727841313847435
727,19_60,0.002644862957567281,0.002239296,0.0026413714625307364,0.14105648177130853,0.00023691383909674613,0.08918161298797571
728,19_61,0.0026444561864277403,0.0022288077,0.0026409657643248394,0.14104932237633808,0.00023691374272705347,0.08856459362571911
729,19_62,0.0026441667610737993,0.002221344,0.002640677102283247,0.14104422788222334,0.0002369136741582195,0.08812557268752955
730,19_63,0.0026445569546030795,0.002231406,0.002641066266720932,0.14105109602019392,0.00023691376660042024,0.08871744595283744
731,19_64,0.0026440391227588607,0.0022180523,0.0026405498005671506,0.14104198106108448,0.0002369136439189593,0.08793196182376022
732,19_65,0.002644471184029188,0.0022291944,0.002640980722370279,0.1410495863554425,0.00023691374628019137,0.08858734305305305
733,19_66,0.0026448938424675785,0.0022400923,0.00264140226595971,0.14105702533234482,0.00023691384641380658,0.08922846139886928
734,19_7,0.0026235766276336836,0.0016882698,0.00262014105814777,0.14068083539341913,0.0002369087961242747,0.05689299552302955
735,19_8,0.002623028241139562,0.0016740152,0.002619594106473308,0.14067113091299488,0.00023690866620672615,0.05606116393031897
736,19_9,0.0026230003514824945,0.0016732902,0.0026195662897798245,0.14067063732944918,0.0002369086595994248,0.056018858917143886
737,1_0,0.0026211573299513673,0.0016253609,0.002617728088158274,0.14063801224015432,0.00023690822297206662,0.05322323292694904
738,1_1,0.0026206594409153745,0.0016124072,0.002617231500632691,0.14062919599272183,0.0002369081050180892,0.052467999466163914
739,1_10,0.002615934447151143,0.0014893529,0.0026125188459976798,0.14054547341654564,0.00023690698563141486,0.04530079325196681
740,1_11,0.0026155746910795185,0.0014799746,0.0026121600285045525,0.1405390947178616,0.0002369069004027037,0.0447550896847666
741,1_12,0.0026157841821775364,0.0014854359,0.002612368973070566,0.14054280919667786,0.00023690695003259559,0.045072860664888734
742,1_13,0.0026155872077382905,0.0014803009,0.002612172512510397,0.14053931665586855,0.00023690690336798656,0.04477407584199895
743,1_14,0.0026158277195931063,0.0014865708,0.00261241239689783,0.14054358113194781,0.00023690696034691215,0.04513890130980656
744,1_15,0.002615612705647527,0.0014809656,0.0026121979439012884,0.14053976876754695,0.00023690690940861734,0.044812752882149455
745,1_16,0.002615366252614665,0.0014745403,0.0026119521337822065,0.14053539870540985,0.0002369068510221982,0.04443891541340861
746,1_17,0.0026219916281067382,0.0016470617,0.002618560204857742,0.14065278285422367,0.00023690842062424247,0.054488755639155076
747,1_18,0.0026228048366325227,0.0016682072,0.0026193712864047113,0.14066717706221749,0.0002369086132802683,0.055722288102956694
748,1_19,0.0026226571958798024,0.0016643687,0.00261922403186105,0.14066456396735158,0.0002369085783029049,0.055498336120548684
749,1_2,0.0026207987904030817,0.0016160329,0.00261737048587772,0.14063166360252463,0.0002369081380311146,0.052679374668772996
750,1_20,0.0026229182873895147,0.0016711567,0.0026194844403745056,0.14066918496111377,0.00023690864015773135,0.055894378270921405
751,1_21,0.00262258492554514,0.0016624896,0.002619151950568304,0.1406632848181888,0.00023690856118144325,0.055388711342709486
752,1_22,0.0026231818813735193,0.0016780092,0.002619747344747173,0.1406738499329226,0.00023690870260543187,0.05629421635208161
753,1_23,0.0026243660245977045,0.0017087839,0.002620928389177744,0.1406948025115591,0.0002369089831394329,0.058090408918329214
754,1_24,0.0026246070592777014,0.0017150465,0.0026211687929213515,0.14069906667417842,0.00023690904024272074,0.058456027444513836
755,1_25,0.00262426514114602,0.0017061626,0.002620827769783105,0.14069301769694526,0.00023690895923923815,0.05793738173186043
756,1_26,0.002623828954457158,0.0016948277,0.00262039272467308,0.140685300219573,0.00023690885590272622,0.057275742774656635
757,1_27,0.002639918864585072,0.0021117066,0.0026364403993450612,0.14096941296192303,0.00023691266777559246,0.0816820615147222
758,1_28,0.0026390600174157845,0.0020895186,0.002635583813126054,0.140954276949407,0.00023691246430390575,0.0803793011141977
759,1_29,0.0026390383283673396,0.0020889582,0.002635562181165417,0.14095389466672392,0.00023691245916549988,0.08034640162468562
760,1_3,0.002620525069281853,0.0016089107,0.002617097480212046,0.14062681644782662,0.0002369080731843623,0.052264175026420646
761,1_30,0.002640132517905973,0.0021172252,0.0026366534901008927,0.14097317779846344,0.00023691271839277608,0.08200614605020604
762,1_31,0.002640631491076104,0.0021301117,0.002637151149260733,0.140981969529691,0.00023691283660589574,0.0827630240026707
763,1_32,0.0026407499216476904,0.00213317,0.0026372692679174805,0.1409840560711357,0.00023691286466362004,0.08294266790718793
764,1_33,0.0026403793737744033,0.0021236008,0.002636899695922937,0.14097752745090844,0.00023691277687607815,0.08238059456855495
765,1_34,0.0026395820409248105,0.0021030058,0.0026361044624743065,0.14096347729659148,0.00023691258797781396,0.08117114345823921
766,1_35,0.0026398449435780943,0.0021097972,0.002636366672967015,0.14096811033455045,0.00023691265026277013,0.08156993287984804
767,1_36,0.002639644706528794,0.0021046246,0.0026361669631008,0.14096458165783038,0.00023691260282408485,0.08126619909824555
768,1_37,0.002640076015553058,0.0021157658,0.0026365971365272874,0.14097218217677093,0.00023691270500665043,0.08192043926726882
769,1_38,0.0026393076834511525,0.0020959177,0.0026358308272457463,0.14095864206481032,0.00023691252297908374,0.08075497855131389
770,1_39,0.002639939866784151,0.0021122491,0.0026364613462458017,0.1409697830557702,0.0002369126727512795,0.0817139191423216
771,1_4,0.0026203915187227385,0.0016054355,0.0026169642787019333,0.14062445136207558,0.00023690804154515878,0.052061596050667444
772,1_40,0.0026414227186232937,0.002150541,0.002637940292658819,0.14099590839834392,0.00023691302405793249,0.08396321415656871
773,1_41,0.002639828421825764,0.0021093704,0.0026363501947145795,0.14096781918681425,0.00023691264634855802,0.08154487151217608
774,1_42,0.0026387975621351653,0.0020827367,0.002635322048623317,0.1409496508739152,0.0002369124021249866,0.0799811902992289
775,1_43,0.0026329882060113284,0.0019324494,0.002629527965083038,0.1408471752807366,0.00023691102582047021,0.07116914622280249
776,1_44,0.0026329732194206373,0.0019320613,0.002629513017848128,0.14084691072520786,0.00023691102226998167,0.07114641349736602
777,1_45,0.002633496330540626,0.0019456077,0.0026300347551114116,0.14085614451264783,0.00023691114620080428,0.07193990560698112
778,1_46,0.0026332178297379504,0.001938396,0.0026297569857745857,0.14085122865999578,0.0002369110802208691,0.0715174558042527
779,1_47,0.0026334735900923898,0.0019450189,0.0026300120743925075,0.14085574313119903,0.0002369111408133387,0.07190541127957176
780,1_48,0.0026345541935945144,0.0019729938,0.0026310898390475585,0.14087481381269926,0.00023691139682048548,0.07354454743973733
781,1_49,0.0026343111459681007,0.0019667028,0.0026308474300313764,0.14087052492213503,0.0002369113392397398,0.07317587553342406
782,1_5,0.0026201116715233517,0.0015981528,0.0026166851628562863,0.14061949520457692,0.0002369079752471161,0.05163710393775674
783,1_50,0.002640633700048561,0.0021301687,0.002637153352415468,0.14098200844853162,0.00023691283712922966,0.08276637472902308
784,1_51,0.002641470095353809,0.002151764,0.002637987544575928,0.1409967429342328,0.00023691303528209723,0.0840350785471479
785,1_52,0.0026469631279472405,0.002293422,0.0026434660907066862,0.14109343418843953,0.0002369143366566961,0.09236730062042611
786,1_53,0.0026423024063177898,0.002173247,0.0026388176624628766,0.14101140236479376,0.00023691323246749607,0.08529758694628028
787,1_54,0.0026418288981057327,0.002161026,0.002638345401993983,0.14100306287962838,0.00023691312028716152,0.08457933605130137
788,1_55,0.0026414313948238967,0.002150765,0.002637948946002247,0.14099606122941186,0.00023691302611343742,0.08397637483401751
789,1_56,0.0026403808162310835,0.002123638,0.002636901134581013,0.14097755286649855,0.0002369127772178146,0.08238278258932183
790,1_57,0.0026404489281271776,0.002125397,0.002636969067107055,0.14097875296406787,0.00023691279335439358,0.08248609955211705
791,1_58,0.0026407467838679985,0.002133089,0.002637266138402051,0.14098400078970352,0.00023691286392023967,0.08293790830003686
792,1_59,0.0026411445180614464,0.0021433586,0.0026376628249678387,0.14099100772373516,0.00023691295814860525,0.08354121978045796
793,1_6,0.00262074581927765,0.0016146547,0.002617317653214668,0.14063072559674306,0.00023690812548182423,0.05259902430254755
794,1_60,0.0026416760717756387,0.0021570812,0.0026381929783294835,0.1410003710696374,0.00023691308408060156,0.08434751821673955
795,1_61,0.0026404689067470164,0.002125913,0.0026369889931130938,0.14097910497343064,0.00023691279808758426,0.0825164045420081
796,1_62,0.0026403190166821803,0.002122042,0.002636839497774846,0.14097646397138439,0.00023691276257671226,0.0822890406431874
797,1_63,0.0026413006866343345,0.0021473905,0.0026378185821513333,0.14099375877211623,0.00023691299514696671,0.08377810736632937
798,1_64,0.0026403352530103784,0.0021224613,0.002636855691346717,0.14097675005374202,0.00023691276642330566,0.08231366905925838
799,1_65,0.002639950449071201,0.0021125225,0.0026364719006697515,0.14096996953260604,0.00023691267525835743,0.08172997110710511
800,1_66,0.0026397299874891963,0.0021068277,0.0026362520195387994,0.14096608454318973,0.00023691262302822,0.08139555931750664
801,1_7,0.002620484549757913,0.0016078564,0.002617057066592191,0.14062609888430902,0.00023690806358496016,0.05220271213392351
802,1_8,0.0026209902228764717,0.0016210135,0.002617561417938321,0.14063505335790288,0.00023690818338302974,0.05296975304414033
803,1_9,0.0026231314461903363,0.0016766981,0.002619697041517243,0.1406729573772611,0.00023690869065689835,0.05621771268321751
804,20_0,0.0026248830698680234,0.0017222171,0.002621444080950777,0.14070394927601826,0.00023690910563213378,0.058874699916235326
805,20_1,0.002624780997021253,0.0017195654,0.00262134227532667,0.14070214365687547,0.00023690908145014819,0.05871986857080387
806,20_10,0.002623429149575678,0.0016844366,0.0026199939659864746,0.14067822569264846,0.00023690876118542809,0.056669290327522506
807,20_11,0.002623245551463518,0.0016796642,0.0026198108482539018,0.1406749766914193,0.00023690871768943076,0.056390795667836356
808,20_12,0.002623265489829285,0.0016801825,0.002619830734453087,0.14067532953343925,0.0002369087224130035,0.056421039597491784
809,20_13,0.002623149346046516,0.0016771634,0.002619714894542431,0.1406732741538315,0.00023690869489752987,0.056244864456711244
810,20_14,0.0026241445807051247,0.0017030298,0.0026207075248894443,0.1406908846997489,0.0002369089306773913,0.05775450709026586
811,20_15,0.00262537473572002,0.0017349884,0.0026219344594958813,0.14071264594744437,0.00023690922211227968,0.059620493609428137
812,20_16,0.0026254980957178802,0.0017381924,0.0026220574964679944,0.14071482778938071,0.00023690925133740265,0.05980761481791319
813,20_17,0.0026237088888070286,0.0016917073,0.002620272973223083,0.1406831757399214,0.0002369088274581121,0.05709361866684617
814,20_18,0.0026230395842719123,0.0016743101,0.002619605419930077,0.14067133165965226,0.00023690866889401256,0.056078369999305266
815,20_19,0.0026233467406805537,0.0016822945,0.002619911772716185,0.14067676738167442,0.00023690874166203962,0.05654428666091249
816,20_2,0.0026237821217514213,0.0016936106,0.002620346014525686,0.14068447155458885,0.0002369088448076437,0.0572047035995098
817,20_20,0.0026240961430378973,0.0017017712,0.0026206592139958163,0.140690027705227,0.00023690891920207562,0.05768103339551019
818,20_21,0.0026240268794398727,0.0016999713,0.0026205901316740535,0.14068880222474028,0.00023690890279291204,0.05757596944940815
819,20_22,0.0026245860084688813,0.0017144996,0.002621147797217782,0.14069869427319617,0.00023690903525559387,0.05842409608220578
820,20_23,0.0026239785738522603,0.001698716,0.0026205419525087022,0.14068794754139657,0.00023690889134888855,0.05750269610239585
821,20_24,0.002624054287196294,0.0017006835,0.0026206174676996342,0.14068928715262613,0.00023690890928605365,0.05761754348144734
822,20_25,0.0026236479398033777,0.0016901232,0.0026202121837115614,0.14068209726401587,0.00023690881301875557,0.057001166888174734
823,20_26,0.0026233837571827895,0.0016832567,0.0026199486923646977,0.14067742243091702,0.00023690875043157276,0.056600435921226475
824,20_27,0.0026405357136059697,0.0021276383,0.002637055624032949,0.14098028205078184,0.00023691281391498466,0.08261774193175597
825,20_28,0.00263899082393512,0.0020877307,0.0026355148017681174,0.14095305736483113,0.0002369124479111083,0.08027434352708909
826,20_29,0.0026389870214548403,0.0020876324,0.0026355110092961295,0.14095299034277606,0.00023691244701025337,0.08026857565486481
827,20_3,0.0026241770880229055,0.0017038746,0.0026207399471260616,0.14069145983697123,0.00023690893837866533,0.05780381649925772
828,20_30,0.002639547063113404,0.0021021022,0.0026360695767460316,0.14096286087202398,0.00023691257969113026,0.08111808662900728
829,20_31,0.00263888133811718,0.0020849016,0.002635405604115802,0.14095112755522668,0.00023691242197255657,0.08010826766035492
830,20_32,0.002643311102410967,0.0021992738,0.0026398236997938005,0.14102916430722637,0.0002369134714410686,0.08682764884011433
831,20_33,0.0026464178448201937,0.002279373,0.0026429222469656947,0.14108384184134012,0.00023691420747134099,0.0915401764353632
832,20_34,0.0026457436524400767,0.0022619986,0.0026422498338449915,0.14107197995636073,0.0002369140477456414,0.09051751353728292
833,20_35,0.0026453072741979087,0.0022507505,0.0026418146070065073,0.14106430114453355,0.00023691394436152827,0.08985558401841658
834,20_36,0.0026475327404060145,0.0023080946,0.0026440341992413157,0.14110345311115405,0.00023691447160609236,0.09323132926425473
835,20_37,0.0026480195102175463,0.002320631,0.002644519683598956,0.1411120137688427,0.00023691458692893312,0.09396969629544642
836,20_38,0.002647153298516727,0.0022983209,0.0026436557592125964,0.14109677926226616,0.0002369143817108347,0.09265576485030494
837,20_39,0.0026461476214726964,0.0022724096,0.002642652736818247,0.1410790877171011,0.0002369141434515994,0.09113028246469454
838,20_4,0.002625773912865585,0.0017453555,0.0026223325913167597,0.14071970585991112,0.0002369093166810456,0.060225993862130164
839,20_40,0.0026470657267158616,0.002296065,0.002643568418611866,0.14109523890648853,0.00023691436096381655,0.09252292972148339
840,20_41,0.002644782008324983,0.002237209,0.0026412907268200613,0.1410550570790839,0.00023691381991875117,0.08905882342646834
841,20_42,0.002643976055196457,0.0022164257,0.0026404868993161316,0.14104087085404107,0.00023691362897739377,0.08783629646466551
842,20_43,0.002643718735953195,0.002209789,0.0026402302585917803,0.14103634096224338,0.00023691356801496587,0.08744597635603384
843,20_44,0.002643773248897183,0.002211195,0.0026402846277973993,0.14103730064205774,0.00023691358092982226,0.08752866546217888
844,20_45,0.002643955165412816,0.002215887,0.002640466064618714,0.14104050311774755,0.00023691362402831936,0.08780460935678888
845,20_46,0.0026439059568107775,0.0022146178,0.0026404169857777234,0.1410396368593909,0.0002369136123701314,0.08772996625334314
846,20_47,0.0026455318496292567,0.0022565394,0.002642038589909103,0.14106825303434517,0.0002369139975665855,0.09019623598695362
847,20_48,0.0026438709579628544,0.002213715,0.002640382079218848,0.14103902074012079,0.00023691360407842804,0.0876768775144285
848,20_49,0.002641093927803694,0.0021420524,0.002637612367973025,0.1409901165079546,0.00023691294616311794,0.08346448088347032
849,20_5,0.00262467839938214,0.0017168999,0.002621239946273661,0.14070032870700114,0.00023690905714383702,0.05856424118306407
850,20_50,0.0026420772563163514,0.0021674363,0.0026385931057828146,0.14100743712000682,0.00023691317912648743,0.0849560634290107
851,20_51,0.002641586579154072,0.002154771,0.002638103721491576,0.14099879474090302,0.00023691306287862955,0.0842117694506193
852,20_52,0.0026412816937641673,0.0021469002,0.0026377996393147133,0.1409934242016282,0.00023691299064730901,0.08374929763157013
853,20_53,0.002641410714488245,0.002150231,0.00263792832014816,0.140995696945235,0.00023691302121399657,0.08394500543173038
854,20_54,0.002640889114771162,0.0021367641,0.002637408094425201,0.14098650833262064,0.00023691289764026394,0.08315380592541573
855,20_55,0.002642037500478393,0.0021664102,0.0026385534547052783,0.14100673693380605,0.0002369131697078057,0.08489575894966421
856,20_56,0.002643849473214171,0.002213161,0.0026403606511230552,0.14103864252017356,0.00023691359898839887,0.087644287921308
857,20_57,0.0026453961247790442,0.002253041,0.0026419032231667326,0.14106586468930438,0.00023691396541147084,0.08999035889199831
858,20_58,0.0026460604894142474,0.0022701642,0.0026425658347118144,0.14107755470607428,0.00023691412280878334,0.09099811436841065
859,20_59,0.0026440580270699746,0.0022185398,0.002640568655026159,0.14104231383883223,0.00023691364839764856,0.08796063722585643
860,20_6,0.0026238666138430804,0.0016958064,0.002620430285505096,0.14068596656325952,0.0002369088648245684,0.05733286720661823
861,20_60,0.0026439177646253847,0.0022149223,0.0026404287624558318,0.14103984472277506,0.00023691361516756343,0.08774787718538946
862,20_61,0.0026444764932546053,0.0022293313,0.0026409860175926193,0.14104967980511648,0.00023691374753801985,0.08859539646334369
863,20_62,0.0026444706151842368,0.0022291797,0.002640980155025654,0.14104957634298107,0.00023691374614542417,0.08858648018861928
864,20_63,0.002645069613296752,0.0022446238,0.0026415775731046883,0.14106011874279534,0.00023691388805635344,0.08949508307965601
865,20_64,0.0026448528342615666,0.002239035,0.0026413613659290987,0.14105630360453209,0.00023691383669839495,0.08916625723868847
866,20_65,0.0026440739522962655,0.0022189505,0.0026405845382561416,0.14104259417369974,0.00023691365217055207,0.08798479374045272
867,20_66,0.0026437699089428912,0.0022111088,0.0026402812966499004,0.14103724184380367,0.00023691358013854175,0.08752359918223221
868,20_7,0.0026229328273158,0.0016715347,0.0026194989422634158,0.14066944229059722,0.00023690864360236552,0.055916433464055615
869,20_8,0.0026228596583145105,0.0016696325,0.002619425964674769,0.14066814732651503,0.0002369086262679973,0.05580544552483317
870,20_9,0.002623288294632391,0.0016807753,0.0026198534795894026,0.14067573309955728,0.0002369087278156603,0.056455631542939956
871,21_0,0.0026241366824194022,0.0017028246,0.002620699647275688,0.1406907449582429,0.0002369089288062169,0.05774252640937263
872,21_1,0.0026247210986211837,0.0017180092,0.00262128253373341,0.1407010840613316,0.00023690906725967368,0.05862901042228117
873,21_10,0.0026234254142470715,0.0016843395,0.0026199902404315904,0.140678159592794,0.000236908760300496,0.05666362431572765
874,21_11,0.002623596537155526,0.0016887872,0.002620160915571941,0.14068118769521015,0.0002369088008410156,0.05692319570017048
875,21_12,0.002623360763446667,0.001682659,0.002619925758791874,0.14067701553124928,0.00023690874498415553,0.056565557388756814
876,21_13,0.0026230856155902123,0.0016755067,0.0026196513308212356,0.1406721462993203,0.00023690867979923115,0.05614819357305549
877,21_14,0.0026244390070037506,0.0017106802,0.00262100118054993,0.14069609367647987,0.00023690900042962115,0.05820111381663011
878,21_15,0.0026253663048520794,0.0017347694,0.0026219260507041346,0.1407124968299761,0.00023690922011492934,0.059607705069991114
879,21_16,0.0026251415051129975,0.0017289304,0.002621701839576192,0.14070852065980413,0.00023690916685780445,0.05926671285554761
880,21_17,0.0026239346771483154,0.0016975752,0.00262049817068636,0.1406871708564374,0.00023690888094936934,0.05743611046334607
881,21_18,0.00262387379010695,0.0016959929,0.002620437442988658,0.14068609353906203,0.00023690886652468892,0.05734375267347147
882,21_19,0.0026236711600112956,0.0016907267,0.0026202353431569792,0.1406825081412066,0.00023690881851982752,0.05703638894915244
883,21_2,0.0026236986043754874,0.00169144,0.0026202627157042324,0.1406829937609028,0.0002369088250216395,0.057078018510458864
884,21_20,0.0026237175965627304,0.0016919336,0.002620281658191917,0.1406833298199002,0.00023690882952105629,0.05710682720931075
885,21_21,0.0026234048745133144,0.0016838056,0.002619969754441091,0.14067779612340123,0.0002369087554344532,0.056632468188382745
886,21_22,0.0026239401468374753,0.0016977174,0.0026205036260609584,0.14068726763468636,0.00023690888224518728,0.05744440727644147
887,21_23,0.002623627729789244,0.001689598,0.0026201920265824345,0.14068173964965217,0.00023690880823082512,0.05697051090297833
888,21_24,0.0026240056182419576,0.0016994188,0.0026205689261198572,0.14068842604612652,0.00023690889775594503,0.05754371895397412
889,21_25,0.0026239163419014256,0.0016970987,0.002620479883423885,0.1406868464397421,0.00023690887660558654,0.057408298258292946
890,21_26,0.002623354103631146,0.0016824859,0.002619919116401716,0.1406768976779796,0.000236908743406387,0.05655545530744845
891,21_27,0.002639843943076249,0.0021097714,0.0026363656750993847,0.14096809270365587,0.00023691265002573857,0.08156841524757112
892,21_28,0.0026391909304119845,0.0020929012,0.0026357143815358376,0.1409565843259681,0.0002369124953188283,0.08057787924714432
893,21_29,0.0026389295433960056,0.0020861472,0.0026354536825202645,0.14095197723361877,0.0002369124333929862,0.08018138885187298
894,21_3,0.0026240790610433115,0.0017013273,0.0026206421767085647,0.14068972547559727,0.00023690891515519878,0.05765512221258504
895,21_30,0.0026395933518078814,0.002103298,0.00263611574357991,0.1409636766305396,0.00023691259065750458,0.08118830060922803
896,21_31,0.002640060736326882,0.0021153712,0.002636581897533098,0.14097191294076927,0.00023691270138680767,0.08189726265153965
897,21_32,0.002643274360525217,0.002198326,0.002639787054771571,0.14102851740587719,0.00023691346273642107,0.08677191613759519
898,21_33,0.0026463528051016106,0.002277697,0.0026428573789129745,0.1410826976068614,0.0002369141920625081,0.0914415195696698
899,21_34,0.0026475057118061623,0.0023073985,0.002644007242011248,0.14110297773731642,0.000236914465202626,0.09319033036383573
900,21_35,0.002646817777443604,0.0022896773,0.0026433211239142687,0.14109087738475976,0.00023691430222108045,0.09214682265053184
901,21_36,0.002648023190057333,0.0023207257,0.002644523353720183,0.1411120784809373,0.00023691458780074082,0.09397527813785729
902,21_37,0.002647236615974423,0.002300467,0.0026437388566950557,0.14109824475401833,0.0002369144014499395,0.09278214668916931
903,21_38,0.0026465779570273903,0.0022834984,0.0026430819365547294,0.14108665859225022,0.00023691424540420072,0.09178304600591716
904,21_39,0.0026467501885108257,0.002287936,0.002643253713402553,0.14108968842231936,0.00023691428620829615,0.0920442989556463
905,21_4,0.002630565740407234,0.0018696828,0.0026271118581335765,0.14080439883555,0.00023691045191235406,0.06749457829791368
906,21_40,0.002646902928032003,0.002291871,0.00264340604971593,0.14109237524676288,0.00023691432239447355,0.09227598511227626
907,21_41,0.0026448235572648525,0.0022382801,0.0026413321661610464,0.1410557883366634,0.00023691382976226942,0.08912184781017843
908,21_42,0.0026440193248354333,0.0022175417,0.002640530054851971,0.14104163255112634,0.00023691363922856117,0.08790193092702339
909,21_43,0.0026436048482289137,0.0022068513,0.0026401166711542677,0.14103433596903617,0.0002369135410334203,0.08727322336504173
910,21_44,0.002644268050936699,0.0022239562,0.0026407781250200675,0.14104601083904628,0.00023691369815517432,0.0882792163474015
911,21_45,0.002644432629258745,0.0022282002,0.002640942269287165,0.1410489077346523,0.00023691373714603646,0.08852886043824029
912,21_46,0.002644202061763277,0.0022222544,0.002640712309877353,0.14104484926850575,0.00023691368252143572,0.08817911928115763
913,21_47,0.0026463658888179874,0.002278034,0.0026428704280965225,0.14108292778832862,0.00023691419516222624,0.09146136588016276
914,21_48,0.00263908850089402,0.0020902546,0.0026356122216321326,0.14095477898485415,0.00023691247105199684,0.08042250687750681
915,21_49,0.0026402267302385583,0.0021196585,0.002636747454350979,0.14097483787177717,0.00023691274071287698,0.08214905400929595
916,21_5,0.002624360419611116,0.0017086383,0.0026209227988621743,0.1406947033501988,0.00023690898181156123,0.05808190687648249
917,21_50,0.002640788495001851,0.002134166,0.002637307739676604,0.14098473565325714,0.00023691287380214404,0.08300117871110331
918,21_51,0.002641000856879073,0.0021396494,0.002637519542205655,0.1409884769079228,0.00023691292411341202,0.08332330429306864
919,21_52,0.0026408345529359213,0.0021353553,0.0026373536763007084,0.14098554708936867,0.00023691288471386183,0.08307104265754503
920,21_53,0.0026407491011359746,0.0021331487,0.0026372684495668238,0.14098404161535683,0.00023691286446923026,0.08294142329672596
921,21_54,0.0026408203513535932,0.0021349886,0.0026373395121235283,0.14098529689077846,0.00023691288134932402,0.08304950068856201
922,21_55,0.002640489976420536,0.0021264572,0.002637010007299087,0.14097947620446583,0.00023691280307925963,0.08254836451963285
923,21_56,0.0026423931681907745,0.0021755893,0.0026389081851434563,0.14101300075976084,0.00023691325397018576,0.08543526100312064
924,21_57,0.0026438329445197246,0.0022127347,0.0026403441660126227,0.14103835154576447,0.0002369135950725264,0.08761921602334155
925,21_58,0.0026436913038823022,0.0022090813,0.0026402028988519693,0.1410358580259692,0.00023691356151593615,0.08740436544207668
926,21_59,0.0026430984289155146,0.0021937871,0.0026396115869560116,0.14102541975693914,0.00023691342105585788,0.08650505057347999
927,21_6,0.0026239269004435816,0.0016973731,0.0026204904143337588,0.1406870332586475,0.0002369088791069989,0.05742431420513441
928,21_60,0.0026434825261498988,0.002203696,0.00263999467158644,0.14103218242456655,0.00023691351205366518,0.08708767654559679
929,21_61,0.002643593727806642,0.0022065644,0.0026401055800524247,0.14103414019091826,0.00023691353839884168,0.08725635511852374
930,21_62,0.002644193737619725,0.0022220397,0.002640704007686437,0.14104470274187936,0.00023691368054933222,0.08816649262885505
931,21_63,0.0026449690604443796,0.0022420315,0.00264147728551493,0.1410583491187769,0.00023691386423398743,0.08934255736971011
932,21_64,0.0026443938583523697,0.0022272004,0.002640903600636681,0.14104822530286623,0.00023691372796067628,0.08847004997309113
933,21_65,0.002644764056061171,0.002236746,0.0026412728219106707,0.14105474111848507,0.00023691381566561182,0.08903159215735527
934,21_66,0.0026439879445720577,0.0022167324,0.0026404987573393325,0.1410410801494954,0.0002369136317941489,0.08785433111422095
935,21_7,0.0026229037564994575,0.001670779,0.002619469947497974,0.1406689277905998,0.00023690863671523794,0.05587233678458077
936,21_8,0.0026226669210278287,0.0016646215,0.0026192337315700176,0.14066473609585664,0.0002369085806068759,0.05551308791596839
937,21_9,0.002622788031685159,0.0016677703,0.0026193545254180038,0.14066687963628988,0.00023690860929903153,0.055696797164939936
938,22_0,0.002624480734547652,0.0017117644,0.002621042798868225,0.14069683188661775,0.00023690901031525206,0.05826440911962436
939,22_1,0.0026244546844388854,0.0017110875,0.0026210168169481687,0.1406963710299724,0.00023690900414374664,0.058224894463997146
940,22_10,0.0026236695161356684,0.001690684,0.0026202337035830534,0.1406824790532182,0.00023690881813037888,0.05703389540181689
941,22_11,0.0026235866786760453,0.001688531,0.0026201510828894035,0.14068101324825216,0.00023690879850545504,0.05690824165812884
942,22_12,0.0026232669363967435,0.0016802201,0.0026198321772357425,0.14067535513274848,0.00023690872275570793,0.05642323385377992
943,22_13,0.002623288970897246,0.0016807929,0.002619854154084861,0.14067574506706967,0.00023690872797587335,0.056456657349514924
944,22_14,0.0026239089997751124,0.0016969079,0.0026204725605122525,0.14068671653060166,0.00023690887486617167,0.05739716119950202
945,22_15,0.002623904148338645,0.0016967818,0.0026204677217721867,0.14068663069076512,0.0002369088737168233,0.057389802196013306
946,22_16,0.002624749338124941,0.0017187429,0.002621310699309986,0.1407015836167991,0.00023690907394986827,0.058671846107768745
947,22_17,0.0026239881515751746,0.0016989649,0.002620551505165604,0.14068811700338066,0.0002369088936179363,0.05751722427293231
948,22_18,0.002623751635026299,0.0016928182,0.0026203156075812976,0.14068393211253458,0.000236908837585069,0.05715845916900904
949,22_19,0.002624104153201015,0.0017019793,0.002620667203194477,0.14069016942760412,0.0002369089210997547,0.05769318377998474
950,22_2,0.002623910151040666,0.0016969378,0.002620473708764895,0.14068673690072747,0.00023690887513891669,0.05739890752088215
951,22_20,0.0026236604770776815,0.0016904491,0.0026202246881784678,0.14068231910901788,0.00023690881598894634,0.05702018431651083
952,22_21,0.00262436894134605,0.0017088597,0.002620931298291506,0.14069485411354146,0.0002369089838304368,0.05809483324943088
953,22_22,0.0026246765711585955,0.0017168524,0.0026212381228360522,0.14070029636533768,0.0002369090567107143,0.05856146800371107
954,22_23,0.0026239045828621377,0.0016967931,0.0026204681551585153,0.14068663837909556,0.0002369088738197658,0.05739046131211652
955,22_24,0.0026243049528415535,0.001707197,0.002620867477274862,0.14069372204487107,0.00023690896867098568,0.05799777093994507
956,22_25,0.0026241188385634022,0.0017023609,0.0026206818501216937,0.14069042925232994,0.0002369089245788481,0.05771545958092972
957,22_26,0.0026232163428367016,0.001678905,0.0026197817160475904,0.14067445979371104,0.00023690871076965253,0.05634648994764433
958,22_27,0.002640773707581334,0.0021337841,0.002637292991203576,0.14098447513050766,0.00023691287029881377,0.08297874810113655
959,22_28,0.0026390832745447714,0.0020901195,0.0026356070090393638,0.14095468686812546,0.00023691246981380956,0.08041457917967634
960,22_29,0.00263915570545639,0.002091991,0.002635679249300302,0.14095596348424838,0.00023691248697359633,0.08052444753205065
961,22_3,0.00262441478534848,0.0017100509,0.0026209770222962304,0.14069566516283327,0.00023690899469129307,0.05816437268916275
962,22_30,0.0026396137295447153,0.0021038244,0.0026361360676692056,0.1409640357500156,0.00023691259548524703,0.08121921100813054
963,22_31,0.002640585472738408,0.0021289233,0.0026371052521194176,0.1409811587494107,0.00023691282570356104,0.0826932201188221
964,22_32,0.002644960164942687,0.0022418022,0.0026414684134794574,0.14105819256517058,0.00023691386212651978,0.08932906404078977
965,22_33,0.002646758864089814,0.0022881594,0.002643262366080028,0.14108984103627636,0.00023691428826366474,0.09205745869018571
966,22_34,0.002647859907725479,0.0023165208,0.002644360502608554,0.14110920700943963,0.00023691454911677764,0.09372759989701152
967,22_35,0.0026476645697924477,0.00231149,0.002644165680518097,0.14110577165455016,0.00023691450283838385,0.09343129744300853
968,22_36,0.002648514209603914,0.002333369,0.002645013076349653,0.14112071280112495,0.00023691470413046288,0.09472009146908107
969,22_37,0.0026478725377889313,0.002316846,0.002644373099317606,0.14110942912507238,0.00023691455210902347,0.09374675807451993
970,22_38,0.0026476722629801357,0.0023116881,0.002644173353390563,0.14110590695575354,0.0002369145046610116,0.0934429670166331
971,22_39,0.0026458622394082833,0.002265055,0.002642368107883399,0.14107406654762028,0.00023691407584056174,0.0906973946753041
972,22_4,0.002629391452565681,0.001839236,0.002625940650542919,0.14078365349708966,0.00023691017371145422,0.06571333507618818
973,22_40,0.0026440559055192696,0.002218485,0.0026405665390701618,0.1410422764926756,0.00023691364789502425,0.08795741910702759
974,22_41,0.0026430728171927633,0.0021931264,0.0026395860427487873,0.14102496879674778,0.0002369134149880971,0.08646620089290451
975,22_42,0.002643409236699584,0.0022018054,0.0026399215753620388,0.1410308920933015,0.00023691349469040474,0.08697650590073706
976,22_43,0.002643626502496739,0.0022074098,0.0026401382683274677,0.14103471719684288,0.00023691354616360962,0.08730607009684022
977,22_44,0.002644609579505687,0.002232763,0.0026411187528196808,0.14105202226522323,0.00023691377906798444,0.08879727114368663
978,22_45,0.0026453699850391282,0.002252367,0.002641877152393997,0.14106540469986412,0.0002369139592186015,0.08995070827747612
979,22_46,0.0026445607379989473,0.0022315036,0.0026410700401377765,0.14105116261173375,0.0002369137674967588,0.08872318487646993
980,22_47,0.0026480615348338566,0.0023217131,0.002644561597226283,0.14111275279225471,0.00023691459688517794,0.09403344221897499
981,22_48,0.0026409316847841695,0.0021378633,0.002637450552310737,0.14098725830067743,0.0002369129077256493,0.08321837914540069
982,22_49,0.0026403193322123196,0.0021220502,0.0026368398124740787,0.14097646953100276,0.00023691276265146537,0.08228951926171887
983,22_5,0.0026243406118364905,0.0017081236,0.002620903042934029,0.14069435291720178,0.00023690897711892156,0.05805186103674842
984,22_50,0.002640217787540334,0.0021194275,0.002636738535201292,0.14097468029820215,0.0002369127385942378,0.08213548908932253
985,22_51,0.0026403158523677374,0.0021219603,0.0026368363417931962,0.14097640821636678,0.00023691276182704577,0.08228424078624172
986,22_52,0.0026404714401477595,0.0021259785,0.0026369915198420843,0.14097914961005928,0.0002369127986877793,0.08252024738423316
987,22_53,0.0026406704053259407,0.0021311166,0.002637189961022255,0.14098265513825523,0.00023691284582518123,0.08282205190136552
988,22_54,0.0026399739213478113,0.0021131288,0.002636495311143596,0.14097038314990223,0.00023691268081923734,0.08176557552378298
989,22_55,0.002640182224387168,0.002118509,0.002636703065694718,0.14097405365905055,0.00023691273016887397,0.08208154437212656
990,22_56,0.0026410283422647215,0.002140359,0.002637546955193203,0.1409889611129983,0.00023691293062505516,0.0833649960786346
991,22_57,0.0026424335699529997,0.002176632,0.0026389484804288806,0.1410137122578539,0.00023691326354189892,0.08549654526628245
992,22_58,0.002642065871670068,0.0021671425,0.00263858175113632,0.14100723661251,0.00023691317642931473,0.08493879438874075
993,22_59,0.0026420423808429863,0.0021665362,0.0026385583222097303,0.14100682288795088,0.00023691317086402833,0.08490316183339033
994,22_6,0.0026241911376164166,0.0017042396,0.0026207539599473494,0.14069170840857642,0.00023690894170713962,0.05782512792080539
995,22_60,0.0026429222202161064,0.002189241,0.0026394358427503537,0.141022317090774,0.00023691337930965576,0.08623776470001374
996,22_61,0.0026445106061844443,0.002230211,0.00264102004054897,0.14105028023662974,0.00023691375561984206,0.08864714137877101
997,22_62,0.002646180003091426,0.002273244,0.002642685032976053,0.14107965743424508,0.00023691415112326303,0.09117940120443606
998,22_63,0.002644894050174267,0.0022400976,0.0026414024731184855,0.1410570289878793,0.00023691384646301516,0.08922877646313054
999,22_64,0.0026455318496292567,0.0022565394,0.002642038589909103,0.14106825303434517,0.0002369139975665855,0.09019623598695362
1000,22_65,0.0026446121078389007,0.0022328282,0.0026411212744840737,0.14105206676582266,0.00023691377966698142,0.08880110629912252
1001,22_66,0.0026447381302447796,0.0022360776,0.0026412469644807456,0.14105428482048915,0.00023691380952342778,0.08899226603723279
1002,22_7,0.002623176440131135,0.0016778677,0.002619741917740799,0.14067375363935364,0.0002369087013163542,0.056285962689077
1003,22_8,0.002623046426895741,0.001674488,0.0026196122446523655,0.14067145275765486,0.00023690867051508944,0.056088749377241245
1004,22_9,0.0026232353091497538,0.001679398,0.0026198006327378923,0.14067479543621267,0.00023690871526293734,0.056375259398685526
1005,23_0,0.0026248749632266925,0.0017220065,0.0026214359955326902,0.1407038058751855,0.00023690910371159667,0.05886240318675391
1006,23_1,0.002625171196742796,0.0017297016,0.0026217314534649023,0.1407090458468556,0.00023690917389202385,0.05931175122897585
1007,23_10,0.0026237112449150383,0.0016917685,0.002620275323165525,0.1406832174302695,0.00023690882801629488,0.05709719257885766
1008,23_11,0.0026234604656328103,0.0016852506,0.002620025200102627,0.1406787798547508,0.00023690876860447648,0.05671679274773354
1009,23_12,0.002623333586847498,0.0016819526,0.0026198986532998208,0.14067653460809876,0.0002369087385457816,0.05652433399245993
1010,23_13,0.0026235238602913573,0.0016868983,0.0026200884288809694,0.14067990165920535,0.00023690878362322745,0.056812954269495466
1011,23_14,0.002623992169928616,0.0016990693,0.0026205555130025203,0.14068818810138287,0.00023690889456991996,0.05752331959690338
1012,23_15,0.0026242035072345377,0.0017045611,0.002620766297190111,0.14069192725657792,0.0002369089446376128,0.05784389103633245
1013,23_16,0.002624703156701011,0.0017175431,0.0026212646387823325,0.1407007666677532,0.00023690906300907015,0.05860179484313477
1014,23_17,0.002624950039119538,0.0017239568,0.002621510874873817,0.14070513390403258,0.00023690912149775981,0.05897628363455709
1015,23_18,0.002625120817527865,0.001728393,0.0026216812061564928,0.14070815473439816,0.00023690916195672596,0.059235332456732695
1016,23_19,0.002625291925238743,0.0017328375,0.0026218518658504544,0.1407111812576161,0.00023690920249371382,0.059494880788411565
1017,23_2,0.002624639115260227,0.0017158793,0.002621200764989249,0.14069963375920413,0.0002369090478370729,0.05850465223612744
1018,23_20,0.0026253830321507155,0.0017352039,0.0026219427342023373,0.14071279268679662,0.00023690922407778065,0.05963307822490123
1019,23_21,0.0026253831621328183,0.0017352073,0.002621942863844081,0.14071279498579362,0.0002369092241085746,0.05963327539098913
1020,23_22,0.002625167427567909,0.0017296037,0.00262172769415883,0.14070897917771988,0.00023690917299907174,0.05930603387673798
1021,23_23,0.0026248701010463844,0.0017218802,0.002621431146081573,0.14070371986646366,0.0002369091025597019,0.058855027886243506
1022,23_24,0.0026251554209219393,0.0017292919,0.0026217157189497176,0.14070876680383293,0.0002369091701545872,0.05928782134315611
1023,23_25,0.0026253940627238613,0.0017354904,0.0026219537358917735,0.14071298778457134,0.0002369092266910252,0.0596498101818824
1024,23_26,0.002625243475412856,0.0017315791,0.0026218035428852873,0.14071032429899596,0.00023690919101550446,0.05942138865053792
1025,23_27,0.002642567672491508,0.0021800925,0.0026390822295352923,0.14101607382785397,0.0002369132953125711,0.0856999615235928
1026,23_28,0.0026412912352745087,0.0021471465,0.002637809155689583,0.14099359228110064,0.00023691299290781674,0.08376377087230295
1027,23_29,0.002641807150280733,0.0021604646,0.002638323711471397,0.14100267983019232,0.0002369131151348165,0.08454634740533465
1028,23_3,0.002625077910130275,0.0017272785,0.0026216384111001777,0.14070739577513808,0.00023690915179157057,0.0591702474678442
1029,23_30,0.002641256298002456,0.0021462445,0.0026377743104533382,0.14099297683795164,0.0002369129846307232,0.08371077553604209
1030,23_31,0.0026428321982102784,0.0021869182,0.0026393460580345046,0.14102073193829273,0.00023691335798223912,0.08610121292623774
1031,23_32,0.002646431778237605,0.002279732,0.0026429361436066906,0.14108408696751185,0.00023691421077236556,0.0915613116327492
1032,23_33,0.002648066552877893,0.0023218424,0.002644566602017312,0.14111284103648586,0.00023691459807402584,0.094041053944661
1033,23_34,0.002648021906181448,0.0023206926,0.002644522073235052,0.14111205590324985,0.00023691458749657191,0.09397333066370664
1034,23_35,0.0026478428387015497,0.0023160812,0.0026443434786615062,0.14110890682794724,0.00023691454507287758,0.09370170838889962
1035,23_36,0.0026491006078567967,0.0023484654,0.0026455979254499063,0.14113102290052404,0.00023691484305687219,0.09560958199790903
1036,23_37,0.0026486531868903634,0.0023369472,0.002645151686515477,0.14112315644878895,0.0002369147370562279,0.09493090209038044
1037,23_38,0.002647759927117406,0.002313946,0.002644260786031024,0.14110744869899997,0.00023691452542991815,0.09357594220787249
1038,23_39,0.0026466725794888147,0.0022859364,0.0026431763092470014,0.1410883231705803,0.0002369142678216108,0.09192657607756657
1039,23_4,0.0026278567805503206,0.0017994248,0.0026244100020271608,0.1407565321389498,0.00023690981013231943,0.06338543553724847
1040,23_40,0.002646184755560916,0.0022733666,0.002642689772902832,0.14107974104805818,0.0002369141522491903,0.09118661008778303
1041,23_41,0.00264469679936466,0.002235012,0.002641205742620799,0.1410535573850191,0.00023691379973157174,0.08892957242204318
1042,23_42,0.0026435109398957202,0.002204429,0.002640023010418651,0.14103268266944355,0.0002369135187852656,0.08713077653382584
1043,23_43,0.002645877994791026,0.002265461,0.002642383821689452,0.14107434376597933,0.00023691407957323368,0.090721293559141
1044,23_44,0.0026462302568213717,0.002274539,0.0026427351540752883,0.14108054158127384,0.0002369141630290831,0.0912556296321391
1045,23_45,0.0026469037414131387,0.002291892,0.0026434068609498085,0.14109238955458467,0.0002369143225871752,0.09227721890656682
1046,23_46,0.002648032195288742,0.0023209576,0.0026445323351684687,0.14111223684284585,0.00023691458993421152,0.0939889379126079
1047,23_47,0.0026475885973711727,0.0023095333,0.0026440899087122696,0.14110443550245633,0.00023691448483941613,0.09331605707719248
1048,23_48,0.0026415253647675994,0.0021531908,0.002638042668380314,0.1409977164861944,0.00023691304837614218,0.08411891512043042
1049,23_49,0.0026409478437143296,0.0021382805,0.0026374666686785403,0.14098754297503657,0.00023691291155390846,0.08324289015862903
1050,23_5,0.00262421640108889,0.0017048961,0.0026207791572968432,0.14069215537883106,0.0002369089476922822,0.05786344935061862
1051,23_50,0.002641538812509932,0.002153538,0.0026380560806935904,0.14099795336154616,0.00023691305156208785,0.08413931361135382
1052,23_51,0.0026416628398097186,0.0021567396,0.002638179781225949,0.1410001380032012,0.00023691308094577572,0.08432744703080744
1053,23_52,0.0026417120248130345,0.0021580092,0.002638228836640193,0.14100100433865292,0.0002369130925983467,0.08440205433803386
1054,23_53,0.002641655957770412,0.002156562,0.0026381729173187473,0.14100001678338578,0.00023691307931533062,0.0843170078646743
1055,23_54,0.0026410889950798295,0.002141925,0.0026376074482426185,0.14099002961074344,0.0002369129449944918,0.08345699857748272
1056,23_55,0.002640850179272937,0.0021357588,0.002637369261479723,0.140985822387755,0.00023691288841594241,0.08309474579565546
1057,23_56,0.002641924803543515,0.0021635015,0.002638441054729019,0.14100475205892746,0.00023691314300841913,0.08472481223263557
1058,23_57,0.002644162743505939,0.0022212404,0.0026406730953104827,0.14104415716196178,0.0002369136732064028,0.0881194785551834
1059,23_58,0.00264280805088689,0.002186295,0.0026393219743599365,0.14102030673399768,0.0002369133522614157,0.08606458455065039
1060,23_59,0.002643279216092798,0.0021984512,0.002639791897538379,0.14102860289647867,0.0002369134638867704,0.08677928140745053
1061,23_6,0.002624356602312933,0.0017085391,0.0026209189915557284,0.1406946358158827,0.000236908980907209,0.058076116527410446
1062,23_60,0.002643937047224699,0.0022154197,0.0026404479942077896,0.14104018417005576,0.00023691361973587378,0.08777712640190174
1063,23_61,0.0026460943607133336,0.002271037,0.0026425996166213523,0.1410781506454569,0.00023691413083337258,0.09104949276114667
1064,23_62,0.002645579092105557,0.0022577571,0.0026420857077325876,0.1410690843391477,0.00023691400875898967,0.09026789673120206
1065,23_63,0.0026464848650476387,0.0022810998,0.002642989090295519,0.14108502089891795,0.00023691422334938558,0.09164183747759722
1066,23_64,0.002646932047231994,0.0022926212,0.0026434350920432775,0.1410928874676794,0.0002369143292932292,0.09232015518350707
1067,23_65,0.0026461154841910645,0.0022715814,0.0026426206843516583,0.1410785222941675,0.000236914135837823,0.09108153435282133
1068,23_66,0.002645210334085282,0.0022482516,0.002641717922649028,0.1410625952043979,0.00023691392139506495,0.08970853836877239
1069,23_7,0.0026238056387878233,0.0016942217,0.0026203694700197067,0.14068488766982934,0.00023690885037903772,0.05724037591101947
1070,23_8,0.002623755415611869,0.0016929165,0.0026203193782735005,0.1406839990076764,0.00023690883848072314,0.05716419382978159
1071,23_9,0.0026233514567286513,0.0016824171,0.0026199164764248127,0.1406768508378707,0.00023690874277931264,0.05655144029770369
1072,24_0,0.0026245963770241704,0.0017147689,0.002621158138631089,0.14069887769918574,0.0002369090377119983,0.05843982384347015
1073,24_1,0.0026248631282025643,0.001721699,0.0026214241914926215,0.14070359652132786,0.0002369091009077717,0.05884445098137334
1074,24_10,0.002623583086454179,0.0016884377,0.002620147500067375,0.1406809496833531,0.00023690879765442607,0.05690279272080403
1075,24_11,0.0026234930988659165,0.0016860988,0.0026200577479472188,0.14067935732059572,0.0002369087763355757,0.05676629315403616
1076,24_12,0.002623517191104952,0.001686725,0.0026200817771455287,0.14067978364502248,0.00023690878204323863,0.056802837973764043
1077,24_13,0.002623676794884323,0.0016908732,0.0026202409632846238,0.14068260784885256,0.00023690881985477863,0.05704493632487271
1078,24_14,0.002624845118095685,0.0017212312,0.002621406228535883,0.14070327793307041,0.00023690909664101352,0.05881713197178584
1079,24_15,0.002624609039800948,0.0017150979,0.0026211707682601082,0.14069910171067704,0.0002369090407119246,0.05845903164287449
1080,24_16,0.0026246030668699845,0.0017149427,0.0026211648109646982,0.14069899604633077,0.00023690903929688326,0.05844997147686044
1081,24_17,0.0026254307808363324,0.0017364441,0.002621990357856484,0.14071363721396127,0.00023690923538988498,0.059705506823403455
1082,24_18,0.002625045606798019,0.0017264393,0.0026216061923441457,0.14070682437836646,0.00023690914413861564,0.05912124747858769
1083,24_19,0.0026243722568550076,0.0017089458,0.002620934605122115,0.1406949127701955,0.00023690898461591067,0.05809986244895811
1084,24_2,0.002624010971603671,0.0016995579,0.002620574265471069,0.14068852076441504,0.00023690889902420407,0.05755183931333434
1085,24_20,0.0026250779773546026,0.0017272802,0.002621638478148498,0.14070739696422918,0.00023690915180749663,0.05917034943848023
1086,24_21,0.0026255245102643717,0.0017388784,0.0026220838418444027,0.14071529496889498,0.00023690925759525314,0.05984768227857131
1087,24_22,0.00262541579680841,0.0017360549,0.002621975413064965,0.14071337219377175,0.0002369092318400304,0.05968277798535624
1088,24_23,0.0026251645144162246,0.0017295281,0.002621724788634629,0.14070892764987186,0.00023690917230891938,0.05930161500130708
1089,24_24,0.0026252457656666898,0.0017316386,0.002621805827142387,0.14071036480820917,0.00023690919155808666,0.05942486267025728
1090,24_25,0.002625755425834475,0.0017448755,0.0026223141527011154,0.14071937891112773,0.00023690931230129576,0.06019795141998827
1091,24_26,0.0026254500051597933,0.0017369434,0.0026220095318397942,0.14071397723011947,0.00023690923994430479,0.05973466764296163
1092,24_27,0.0026439943722597363,0.0022168981,0.002640505168077077,0.14104119329948206,0.00023691363331695574,0.08786408108752682
1093,24_28,0.002641892338550672,0.0021626635,0.0026384086752797207,0.1410041802586837,0.00023691313531703576,0.08467556702511629
1094,24_29,0.0026430043760868587,0.0021913606,0.0026395177820585218,0.1410237637008451,0.00023691339877348152,0.0863623845612814
1095,24_3,0.002624278080105008,0.0017064988,0.002620840674875625,0.1406932466136007,0.0002369089623045935,0.05795700846406149
1096,24_30,0.00264174400953597,0.0021588348,0.0026382607370908145,0.14100156770578323,0.00023691310017594645,0.08445057103803819
1097,24_31,0.0026433417706781047,0.002200065,0.0026398542872084164,0.14102970426791406,0.00023691347870679437,0.08687416864644107
1098,24_32,0.002646767946366957,0.0022883934,0.0026432714243819887,0.14109000080418807,0.00023691429041538598,0.09207123533337835
1099,24_33,0.002648084780663588,0.0023223117,0.0026445847816619324,0.14111316157815354,0.0002369146023924544,0.09406870314493929
1100,24_34,0.0026470460146467505,0.0022955572,0.0026435487585839473,0.14109489217373325,0.00023691435629374433,0.0924930290546726
1101,24_35,0.0026469081336755883,0.002292005,0.0026434112416170437,0.1410924668168472,0.00023691432362776506,0.09228388140228531
1102,24_36,0.0026481538050695183,0.0023240892,0.0026446536237657594,0.1411143753818675,0.00023691461874534464,0.09417340426748097
1103,24_37,0.002646884265522169,0.0022913902,0.002643387436473369,0.14109204696213612,0.00023691431797305773,0.09224767649153946
1104,24_38,0.002645595929780411,0.0022581911,0.0026421025009794375,0.14106938062180452,0.00023691401274807076,0.09029343731260084
1105,24_39,0.0026455661748630704,0.0022574242,0.0026420728245734344,0.141068857041176,0.000236914005698714,0.09024830294013313
1106,24_4,0.0026256858137339205,0.0017430676,0.002622244722903811,0.14071814778606126,0.00023690929580954146,0.06009235884049104
1107,24_40,0.002646221989556588,0.002274326,0.002642726908629818,0.1410803961306028,0.00023691416107045097,0.09124308925759265
1108,24_41,0.002645851732860443,0.0022647842,0.0026423576290610243,0.14107388168269608,0.0002369140733514127,0.0906814575971353
1109,24_42,0.002645772262065984,0.002262736,0.0026422783679764935,0.14107248336138373,0.00023691405452366378,0.09056091065034196
1110,24_43,0.0026468170183124593,0.0022896577,0.0026433203667871013,0.1410908640309347,0.00023691430204123145,0.09214567114648134
1111,24_44,0.002644893553484388,0.0022400848,0.002641401977738833,0.14105702024638397,0.00023691384634534244,0.08922802304863567
1112,24_45,0.0026458826473445374,0.002265581,0.0026423884619653486,0.14107442562815548,0.00023691408067548915,0.09072835088283356
1113,24_46,0.0026513035474958783,0.0024051482,0.0026477950422853862,0.14116974149896436,0.00023691536496654592,0.09895115734352089
1114,24_47,0.002646103666587417,0.002271277,0.002642608897936158,0.1410783143742388,0.00023691413303806566,0.09106360857206397
1115,24_48,0.002641680960494152,0.0021572073,0.0026381978541676,0.1410004571788059,0.00023691308523880297,0.08435493377228412
1116,24_49,0.002641157476897934,0.0021436932,0.0026376757496682406,0.14099123600931812,0.00023691296121872157,0.0835608766642629
1117,24_5,0.0026241142913786732,0.0017022428,0.0026206773148380776,0.1406903488001446,0.00023690892350157946,0.057708562088092205
1118,24_50,0.002641467119063665,0.0021516872,0.002637984576126849,0.14099669050750502,0.00023691303457697532,0.08403056389881627
1119,24_51,0.0026419828879174516,0.0021650007,0.0026384989860510763,0.14100577507710585,0.0002369131567693711,0.08481291873744752
1120,24_52,0.0026420555966628523,0.0021668773,0.002638571503204762,0.1410070556475873,0.00023691317399503016,0.08492320852784019
1121,24_53,0.002642370143612158,0.0021749951,0.0026388852212442257,0.1410125952805291,0.00023691324851535798,0.08540033568656469
1122,24_54,0.0026418217269865087,0.002160841,0.0026383382497696863,0.14100293657329213,0.0002369131185882293,0.08456845838821181
1123,24_55,0.0026412677693532973,0.0021465407,0.0026377857515851528,0.1409931789139834,0.0002369129873484352,0.08372817609594563
1124,24_56,0.002642839534492243,0.0021871075,0.0026393533749789863,0.14102086112056697,0.00023691335972030232,0.08611234111990526
1125,24_57,0.0026440436637534797,0.0022181694,0.0026405543295868537,0.1410420609975975,0.00023691364499478287,0.0879388499269993
1126,24_58,0.002643742006948632,0.0022103891,0.002640253468227199,0.14103675064096108,0.0002369135735281805,0.08748127545512858
1127,24_59,0.002644210584557722,0.0022224742,0.002640720810195204,0.14104499929158548,0.00023691368454060234,0.0881920472612471
1128,24_6,0.0026237461791671253,0.0016926765,0.0026203101659994683,0.1406838355743405,0.00023690883629252774,0.05715018333421966
1129,24_60,0.002644461974173574,0.002228957,0.002640971536805584,0.14104942424901085,0.00023691374409824998,0.08857337288977192
1130,24_61,0.0026449755627589106,0.0022421991,0.0026414837706763886,0.14105846355400936,0.0002369138657744759,0.08935242054232759
1131,24_62,0.002645521940558855,0.002256284,0.002642028706984245,0.14106807866758725,0.00023691399521898803,0.09018120520500901
1132,24_63,0.0026467158569925733,0.0022870514,0.0026432194725107996,0.1410890844859852,0.00023691427807466916,0.09199222246978422
1133,24_64,0.00264624961948878,0.002275038,0.0026427544656396637,0.1410808822384549,0.0002369141676163733,0.09128500030162456
1134,24_65,0.0026462238056420553,0.0022743728,0.0026427287199222017,0.14108042808204896,0.00023691416150070733,0.09124584402504751
1135,24_66,0.002645998114592353,0.0022685567,0.0026425036244999635,0.14107645725582005,0.00023691410803130758,0.0909034998073345
1136,24_7,0.0026235153681670813,0.0016866776,0.002620079958977651,0.14067975138730116,0.00023690878161136865,0.05680007281209711
1137,24_8,0.002623481650762743,0.0016858012,0.0026200463297994117,0.14067915473966644,0.0002369087736234196,0.05674892785784778
1138,24_9,0.002623396579838563,0.00168359,0.002619961481469659,0.14067764934099736,0.00023690875346937213,0.05661988623645016
1139,25_0,0.002625006675714522,0.001725428,0.0026215673631881987,0.14070613574050472,0.00023690913491548614,0.05906219404540138
1140,25_1,0.0026252647779877797,0.0017321324,0.00262182478968197,0.14071070109061737,0.00023690919606228033,0.059453701909558274
1141,25_10,0.0026231826516573014,0.0016780292,0.002619748113015647,0.14067386356461006,0.0002369087027879188,0.05629538477324445
1142,25_11,0.002623652114408979,0.0016902317,0.0026202163473931193,0.14068217113305267,0.0002369088140077564,0.05700749922652264
1143,25_12,0.0026236983580154704,0.0016914336,0.0026202624699888984,0.1406829894016522,0.00023690882496327464,0.057077644814083325
1144,25_13,0.0026238195161776457,0.0016945824,0.0026203833110931465,0.140685133218024,0.0002369088536667142,0.05726142612177867
1145,25_14,0.0026247576863574415,0.0017189598,0.0026213190256877974,0.14070173129594213,0.0002369090759276403,0.0586845092998999
1146,25_15,0.0026247188312289145,0.0017179503,0.002621280272276831,0.1407010439511149,0.00023690906672250788,0.05862557108060784
1147,25_16,0.0026244846550799836,0.0017118662,0.002621046709138121,0.14069690124511766,0.0002369090112440615,0.058270356061586884
1148,25_17,0.0026245180716943503,0.0017127345,0.002621080038280109,0.14069749241871407,0.0002369090191607587,0.05832104475623865
1149,25_18,0.002625341864003694,0.0017341346,0.0026219016738536134,0.14071206454082785,0.00023690921432466708,0.05957063145483517
1150,25_19,0.002625157823143105,0.0017293543,0.0026217181148811878,0.1407088092944396,0.0002369091707236954,0.05929146520287816
1151,25_2,0.0026242955666177905,0.0017069532,0.002620858115618895,0.1406935559845847,0.0002369089664473051,0.057983533248925315
1152,25_20,0.0026252045862209398,0.0017305689,0.0026217647555188974,0.1407096364368817,0.00023690918180229765,0.059362398761476955
1153,25_21,0.0026254994897251635,0.0017382286,0.0026220588868248974,0.14071485244449736,0.00023690925166765586,0.05980972934719375
1154,25_22,0.002625368787943819,0.0017348339,0.002621928527293916,0.14071254074866127,0.00023690922070319668,0.05961147159994482
1155,25_23,0.0026253043045139837,0.0017331591,0.002621864212711504,0.14071140021494136,0.00023690920542647807,0.059513658552544514
1156,25_24,0.002624866852129067,0.0017217958,0.00262142790566991,0.140703662395227,0.0002369091017900038,0.058850099697647096
1157,25_25,0.0026249796479232796,0.0017247259,0.0026215404061589735,0.14070565765165213,0.00023690912851235561,0.05902119637153831
1158,25_26,0.0026245321903190393,0.0017131013,0.002621094119947109,0.14069774218990272,0.00023690902250558823,0.05834246088918107
1159,25_27,0.0026449426268937586,0.00224135,0.0026414509216954474,0.14105788390871757,0.0002369138579715129,0.08930246108223798
1160,25_28,0.002644204102175554,0.002222307,0.002640714344908594,0.14104488518503372,0.0002369136830048373,0.08818221432345438
1161,25_29,0.002642753882635686,0.0021848974,0.002639267948886226,0.1410193528890788,0.00023691333942823408,0.08598241829900814
1162,25_3,0.0026271459374674444,0.0017809768,0.0026237010217908187,0.14074396623004498,0.0002369096417266795,0.062307178249487546
1163,25_30,0.0026419735874762414,0.0021647606,0.0026384897101166833,0.14100561127295466,0.00023691315456597422,0.08479881116749866
1164,25_31,0.0026426675387655027,0.0021826695,0.002639181832596484,0.14101783243887087,0.00023691331897222033,0.08585144578268
1165,25_32,0.0026445010169575986,0.0022299637,0.0026410104766140057,0.14105011145440768,0.0002369137533480223,0.08863259575825495
1166,25_33,0.0026461644085460185,0.0022728422,0.0026426694795875895,0.14107938306683115,0.00023691414742869457,0.09115574629009586
1167,25_34,0.0026448369766007692,0.0022386261,0.00264134555009872,0.14105602451411606,0.0002369138329414957,0.08914220321223283
1168,25_35,0.002645202413205921,0.0022480474,0.0026417100226667507,0.1410624558118896,0.00023691391951849834,0.08969652341624368
1169,25_36,0.0026463877463582517,0.0022785973,0.00264289222794617,0.1410833123257406,0.00023691420034058783,0.09149452095003738
1170,25_37,0.0026459314228578215,0.002266838,0.0026424371087637264,0.14107528383271775,0.0002369140922310953,0.0908023370464889
1171,25_38,0.002645581919454439,0.00225783,0.0026420885276212274,0.14106913409043056,0.00023691400942882823,0.09027218545484672
1172,25_39,0.0026456709870034266,0.0022601257,0.00264217736015252,0.1410707013442247,0.0002369140305301793,0.09040728944068022
1173,25_4,0.0026245920709770183,0.0017146571,0.0026211538438559788,0.1406988015226764,0.00023690903669185682,0.0584332921252404
1174,25_40,0.0026449640934092977,0.0022419035,0.002641472331582833,0.14105826170303634,0.00023691386305722795,0.08933502301803031
1175,25_41,0.002646491976501837,0.002281283,0.0026429961829790125,0.1410851460064504,0.00023691422503419025,0.09165262463653576
1176,25_42,0.002646598271067608,0.0022840218,0.0026431021969739624,0.14108701595591083,0.00023691425021688626,0.09181385978526749
1177,25_43,0.0026456861721446024,0.002260517,0.002642192505224703,0.14107096854205634,0.00023691403412775234,0.09043032334159733
1178,25_44,0.002645364944994504,0.0022522372,0.002641872125646966,0.14106531600822192,0.00023691395802454454,0.08994306317973581
1179,25_45,0.0026456177629117224,0.0022587539,0.0026421242765012794,0.14106976480468797,0.00023691401792064556,0.09032655535724174
1180,25_46,0.0026460360145302035,0.0022695335,0.002642541424418584,0.14107712408618603,0.00023691411701033771,0.09096098912555065
1181,25_47,0.00264259212440252,0.0021807235,0.002639106617000479,0.14101650442178196,0.00023691330110555398,0.08573705191932675
1182,25_48,0.002641350297808151,0.0021486713,0.002637868062631097,0.14099463269428103,0.00023691300690049878,0.08385336111924743
1183,25_49,0.002640807331049167,0.0021346523,0.002637326526112739,0.14098506750274364,0.0002369128782646462,0.08302975056582156
1184,25_5,0.0026239521300209625,0.0016980288,0.002620515577883507,0.1406874796593366,0.0002369088850841099,0.05746258422046324
1185,25_50,0.0026422019403395417,0.0021706542,0.0026387174612415233,0.1410096330292561,0.0002369132086657776,0.08514519301317805
1186,25_51,0.0026430172628055843,0.002191693,0.0026395306348072933,0.14102399060894488,0.0002369134018265179,0.08638193205174147
1187,25_52,0.0026419355741791922,0.0021637795,0.0026384517969844073,0.14100494175921083,0.00023691314556012428,0.0847411498979973
1188,25_53,0.002642159367947955,0.0021695555,0.002638675001037466,0.14100888326089936,0.00023691319857981595,0.08508061618519491
1189,25_54,0.0026420979508779228,0.0021679704,0.002638613745811622,0.14100780159315401,0.00023691318402930186,0.08498745441018371
1190,25_55,0.0026421159753052047,0.0021684356,0.0026386317227419308,0.14100811903826946,0.0002369131882995264,0.08501479514197427
1191,25_56,0.002643515786870702,0.002204554,0.0026400278446143725,0.14103276800364056,0.00023691351993357948,0.08713812876981705
1192,25_57,0.0026445277621382035,0.0022306533,0.0026410371512531434,0.14105058220155697,0.0002369137596843235,0.08867316474822502
1193,25_58,0.0026443091765020158,0.0022250167,0.0026408191421243227,0.1410467347395652,0.00023691370789838428,0.0883415985265131
1194,25_59,0.0026433628722404554,0.0022006093,0.0026398753331389577,0.14103007579002552,0.00023691348370603898,0.0869061769953106
1195,25_6,0.002623425382895415,0.0016843387,0.0026199902091619673,0.1406781590379992,0.00023690876029306852,0.056663576759307686
1196,25_60,0.0026440580270699746,0.0022185398,0.002640568655026159,0.14104231383883223,0.00023691364839764856,0.08796063722585643
1197,25_61,0.0026443467363023183,0.0022259853,0.002640856602866138,0.14104739586817663,0.000236913716796816,0.08839857189993197
1198,25_62,0.0026449740274887635,0.0022421596,0.00264148223945628,0.14105843653457115,0.0002369138654107491,0.08935009173549986
1199,25_63,0.0026457770228388547,0.0022628587,0.00264228311618667,0.14107256712993274,0.00023691405565155779,0.09056813212884691
1200,25_64,0.0026456836789209327,0.0022604528,0.002642190018579912,0.14107092467134877,0.00023691403353707266,0.09042654144281173
1201,25_65,0.002645755631046026,0.0022623073,0.0026422617808421773,0.141072190728187,0.00023691405058354147,0.09053568353777024
1202,25_66,0.0026458364383643153,0.00226439,0.002642342374924962,0.1410736125719333,0.00023691406972793132,0.09065825781885835
1203,25_7,0.0026228430858632663,0.0016692017,0.002619409435576892,0.1406678540195856,0.0002369086223418407,0.055780307253447604
1204,25_8,0.0026230409008486735,0.0016743443,0.0026196067330624393,0.14067135495991434,0.00023690866920592099,0.05608036707646846
1205,25_9,0.002622955481460317,0.0016721237,0.002619521537142826,0.14066984322465279,0.00023690864896932823,0.05595079687985276
1206,26_0,0.002624518103059031,0.0017127353,0.002621080069562688,0.14069749297358453,0.00023690901916818927,0.05832109233241454
1207,26_1,0.0026259069121426404,0.0017488094,0.002622465242273572,0.14072205794723008,0.00023690934818981557,0.06042773661409129
1208,26_10,0.0026229383934375924,0.0016716794,0.0026195044938238225,0.14066954080028282,0.00023690864492102788,0.05592487655301781
1209,26_11,0.002623149346046516,0.0016771634,0.002619714894542431,0.1406732741538315,0.00023690869489752987,0.056244864456711244
1210,26_12,0.0026233333450003146,0.0016819463,0.0026198984120854234,0.14067653032830216,0.0002369087384884859,0.05652396714147088
1211,26_13,0.002623615224024932,0.0016892729,0.0026201795535426573,0.1406815183603646,0.00023690880526809944,0.05695154127123629
1212,26_14,0.002624391200140358,0.001709438,0.002620953498823181,0.14069524790624616,0.0002369089891037452,0.05812859696994508
1213,26_15,0.00262493557318671,0.001723581,0.0026214964468138213,0.14070487801593368,0.0002369091180706484,0.05895434067995566
1214,26_16,0.002624332847372891,0.0017079219,0.0026208952987936615,0.1406942155502397,0.00023690897527945044,0.058040083346758566
1215,26_17,0.0026248173660125326,0.0017205102,0.0026213785491065616,0.14070278701208314,0.00023690909006629269,0.058775035640499594
1216,26_18,0.0026257091326187987,0.0017436732,0.0026222679807206984,0.14071856019472337,0.00023690930133400212,0.060127730581692164
1217,26_19,0.0026253701549899112,0.0017348694,0.002621929890760405,0.1407125649277266,0.0002369092210270625,0.05961354523257541
1218,26_2,0.0026252919879865516,0.0017328392,0.002621851928433963,0.14071118236746413,0.00023690920250857934,0.059494975968745936
1219,26_20,0.002624988306107736,0.0017249509,0.0026215490416753376,0.1407058108047951,0.00023690913056355855,0.05903432972081575
1220,26_21,0.0026253372205818997,0.001734014,0.0026218970425904574,0.1407119824115879,0.0002369092132245977,0.05956358798278032
1221,26_22,0.0026252361475103555,0.0017313887,0.0026217962341699174,0.14071019468544635,0.000236909189279457,0.059410273167436856
1222,26_23,0.002624609165264011,0.0017151012,0.002621170893394742,0.14069910393018406,0.00023690904074164792,0.058459221954161936
1223,26_24,0.002624894214860137,0.0017225066,0.0026214551967651155,0.1407041464226735,0.00023690910827248393,0.05889160543203502
1224,26_25,0.002624741375289096,0.001718536,0.0026213027573198434,0.14070144275497934,0.00023690907206340021,0.05865976751266402
1225,26_26,0.0026250062320460014,0.0017254165,0.0026215669206812614,0.14070612789257322,0.00023690913481037702,0.05906152105746969
1226,26_27,0.0026455748014061467,0.0022576465,0.002642081428354601,0.14106900883803292,0.00023691400774246288,0.09026138829351708
1227,26_28,0.0026448922620911424,0.0022400515,0.002641400689752174,0.14105699751849868,0.0002369138460393935,0.08922606417161774
1228,26_29,0.0026422323972954643,0.0021714403,0.002638747837935623,0.1410101694203185,0.00023691321588143287,0.08519139228764132
1229,26_3,0.0026308657540095232,0.0018774593,0.0026274110845562037,0.14080969797509738,0.00023691052298872284,0.0679496602434071
1230,26_30,0.002641512431188483,0.002152857,0.0026380297688754833,0.14099748866681203,0.00023691304531200857,0.08409929654880059
1231,26_31,0.002643265967092943,0.0021981094,0.0026397786834669174,0.14102836962484716,0.000236913460747904,0.08675918438323649
1232,26_32,0.002643387593232286,0.002201247,0.0026398999889562114,0.14103051103465788,0.0002369134895627753,0.08694367555194518
1233,26_33,0.0026436255998559476,0.0022073865,0.002640137368066629,0.14103470130570922,0.0002369135459497618,0.08730470090716196
1234,26_34,0.002643440023437344,0.0022025995,0.002639952280931939,0.14103143412635102,0.00023691350198419848,0.08702320541171957
1235,26_35,0.0026448630388428616,0.002239298,0.0026413715435919215,0.14105648320172956,0.00023691383911600148,0.08918173627254973
1236,26_36,0.002646079137096494,0.0022706448,0.002642584433181212,0.14107788279829286,0.00023691412722668266,0.09102640049760921
1237,26_37,0.0026454665606473102,0.0022548565,0.002641973473193376,0.14106710415685383,0.0002369139820987123,0.09009720102088323
1238,26_38,0.0026460549511501427,0.0022700215,0.0026425603110636015,0.14107745726410284,0.00023691412149669036,0.09098971353596781
1239,26_39,0.00264568497069957,0.0022604861,0.002642191306949929,0.14107094740146003,0.00023691403384311314,0.09042850090441945
1240,26_4,0.0026247840576254736,0.0017196449,0.0026213453279185007,0.14070219779816356,0.00023690908217523313,0.058724511112716725
1241,26_40,0.00264515889846623,0.0022469256,0.002641666622727739,0.14106169002971433,0.00023691390920925102,0.08963051716770991
1242,26_41,0.0026459881857112456,0.0022683009,0.002642493721821276,0.14107628256108726,0.00023691410567901558,0.09088843897510443
1243,26_42,0.002646631344971124,0.002284874,0.0026431351835746525,0.14108759778656751,0.00023691425805256544,0.09186402863175402
1244,26_43,0.002647085330473115,0.00229657,0.0026435879706134943,0.1410955837323365,0.00023691436560822822,0.09255266609317374
1245,26_44,0.0026458600622096557,0.0022649989,0.002642365936430135,0.14107402823939183,0.00023691407532475272,0.09069409214575401
1246,26_45,0.0026465135549572734,0.002281839,0.002643017704477743,0.14108552562184754,0.00023691423014643337,0.09168535637071713
1247,26_46,0.002647675164881633,0.002311763,0.002644176247629061,0.141105957991846,0.00023691450534851414,0.09344736882698043
1248,26_47,0.0026417194301530497,0.0021582004,0.0026382362224689486,0.14100113477399126,0.0002369130943527687,0.08441328728385855
1249,26_48,0.00264135255247365,0.0021487295,0.002637870311356921,0.14099467241092228,0.00023691300743465836,0.0838567811560516
1250,26_49,0.002641127320872531,0.0021429146,0.002637645673079392,0.14099070477328762,0.00023691295407436838,0.08351513386258987
1251,26_5,0.002624015800838061,0.0016996834,0.0026205790820666474,0.1406886062090844,0.00023690890016829266,0.05755916463913522
1252,26_50,0.0026427733372391543,0.0021853994,0.002639287352211293,0.141019695465328,0.0002369133440372892,0.08601192842364043
1253,26_51,0.0026429504384491236,0.002189969,0.0026394639866009653,0.14102281396408053,0.00023691338599493282,0.0862805681205316
1254,26_52,0.002642455449235034,0.0021771966,0.002638970302048496,0.1410140975614563,0.0002369132687253911,0.08552973331561801
1255,26_53,0.0026417676149782412,0.0021594441,0.002638284280337577,0.14100198348041892,0.00023691310576838502,0.08448637744985135
1256,26_54,0.0026415500415623797,0.0021538278,0.002638067280162145,0.14099815115515035,0.00023691305422239694,0.08415634663584015
1257,26_55,0.002641829096552075,0.0021610311,0.0026383455999174454,0.14100306637489965,0.00023691312033417605,0.0845796370688113
1258,26_56,0.002643944458785438,0.0022156108,0.0026404553862244746,0.14104031464134692,0.00023691362149177346,0.0877883687837624
1259,26_57,0.0026449684373067413,0.0022420154,0.0026414766640211235,0.14105833815207197,0.00023691386408635748,0.08934161215027174
1260,26_58,0.0026445369902813485,0.0022308913,0.0026410463550565325,0.14105074462716727,0.00023691376187059762,0.08868716265133259
1261,26_59,0.002643734180722168,0.0022101873,0.0026402456626366724,0.14103661286292077,0.00023691357167404122,0.08746940407883841
1262,26_6,0.0026232113628026745,0.0016787755,0.0026197767490430787,0.14067437166291905,0.0002369087095898391,0.0563389358782409
1263,26_60,0.002644552132812827,0.0022312817,0.0026410614576485333,0.141051011151785,0.00023691376545807174,0.08871013191883322
1264,26_61,0.0026445207281837347,0.002230472,0.0026410301358510756,0.14105045839585922,0.00023691375801788292,0.08866249514638085
1265,26_62,0.0026450945579302577,0.002245267,0.0026416024519316547,0.14106055773502602,0.00023691389396608364,0.08953292087187208
1266,26_63,0.00264569381443176,0.002260714,0.00264220012734609,0.1410711030153965,0.00023691403593831741,0.09044191570568075
1267,26_64,0.0026454698846739727,0.0022549422,0.0026419767884496336,0.14106716264956218,0.00023691398288622068,0.09010224314067017
1268,26_65,0.0026453586404360375,0.0022520747,0.002641865837722335,0.14106520506427428,0.00023691395653090667,0.0899334999775661
1269,26_66,0.0026457865895790564,0.0022631052,0.0026422926576821566,0.14107273546194804,0.00023691405791805302,0.09058264364002397
1270,26_7,0.002622864673505427,0.0016697629,0.0026194309667459427,0.1406682360874455,0.0002369086274561393,0.05581305292270429
1271,26_8,0.0026226964548930337,0.0016653894,0.0026192631881799115,0.14066525882256067,0.00023690858760370205,0.05555788698085351
1272,26_9,0.002622730623427785,0.0016662778,0.0026192972673348015,0.14066586357443106,0.00023690859569852155,0.05560971624176218
1273,27_0,0.0026251226595051303,0.0017284409,0.0026216830433110037,0.1407081873156731,0.00023690916239310725,0.05923812649870612
1274,27_1,0.0026257520727205274,0.0017447884,0.0026223108083685614,0.1407193196101197,0.00023690931150691184,0.06019286517854141
1275,27_10,0.0026229717098111053,0.0016725456,0.0026195377230385985,0.14067013043329932,0.00023690865281396492,0.05597541319522108
1276,27_11,0.002623144800537347,0.0016770452,0.0026197103609256057,0.14067319371137793,0.00023690869382065924,0.056237969505481544
1277,27_12,0.0026234259740981415,0.001684354,0.002619990798817776,0.14067816949984455,0.00023690876043312963,0.056664473537603045
1278,27_13,0.0026236574133009535,0.0016903694,0.0026202216324190107,0.14068226489605934,0.00023690881526311063,0.057015536962313006
1279,27_14,0.002624415224436805,0.0017100623,0.0026209774602352215,0.14069567293091964,0.00023690899479531703,0.05816503872952765
1280,27_15,0.0026246657541952856,0.0017165714,0.002621227334189392,0.14070010501064648,0.00023690905414807772,0.058545060065305424
1281,27_16,0.0026243365750294174,0.0017080187,0.0026208990166931754,0.14069428149904736,0.00023690897616256574,0.058045737720997435
1282,27_17,0.002625411812138107,0.0017359514,0.002621971438828677,0.14071330171735244,0.00023690923089602522,0.059676733754362485
1283,27_18,0.002625579155554411,0.0017402977,0.0026221383440361125,0.1407162614400031,0.0002369092705412286,0.05993057213660933
1284,27_19,0.002624824558313432,0.001720697,0.0026213857225783816,0.1407029142407565,0.0002369090917702141,0.05878594543345841
1285,27_2,0.0026251422625255035,0.0017289501,0.0026217025950055887,0.14070853405700437,0.00023690916703724243,0.059267861752644535
1286,27_20,0.0026247727786667687,0.0017193519,0.0026213340784870605,0.14070199827612503,0.0002369090795031454,0.05870740238687446
1287,27_21,0.0026252603319069897,0.0017320169,0.0026218203552427475,0.1407106224502468,0.0002369091950089629,0.059446957778357755
1288,27_22,0.0026259506848451287,0.001749946,0.0026225089003331045,0.14072283204840458,0.0002369093585599782,0.060494134158922463
1289,27_23,0.002625024288070744,0.0017258856,0.0026215849294327566,0.14070644727995435,0.00023690913908801426,0.059088909718533957
1290,27_24,0.0026253338814467746,0.0017339273,0.002621893712198728,0.14071192335149785,0.0002369092124335258,0.05955852294540378
1291,27_25,0.002624657666146967,0.0017163613,0.0026212192673138925,0.14069996193077475,0.00023690905223194584,0.058532791539024485
1292,27_26,0.0026247590710104813,0.0017189957,0.002621320406715972,0.14070175579024322,0.0002369090762556772,0.05868660963999943
1293,27_27,0.0026452698091745555,0.0022497848,0.002641777240827479,0.14106364184464318,0.00023691393548554198,0.08979875440940717
1294,27_28,0.0026449852440123055,0.0022424487,0.0026414934263906086,0.14105863393552606,0.0002369138680680991,0.08936710575525168
1295,27_29,0.0026430706783814478,0.0021930712,0.0026395839095756015,0.14102493113734618,0.000236913414481384,0.08646295659195573
1296,27_3,0.002629474679321754,0.0018413943,0.002626023659033721,0.1407851240115075,0.00023691019342872026,0.06583957933238764
1297,27_30,0.002641874207399682,0.0021621955,0.0026383905919029013,0.14100386091584197,0.000236913131021528,0.08464806440722228
1298,27_31,0.0026429767709248036,0.0021906483,0.0026394902496643248,0.14102327762932082,0.00023691339223344887,0.08632051109035217
1299,27_32,0.002642683969961379,0.0021830935,0.002639198220484486,0.1410181217823592,0.00023691332286498952,0.08587636978788851
1300,27_33,0.0026425136715613152,0.002178699,0.002639028370928658,0.14101512287134613,0.00023691328251903312,0.0856180490763471
1301,27_34,0.002642481217396425,0.0021778615,0.002638996002297792,0.141014551347162,0.0002369132748302105,0.08556882029343527
1302,27_35,0.0026443039940136494,0.002224883,0.002640813973303902,0.14104664351677212,0.00023691370667058175,0.08833373735998507
1303,27_36,0.0026452476808534278,0.0022492143,0.0026417551708870545,0.1410632524331737,0.0002369139302430344,0.08976518859988189
1304,27_37,0.002645590383452964,0.0022580482,0.0026420969692865994,0.14106928302648353,0.00023691401143406806,0.0902850242491084
1305,27_38,0.002644330231593767,0.0022255597,0.0026408401416865178,0.14104710535262935,0.0002369137128866242,0.0883735363854754
1306,27_39,0.002644224930721687,0.0022228442,0.0026407351185248297,0.14104525182019903,0.00023691368793940493,0.08821380854192853
1307,27_4,0.002624999881768407,0.0017252516,0.002621560587029522,0.14070601556414675,0.00023690913330593827,0.05905188850527807
1308,27_40,0.0026449284032780793,0.0022409833,0.002641436735601073,0.1410576335827866,0.00023691385460174126,0.08928088569150319
1309,27_41,0.0026448529606897665,0.0022390382,0.0026413614920237968,0.14105630582962872,0.00023691383672834752,0.08916644901396395
1310,27_42,0.0026453845361894416,0.0022527422,0.0026418916651525888,0.14106566076152854,0.00023691396266597217,0.08997278049601291
1311,27_43,0.0026469040396529513,0.0022918996,0.002643407158402293,0.14109239480078634,0.00023691432265783246,0.09227767129790224
1312,27_44,0.002647127737989744,0.0022976624,0.002643630266169281,0.1410963296655233,0.00023691437565517834,0.09261699282710793
1313,27_45,0.002647509047427848,0.0023074844,0.0026440105688251693,0.14110303640376765,0.00023691446599288302,0.09319539007177724
1314,27_46,0.002648502580262265,0.0023330697,0.0026450014777270534,0.1411205083176757,0.00023691470137530087,0.09470245125749699
1315,27_47,0.0026417778076874283,0.0021597072,0.00263829444619089,0.14100216300900972,0.0002369131081831714,0.08450183847525565
1316,27_48,0.0026415469118538184,0.002153747,0.0026380641586990793,0.14099809602710608,0.0002369130534809281,0.08415159927155358
1317,27_49,0.0026418535236063384,0.0021616616,0.002638369962609343,0.14100349661167522,0.00023691312612126577,0.08461668976006251
1318,27_5,0.002623959593220019,0.0016982227,0.0026205230215507096,0.14068761170924157,0.00023690888685220807,0.057473904930991894
1319,27_50,0.0026430656246569295,0.0021929408,0.0026395788691732105,0.14102484215314579,0.0002369134132840889,0.08645529074358009
1320,27_51,0.0026431051071362,0.0021939594,0.002639618247572011,0.14102553734369352,0.00023691342263801798,0.08651518057304841
1321,27_52,0.00264257708329254,0.0021803353,0.002639091615533146,0.14101623955075007,0.000236913297542115,0.08571423649515993
1322,27_53,0.0026424478162773582,0.0021769996,0.0026389626892073846,0.14101396314201908,0.00023691326691704213,0.08551815510315564
1323,27_54,0.002642112177355122,0.0021683376,0.002638627934800023,0.14100805214912457,0.0002369131873997419,0.08500903414147558
1324,27_55,0.0026423905156625076,0.0021755209,0.002638905539605737,0.1410129540469691,0.00023691325334176667,0.08543123745980452
1325,27_56,0.002644410101613727,0.0022276193,0.0026409198010576133,0.14104851121182557,0.00023691373180892794,0.08849468890586962
1326,27_57,0.0026450983691874634,0.0022453652,0.0026416062531343125,0.1410606248078178,0.00023691389486902342,0.08953870205756047
1327,27_58,0.002644992649472529,0.0022426397,0.0026415008123151433,0.14105876426480912,0.00023691386982255532,0.08937833888341658
1328,27_59,0.00264460073035842,0.0022325348,0.002641109927013187,0.14105186651323487,0.0002369137769714995,0.08878384812845183
1329,27_6,0.0026230460238611205,0.0016744775,0.0026196118426721577,0.1406714456249162,0.00023690867041960704,0.05608813802569727
1330,27_60,0.0026445073555951856,0.002230127,0.0026410167985332507,0.1410502230222947,0.00023691375484973274,0.08864221065405573
1331,27_61,0.002644396458712144,0.0022272675,0.0026409061941382126,0.14104827107368934,0.00023691372857673722,0.08847399438353136
1332,27_62,0.0026442778921225898,0.00222421,0.0026407879402518064,0.1410461840662774,0.00023691370048668607,0.08829414415729744
1333,27_63,0.002645660562513046,0.002259857,0.0026421669631690827,0.14107051791423708,0.0002369140280604713,0.09039147683309494
1334,27_64,0.00264615654806251,0.0022726397,0.0026426616398492865,0.14107924477059486,0.00023691414556643482,0.09114382295028634
1335,27_65,0.002646293070804586,0.0022761577,0.0026427978022749736,0.14108164669330722,0.0002369141779106058,0.09135091034430402
1336,27_66,0.0026459061902938128,0.0022661877,0.0026424119427868493,0.14107483986738464,0.00023691408625314538,0.09076406250083054
1337,27_7,0.0026230599778512284,0.0016748402,0.002619625760155968,0.14067169257638665,0.0002369086737254283,0.056109304429210735
1338,27_8,0.0026225819077947995,0.0016624111,0.002619148940711564,0.14066323140498732,0.00023690856046651237,0.05538413380460696
1339,27_9,0.002622720338343165,0.0016660104,0.002619287009154572,0.14066568153837855,0.0002369085932618966,0.055594115094739036
1340,28_0,0.002625294874387372,0.0017329141,0.002621854807276976,0.1407112334204819,0.00023690920319239427,0.05949935426656623
1341,28_1,0.0026252607397628798,0.0017320275,0.0026218207620307132,0.1407106296642306,0.0002369091951055877,0.05944757644314649
1342,28_10,0.0026231421941504108,0.0016769775,0.0026197077613577093,0.14067314758577487,0.00023690869320318352,0.0562340159526137
1343,28_11,0.0026233828927866576,0.0016832342,0.002619947830230275,0.14067740713451182,0.00023690875022678977,0.05659912474376583
1344,28_12,0.002623287430267631,0.0016807528,0.002619852617486188,0.1406757178033343,0.00023690872761088474,0.05645432041306577
1345,28_13,0.00262375464516034,0.0016928965,0.002620318609838158,0.1406839853750146,0.00023690883829819635,0.05716302515416771
1346,28_14,0.002624733255641113,0.0017183251,0.0026212946589280117,0.1407012991188727,0.00023690907013978194,0.05864745105376841
1347,28_15,0.00262469827691421,0.0017174163,0.002621259771769982,0.1407006803437984,0.00023690906185300443,0.05859439283584535
1348,28_16,0.002624773060976232,0.0017193592,0.0026213343600574655,0.14070200327011786,0.00023690907957002707,0.058707830613923304
1349,28_17,0.0026258388919547606,0.001747043,0.0026223974002302754,0.1407208550226835,0.00023690933207519773,0.060324558760831336
1350,28_18,0.002625431574189872,0.0017364647,0.0026219911491325823,0.14071365124585467,0.00023690923557783777,0.059706710238413764
1351,28_19,0.002624017382212659,0.0016997245,0.002620580659302552,0.140688634188658,0.00023690890054293436,0.057561563380468785
1352,28_2,0.002624719525785627,0.0017179684,0.0026212809650152996,0.14070105623784016,0.00023690906688705467,0.05862662463357182
1353,28_20,0.002624346301908034,0.0017082714,0.002620908718111956,0.14069445358436178,0.00023690897846695059,0.0580604921414988
1354,28_21,0.0026248548916666327,0.001721485,0.0026214159765198352,0.1407034508220061,0.00023690909895646142,0.058831957218532696
1355,28_22,0.002625305227807662,0.001733183,0.002621865133587602,0.1407114165455881,0.00023690920564521482,0.05951505906998875
1356,28_23,0.0026250129318967715,0.0017255906,0.0026215736029909045,0.14070624640431229,0.0002369091363976329,0.0590716838670879
1357,28_24,0.002625094917940249,0.0017277203,0.002621655374380076,0.14070769661551205,0.00023690915582087646,0.059196046122280424
1358,28_25,0.002624960337406413,0.0017242243,0.002621521146198924,0.1407053160700051,0.00023690912393751793,0.058991904807699315
1359,28_26,0.0026249857203012174,0.0017248837,0.0026215464626387565,0.14070576506494162,0.00023690912995095738,0.05903040738578795
1360,28_27,0.00264457424630127,0.002231852,0.0026410835128107065,0.1410514003708034,0.0002369137706970616,0.08874367522908813
1361,28_28,0.002644597515777544,0.002232452,0.0026411067209111657,0.14105180993398345,0.00023691377620992105,0.08877897202380894
1362,28_29,0.0026444246384689676,0.0022279941,0.0026409342995727288,0.14104876708414435,0.00023691373525290855,0.08851673944062526
1363,28_3,0.002627848965334012,0.001799222,0.002624402207294263,0.1407563939980624,0.00023690980828081803,0.06337358086194342
1364,28_30,0.002642198250524765,0.002170559,0.002638713781150284,0.1410095680459977,0.00023691320779161177,0.0851395960399934
1365,28_31,0.002642663721978407,0.002182571,0.0026391780258692953,0.14101776522737053,0.00023691331806797265,0.08584565620886124
1366,28_32,0.0026414520933590382,0.0021512993,0.002637969590007451,0.1409964258322594,0.00023691303101719006,0.08400777184258387
1367,28_33,0.002640934083369133,0.0021379252,0.0026374529445778836,0.14098730055699157,0.00023691290829390505,0.08322201748947293
1368,28_34,0.002641480494357447,0.0021520325,0.0026379979161832213,0.14099692611019413,0.00023691303774575677,0.08405085249463155
1369,28_35,0.0026430131025905195,0.0021915857,0.002639526485558755,0.1410239173563605,0.00023691340084090718,0.08637562154198122
1370,28_36,0.0026448170192011618,0.0022381116,0.0026413256453437454,0.14105567326784474,0.00023691382821331173,0.0891119304106958
1371,28_37,0.0026458285427168327,0.0022641865,0.002642334500112913,0.14107347364548956,0.00023691406785734134,0.09064628113983417
1372,28_38,0.002645206188490967,0.0022481447,0.002641713787991743,0.14106252224980695,0.00023691392041291594,0.08970225003680454
1373,28_39,0.002644885651612483,0.002239881,0.002641394096711376,0.1410568811772126,0.00023691384447327958,0.08921603692796651
1374,28_4,0.0026254779656178354,0.0017376696,0.002622037419080889,0.14071447175729002,0.00023690924656839576,0.05977708005208413
1375,28_40,0.0026443769289890983,0.0022267639,0.0026408867159230997,0.14104792731609686,0.00023691372394987775,0.08844437031218604
1376,28_41,0.002644459924533589,0.002228904,0.002640969492571496,0.14104938817240856,0.0002369137436126621,0.08857026385023233
1377,28_42,0.0026451043028381405,0.0022455181,0.0026416121711312877,0.14106072923163485,0.00023691389627478773,0.08954770264044569
1378,28_43,0.002645959926096519,0.0022675726,0.0026424655367834286,0.14107578534194862,0.00023691409898391432,0.09084557278386995
1379,28_44,0.0026468277636533004,0.0022899345,0.002643331083762013,0.14109105305126587,0.00023691430458695637,0.09216197044283873
1380,28_45,0.0026519949989294517,0.00242293,0.0026484846650811746,0.14118188992037906,0.0002369155287820713,0.1
1381,28_46,0.0026473571136608094,0.002303571,0.0026438590362305348,0.14110036416351449,0.00023691442999757847,0.09296492614026733
1382,28_47,0.0026422392086590503,0.002171616,0.002638754631349408,0.1410102893777199,0.00023691321749513494,0.08520172424782117
1383,28_48,0.0026417089670721008,0.0021579303,0.002638225786955643,0.1410009504804909,0.00023691309187392782,0.08439741613935751
1384,28_49,0.0026416796436059885,0.0021571734,0.0026381965407490686,0.14100043398334208,0.0002369130849268149,0.08435293622276348
1385,28_5,0.002623823668658103,0.0016946903,0.0026203874527067485,0.14068520669234055,0.00023690885465047358,0.05726772489913614
1386,28_50,0.0026425593173884016,0.002179877,0.002639073896452885,0.14101592669531998,0.0002369132933331361,0.0856872879096386
1387,28_51,0.002643050129636648,0.002192541,0.002639563414999205,0.14102456932157856,0.00023691340961311076,0.08643178679602101
1388,28_52,0.002642637013645724,0.0021818818,0.0026391513879313686,0.1410172949066499,0.00023691331174041302,0.08580514311243662
1389,28_53,0.002641949601329,0.0021641415,0.00263846578717294,0.14100518881481705,0.0002369131488833405,0.08476242727534071
1390,28_54,0.002642553082658001,0.002179716,0.002639067678154687,0.14101581690213522,0.0002369132918560456,0.08567783062763965
1391,28_55,0.0026426984702831225,0.0021834676,0.002639212682587357,0.14101837712331283,0.00023691332630030896,0.08589836490603986
1392,28_56,0.0026426738730200468,0.002182833,0.002639188150155799,0.14101794398143086,0.0002369133204728896,0.08586105402997006
1393,28_57,0.0026436006509861303,0.002206743,0.002640112484978071,0.14103426207547784,0.00023691354003903663,0.08726685668900772
1394,28_58,0.0026446755246423343,0.0022344633,0.0026411845240150262,0.1410531829407702,0.00023691379469129647,0.08889730141182213
1395,28_59,0.002644311180881764,0.0022250684,0.0026408211412178475,0.14104677002087015,0.00023691370837324933,0.08834463891210972
1396,28_6,0.002623446827515762,0.0016848961,0.0026200115976709277,0.14067853851815715,0.000236908765373487,0.05669610548291644
1397,28_60,0.0026429647868184375,0.0021903391,0.0026394782971481097,0.14102306661219052,0.00023691338939425358,0.08630233274644254
1398,28_61,0.002643554716434446,0.0022055581,0.002640066671537775,0.14103345338052928,0.00023691352915651963,0.08719717989773415
1399,28_62,0.00264378095788883,0.0022113938,0.0026402923164619307,0.14103743635487753,0.0002369135827561871,0.08754035900837068
1400,28_63,0.002645026272328226,0.0022435065,0.002641534346472676,0.1410593559930441,0.00023691387778827628,0.08942934041957003
1401,28_64,0.0026459188652682214,0.0022665143,0.002642424584312886,0.14107506288309482,0.00023691408925602538,0.09078328880246786
1402,28_65,0.002646462383218694,0.0022805205,0.0026429666678070983,0.1410846253881543,0.0002369142180231206,0.09160773544230097
1403,28_66,0.002645472431892875,0.0022550079,0.0026419793289477215,0.14106720747279516,0.00023691398348969246,0.09010610694326004
1404,28_7,0.0026228712111793736,0.0016699329,0.0026194374873172916,0.14066835179374182,0.00023690862900497067,0.05582296973099545
1405,28_8,0.002622817204211011,0.0016685288,0.002619383621630234,0.14066739595161468,0.00023690861621025418,0.05574104812462437
1406,28_9,0.002622861762902392,0.0016696872,0.0026194280637570505,0.14066818457439875,0.00023690862676659232,0.055808637913246174
1407,29_0,0.002625037979182254,0.0017262412,0.0026215985846987683,0.1407066894567677,0.0002369091423315637,0.059109677369115585
1408,29_1,0.002624543768454338,0.0017134021,0.0026211056677746957,0.14069794701687377,0.000236909025248553,0.058360023427334796
1409,29_10,0.0026236782864703812,0.001690912,0.0026202424509674817,0.1406826342420647,0.00023690882020814853,0.057047198868571056
1410,29_11,0.002623383385447632,0.001683247,0.0026199483216021923,0.14067741585267005,0.00023690875034350543,0.056599872046930955
1411,29_12,0.002623852507748502,0.0016954398,0.0026204162163260677,0.14068571697132998,0.00023690886148270958,0.05731147008023783
1412,29_13,0.002624523152777469,0.0017128665,0.002621085106062728,0.14069758230775511,0.00023690902036451313,0.05832875210408304
1413,29_14,0.002624631856253188,0.0017156907,0.0026211935249845835,0.14069950534444844,0.00023690904611734848,0.05849364125855629
1414,29_15,0.0026246157655256362,0.0017152727,0.002621177476378585,0.14069922069215446,0.00023690904230530958,0.05846923369988986
1415,29_16,0.0026242835863502763,0.0017066419,0.002620846166708781,0.14069334403011496,0.00023690896360907234,0.057965360728059065
1416,29_17,0.002625108595974145,0.0017280756,0.002621669016601752,0.1407079385566394,0.00023690915906132793,0.05921679393580774
1417,29_18,0.002625221267673251,0.0017310022,0.0026217813932935072,0.14070993149499444,0.00023690918575428692,0.05938770237342439
1418,29_19,0.0026240598019330124,0.0017008268,0.002620622968003242,0.14068938472494605,0.00023690891059254392,0.05762590862587942
1419,29_2,0.00262399101862717,0.0016990394,0.0026205543647141736,0.1406881677310486,0.00023690889429716643,0.05752157322108005
1420,29_20,0.0026238255948378844,0.0016947404,0.002620389373845798,0.140685240774291,0.00023690885510680264,0.05727064666546866
1421,29_21,0.002624273236948434,0.001706373,0.0026208358443955623,0.14069316092834117,0.0002369089611572063,0.057949662020102724
1422,29_22,0.0026243249306006464,0.0017077161,0.00262088740274325,0.1406940754883905,0.00023690897340389604,0.05802807462419537
1423,29_23,0.0026244712625656426,0.0017115183,0.0026210333516801343,0.14069666431662195,0.0002369090080712542,0.05825004134440448
1424,29_24,0.002625256741881512,0.0017319237,0.002621816774617337,0.14071055895135037,0.00023690919415845284,0.059441512172670484
1425,29_25,0.002624922716140287,0.001723247,0.002621483623427878,0.14070465058665707,0.0002369091150246969,0.05893483819855163
1426,29_26,0.0026247571889579835,0.0017189468,0.002621318529590475,0.14070172249701948,0.00023690907580980187,0.05868375480906636
1427,29_27,0.002644070070287844,0.0022188504,0.0026405806664849614,0.14104252583805188,0.0002369136512508513,0.0879789052342936
1428,29_28,0.002645288333882496,0.0022502623,0.002641795716661682,0.14106396783849334,0.0002369139398743035,0.0898268540024418
1429,29_29,0.002645749876610927,0.002262159,0.002642256041591716,0.14107208947501576,0.00023691404922023495,0.09052695480180546
1430,29_3,0.002625374323364341,0.0017349777,0.0026219340482199556,0.14071263865408237,0.00023690922201458883,0.05961986811904012
1431,29_30,0.0026429863997603745,0.0021908968,0.0026394998531181443,0.14102344717418486,0.00023691339451464898,0.08633511679219694
1432,29_31,0.002641544927602469,0.0021536958,0.0026380621796754117,0.14099806107561938,0.00023691305301083308,0.08414858941814174
1433,29_32,0.0026410830704126707,0.002141772,0.0026376015391817976,0.14098992523884343,0.00023691294359086144,0.08344801162143653
1434,29_33,0.0026413396017011806,0.0021483952,0.0026378573947018077,0.14099444427868624,0.00023691300436645194,0.08383713650432227
1435,29_34,0.002641638423533521,0.0021561093,0.002638155429279087,0.14099970793546354,0.00023691307516124057,0.0842904106884923
1436,29_35,0.0026429883760674105,0.0021909478,0.0026395018242155945,0.14102348197301515,0.00023691339498286258,0.08633811459511023
1437,29_36,0.0026450077223572725,0.0022430283,0.002641515845437276,0.14105902953295055,0.0002369138733935308,0.0894012025058025
1438,29_37,0.0026450858606979436,0.0022450427,0.0026415937776436147,0.1410604046756693,0.00023691389190558845,0.08951972829203
1439,29_38,0.0026445638622392227,0.0022315842,0.002641073156137596,0.14105121760142977,0.00023691376823693433,0.08872792394607103
1440,29_39,0.0026438289816203167,0.0022126324,0.002640340213562824,0.14103828178191766,0.00023691359413366165,0.08761320481598744
1441,29_4,0.0026255528480379283,0.0017396144,0.002622112105410872,0.14071579615996416,0.00023690926430873412,0.05989066702667216
1442,29_40,0.0026440317651001953,0.0022178625,0.002640542462311094,0.14104185154178003,0.00023691364217582958,0.08792080120439394
1443,29_41,0.0026446820894471877,0.0022346326,0.0026411910715038746,0.14105329848437004,0.0002369137962465893,0.0889072593742
1444,29_42,0.002645522048953227,0.0022562868,0.002642028815092614,0.1410680805749709,0.00023691399524466815,0.09018136962529297
1445,29_43,0.0026444927911983603,0.0022297516,0.0026410022725503884,0.1410499666705708,0.00023691375139922683,0.08862011834226849
1446,29_44,0.0026454803355131992,0.0022552116,0.0026419872117143728,0.14106734655206554,0.00023691398536217063,0.09011809571605625
1447,29_45,0.0026505040919957345,0.0023845832,0.0026469977004617284,0.1411556928592162,0.00023691517556333005,0.09773848644605251
1448,29_46,0.002645355894615831,0.0022520039,0.0026418630991466396,0.14106515674487427,0.00023691395588038353,0.0899293349224081
1449,29_47,0.0026426693975337852,0.0021827174,0.002639183686465605,0.14101786517072415,0.0002369133194125873,0.08585426529446138
1450,29_48,0.002641749187020392,0.0021589685,0.002638265900933672,0.14100165889965732,0.00023691310140256034,0.08445842461422828
1451,29_49,0.0026411447525283493,0.0021433646,0.0026376630588171115,0.14099101185416,0.00023691295820415349,0.08354157543651297
1452,29_5,0.002624423961413625,0.0017102893,0.0026209861743425674,0.14069582750007423,0.00023690899686518543,0.058178291596659194
1453,29_50,0.0026426161344136815,0.002181343,0.0026391305637299143,0.14101692723133238,0.00023691330679384508,0.08577347200997351
1454,29_51,0.0026429720963949397,0.0021905277,0.002639485587456557,0.14102319531989088,0.00023691339112599013,0.0863134204313674
1455,29_52,0.0026431957069847187,0.0021962968,0.0026397086085827876,0.14102713256063681,0.00023691344410233919,0.08665260885966859
1456,29_53,0.0026424014325475737,0.0021758026,0.002638916427720093,0.14101314630039413,0.00023691325592812144,0.08544779696662914
1457,29_54,0.002642487091056521,0.002178013,0.0026390018604777405,0.14101465478381237,0.00023691327622175855,0.08557772987834511
1458,29_55,0.002643057583840106,0.0021927333,0.0026395708495527376,0.14102470057304178,0.00023691341137911155,0.08644309386138715
1459,29_56,0.0026418188224632414,0.002160766,0.0026383353528994296,0.141002885415286,0.00023691311790010962,0.0845640526009774
1460,29_57,0.0026424131795270396,0.0021761057,0.00263892814374106,0.14101335317172542,0.0002369132587111366,0.08546561561961141
1461,29_58,0.0026438443728687357,0.0022130294,0.002640355564226595,0.14103855273281288,0.00023691359778005769,0.08763655135501339
1462,29_59,0.0026431631903165837,0.002195458,0.002639676177635466,0.1410265600347558,0.00023691343639870347,0.08660328526739533
1463,29_6,0.002623051666351414,0.0016746242,0.002619617470400645,0.14067154548328958,0.00023690867175636194,0.05609669695582724
1464,29_60,0.002642594407193923,0.0021807824,0.002639108893775292,0.14101654462120788,0.00023691330164637764,0.08574051461950064
1465,29_61,0.0026433614191334687,0.0022005718,0.0026398738838629325,0.1410300502061364,0.0002369134833617783,0.08690397281940107
1466,29_62,0.0026430654170934488,0.0021929354,0.002639578662156887,0.14102483849843875,0.0002369134132349143,0.08645497589654738
1467,29_63,0.002644816441251555,0.0022380967,0.0026413250689186775,0.14105566309601994,0.00023691382807638746,0.08911105373567452
1468,29_64,0.0026459379907718852,0.0022670073,0.002642443659345379,0.14107539939427596,0.0002369140937871267,0.09081229972513753
1469,29_65,0.002646031903783713,0.0022694275,0.002642537324520563,0.14107705175997612,0.00023691411603644384,0.09095475365323794
1470,29_66,0.002645780780874329,0.0022629555,0.0026422868643054508,0.14107263325466665,0.00023691405654188921,0.09057383258403248
1471,29_7,0.002622916514124054,0.0016711106,0.002619482671748006,0.14066915357756843,0.00023690863973762944,0.05589168845589469
1472,29_8,0.002622982094396065,0.0016728155,0.002619548080456291,0.14067031421860768,0.00023690865527416298,0.05599116527142911
1473,29_9,0.002623608917415623,0.001689109,0.002620173263436148,0.1406814067647517,0.00023690880377400816,0.05694197495820319
1474,2_0,0.002621598856270745,0.0016368462,0.0026181684600963006,0.14064582952003862,0.00023690832757330542,0.05389297141505693
1475,2_1,0.0026206723621431454,0.0016127434,0.0026172443880867506,0.14062942480636248,0.00023690810807923282,0.05248759930239544
1476,2_10,0.002615626012886002,0.0014813126,0.002612211216423896,0.1405400047213251,0.00023690691256119412,0.044832938246840114
1477,2_11,0.002615462709160951,0.0014770551,0.002612048338712724,0.14053710908890246,0.00023690687387341596,0.044585227555273124
1478,2_12,0.0026163703120572293,0.0015007135,0.0026129535735901406,0.14055320078479547,0.0002369070888908784,0.04596194410619674
1479,2_13,0.002616390082166258,0.0015012288,0.0026129732921080294,0.14055355126495067,0.00023690709357455743,0.045991932812077606
1480,2_14,0.002616089834662565,0.0014934032,0.0026126738280741082,0.14054822835191855,0.00023690702244380467,0.0455364960683184
1481,2_15,0.0026158153357618997,0.001486248,0.002612400045376,0.14054336156269182,0.00023690695741309637,0.045120116634861776
1482,2_16,0.0026160886600213556,0.0014933726,0.002612672656497847,0.14054820752658526,0.0002369070221655239,0.045534714289083664
1483,2_17,0.0026228156728132705,0.001668489,0.002619382094238562,0.14066736884798522,0.00023690861584745287,0.05573872519173832
1484,2_18,0.002623396270804209,0.001683582,0.0026199611732439032,0.1406776438723254,0.00023690875339615918,0.05661941747118746
1485,2_19,0.0026236452522925484,0.0016900534,0.0026202095032333596,0.14068204970886236,0.00023690881238206055,0.05699709028082296
1486,2_2,0.0026203389897419597,0.0016040686,0.002616911887006533,0.1406235210889249,0.00023690802910062114,0.051981916360863065
1487,2_20,0.0026229293031562826,0.0016714431,0.0026194954273233437,0.14066937991965706,0.00023690864276746168,0.0559110877685363
1488,2_21,0.002622415735390507,0.0016580904,0.0026189832029543444,0.14066029014380463,0.00023690852109885057,0.05513207169656979
1489,2_22,0.0026232363571153106,0.0016794252,0.0026198016779615807,0.1406748139817719,0.00023690871551120953,0.05637684902729134
1490,2_23,0.002623906518060418,0.0016968434,0.002620470085292307,0.14068667261991238,0.00023690887427823144,0.05739339675834785
1491,2_24,0.002623538076598739,0.0016872678,0.002620102607989022,0.14068015322233804,0.00023690878699119558,0.05683451857448603
1492,2_25,0.002623928616154688,0.0016974177,0.002620492125554745,0.1406870636157521,0.0002369088795134661,0.05742691671762756
1493,2_26,0.0026242333630102023,0.0017053369,0.0026207960748227633,0.14069245547350054,0.0002369089517107132,0.057889178397872595
1494,2_27,0.0026415823309905097,0.0021546613,0.002638099484520331,0.14099871991259,0.0002369130618721841,0.08420532553433091
1495,2_28,0.0026416573468044276,0.0021565978,0.0026381743026930794,0.1410000412497622,0.0002369130796444109,0.08431911485014823
1496,2_29,0.0026401352042316616,0.0021172946,0.0026366561693529967,0.14097322513355487,0.00023691271902920083,0.08201022085985202
1497,2_3,0.002620559308028494,0.0016098017,0.002617131629469118,0.14062742277875778,0.00023690808129579792,0.0523161107897117
1498,2_30,0.002640557036257943,0.002128189,0.002637076890529751,0.14098065773271742,0.00023691281896659423,0.0826500856450707
1499,2_31,0.002641043176195388,0.002140742,0.0026375617500501236,0.1409892224382733,0.0002369129341394052,0.08338749723850043
1500,2_32,0.002641299784785567,0.0021473672,0.0026378176826783437,0.14099374288556052,0.00023691299493330703,0.08377673937804957
1501,2_33,0.0026405703258116225,0.0021285322,0.0026370901450839365,0.14098089187917034,0.00023691282211505985,0.08267024418420732
1502,2_34,0.0026407286605580685,0.002132621,0.0026372480628249796,0.14098368149219706,0.00023691285962659445,0.08291041757602073
1503,2_35,0.0026406133324907324,0.0021296428,0.002637133038499045,0.14098164960133985,0.00023691283230389379,0.08273547977035847
1504,2_36,0.0026401041223481254,0.0021164918,0.002636625169313275,0.14097267744527323,0.00023691271166550738,0.08196307365078752
1505,2_37,0.0026397044984509126,0.0021061692,0.002636226597607227,0.14096563535955484,0.00023691261698954516,0.0813568957334482
1506,2_38,0.0026400362356633414,0.0021147383,0.0026365574613821806,0.14097148121118352,0.00023691269558228934,0.08186009830450729
1507,2_39,0.002640980387305428,0.0021391208,0.002637499126549566,0.14098811629694682,0.00023691291926390551,0.08329225458956557
1508,2_4,0.0026205718842697377,0.0016101289,0.0026171441728396363,0.14062764548896703,0.00023690808427521113,0.05233518732587043
1509,2_40,0.0026412141376076755,0.002145156,0.002637732261120736,0.14099223414745718,0.00023691297464237848,0.08364682365408456
1510,2_41,0.0026401064931401907,0.002116553,0.002636627533862681,0.14097271922072616,0.00023691271222717818,0.08196666983661771
1511,2_42,0.0026393865099850053,0.0020979543,0.0026359094462766884,0.14096003132538176,0.0002369125416540775,0.08087454823784981
1512,2_43,0.0026320661587044243,0.0019085658,0.002628608338717538,0.14083089667041837,0.00023691080737739758,0.06977051936368284
1513,2_44,0.0026318279274697553,0.0019023935,0.0026283707328489327,0.14082669011172125,0.00023691075093785016,0.06940915330253361
1514,2_45,0.00263160657893423,0.0018966582,0.0026281499653111455,0.14082278142997653,0.00023691069849800822,0.06907339611882435
1515,2_46,0.0026317119672042704,0.001899389,0.002628255076963132,0.14082464245556098,0.0002369107234656182,0.0692332565338063
1516,2_47,0.002634412023309926,0.001969314,0.0026309480423240433,0.14087230506583645,0.00023691136313872715,0.0733288934520246
1517,2_48,0.002634898465381029,0.001981904,0.0026314332061557126,0.14088088848116648,0.00023691147838240934,0.07406676334325013
1518,2_49,0.0026346678633645203,0.001975936,0.0026312032101288635,0.14087681957222084,0.00023691142375015099,0.07371696982220115
1519,2_5,0.002621202437795373,0.0016265344,0.002617773078075613,0.14063881092075542,0.000236908233658486,0.05329165570928396
1520,2_50,0.002642353822627266,0.002174574,0.0026388689432716296,0.14101230785492463,0.0002369132446487005,0.08537557885720659
1521,2_51,0.0026430593526372234,0.002192779,0.0026395726136871447,0.14102473171747454,0.00023691341179816328,0.08644577689851403
1522,2_52,0.0026495524375152765,0.002360095,0.0026460485612270694,0.1411389659615455,0.00023691495010204903,0.0962949493227363
1523,2_53,0.0026421559758987145,0.002169468,0.002638671617926937,0.14100882352110294,0.0002369131977761947,0.08507547088392897
1524,2_54,0.0026411979319617865,0.0021447376,0.0026377160981645442,0.1409919486693842,0.00023691297080305073,0.08362224177911984
1525,2_55,0.002640639118801045,0.0021303087,0.002637158756896682,0.14098210391887553,0.0002369128384130017,0.08277459427774972
1526,2_56,0.0026411472775578495,0.0021434298,0.0026376655771952074,0.14099105633566575,0.0002369129588023657,0.0835454055806423
1527,2_57,0.0026415623169103257,0.0021541447,0.002638079523169499,0.14099836737803176,0.00023691305713058713,0.08417496675566909
1528,2_58,0.002641246675453239,0.002145996,0.0026377647132527415,0.1409928073294264,0.00023691298235101635,0.08369617936978528
1529,2_59,0.0026415232542629295,0.0021531363,0.002638040563435906,0.14099767931062174,0.00023691304787613608,0.08411571375701285
1530,2_6,0.0026212547871349518,0.0016278962,0.0026178252905543486,0.1406397378079113,0.00023690824606047593,0.053371062906555265
1531,2_60,0.002641498866330965,0.0021525067,0.0026380162397552126,0.14099724972693164,0.00023691304209831688,0.0840787204092436
1532,2_61,0.0026421442120169083,0.0021691644,0.002638659885045166,0.14100861633859912,0.00023691319498917587,0.08505762659227685
1533,2_62,0.0026409967178644147,0.0021395425,0.0026375154140933364,0.14098840399135648,0.00023691292313282594,0.08331702594159082
1534,2_63,0.002640258904369435,0.0021204895,0.0026367795437580296,0.1409754047886348,0.00023691274833533859,0.08219785801672189
1535,2_64,0.002640736162331012,0.0021328146,0.002637255544839924,0.1409838136590381,0.00023691286140386093,0.082921796798162
1536,2_65,0.002640080856246651,0.0021158908,0.0026366019644747203,0.14097226747465488,0.00023691270615347227,0.08192778197520241
1537,2_66,0.0026394293802769414,0.0020990619,0.0026359522037143037,0.14096078687155916,0.00023691255181058758,0.08093957694224656
1538,2_7,0.002620313383251165,0.0016034022,0.002616886347437739,0.14062306760080323,0.00023690802303423793,0.05194307461649146
1539,2_8,0.0026209330910184877,0.0016195271,0.002617504435429308,0.14063404172338229,0.00023690816984802546,0.052883091383193914
1540,2_9,0.002621411778754941,0.0016319801,0.0026179818717229093,0.14064251739642872,0.00023690828325308817,0.0536091989487403
1541,30_0,0.002624529833475756,0.00171304,0.002621091769273242,0.1406977004952846,0.0002369090219472308,0.058338885861854095
1542,30_1,0.0026232236875084105,0.0016790959,0.0026197890415030184,0.14067458977087835,0.00023690871250966924,0.056357630867472606
1543,30_10,0.002622586931410784,0.0016625418,0.0026191539511871533,0.1406633203213368,0.00023690856165665,0.055391753982219426
1544,30_11,0.002623129207037515,0.0016766399,0.0026196948082226443,0.1406729177505195,0.0002369086901264236,0.056214316177143786
1545,30_12,0.002623386009988552,0.0016833153,0.002619950939275947,0.1406774622966855,0.00023690875096528215,0.05660385313705163
1546,30_13,0.0026234654998850185,0.0016853814,0.0026200302211822186,0.14067886893936404,0.00023690876979713497,0.05672442905912618
1547,30_14,0.0026239149980085597,0.0016970638,0.002620478543048052,0.14068682266136703,0.0002369088762872064,0.05740625974612144
1548,30_15,0.002624029406066472,0.0017000369,0.002620592651688065,0.1406888469287127,0.0002369089033914924,0.05757980201613009
1549,30_16,0.0026236171500520944,0.001689323,0.0026201814745298864,0.14068155244142863,0.00023690880572439224,0.05695446280606546
1550,30_17,0.002624941600649059,0.0017237376,0.0026215024584958745,0.1407049846359188,0.0002369091194986092,0.058963483563049125
1551,30_18,0.0026244339260831097,0.0017105482,0.0026209961129289383,0.1406960037883823,0.0002369089992259053,0.05819340671524316
1552,30_19,0.0026234791739300762,0.0016857368,0.0026200438594476644,0.14067911091057547,0.0002369087730366362,0.056745170822100024
1553,30_2,0.0026297560896104545,0.0018486917,0.0026263043312624115,0.1407900959542253,0.00023691026009769556,0.06626644245021467
1554,30_20,0.0026236704164597957,0.0016907074,0.0026202346015512085,0.1406824949842411,0.0002369088183436736,0.05703526107741439
1555,30_21,0.0026240485932763594,0.0017005355,0.0026206117886817346,0.1406891864098707,0.00023690890793711327,0.05760890653918338
1556,30_22,0.002623639581653703,0.001689906,0.0026202038474333112,0.14068194936754067,0.00023690881103863626,0.05698848865296924
1557,30_23,0.002623434210640888,0.0016845681,0.0026199990138090668,0.1406783152524525,0.00023690876238443879,0.05667696731078067
1558,30_24,0.0026240511109640627,0.001700601,0.0026206142997801905,0.140689230955439,0.00023690890853357593,0.0576127255467533
1559,30_25,0.002624653893226557,0.0017162632,0.0026212155042701774,0.14069989518664017,0.00023690905133810688,0.05852706850531177
1560,30_26,0.002624780647494204,0.0017195563,0.002621341926714651,0.1407021374738307,0.00023690908136734205,0.05871933838334442
1561,30_27,0.0026460451846799463,0.0022697698,0.0026425505703677743,0.14107728542940226,0.00023691411918287563,0.09097489906014573
1562,30_28,0.0026471802512202246,0.0022990152,0.002643682640756165,0.1410972533435393,0.00023691438809631787,0.09269664862574131
1563,30_29,0.0026467202941287977,0.0022871657,0.002643223897934176,0.1410891625413134,0.0002369142791258901,0.09199895303323231
1564,30_3,0.002625122534017585,0.0017284376,0.002621682918152016,0.14070818509602395,0.00023690916236337808,0.059237936150282874
1565,30_30,0.0026450034145198754,0.0022429172,0.0026415115489640743,0.141058953719297,0.00023691387237294434,0.08939466807200133
1566,30_31,0.002642626826653271,0.002181619,0.0026391412277884337,0.14101711551783902,0.0002369133093269789,0.08578969075858041
1567,30_32,0.0026420343070469097,0.0021663278,0.002638550269688723,0.14100668069027178,0.00023691316895123972,0.08489091492592352
1568,30_33,0.002642464525806709,0.0021774308,0.002638979354698905,0.1410142574031748,0.00023691327087575135,0.08554350130435182
1569,30_34,0.002643460178068268,0.0022031195,0.0026399723824255673,0.14103178896763435,0.00023691350675910273,0.08705377738772882
1570,30_35,0.002643968571326783,0.0022162327,0.0026404794351814233,0.14104073911089487,0.00023691362720436304,0.08782494439947612
1571,30_36,0.0026451995411027147,0.0022479733,0.0026417071581407913,0.1410624052682316,0.00023691391883805713,0.08969216680606067
1572,30_37,0.0026444630486550805,0.0022289846,0.0026409726084531586,0.14104944316141835,0.00023691374435280942,0.08857500273965399
1573,30_38,0.002643666616163875,0.0022084445,0.0026401782762278552,0.14103542340061612,0.00023691355566708092,0.08736691735690343
1574,30_39,0.002644441008327452,0.0022284163,0.002640950626256395,0.14104905521917624,0.00023691373913115293,0.08854157040492013
1575,30_4,0.0026253769229990466,0.0017350452,0.002621936641047515,0.14071268463397954,0.00023690922263046627,0.059623811429644034
1576,30_40,0.002644847144998778,0.0022388883,0.0026413556916738638,0.14105620347521958,0.00023691383535052988,0.08915762736071428
1577,30_41,0.00264583698943441,0.0022644042,0.002642342924540863,0.14107362226817755,0.00023691406985848758,0.09065909372112699
1578,30_42,0.0026452989736806087,0.0022505366,0.002641806328388661,0.14106415507469444,0.00023691394239501998,0.08984299320409121
1579,30_43,0.0026456969038732413,0.0022607937,0.0026422032086354185,0.1410711573769956,0.00023691403667024948,0.09044660198999921
1580,30_44,0.0026471047084188097,0.0022970692,0.0026436072973993504,0.14109592458452644,0.00023691437019914197,0.0925820599378497
1581,30_45,0.002648943807487678,0.002344429,0.002645441539351036,0.14112826617409924,0.00023691480590854028,0.09537173605863103
1582,30_46,0.0026431608799606745,0.0021953983,0.0026396738733701036,0.14102651935579122,0.0002369134358513491,0.08659978075542014
1583,30_47,0.002642360318529607,0.0021747416,0.0026388754220547125,0.14101242225310556,0.00023691324618766577,0.08538543230335875
1584,30_48,0.002641852170550912,0.0021616267,0.0026383686131190714,0.14100347278020972,0.0002369131258007092,0.08461463734946832
1585,30_49,0.002641519799893529,0.0021530471,0.002638037118167257,0.1409976184634447,0.00023691304705775093,0.08411047392410183
1586,30_5,0.0026247454351224814,0.0017186415,0.002621306806525104,0.1407015145730872,0.00023690907302521157,0.05866592575636176
1587,30_50,0.002643346319503688,0.0022001823,0.0026398588240415886,0.14102978435643085,0.00023691347978447243,0.08688106862824299
1588,30_51,0.002643347583067735,0.002200215,0.0026398600842744034,0.14102980660324907,0.0002369134800838278,0.08688298529195607
1589,30_52,0.002643064731231633,0.0021929177,0.0026395779781030705,0.14102482642201616,0.00023691341307242444,0.08645393553262011
1590,30_53,0.0026427832089710515,0.0021856541,0.0026392971979231567,0.14101986929607813,0.00023691334637603422,0.08602690256788889
1591,30_54,0.0026432457056374723,0.0021975867,0.002639758475426467,0.1410280128852517,0.0002369134559476925,0.08672845036816526
1592,30_55,0.0026433818349083683,0.0022010985,0.0026398942458136293,0.141030409652255,0.0002369134881985507,0.08693494091714485
1593,30_56,0.0026429358194357605,0.0021895918,0.0026394494061229767,0.14102255654948684,0.00023691338253149286,0.08625839296249964
1594,30_57,0.0026431146100927504,0.0021942046,0.0026396277254774163,0.1410257046666346,0.00023691342488939596,0.08652959533265303
1595,30_58,0.0026438131120278367,0.0022122231,0.002640324385816074,0.14103800240904263,0.0002369135903739395,0.08758913269070731
1596,30_59,0.0026436462884601064,0.0022079202,0.002640158002121858,0.14103506553093892,0.0002369135508511724,0.0873360828517086
1597,30_6,0.0026234477232848267,0.0016849193,0.0026200124910961383,0.14067855436948076,0.00023690876558570256,0.056697464249071315
1598,30_60,0.0026440199748333083,0.0022175584,0.002640530703135771,0.1410416439933002,0.00023691363938255452,0.08790291688997698
1599,30_61,0.0026433101728015828,0.0021992498,0.0026398227726351846,0.14102914793999796,0.00023691347122083164,0.08682623874255953
1600,30_62,0.0026436172594695756,0.0022071714,0.002640129049670946,0.14103455447171823,0.00023691354397381128,0.08729204961659605
1601,30_63,0.002644837807409799,0.0022386475,0.002641346378716191,0.14105603913615156,0.00023691383313832585,0.08914346344239092
1602,30_64,0.0026457925970397814,0.00226326,0.002642298649290347,0.14107284116628988,0.00023691405934130494,0.09059175618323323
1603,30_65,0.0026460031287366065,0.002268686,0.002642508625411801,0.14107654547753645,0.0002369141092192291,0.09091110561755258
1604,30_66,0.0026468075472659415,0.0022894137,0.0026433109207424903,0.1410906974261749,0.00023691429979740507,0.09213130479028209
1605,30_7,0.002623041733785333,0.001674366,0.002619607563819987,0.14067136970089847,0.0002369086694032509,0.056081630533967086
1606,30_8,0.0026229059596369463,0.0016708362,0.0026194721448719598,0.1406689667822163,0.00023690863723718023,0.055875678660038376
1607,30_9,0.002623088015922324,0.0016755691,0.0026196537248735405,0.1406721887789566,0.00023690868036789066,0.056151834567327086
1608,31_0,0.0026239820859785975,0.0016988072,0.0026205454554434075,0.14068800968271802,0.00023690889218094252,0.0575080235451324
1609,31_1,0.0026237991794208827,0.0016940539,0.0026203630275565166,0.14068477337672164,0.00023690884884875653,0.05723057788435852
1610,31_10,0.002623250692788657,0.0016797979,0.002619815976127356,0.14067506767575555,0.00023690871890745551,0.05639859439505699
1611,31_11,0.0026230500989917857,0.0016745834,0.0026196159071415247,0.1406715177448455,0.00023690867138504085,0.05609431947339516
1612,31_12,0.0026232939913854786,0.0016809234,0.0026198591614373487,0.14067583391201113,0.00023690872916527086,0.05646427278273123
1613,31_13,0.0026229121973919216,0.0016709984,0.0026194783663086724,0.14066907717926996,0.00023690863871495829,0.05588514052992721
1614,31_14,0.002623029409932225,0.0016740456,0.0026195952722082145,0.14067115159789195,0.00023690866648362328,0.05606293683806314
1615,31_15,0.002623453035201652,0.0016850574,0.002620017789113877,0.14067864836786612,0.0002369087668441422,0.05670552174188046
1616,31_16,0.0026237252203519306,0.0016921317,0.0026202892620307626,0.14068346471927834,0.00023690883132719928,0.05711839151437772
1617,31_17,0.0026243706573454337,0.0017089043,0.0026209330097992606,0.14069488447232015,0.00023690898423697247,0.058097436199204114
1618,31_18,0.0026238750085506982,0.0016960246,0.0026204386582437296,0.14068611509801104,0.00023690886681334907,0.05734560089550911
1619,31_19,0.002624309724371484,0.001707321,0.002620872236315606,0.14069380646222726,0.00023690896980140393,0.058005008735521814
1620,31_2,0.0026284462277146596,0.0018147185,0.002624997904095794,0.1407669503477566,0.00023690994977817637,0.06427955087157429
1621,31_20,0.0026241823655718745,0.0017040117,0.002620745210862041,0.1406915532097999,0.00023690893962896386,0.05781182186046081
1622,31_21,0.0026245473799109864,0.0017134959,0.002621109269777723,0.1406980109064616,0.00023690902610413965,0.05836550154134414
1623,31_22,0.00262418049737209,0.0017039631,0.0026207433475519204,0.14069152015676267,0.0002369089391863706,0.05780898804230716
1624,31_23,0.002623379009725676,0.0016831333,0.002619943957329387,0.14067733841959276,0.00023690874930685861,0.05659323464100865
1625,31_24,0.0026239416788900413,0.0016977572,0.00262050515410403,0.1406872947421193,0.00023690888260814413,0.05744673120261368
1626,31_25,0.002624694911703791,0.0017173289,0.002621256415369097,0.1407006208128005,0.00023690906105575558,0.05858928824561147
1627,31_26,0.002624644680512519,0.0017160239,0.0026212063156729843,0.14069973221059562,0.00023690904915553152,0.05851309400616955
1628,31_27,0.0026468536827873733,0.0022906023,0.0026433569344733706,0.141091508990323,0.00023691431072757007,0.0922012864267451
1629,31_28,0.0026470968993788993,0.002296868,0.0026435995089761815,0.14109578722608299,0.00023691436834906822,0.09257021463134478
1630,31_29,0.002646296811500097,0.0022762541,0.0026428015330976274,0.141081712504335,0.00023691417879682963,0.0913565844970016
1631,31_3,0.002624984165233355,0.0017248433,0.002621544911642237,0.14070573755761911,0.0002369091295825476,0.05902804854837953
1632,31_30,0.0026450126894740685,0.0022431563,0.002641520799450656,0.1410591169491631,0.00023691387457030967,0.08940873698143222
1633,31_31,0.0026425746741964755,0.0021802732,0.0026390892127865213,0.1410161971269414,0.0002369132969713681,0.085710582207102
1634,31_32,0.002642257901656774,0.0021720985,0.002638773275085746,0.14101061858583688,0.00023691322192375322,0.08523007911475489
1635,31_33,0.002642586042983645,0.0021805665,0.002639100551609939,0.14101639732929575,0.00023691329966478496,0.08572782719114116
1636,31_34,0.0026434638335372275,0.0022032137,0.0026399760282569103,0.14103185332541832,0.0002369135076251327,0.08705932226273845
1637,31_35,0.0026451911596369264,0.0022477573,0.0026416987987871263,0.1410622577698607,0.00023691391685237123,0.08967945320331765
1638,31_36,0.002645271353647943,0.0022498246,0.0026417787812260955,0.14106366902401413,0.00023691393585144926,0.08980109717636395
1639,31_37,0.0026446186453973875,0.0022329967,0.0026411277947988357,0.14105218183172288,0.0002369137812158191,0.08881102293227627
1640,31_38,0.0026447799494072675,0.0022371558,0.002641288673333368,0.14105502084211838,0.0002369138194309651,0.08905570031380847
1641,31_39,0.002645371267632657,0.0022524002,0.0026418784316035423,0.14106542727014748,0.0002369139595224658,0.08995265380645848
1642,31_4,0.002624636099633267,0.001715801,0.002621197757256498,0.14069958041157857,0.0002369090471226436,0.05850007791891869
1643,31_40,0.0026461399417382877,0.0022722117,0.002642645077351888,0.14107895260036774,0.00023691414163216174,0.09111863329796037
1644,31_41,0.002645700155920794,0.0022608775,0.0026422064521017374,0.14107121459975397,0.0002369140374407052,0.09045153492675909
1645,31_42,0.0026458156603950704,0.0022638545,0.002642321651785539,0.14107324697632004,0.0002369140648053381,0.09062674031900073
1646,31_43,0.002645871390889278,0.0022652908,0.0026423772352146906,0.14107422756945687,0.00023691407800867638,0.09071127629181604
1647,31_44,0.0026476723443418157,0.0023116902,0.0026441734345373927,0.14110590838667172,0.00023691450468028735,0.09344309043180914
1648,31_45,0.0026494217627476796,0.0023567318,0.0026459182317656992,0.14113666882260434,0.00023691491914324498,0.09609673255185883
1649,31_46,0.0026427471962766616,0.002184725,0.002639261280151005,0.1410192351485456,0.00023691333784414646,0.08597227595462797
1650,31_47,0.002642390244996508,0.002175514,0.0026389052696530577,0.14101294928035857,0.00023691325327764232,0.08543082689438748
1651,31_48,0.0026422494122046824,0.0021718794,0.0026387648080058277,0.14101046907568537,0.00023691321991248978,0.08521720171071578
1652,31_49,0.0026416084694806923,0.002155336,0.0026381255541451125,0.14099918032181546,0.00023691306806473392,0.08424497425316772
1653,31_5,0.0026245415460219384,0.0017133444,0.0026211034511598964,0.1406979077002186,0.0002369090247220387,0.058356652283985254
1654,31_50,0.0026429441035334305,0.0021898055,0.0026394576683839866,0.14102270241769937,0.00023691338449410648,0.08627095887036376
1655,31_51,0.002643247321133139,0.0021976284,0.002639760086663238,0.1410280413290441,0.00023691345633042516,0.08673090086676041
1656,31_52,0.0026433287470004146,0.002199729,0.0026398412978659133,0.14102947496711252,0.0002369134756213096,0.08685441340689408
1657,31_53,0.002643143263563084,0.0021949438,0.0026396563034125826,0.1410262091790689,0.00023691343167778786,0.0865730589520517
1658,31_54,0.0026433963661260038,0.0022014733,0.0026399087387208716,0.14103066549200002,0.0002369134916411922,0.08695698290038009
1659,31_55,0.0026429130879325868,0.0021890053,0.002639426734539086,0.14102215628660927,0.00023691337714609563,0.08622391220359589
1660,31_56,0.0026433731884204035,0.0022008754,0.0026398856221213386,0.14103025741987987,0.0002369134861500811,0.0869218253099369
1661,31_57,0.0026441238230682017,0.0022202367,0.0026406342775125652,0.1410434720513163,0.00023691366398561906,0.08806044127024037
1662,31_58,0.002644918270691725,0.002240722,0.0026414266297439364,0.14105745525563027,0.00023691385220119118,0.0892655158646825
1663,31_59,0.0026440922971199543,0.0022194237,0.002640602834702505,0.14104291709981048,0.00023691365651669127,0.08801262047227568
1664,31_6,0.0026236936458246484,0.0016913111,0.00262025777012908,0.1406829060211023,0.00023690882384691503,0.05707049702828115
1665,31_60,0.0026440617465587095,0.0022186358,0.002640572364706277,0.14104237931381985,0.00023691364927884624,0.08796627921060889
1666,31_61,0.002643120882243236,0.0021943664,0.002639633981093572,0.14102581510306167,0.00023691342637535264,0.08653910937609481
1667,31_62,0.002642702169817866,0.002183563,0.002639216372371108,0.14101844226949145,0.00023691332717677802,0.08590397662316107
1668,31_63,0.0026433029886468577,0.0021990645,0.002639815607420319,0.14102902145157814,0.0002369134695188086,0.08681534130629628
1669,31_64,0.0026435846924978993,0.0022063314,0.0026400965685663496,0.14103398112139595,0.00023691353625825473,0.08724264972033709
1670,31_65,0.0026441441815186427,0.0022207617,0.0026406545822744948,0.14104383041891785,0.0002369136688088142,0.08809132241417288
1671,31_66,0.0026452816862883605,0.002250091,0.0026417890866059337,0.1410638508557288,0.00023691393829939578,0.08981677045939947
1672,31_7,0.0026230382363487677,0.001674275,0.0026196040755333376,0.14067130780462597,0.00023690866857467785,0.05607632537372069
1673,31_8,0.002623189078161603,0.0016781962,0.002619754522706139,0.14067397729414674,0.00023690870431041362,0.05630513295152042
1674,31_9,0.002622849721995757,0.0016693742,0.002619416054349359,0.14066797146908572,0.00023690862391399767,0.05579037341065316
1675,32_0,0.0026239580925150265,0.0016981837,0.0026205215247731995,0.14068758515657973,0.00023690888649667772,0.05747162855504655
1676,32_1,0.0026234184765824703,0.0016841592,0.0026199833209197883,0.14067803682468077,0.0002369087586569025,0.05665310077319532
1677,32_10,0.0026226567078323475,0.001664356,0.002619223545090228,0.14066455532923233,0.00023690857818728226,0.055497595815497645
1678,32_11,0.002623213104917823,0.0016788208,0.002619778486600246,0.14067440249283916,0.00023690871000256136,0.05634157844226166
1679,32_12,0.00262291853367648,0.0016711631,0.0026194846860171698,0.14066918931994007,0.00023690864021607883,0.05589475185648709
1680,32_13,0.0026225847106310534,0.001662484,0.0026191517362163736,0.14066328101428058,0.00023690856113052828,0.05538838534575561
1681,32_14,0.0026223995239016778,0.0016576689,0.002618967033867452,0.14066000319282784,0.00023690851725821074,0.05510748095861828
1682,32_15,0.002623608267943221,0.0016890921,0.0026201726156632483,0.14068139527231072,0.00023690880362014244,0.05694098979232365
1683,32_16,0.002624301252111623,0.0017071009,0.002620863786231348,0.14069365657191396,0.0002369089677942496,0.05799215740987975
1684,32_17,0.0026240944316974863,0.0017017267,0.0026206575071343725,0.14068999742675098,0.0002369089187966438,0.05767843751279855
1685,32_18,0.0026238877440093993,0.0016963555,0.0026204513603735485,0.1406863404367812,0.00023690886983049217,0.057364918944018226
1686,32_19,0.0026238531975970323,0.0016954577,0.002620416904369274,0.1406857291774668,0.0002369088616461408,0.057312516491496976
1687,32_2,0.0026268524191413647,0.0017733579,0.0026234082725168414,0.1407387769034488,0.00023690957218936822,0.06186194880038585
1688,32_20,0.0026240507391345875,0.0017005913,0.0026206139289238614,0.14068922437664422,0.0002369089084454862,0.05761216152938999
1689,32_21,0.0026240306783403577,0.00170007,0.0026205939206322033,0.14068886943922893,0.0002369089036929054,0.057581731891544766
1690,32_22,0.002624441802858446,0.0017107528,0.002621003969086278,0.14069614313873774,0.0002369090010919843,0.05820535476765443
1691,32_23,0.0026234947695048553,0.0016861422,0.0026200594142147147,0.14067938688348633,0.00023690877673136472,0.056768827297864276
1692,32_24,0.002623501098235183,0.0016863067,0.002620065726385076,0.1406794988737955,0.00023690877823069647,0.056778427165630065
1693,32_25,0.0026245692414274624,0.0017140639,0.002621131074067569,0.14069839765310485,0.0002369090312833303,0.05839866264261886
1694,32_26,0.0026252950671130063,0.0017329191,0.0026218549994979734,0.14071123682930206,0.00023690920323805273,0.05949964660649911
1695,32_27,0.0026477627929527496,0.0023140197,0.0026442636442983577,0.1411074990996748,0.00023691452610887618,0.09358028931051621
1696,32_28,0.0026471283797114198,0.002297679,0.0026436309061967224,0.14109634095311863,0.00023691437580721143,0.09261796623613491
1697,32_29,0.0026455435833894806,0.0022568419,0.002642050292709128,0.14106845950902322,0.00023691400034647756,0.0902140345880504
1698,32_3,0.0026248156990147558,0.0017204669,0.0026213768864728933,0.14070275752358447,0.00023690908967136573,0.05877250701984451
1699,32_30,0.002642939411013052,0.0021896844,0.002639452988232975,0.1410226197908068,0.0002369133833823856,0.0862638409220878
1700,32_31,0.002642120576154636,0.0021685543,0.0026386363114674067,0.14100820006791695,0.00023691318938952828,0.08502177403724502
1701,32_32,0.0026426424364982483,0.0021820217,0.0026391567964910182,0.14101739040069738,0.00023691331302515896,0.0858133688803953
1702,32_33,0.0026437433248621663,0.0022104231,0.0026402547826656964,0.14103677384235125,0.00023691357384041212,0.08748327456000453
1703,32_34,0.0026438604231924776,0.0022134434,0.002640371572227545,0.14103883528508818,0.00023691360158259765,0.08766089762631069
1704,32_35,0.0026449017804869015,0.002240297,0.002641410183039167,0.14105716503740298,0.00023691384829443326,0.08924050235051055
1705,32_36,0.0026450691256053147,0.0022446113,0.0026415770866998257,0.14106011016004982,0.00023691388794081257,0.08949434331463735
1706,32_37,0.0026445286289682856,0.0022306757,0.0026410380157969155,0.14105059745874923,0.00023691375988968747,0.08867447961767497
1707,32_38,0.0026452267629857333,0.002248675,0.0026417343082061,0.1410628843211079,0.0002369139252873002,0.08973345889211756
1708,32_39,0.002645183780717526,0.002247567,0.002641691439334857,0.14106212791420175,0.00023691391510420254,0.08966826033415813
1709,32_4,0.0026243047019444453,0.0017071905,0.0026208672270344605,0.1406937176060256,0.00023690896861154593,0.05799739036138689
1710,32_40,0.0026459159381839355,0.002266439,0.0026424216649529853,0.14107501138121767,0.00023691408856255788,0.09077884879307732
1711,32_41,0.002646317403490827,0.0022767847,0.0026428220707394503,0.1410820747834607,0.00023691418367536424,0.09138781989143538
1712,32_42,0.0026465071934513337,0.002281675,0.0026430113597631566,0.1410854137083253,0.0002369142286393021,0.09167570678657455
1713,32_43,0.0026458329693355236,0.0022643006,0.0026423389150504266,0.14107355153329595,0.0002369140689060696,0.09065299574954011
1714,32_44,0.002650813559896956,0.0023925446,0.0026473063502376972,0.1411611314011599,0.00023691524888098353,0.09820790934381804
1715,32_45,0.0026463105093576618,0.002276607,0.0026428151948021737,0.1410819534937691,0.00023691418204204633,0.09137736238047793
1716,32_46,0.0026416581405384774,0.0021566183,0.00263817509433588,0.14100005523055062,0.0002369130798324569,0.08432031884234377
1717,32_47,0.002642377884611951,0.002175195,0.0026388929418433085,0.14101273160531416,0.0002369132503493034,0.08541207778498645
1718,32_48,0.0026424499906755904,0.0021770557,0.0026389648578750233,0.14101400143406803,0.00023691326743218593,0.08552145338486739
1719,32_49,0.00264177343293576,0.0021595943,0.0026382900829658835,0.14100208595467528,0.0002369131071467354,0.08449520254113523
1720,32_5,0.0026241660446291383,0.0017035876,0.0026207289326362054,0.14069126445175195,0.00023690893576238666,0.05778706509504801
1721,32_50,0.002642831882380638,0.00218691,0.002639345743037349,0.14102072637694285,0.00023691335790741486,0.08610073385340229
1722,32_51,0.0026430475035239594,0.0021924733,0.002639560795809164,0.14102452308168514,0.00023691340899094945,0.08642780332173103
1723,32_52,0.002643286445309341,0.0021986377,0.002639799107696435,0.1410287301790494,0.00023691346559946914,0.08679024719668008
1724,32_53,0.0026429388424967235,0.0021896698,0.00263945242121524,0.14102260978024422,0.00023691338324769646,0.08626297855613245
1725,32_54,0.0026430947468767145,0.0021936921,0.002639607914623541,0.14102535492536483,0.00023691342018353347,0.08649946539544828
1726,32_55,0.0026434878604734914,0.0022038335,0.0026399999918460056,0.1410322763395284,0.0002369135133174385,0.08709576802658318
1727,32_56,0.0026441996331330125,0.0022221918,0.002640709887651939,0.14104480651831391,0.00023691368194605998,0.08817543536223767
1728,32_57,0.0026442994074296106,0.0022247648,0.002640809398816189,0.14104656278305988,0.00023691370558395715,0.0883267801034755
1729,32_58,0.0026453116728503588,0.002250864,0.0026418189940538594,0.14106437855048298,0.00023691394540363035,0.08986225620694129
1730,32_59,0.002644265748646191,0.0022238968,0.0026407758288013745,0.14104597031344013,0.00023691369760973015,0.08827572406959945
1731,32_6,0.0026242434568837358,0.0017055991,0.0026208061422768967,0.14069263405628746,0.0002369089541020422,0.05790448950233582
1732,32_60,0.0026439345556449854,0.0022153554,0.002640445509198282,0.14104014030884465,0.00023691361914558463,0.08777334699678577
1733,32_61,0.0026433772047917852,0.002200979,0.002639889627903934,0.14103032813322802,0.00023691348710161366,0.08692791762737925
1734,32_62,0.002642288341212353,0.002172884,0.002638803634423663,0.1410111546628481,0.0002369132291352865,0.08527625199514191
1735,32_63,0.0026423948553444916,0.0021756329,0.0026389098678507978,0.14101303047164662,0.00023691325436989486,0.08543782019773757
1736,32_64,0.0026422999613839007,0.002173184,0.002638815223972214,0.14101135930688766,0.0002369132318882589,0.08529387829686427
1737,32_65,0.0026449528860061373,0.0022416145,0.0026414611537445907,0.14105806446153563,0.0002369138604020388,0.08931802283272106
1738,32_66,0.0026463708855858094,0.0022781629,0.0026428754116759575,0.14108301569612816,0.00023691419634603146,0.09146894533257495
1739,32_7,0.0026228514593935335,0.0016694193,0.002619417787202122,0.14066800221836362,0.0002369086243256022,0.055793008819028246
1740,32_8,0.002623042132341139,0.0016743763,0.0026196079613331,0.14067137675438066,0.00023690866949767223,0.05608223509172774
1741,32_9,0.002623073103446723,0.0016751814,0.0026196388514122264,0.1406719248664967,0.00023690867683499577,0.05612921426492434
1742,34_0,0.0026233393240066363,0.0016821017,0.0026199043754478396,0.14067663613442238,0.00023690873990496475,0.056533036523019574
1743,34_1,0.0026269254929346154,0.0017752547,0.0026234811548562797,0.14074006886516044,0.00023690958950124997,0.061972792321290625
1744,34_10,0.002622891276566449,0.0016704545,0.0026194575002129183,0.14066870691756,0.00023690863375863406,0.05585340633559497
1745,34_11,0.0026226563406774378,0.0016643464,0.0026192231788957207,0.140664548830831,0.0002369085781003001,0.05549703888884707
1746,34_12,0.0026224877503512162,0.0016599629,0.0026190550295532643,0.1406615648281126,0.000236908538159809,0.05524130910505463
1747,34_13,0.0026235369926809783,0.0016872396,0.0026201015269075195,0.14068013404202048,0.00023690878673440592,0.05683287441102323
1748,34_14,0.0026233194209101837,0.0016815844,0.0026198845244271526,0.14067628392319415,0.0002369087351897473,0.05650284609236635
1749,34_15,0.0026231494983100143,0.0016771674,0.0026197150464075643,0.14067327684845637,0.00023690869493360242,0.05624509542080247
1750,34_16,0.0026233855486782693,0.0016833033,0.0026199504791726926,0.1406774541333165,0.0002369087508559937,0.05660315338884203
1751,34_17,0.0026237735571229596,0.001693388,0.0026203374723101007,0.1406843200096846,0.0002369088427786075,0.05719171216261145
1752,34_18,0.0026236314430093644,0.0016896945,0.002620195730085933,0.1406818053548832,0.0002369088091105197,0.05697614337905108
1753,34_19,0.0026239252295301835,0.0016973297,0.00262048874779324,0.14068700369416282,0.0002369088787111447,0.05742177964498722
1754,34_2,0.0026241040904815224,0.0017019777,0.002620667140639136,0.14069016831792053,0.0002369089210848959,0.057693088642602676
1755,34_20,0.0026240670683218715,0.0017010156,0.0026206302153745395,0.14068951328906393,0.0002369089123140162,0.057636930800718744
1756,34_21,0.002623873606444521,0.0016959881,0.0026204372598068746,0.14068609028936777,0.0002369088664811777,0.0573434740812516
1757,34_22,0.002624039530516544,0.0017003,0.0026206027496407614,0.1406890260617931,0.00023690890579006478,0.05759515950126044
1758,34_23,0.0026232228231648828,0.0016790734,0.0026197881794209244,0.1406745744747787,0.00023690871230489874,0.056356319769804486
1759,34_24,0.0026233068270394627,0.001681257,0.0026198719635076567,0.14067606105731528,0.00023690873220614934,0.0564837428145637
1760,34_25,0.0026241492265030916,0.0017031506,0.0026207121585280625,0.14069096689603652,0.00023690893177802234,0.0577615541666681
1761,34_26,0.0026250512042809942,0.0017265847,0.002621611775171928,0.14070692338965657,0.00023690914546471055,0.05912973813842086
1762,34_27,0.0026456464163463803,0.0022594924,0.0026421528543295178,0.1410702689966253,0.000236914024709046,0.09037001892252619
1763,34_28,0.002644510561037343,0.0022302098,0.0026410199955209457,0.14105027944198603,0.00023691375560914608,0.08864707289644044
1764,34_29,0.002643449049227139,0.0022028324,0.002639961282925463,0.14103159303411583,0.00023691350412252996,0.08703689637088985
1765,34_3,0.0026245059604749496,0.0017124198,0.002621067958763545,0.14069727815961589,0.00023690901629150159,0.058302673598247166
1766,34_30,0.002641617452955103,0.002155568,0.002638134513951183,0.14099933855804275,0.00023691307019303641,0.08425860102535694
1767,34_31,0.0026423727058986304,0.0021750613,0.002638887776778029,0.14101264040433625,0.0002369132491223976,0.08540422234471592
1768,34_32,0.0026435465748461226,0.002205348,0.0026400585514154066,0.141033310043842,0.00023691352722766723,0.08718483015817143
1769,34_33,0.002644597768609606,0.0022324584,0.002641106973076352,0.14105181438403608,0.00023691377626982042,0.08877935553744223
1770,34_34,0.00264404468389847,0.0022181957,0.0026405553470416486,0.14104207895550822,0.00023691364523646918,0.08794039735539343
1771,34_35,0.0026426574509098924,0.0021824092,0.0026391717713294066,0.1410176547971967,0.000236913316582273,0.08583614380662966
1772,34_36,0.0026438771957943536,0.002213876,0.0026403883006017943,0.1410391305512267,0.0002369136055562552,0.08768633950039373
1773,34_37,0.0026458735680972025,0.002265347,0.002642379406677202,0.141074265877739,0.0002369140785244876,0.09071457883546899
1774,34_38,0.002646348431829583,0.0022775843,0.0026428530171836123,0.14108262066783525,0.0002369141910264179,0.0914348858799734
1775,34_39,0.0026462578506981737,0.0022752502,0.002642762675124677,0.14108102705377062,0.0002369141695664634,0.09129748598479423
1776,34_4,0.0026240674356737543,0.0017010252,0.002620630581764989,0.14068951978860939,0.00023690891240104513,0.05763748802615254
1777,34_40,0.0026467992149418963,0.002289199,0.00264330261041425,0.14109055085230135,0.00023691429782335836,0.09211866572922603
1778,34_41,0.0026455076144751137,0.0022559147,0.0026420144187003698,0.14106782657527786,0.00023691399182493831,0.090159474383438
1779,34_42,0.0026451189789718004,0.0022458965,0.002641626808547348,0.1410609875100505,0.00023691389975176775,0.08956996444260171
1780,34_43,0.0026468914232343965,0.0022915746,0.0026433945752899497,0.14109217287072665,0.00023691431966882224,0.0922585338179438
1781,34_44,0.0026476122820193746,0.0023101433,0.0026441135308185723,0.1411048520549516,0.0002369144904506524,0.09335198363418798
1782,34_45,0.002642229393083714,0.0021713628,0.0026387448416407755,0.1410101165119869,0.00023691321516969543,0.08518683528583396
1783,34_46,0.0026415431868741,0.0021536509,0.0026380604435331393,0.14099803041364037,0.00023691305259843182,0.08414594895768772
1784,34_47,0.002641955591079908,0.002164296,0.0026384717611409084,0.14100529431007489,0.00023691315030239127,0.08477151295504229
1785,34_48,0.0026421321324411016,0.0021688526,0.0026386478373011633,0.1410084035955295,0.000236913192127365,0.08503930343353687
1786,34_49,0.0026424694430478885,0.0021775577,0.002638984258980681,0.14101434399742138,0.00023691327204071106,0.08555096012510291
1787,34_5,0.0026236723066935426,0.0016907565,0.002620236486838581,0.14068252843146914,0.00023690881879148665,0.05703812831824706
1788,34_50,0.002644358157837479,0.0022262798,0.00264086799427839,0.1410475969090971,0.00023691371950273438,0.08841589689587152
1789,34_51,0.002644349246327171,0.00222605,0.002640859106271117,0.14104744004947709,0.00023691371739147533,0.08840237928394572
1790,34_52,0.0026438976245695828,0.002214403,0.0026404086755080656,0.14103949017921932,0.00023691361039611004,0.08771732731796078
1791,34_53,0.0026434912271502526,0.0022039204,0.002640003349646456,0.14103233561245498,0.00023691351411504974,0.0871008748410695
1792,34_54,0.002644410056468337,0.0022276181,0.0026409197560312916,0.14104851041719174,0.0002369137317982324,0.08849462042613539
1793,34_55,0.0026441766379968483,0.0022215988,0.0026406869531588892,0.14104440174297095,0.00023691367649819766,0.0881405547060858
1794,34_56,0.0026442495152977,0.0022234782,0.0026407596382648332,0.14104568456851346,0.00023691369376382758,0.08825110017336044
1795,34_57,0.0026446719848918546,0.002234372,0.0026411809936013387,0.14105312063944586,0.00023691379385268078,0.08889193206682364
1796,34_58,0.002645424784852144,0.0022537797,0.0026419318076222153,0.14106636902636122,0.0002369139722014425,0.09003383252694235
1797,34_59,0.0026444943803661043,0.0022297925,0.0026410038575266728,0.14104999464197018,0.0002369137517757225,0.08862252890479994
1798,34_6,0.0026237630126343748,0.0016931139,0.0026203269554154105,0.14068413343213262,0.00023690884028052493,0.057175717533225166
1799,34_60,0.0026443930367114426,0.0022271792,0.0026409027811627656,0.1410482108405606,0.0002369137277660183,0.08846880364976144
1800,34_61,0.0026451357234105587,0.0022463282,0.0026416435088117804,0.14106128218642808,0.00023691390371875808,0.08959536359686737
1801,34_62,0.002643088348444005,0.002193527,0.002639601533057894,0.14102524226468466,0.00023691341866765892,0.08648975979815816
1802,34_63,0.0026436768793666092,0.0022087093,0.0026401885123695907,0.14103560408382823,0.0002369135580985728,0.08738248531192809
1803,34_64,0.002643537738272463,0.0022051202,0.0026400497381400124,0.14103315447125964,0.0002369135251341634,0.08717142621547751
1804,34_65,0.0026457284127684596,0.0022616058,0.0026422346343871277,0.14107171180291264,0.00023691404413514914,0.09049439692071885
1805,34_66,0.0026469447180699243,0.0022929476,0.0026434477294308215,0.14109311035271377,0.00023691433229513226,0.09233937521063992
1806,34_7,0.0026227904183124947,0.0016678324,0.0026193569058020937,0.1406669218765981,0.00023690860986444413,0.055700417370833574
1807,34_8,0.002622893690154902,0.0016705173,0.0026194599074873494,0.14066874963391943,0.000236908634330434,0.05585706743802632
1808,34_9,0.002623601087924535,0.0016889055,0.0026201654544328,0.1406812682214567,0.00023690880191913283,0.056930098629898396
1809,35_0,0.00262327779687443,0.0016805024,0.0026198430092979797,0.14067554732585205,0.00023690872532864982,0.056439707797883897
1810,35_1,0.0026290642586224095,0.0018307501,0.0026256143146111692,0.1407778720802198,0.00023691009619589295,0.0652170240585491
1811,35_10,0.0026231291488195683,0.0016766384,0.0026196947501570113,0.14067291672022436,0.00023690869011263127,0.05621422786802697
1812,35_11,0.002622909600191354,0.0016709309,0.0026194757759025094,0.14066903121350854,0.00023690863809965902,0.055881200911596804
1813,35_12,0.002623612196133916,0.0016891942,0.00262017653357487,0.1406814647817781,0.0002369088045507654,0.056946948351036045
1814,35_13,0.0026230578283228966,0.0016747843,0.0026196236162512247,0.14067165453505381,0.0002369086732161864,0.056106043871930925
1815,35_14,0.0026229248654983475,0.0016713277,0.0026194910012746118,0.1406693013814474,0.00023690864171614214,0.05590435641372053
1816,35_15,0.002622621371646179,0.0016634372,0.002619188301335706,0.14066392989909485,0.0002369085698158368,0.05544399537796636
1817,35_16,0.0026225357285873264,0.0016612104,0.0026191028822949974,0.14066241404286842,0.00023690854952626304,0.055314085902052314
1818,35_17,0.0026235761976434236,0.0016882586,0.0026201406292826706,0.1406808277846612,0.00023690879602240622,0.05689234328325554
1819,35_18,0.002623426126377655,0.001684358,0.002619990950698841,0.14067817219456244,0.00023690876046920597,0.05666470452598773
1820,35_19,0.0026231054139173936,0.0016760214,0.0026196710773513823,0.14067249667744725,0.00023690868448962674,0.0561782250822354
1821,35_2,0.0026234843022751642,0.0016858701,0.002620048974373837,0.14067920165979333,0.00023690877425158616,0.056752949860256766
1822,35_20,0.0026236151299631767,0.0016892705,0.002620179459727038,0.14068151669594076,0.0002369088052458154,0.0569513985916835
1823,35_21,0.0026241400245158573,0.0017029115,0.0026207029806249735,0.14069080408877832,0.00023690892959798938,0.05774759593870442
1824,35_22,0.0026247352631455683,0.0017183772,0.002621296661177095,0.14070133463153897,0.00023690907061537796,0.05865049617914266
1825,35_23,0.002623643388953316,0.001690005,0.0026202076447700735,0.14068201673729855,0.00023690881194061907,0.05699426383549948
1826,35_24,0.002624916881419131,0.0017230954,0.0026214778039822997,0.14070454737558247,0.00023690911364239827,0.05892598767899315
1827,35_25,0.0026253177102321585,0.0017335073,0.0026218775833276534,0.14071163732660416,0.00023690920860241612,0.05953399329823981
1828,35_26,0.0026244077689061927,0.0017098685,0.0026209700242197736,0.140695541032041,0.0002369089930290348,0.05815372965103975
1829,35_27,0.0026425825150452635,0.0021804755,0.0026390970329698603,0.14101633520297943,0.00023691329882896946,0.0857224757635727
1830,35_28,0.002642611271037968,0.0021812175,0.002639125713172351,0.1410168415888604,0.00023691330564164662,0.08576609489618789
1831,35_29,0.002643654313010156,0.0022081272,0.002640166005513738,0.14103520680354137,0.00023691355275229706,0.08734825505930317
1832,35_3,0.0026233419350675923,0.0016821696,0.0026199069796770153,0.14067668234041572,0.00023690874052354792,0.05653699716577236
1833,35_30,0.002642602058619759,0.0021809798,0.0026391165250347756,0.14101667936086845,0.0002369133034591022,0.08575212084578113
1834,35_31,0.0026432125566058216,0.0021967315,0.0026397254137843123,0.14102742923260117,0.00023691344809424097,0.0866781675619869
1835,35_32,0.0026435029428576793,0.0022042226,0.002640015034465099,0.14103254187607595,0.00023691351689065915,0.08711864605840063
1836,35_33,0.0026448024440729975,0.0022377358,0.0026413111086623377,0.14105541674736036,0.00023691382476026234,0.08908982182085126
1837,35_34,0.0026433938840800817,0.0022014093,0.00263990626321868,0.14103062179263207,0.00023691349105316203,0.08695321795679618
1838,35_35,0.002643760602227595,0.0022108688,0.0026402720144744966,0.1410370780033916,0.00023691357793365452,0.08750948209530378
1839,35_36,0.0026441050266243775,0.002219752,0.0026406155306376235,0.14104314117790692,0.00023691365953248475,0.08803192948891266
1840,35_37,0.0026463828760598168,0.0022784718,0.002642887370502403,0.1410832266432756,0.000236914199186745,0.09148713333537586
1841,35_38,0.0026464311005405137,0.0022797144,0.0026429354676983444,0.14108407504502293,0.00023691421061180948,0.09156028365365643
1842,35_39,0.0026466562952569077,0.0022855168,0.002643160068000225,0.141088036704657,0.00023691426396364398,0.0919018749977468
1843,35_4,0.002623843911534241,0.0016952164,0.0026204076426079416,0.14068556487027103,0.00023690885944619024,0.057298430731755445
1844,35_40,0.002646006055917093,0.0022687614,0.0026425115448673944,0.14107659697996916,0.00023691410991271946,0.09091554577286728
1845,35_41,0.002645151230625316,0.002246728,0.0026416589751159436,0.14106155508845078,0.0002369139073926329,0.08961888604187322
1846,35_42,0.0026460505964383606,0.0022699093,0.002642555967844207,0.14107738064582956,0.00023691412046499764,0.09098310799977014
1847,35_43,0.0026478879886784054,0.002317244,0.002644388509403019,0.14110970084753147,0.00023691455576956404,0.09377019508133558
1848,35_44,0.00264972793809661,0.0023646117,0.002646223598023872,0.1411420509765089,0.00023691499168076413,0.09656116107240038
1849,35_45,0.002641260446441207,0.0021463516,0.0026377784479638547,0.14099304991572872,0.00023691298561354224,0.08371706818265282
1850,35_46,0.0026415127017648064,0.002152864,0.002638030038738959,0.1409974934329042,0.00023691304537611161,0.08409970697818991
1851,35_47,0.0026425117768118203,0.0021786501,0.002639026481172867,0.14101508950456662,0.0002369132820701418,0.08561517498570695
1852,35_48,0.002642830546872857,0.0021868756,0.0026393444110497863,0.14102070286038002,0.0002369133575910152,0.08609870806032305
1853,35_49,0.0026425400267650213,0.002179379,0.0026390546566715826,0.14101558698817201,0.00023691328876293102,0.08565802652165289
1854,35_5,0.0026236472544878555,0.0016901054,0.0026202115001893603,0.14068208513745023,0.00023690881285639827,0.057000127352904426
1855,35_50,0.002644897481852328,0.002240186,0.0026414058957440582,0.14105708938367983,0.00023691384727602722,0.08923398187620535
1856,35_51,0.0026455676743439363,0.0022574628,0.0026420743200977906,0.14106888342679605,0.000236914006053962,0.09025057745923633
1857,35_52,0.0026452088799654053,0.002248214,0.0026417164723654555,0.14106256961465696,0.0002369139210505637,0.08970633265643997
1858,35_53,0.002644539861667078,0.0022309653,0.0026410492188688006,0.14105079516668073,0.00023691376255086842,0.08869151817319576
1859,35_54,0.0026450549284049918,0.0022442453,0.0026415629269529116,0.14105986030701817,0.00023691388457729867,0.08947280799259119
1860,35_55,0.0026445932718143755,0.0022323425,0.002641102488141959,0.1410517352366915,0.0002369137752044677,0.08877253447897573
1861,35_56,0.002644073708542081,0.0022189443,0.0026405842951447616,0.14104258988285578,0.00023691365211280337,0.08798442399678948
1862,35_57,0.00264374253953005,0.0022104029,0.002640253999404322,0.14103676001686488,0.00023691357365435625,0.08748208331245948
1863,35_58,0.00264410936911469,0.002219864,0.002640619861676206,0.14104321761881347,0.00023691366056128002,0.08803851648671782
1864,35_59,0.002644547527740438,0.002231163,0.0026410568647223663,0.14105093009773392,0.00023691376436706668,0.08870314661788044
1865,35_6,0.0026233438788093367,0.0016822201,0.0026199089183330006,0.14067671673733995,0.00023690874098403731,0.05653994557133757
1866,35_60,0.0026451301599822855,0.0022461847,0.002641637960060691,0.14106118427878286,0.00023691390240070456,0.08958692459362609
1867,35_61,0.002644955288233608,0.0022416764,0.002641463549635041,0.14105810673890112,0.0002369138609711598,0.08932166670200772
1868,35_62,0.0026444949221280526,0.0022298065,0.0026410043978597132,0.14105000417767577,0.00023691375190407337,0.08862335068781065
1869,35_63,0.0026468663351762855,0.0022909283,0.0026433695534615873,0.14109173155524715,0.0002369143137251021,0.0922204784690976
1870,35_64,0.0026449951781709986,0.0022427049,0.002641503334342865,0.1410588087675185,0.00023691387042163906,0.08938217459289959
1871,35_65,0.002644660182747738,0.0022340678,0.002641169222587623,0.14105291291558464,0.00023691379105659005,0.08887402973618067
1872,35_66,0.002644997950711021,0.0022427763,0.002641506099568874,0.14105885756157654,0.00023691387107849224,0.0893863801785713
1873,35_7,0.002622929424061297,0.0016714463,0.0026194955479120624,0.14066938205944743,0.0002369086427961051,0.055911271165851414
1874,35_8,0.0026227866928463825,0.0016677355,0.002619353190081531,0.1406668559405127,0.0002369086089818491,0.05569476631916999
1875,35_9,0.00262329469452331,0.0016809417,0.0026198598627354686,0.14067584635506267,0.00023690872933185031,0.05646533935214606
1876,36_0,0.002621005324902693,0.0016214064,0.0026175764804856395,0.1406353207672003,0.00023690818696082337,0.052992660870389584
1877,36_1,0.0026261137763984705,0.001754181,0.0026226715647245115,0.14072571617536425,0.00023690939719789663,0.06074152301336753
1878,36_10,0.002622020514259903,0.0016478129,0.0026185890154693083,0.1406532942051833,0.0002369084274676155,0.054532572208403
1879,36_11,0.0026220051333398337,0.0016474129,0.002618573674772742,0.1406530219281992,0.00023690842382374596,0.054509241336152314
1880,36_12,0.002622578437833926,0.0016623209,0.0026191454798271375,0.14066316998775533,0.00023690855964444892,0.05537887032144155
1881,36_13,0.0026217372305901137,0.0016404453,0.0026183064725927175,0.14064827927349124,0.00023690836035533626,0.05410286741305228
1882,36_14,0.0026221019236201005,0.00164993,0.002618670211927422,0.14065473531669465,0.0002369084467541798,0.05465605970942775
1883,36_15,0.00262153965688087,0.0016353064,0.0026181094154959345,0.14064478143848846,0.00023690831354847739,0.05380317357485609
1884,36_16,0.0026216111376145598,0.0016371657,0.0026181807093274695,0.14064604695018978,0.00023690833048285807,0.05391160062984497
1885,36_17,0.002621523643243125,0.0016348899,0.002618093443728683,0.14064449792611414,0.0002369083097547135,0.05377888295148523
1886,36_18,0.002622402684708833,0.001657751,0.002618970186407383,0.14066005914069432,0.0002369085180070329,0.0551122754954612
1887,36_19,0.0026222787400400514,0.0016545281,0.002618846565913655,0.14065786522425477,0.0002369084886434869,0.05492426741658676
1888,36_2,0.0026231038465257344,0.0016759806,0.0026196695140603987,0.1406724689388171,0.00023690868411829804,0.05617584755121641
1889,36_20,0.0026223320733617865,0.0016559149,0.002618899759744919,0.14065880927378882,0.0002369085012786039,0.05500516718789541
1890,36_21,0.0026224635645659485,0.001659334,0.00261903090702873,0.14066113673577882,0.00023690853242999005,0.055204622387755364
1891,36_22,0.0026233676696080757,0.0016828385,0.00261993264688331,0.1406771377436875,0.00023690874662028556,0.05657603314500861
1892,36_23,0.0026240998793190013,0.0017018683,0.002620662940498213,0.14069009381061348,0.00023690892008723394,0.05768670085212122
1893,36_24,0.002623964319326408,0.0016983455,0.00262052773528843,0.14068769533034342,0.00023690888797186466,0.05748107382491483
1894,36_25,0.0026236691219640096,0.0016906738,0.002620233310442864,0.1406824720784426,0.00023690881803699614,0.05703329749424242
1895,36_26,0.0026227575967794113,0.001666979,0.0026193241701272874,0.14066634097440078,0.00023690860208874047,0.05565063133774828
1896,36_27,0.002642505921142185,0.002178499,0.0026390206409361086,0.14101498638537852,0.0002369132806828559,0.08560629269000586
1897,36_28,0.0026438289816203167,0.0022126324,0.002640340213562824,0.14103828178191766,0.00023691359413366165,0.08761320481598744
1898,36_29,0.002645686678016359,0.0022605301,0.002642193009761613,0.141070977443361,0.00023691403424760046,0.09043109068381625
1899,36_3,0.0026224144638975757,0.0016580573,0.002618981934787074,0.1406602676378247,0.00023690852079762305,0.05513014300576202
1900,36_30,0.0026451455858802707,0.0022465824,0.002641653345262696,0.1410614557501466,0.00023691390605531427,0.08961032369157493
1901,36_31,0.002645215102881526,0.0022483745,0.0026417226788640717,0.14106267912606515,0.00023691392252485916,0.0897157720176999
1902,36_32,0.002645230204126205,0.0022487638,0.0026417377402679835,0.1410629448783382,0.0002369139261025543,0.0897386786584505
1903,36_33,0.0026435574333115016,0.0022056282,0.002640069381251551,0.1410335012124271,0.00023691352980018457,0.08720130104986482
1904,36_34,0.002642994837428554,0.0021911145,0.002639508268544431,0.14102359574459275,0.0002369133965136456,0.08634791564672
1905,36_35,0.0026440556978782294,0.0022184798,0.0026405663319766883,0.14104227283752038,0.00023691364784583126,0.08795710414234677
1906,36_36,0.0026435750073310216,0.0022060815,0.0026400869089354775,0.14103381061050724,0.00023691353396370761,0.08722795857116453
1907,36_37,0.0026436716620079235,0.0022085747,0.002640183308767534,0.14103551223252725,0.0002369135568625098,0.08737457125162251
1908,36_38,0.0026440358456641987,0.0022179678,0.0026405465321144,0.14104192337333066,0.00023691364314257088,0.08792699089376584
1909,36_39,0.0026441057217834723,0.0022197699,0.0026406162239634916,0.14104315341480606,0.00023691365969717745,0.08803298395561328
1910,36_4,0.002622306035570354,0.0016552379,0.002618873790054301,0.14065834838220442,0.00023690849511002983,0.054965671216076116
1911,36_40,0.0026441167360168136,0.002220054,0.0026406272091507757,0.1410433472982833,0.00023691366230659978,0.0880496911272175
1912,36_41,0.002645252007151488,0.0022493259,0.002641759485771168,0.1410633285670057,0.00023691393126799469,0.08977175103612822
1913,36_42,0.0026463525159594356,0.0022776895,0.002642857090533952,0.14108269251998234,0.0002369141919940062,0.09144108097827797
1914,36_43,0.002649610652954869,0.0023615933,0.0026461066228277166,0.1411399893095256,0.00023691496389415738,0.09638325463724655
1915,36_44,0.0026485708378102294,0.002334827,0.002645069554969941,0.141121708509337,0.00023691471754651801,0.09480598915539673
1916,36_45,0.002642541515512524,0.0021794175,0.002639056141495378,0.1410156132050184,0.00023691328911563508,0.08566028475962853
1917,36_46,0.0026428524113855933,0.0021874397,0.002639366217930394,0.14102108786513787,0.0002369133627710104,0.08613187370653819
1918,36_47,0.0026433534496229896,0.0022003662,0.002639865935363179,0.14102990989209357,0.00023691348147369384,0.08689188409973739
1919,36_48,0.002643262519475777,0.0021980205,0.00263977524493869,0.14102830892343635,0.00023691345993111706,0.08675395479259365
1920,36_49,0.002643260976172162,0.0021979806,0.002639773705703676,0.14102828175082363,0.00023691345956548766,0.08675161380003119
1921,36_5,0.002622341103378215,0.0016561497,0.002618908766143539,0.1406589691122277,0.00023690850341789155,0.055018864558324054
1922,36_50,0.002645512438002867,0.002256039,0.0026420192295011015,0.14106791145372308,0.00023691399296769952,0.09016679105300725
1923,36_51,0.002646426212090615,0.0022795885,0.0026429305921512334,0.14108398904416558,0.00023691420945366623,0.0915528685055648
1924,36_52,0.002647053814498867,0.002295758,0.0026435565378439742,0.14109502937233362,0.0002369143581416413,0.09250486042447932
1925,36_53,0.0026468129967284638,0.002289554,0.0026433163558193954,0.14109079328747756,0.00023691430108846066,0.09213957092217555
1926,36_54,0.002645931332515239,0.0022668357,0.0026424370186595536,0.1410752822431509,0.00023691409220969188,0.0908022000084415
1927,36_55,0.002645653010654788,0.0022596624,0.00264215943123773,0.14107038503096228,0.00023691402627133015,0.09038002163799064
1928,36_56,0.00264533701717886,0.0022515173,0.0026418442715152764,0.14106482454944366,0.0002369139514080553,0.0899007002849217
1929,36_57,0.0026449063590822286,0.002240415,0.0026414147495564936,0.14105724561819857,0.0002369138493791659,0.0892474474891749
1930,36_58,0.002644766855450448,0.0022368182,0.002641275613915749,0.14105479038794874,0.0002369138163288258,0.08903583846988497
1931,36_59,0.0026448917654016,0.0022400387,0.0026414001943728567,0.14105698877700532,0.00023691384592172085,0.08922531075763444
1932,36_6,0.002622318857449177,0.0016555713,0.0026188865783980907,0.14065857534100923,0.00023690849814764185,0.054985120352765905
1933,36_60,0.002645381049686812,0.0022526523,0.002641888187848759,0.14106559940841237,0.00023691396183997098,0.08996749192113711
1934,36_61,0.002645374546378092,0.0022524847,0.002641881701698357,0.14106548496743743,0.00023691396029924634,0.08995762724046301
1935,36_62,0.0026460513463156072,0.0022699286,0.002642556715742477,0.14107739383942972,0.00023691412064265417,0.09098424546685066
1936,36_63,0.002646594023902214,0.0022839124,0.002643097961019429,0.14108694124012464,0.00023691424921067227,0.09180741738307105
1937,36_64,0.0026449572750399273,0.0022417277,0.0026414655312002075,0.1410581417051528,0.00023691386144186175,0.08932468043097899
1938,36_65,0.0026446886813583717,0.0022348026,0.002641197646027512,0.14105341450486045,0.00023691379780830404,0.08891725845338598
1939,36_66,0.0026434334526817082,0.00220243,0.002639945727499886,0.14103131844161,0.00023691350042749775,0.08701323842277234
1940,36_7,0.0026224507151185457,0.001659,0.002619018091190314,0.14066090929739347,0.00023690852938584633,0.055185131433085385
1941,36_8,0.002622113370194951,0.0016502277,0.0026186816285666153,0.14065493794198303,0.00023690844946597006,0.05467342268734754
1942,36_9,0.0026221241542838834,0.0016505081,0.002618692384452338,0.14065512883951808,0.00023690845202081187,0.054689780759562726
1943,37_0,0.002621312310854963,0.0016293926,0.002617882663882599,0.1406407562973323,0.00023690825968831992,0.05345831897166349
1944,37_1,0.0026268652317987247,0.0017736905,0.00262342105160534,0.1407390034359608,0.00023690957522480943,0.06188138394930505
1945,37_10,0.0026222198879549707,0.0016529977,0.0026187878677497944,0.14065682347253253,0.0002369084747009288,0.05483499639297094
1946,37_11,0.002621562679453329,0.0016359052,0.0026181323778713514,0.14064518903804366,0.00023690831900271625,0.05383809584833017
1947,37_12,0.0026219979890315472,0.0016472271,0.0026185665491478553,0.1406528954574612,0.0002369084221311991,0.054498404341797625
1948,37_13,0.002621659247556676,0.001638417,0.002618228693472662,0.14064689868689068,0.0002369083418805044,0.05398457720786922
1949,37_14,0.0026215877386605974,0.001636557,0.0026181573715557964,0.1406456326921573,0.000236908324939451,0.053876107434168576
1950,37_15,0.0026213227470654383,0.0016296641,0.0026178930728079754,0.1406409410746319,0.0002369082621607444,0.05347414935712038
1951,37_16,0.0026215961842804376,0.0016367767,0.0026181657950925604,0.14064578221476198,0.00023690832694028865,0.05388891835033505
1952,37_17,0.0026216787442171013,0.0016389241,0.00261824813915295,0.14064724385209024,0.00023690834649942594,0.054014151127482535
1953,37_18,0.002622508000856792,0.0016604895,0.0026190752270908407,0.140661923263321,0.00023690854295732673,0.05527202651054637
1954,37_19,0.002622203879126422,0.0016525814,0.002618771900789997,0.14065654009456577,0.00023690847090830167,0.0548107130645306
1955,37_2,0.0026242579548541754,0.0017059759,0.002620820602300609,0.14069289055641393,0.00023690895753674125,0.057926481053862486
1956,37_20,0.00262170670490056,0.0016396514,0.0026182760267237674,0.14064773885975568,0.00023690835312354533,0.05405656387853312
1957,37_21,0.002622772892547951,0.0016673767,0.00261933942588356,0.1406666116919636,0.00023690860571243965,0.055673833046110136
1958,37_22,0.002622981601810255,0.0016728027,0.002619547589159145,0.14067030550088608,0.00023690865515746512,0.05599041808227838
1959,37_23,0.00262228843692717,0.0016547802,0.002618856237439291,0.14065803686915707,0.0002369084909407618,0.05493897634385405
1960,37_24,0.0026226165315390536,0.0016633114,0.0026191834738891334,0.14066384423154754,0.00023690856866917393,0.05543665355962801
1961,37_25,0.0026229576488170443,0.00167218,0.0026195236988295427,0.14066988158250676,0.0002369086494827938,0.05595408448050989
1962,37_26,0.002622397039133846,0.0016576042,0.0026189645555986284,0.14065995921116356,0.00023690851666954808,0.05510371188624887
1963,37_27,0.0026429505196660886,0.002189971,0.0026394640676038437,0.1410228153941629,0.0002369133860141742,0.08628069131619398
1964,37_28,0.002644071451559957,0.002218886,0.002640582044114525,0.14104255015282516,0.0002369136515780935,0.08798100044596283
1965,37_29,0.0026457419360530056,0.0022619544,0.002642248121987056,0.14107194975529505,0.0002369140473390052,0.09051490999943823
1966,37_3,0.0026227742313797014,0.0016674115,0.0026193407612130435,0.14066663538769994,0.0002369086060296204,0.05567586388122194
1967,37_30,0.0026450015902386432,0.0022428702,0.0026415097294953415,0.14105892161373684,0.00023691387194074685,0.08939190087262787
1968,37_31,0.00264741086077356,0.0023049554,0.002643912641429739,0.1411013094897934,0.00023691444273104542,0.09304645357918488
1969,37_32,0.002646986183403259,0.0022940158,0.002643489085296608,0.1410938397392764,0.00023691434211886426,0.09240227277401872
1970,37_33,0.0026436298422703414,0.002207496,0.0026401415992952297,0.1410347759940529,0.00023691354695484724,0.08731113610270355
1971,37_34,0.0026434086229541217,0.0022017895,0.0026399209632346795,0.14103088128762112,0.00023691349454500017,0.08697557492801807
1972,37_35,0.002645267849230089,0.0022497342,0.002641775286053914,0.14106360735386997,0.00023691393502120383,0.0897957814264018
1973,37_36,0.0026435686257912003,0.002205917,0.0026400805442212353,0.1410336982609468,0.00023691353245183447,0.08721827859820692
1974,37_37,0.0026434670016144044,0.0022032955,0.002639979187981465,0.14103190910218802,0.000236913508375693,0.08706412782726644
1975,37_38,0.002644017528314359,0.0022174953,0.0026405282630684057,0.14104160092623397,0.00023691363880294083,0.0878992058362293
1976,37_39,0.002643261508656934,0.0021979944,0.002639774236784662,0.14102829112616896,0.0002369134596916405,0.08675242151076148
1977,37_4,0.002623826311556303,0.001694759,0.0026203900886885936,0.14068525345594907,0.00023690885527659957,0.057271733834883064
1978,37_40,0.002643626664972115,0.002207414,0.002640138430374452,0.14103472005724715,0.00023691354620210224,0.08730631655103309
1979,37_41,0.002644617336078444,0.002232963,0.002641126488933407,0.1410521587867492,0.00023691378090562342,0.08880903686428568
1980,37_42,0.002644996912137058,0.0022427496,0.0026415050637346896,0.1410588392836701,0.00023691387083243966,0.08938480479580235
1981,37_43,0.0026486342317254053,0.0023364592,0.0026451327814233723,0.14112282316381417,0.00023691473256546997,0.09490214954956074
1982,37_44,0.0026463398389131847,0.0022773629,0.002642844446947009,0.141082469492308,0.00023691418899063408,0.0914218515339229
1983,37_45,0.002643353702336433,0.0022003727,0.002639866187410373,0.14102991434146092,0.00023691348153356506,0.08689226743344207
1984,37_46,0.0026434233709358435,0.00220217,0.0026399356723341323,0.14103114094199115,0.00023691349803899606,0.08699794571441828
1985,37_47,0.002643158488383435,0.0021953366,0.00263967148809752,0.14102647724671905,0.00023691343528475233,0.08659615304116101
1986,37_48,0.0026434061499223823,0.0022017257,0.002639918496722935,0.14103083774709388,0.00023691349395910558,0.08697182365778673
1987,37_49,0.002643200842181943,0.0021964293,0.00263971373024245,0.14102722297639753,0.00023691344531893643,0.0866603982916331
1988,37_5,0.002623088907090962,0.0016755923,0.0026196546137106794,0.14067220455031737,0.00023690868057901624,0.056153186355226835
1989,37_50,0.0026453181940692644,0.002251032,0.0026418254980676,0.14106449330845683,0.00023691394694859807,0.08987214805505701
1990,37_51,0.002645903931751631,0.0022661295,0.0026424096902047858,0.1410748001283426,0.00023691408571806493,0.09076063658359815
1991,37_52,0.0026471330977262454,0.0022978005,0.0026436356117553192,0.14109642394081878,0.00023691437692497698,0.09262512285619948
1992,37_53,0.0026473152086616053,0.0023024916,0.0026438172418750392,0.14109962711226792,0.00023691442006967969,0.09290136166046281
1993,37_54,0.0026459469889308918,0.0022672391,0.002642452633758604,0.1410755577153527,0.0002369140959189174,0.09082594877196541
1994,37_55,0.002645679713254777,0.0022603506,0.0026421860633779617,0.14107085489151933,0.0002369140325975507,0.09042052603865827
1995,37_56,0.0026462686118457882,0.0022755275,0.0026427734078706207,0.1410812163789558,0.00023691417211593177,0.09131380925798852
1996,37_57,0.002645761060281164,0.0022624473,0.002642267195750776,0.14107228625911003,0.00023691405186980355,0.09054391898733058
1997,37_58,0.002645262258428718,0.0022495901,0.0026417697100026764,0.14106350896779332,0.00023691393369666507,0.08978730090170117
1998,37_59,0.002645472856429599,0.0022550188,0.0026419797523643085,0.1410672149433354,0.00023691398359027113,0.09010675091072287
1999,37_6,0.0026220521895697025,0.0016486367,0.002618620607942495,0.14065385492625418,0.00023690843497176344,0.054580619568582026
2000,37_60,0.002645895313172327,0.0022659074,0.0026424010943692003,0.14107464848426005,0.0002369140836762021,0.0907475633102294
2001,37_61,0.0026462190531026187,0.0022742504,0.0026427239799258454,0.14108034446783196,0.00023691416037476345,0.09123863503560088
2002,37_62,0.002645041535059852,0.0022439,0.0026415495689403596,0.1410596246000122,0.00023691388140422925,0.08945249201519445
2003,37_63,0.002645043576118196,0.0022439526,0.002641551604614259,0.14105966052027244,0.00023691388188778434,0.08945558803749094
2004,37_64,0.0026457994175567955,0.0022634359,0.0026423054518092837,0.14107296117657775,0.00023691406095718132,0.09060210202798302
2005,37_65,0.002644750438429039,0.002236395,0.0026412592401988694,0.1410545014466279,0.00023691381243940666,0.0890109359655149
2006,37_66,0.0026435891695301503,0.0022064468,0.0026401010337943824,0.1410340599410371,0.00023691353731892427,0.08724944080091249
2007,37_7,0.0026217477759107044,0.0016407196,0.0026183169903384873,0.1406484659623513,0.0002369083628536109,0.05411886330448397
2008,37_8,0.002621828639694333,0.0016428228,0.0026183976426687877,0.14064989751591428,0.00023690838201091826,0.0542415232362103
2009,37_9,0.0026225882119418824,0.001662575,0.0026191552283687312,0.1406633429862975,0.0002369085619600188,0.05539369638276028
2010,38_0,0.00262043966897422,0.0016066885,0.002617012303109508,0.14062530407821347,0.0002369080529523408,0.0521346337728005
2011,38_1,0.0026218316207714267,0.0016429003,0.0026184006159504416,0.14064995029016775,0.00023690838271716043,0.05424604514572664
2012,38_10,0.002622170277019779,0.0016517076,0.0026187383865639248,0.14065594528795752,0.0002369084629476781,0.054759743002016845
2013,38_11,0.0026216708264787496,0.0016387182,0.0026182402421180556,0.14064710367815098,0.00023690834462364766,0.054002140939459764
2014,38_12,0.002622412520842662,0.0016580068,0.0026189799968143264,0.14066023324489038,0.00023690852033729677,0.055127195642030814
2015,38_13,0.0026219927069113386,0.0016470897,0.002618561280841122,0.14065280195159965,0.00023690842087982036,0.05449039204661332
2016,38_14,0.0026218416293372713,0.0016431606,0.002618410598344081,0.14065012747233974,0.00023690838508827358,0.0542612268494274
2017,38_15,0.002621444458178363,0.0016328301,0.002618014465703554,0.14064309598239624,0.0002369082909951144,0.053658769419795506
2018,38_16,0.0026212109537778008,0.0016267559,0.0026177815717942487,0.14063896170391743,0.00023690823567599237,0.053304573356422934
2019,38_17,0.0026214095365908264,0.0016319217,0.0026179796354210603,0.1406424776989571,0.0002369082827219009,0.05360579787492341
2020,38_18,0.0026237067790619143,0.0016916525,0.0026202708689988382,0.1406831384088406,0.00023690882695829487,0.0570904184555765
2021,38_19,0.0026225207655160587,0.0016608214,0.002619087958362165,0.1406621491976312,0.00023690854598138356,0.0552913888525481
2022,38_2,0.002623135190058111,0.0016767954,0.002619700775590047,0.14067302363319778,0.0002369086915438532,0.05622339164782986
2023,38_20,0.002621640091199216,0.0016379188,0.002618209587205142,0.14064655954467556,0.00023690833734220357,0.053955519483969996
2024,38_21,0.002621739459605965,0.0016405033,0.002618308695779954,0.14064831873486816,0.00023690836088340877,0.05410624854264867
2025,38_22,0.002621999497571216,0.0016472663,0.0026185680537424787,0.14065292216211264,0.0002369084224885849,0.054500692601936865
2026,38_23,0.002622975229549408,0.0016726371,0.002619541233568874,0.14067019272531764,0.0002369086536478214,0.055980752184328256
2027,38_24,0.002623941024855796,0.0016977402,0.0026205045017814407,0.1406872831699397,0.00023690888245319762,0.057445739117006414
2028,38_25,0.0026234364903628235,0.0016846274,0.0026200012875659483,0.14067835559401104,0.00023690876292452488,0.05668042535496838
2029,38_26,0.0026220940672786416,0.0016497257,0.002618662376132186,0.14065459624475388,0.00023690844489294616,0.05464414265257318
2030,38_27,0.0026424366195080718,0.0021767106,0.002638951521946939,0.14101376596196347,0.000236913264264379,0.08550117104806176
2031,38_28,0.002643767408493381,0.0022110443,0.0026402788027935693,0.14103719782458618,0.0002369135795461513,0.08751980632277849
2032,38_29,0.0026453435836213605,0.0022516865,0.0026418508206331316,0.141064940102503,0.00023691395296373716,0.0899106607313989
2033,38_3,0.0026236880691458426,0.0016911662,0.002620252208043467,0.1406828073436137,0.00023690882252575064,0.057062037925690846
2034,38_30,0.0026455723353862575,0.002257583,0.0026420789688415347,0.14106896544477873,0.0002369140071582282,0.09025764765935876
2035,38_31,0.002646635565086283,0.0022849827,0.002643139392550196,0.14108767202578704,0.0002369142590523709,0.09187043000223198
2036,38_32,0.0026458858183128677,0.0022656627,0.002642391624565804,0.14107448142162676,0.0002369140814267362,0.09073316083286827
2037,38_33,0.0026446995715927444,0.0022350834,0.0026412085075365158,0.14105360617727525,0.0002369138003883508,0.0889337775345453
2038,38_34,0.0026456251520717514,0.0022589443,0.0026421316461639707,0.14106989482627127,0.00023691401967124116,0.09033776376011389
2039,38_35,0.00264638451153937,0.002278514,0.0026428890016652737,0.14108325541604566,0.0002369141995742133,0.09148961414694981
2040,38_36,0.0026437797843874827,0.0022113635,0.0026402911460548825,0.141037415696009,0.0002369135824781687,0.08753857895815927
2041,38_37,0.002643970160180338,0.0022162737,0.002640481019845176,0.14104076708047902,0.0002369136275807841,0.08782735448542311
2042,38_38,0.002643651659219263,0.0022080587,0.002640163358720049,0.14103516008345257,0.00023691355212357803,0.0873442296007461
2043,38_39,0.002642644529848612,0.0021820758,0.002639158884323984,0.1410174272636413,0.00023691331352110155,0.08581654422294208
2044,38_4,0.0026263527875699565,0.0017603869,0.0026229099498410705,0.14072994265546973,0.00023690945382189596,0.06110407213808955
2045,38_40,0.0026431626217522483,0.0021954433,0.002639675610569977,0.14102655002391581,0.00023691343626400295,0.0866024228286193
2046,38_41,0.0026440985896403887,0.002219586,0.0026406091106287916,0.1410430278674495,0.00023691365800747533,0.08802216541430283
2047,38_42,0.002643114321303447,0.0021941971,0.0026396274374494043,0.14102569958179403,0.0002369134248209779,0.08652915727652158
2048,38_43,0.0026458671177851424,0.0022651807,0.0026423729733867944,0.14107415238352233,0.0002369140769963179,0.09070479454389328
2049,38_44,0.0026436008134599195,0.0022067472,0.002640112647023477,0.14103426493587293,0.0002369135400775289,0.08726710314079397
2050,38_45,0.0026427154611157896,0.002183906,0.002639229628636582,0.14101867631930132,0.00023691333032566366,0.08592413780809025
2051,38_46,0.002642834174402315,0.0021869692,0.002639348029017562,0.14102076673645839,0.0002369133584504254,0.08610421055471136
2052,38_47,0.002642677771030371,0.0021829335,0.0026391920378920964,0.14101801262304975,0.00023691332139638019,0.08586696680895187
2053,38_48,0.0026427091267618237,0.0021837426,0.002639223310978369,0.14101856477616667,0.00023691332882497078,0.08591452940999034
2054,38_49,0.0026434079731061408,0.0022017728,0.002639920315099983,0.14103086984631336,0.0002369134943910424,0.08697458919243388
2055,38_5,0.002625814236023242,0.0017464027,0.0026223728088714,0.14072041898190146,0.00023690932623397754,0.06028715889229872
2056,38_50,0.002645674537120853,0.0022602172,0.0026421809009022816,0.14107076381220343,0.00023691403137125194,0.09041267451100055
2057,38_51,0.0026459098310678613,0.0022662815,0.0026424155739531658,0.14107490392674388,0.00023691408711569605,0.09076958508555535
2058,38_52,0.0026461104969390695,0.002271453,0.0026426157102616677,0.14107843454810548,0.0002369141346562725,0.09107396933469118
2059,38_53,0.0026456890176744827,0.0022605904,0.002642195343246065,0.1410710186119022,0.0002369140348018983,0.09043463964347183
2060,38_54,0.002644849077540641,0.0022389381,0.00264135761911793,0.14105623748739082,0.00023691383580837577,0.08916055877750395
2061,38_55,0.0026450385186313724,0.0022438222,0.002641546560469406,0.14105957151433451,0.0002369138806895955,0.08944791648218384
2062,38_56,0.00264611805009973,0.0022716476,0.002642623243488549,0.14107856743890168,0.00023691413644572304,0.09108542650537288
2063,38_57,0.0026463068951403552,0.002276514,0.0026428115901239585,0.14108188990812678,0.00023691418118578698,0.09137188007890629
2064,38_58,0.002646134782776243,0.0022720788,0.0026426399320051376,0.14107886183378715,0.00023691414040993066,0.09111080781782874
2065,38_59,0.002646087223220378,0.0022708531,0.002642592497965008,0.1410780250671985,0.00023691412914239967,0.09103866610477099
2066,38_6,0.0026241546204774664,0.0017032907,0.0026207175383848756,0.14069106232939457,0.00023690893305590302,0.05776973613019791
2067,38_60,0.0026459708125173152,0.0022678531,0.0026424763944751482,0.1410759768855606,0.0002369141015630609,0.09086208608032535
2068,38_61,0.0026450013825235316,0.0022428648,0.0026415095223281874,0.1410589179581537,0.00023691387189153624,0.08939158579559034
2069,38_62,0.0026436044781491734,0.0022068417,0.0026401163020502924,0.1410343294536886,0.00023691354094574339,0.08727266200180069
2070,38_63,0.002643752613463126,0.0022106627,0.002640264046774687,0.14103693736458517,0.00023691357604100775,0.08749736416982046
2071,38_64,0.0026443535260153145,0.0022261604,0.0026408633746721087,0.14104751538021526,0.00023691371840539217,0.08840887101895874
2072,38_65,0.002645038265757285,0.0022438157,0.0026415463082624154,0.1410595670640391,0.00023691388062968612,0.08944753290480278
2073,38_66,0.002644553821341376,0.0022313253,0.002641063141723457,0.14105104087161535,0.00023691376585810737,0.08871269319889308
2074,38_7,0.002622736726437807,0.0016664364,0.002619303354380125,0.14066597159158098,0.00023690859714437705,0.0556189737209337
2075,38_8,0.0026220376500358535,0.0016482585,0.002618606106432257,0.1406535975458152,0.00023690843152722528,0.054558564970723464
2076,38_9,0.002622443882998911,0.0016588223,0.0026190112769406896,0.14066078836688833,0.0002369085277672589,0.055174767988656725
2077,39_0,0.0026231196593112806,0.0016763917,0.00261968528547576,0.14067274878221755,0.0002369086878644843,0.056199833507703544
2078,39_1,0.0026265207244112704,0.001764747,0.002623077446762314,0.14073291216050124,0.00023690949360772467,0.06135881066954951
2079,39_10,0.0026245748871857586,0.0017142106,0.002621136705046954,0.1406984975304581,0.0002369090326208614,0.058407226529887876
2080,39_11,0.0026229473628444815,0.0016719126,0.002619513439766016,0.14066969954129596,0.00023690864704595794,0.05593848198659117
2081,39_12,0.0026222113866102223,0.0016527766,0.0026187793886391026,0.14065667298735046,0.00023690847268688817,0.0548221009493048
2082,39_13,0.0026214081044710355,0.0016318845,0.0026179782070456254,0.14064245234329245,0.0002369082823826199,0.05360362553388427
2083,39_14,0.0026214685540310112,0.0016334569,0.0026180384985551274,0.14064352259399485,0.00023690829670362174,0.05369531972090798
2084,39_15,0.002621343333193871,0.0016301996,0.0026179136051143947,0.14064130555886206,0.00023690826703776834,0.053505375859204916
2085,39_16,0.0026214724074187217,0.0016335571,0.002618042341867707,0.1406435908171054,0.00023690829761652125,0.053701164813139
2086,39_17,0.002621815045846597,0.0016424692,0.0026183840843684992,0.14064965686239772,0.0002369083787904218,0.05422090312223062
2087,39_18,0.002623918353262361,0.001697151,0.0026204818895209873,0.14068688202805088,0.0002369088770820958,0.05741134923345044
2088,39_19,0.002623566392988748,0.0016880038,0.002620130850283895,0.14068065428923954,0.00023690879369959729,0.05687747088650212
2089,39_2,0.0026244261299805693,0.0017103456,0.0026209883372331675,0.14069586586495714,0.00023690899737893845,0.05818158103306033
2090,39_20,0.0026226267624882855,0.0016635774,0.0026191936780766423,0.14066402531425934,0.00023690857109297348,0.05545217259024966
2091,39_21,0.002622356634004544,0.0016565536,0.0026189242561496674,0.1406592440157451,0.00023690850709722904,0.05504242251566538
2092,39_22,0.0026225981383177477,0.0016628332,0.002619165128779846,0.1406635186794902,0.00023690856431166223,0.055408753414862136
2093,39_23,0.0026234120629540073,0.0016839925,0.002619976924072911,0.14067792332965712,0.00023690875713745774,0.05664337212590596
2094,39_24,0.002623711307625166,0.0016917702,0.0026202753857115504,0.1406832185398987,0.0002369088280311515,0.05709728770203455
2095,39_25,0.002623950136553009,0.001697977,0.0026205135896326267,0.1406874443879242,0.00023690888461183962,0.05745956038665127
2096,39_26,0.002622176230998842,0.0016518624,0.0026187443249714544,0.14065605068249837,0.0002369084643582261,0.054768774420440994
2097,39_27,0.002641936647636906,0.0021638072,0.002638452867613587,0.14100496066570187,0.00023691314581444052,0.08474277819491789
2098,39_28,0.0026430396522747427,0.0021922707,0.002639552965256439,0.14102438483879456,0.00023691340713088323,0.08641589398915173
2099,39_29,0.002647255525008708,0.0023009542,0.0026437577158046374,0.1410985773454832,0.0002369144059297621,0.09281082925570772
2100,39_3,0.0026239591542077225,0.0016982113,0.0026205225836873486,0.14068760394159668,0.00023690888674820213,0.05747323900595234
2101,39_30,0.002645692811719069,0.0022606882,0.002642199127279269,0.14107108537172405,0.00023691403570076072,0.09044039471983609
2102,39_31,0.002645314743782471,0.002250943,0.002641822056883827,0.14106443259162255,0.000236913946131177,0.08986691441493377
2103,39_32,0.0026450221721774202,0.0022434008,0.002641530257138259,0.14105928383480895,0.0002369138768168937,0.0894231210195457
2104,39_33,0.002645366995334082,0.00225229,0.002641874170576956,0.1410653520888654,0.00023691395851029864,0.08994617328046814
2105,39_34,0.002646683938748592,0.002286229,0.0026431876385218335,0.14108852299759533,0.00023691427051278154,0.0919438066097797
2106,39_35,0.002646033493873907,0.0022694685,0.00264253891041443,0.1410770797367035,0.00023691411641315864,0.0909571656150078
2107,39_36,0.0026440109290438774,0.0022173251,0.0026405216812004765,0.14104148475646358,0.00023691363723948365,0.08788919559393804
2108,39_37,0.0026440915929363865,0.0022194055,0.0026406021323759537,0.1410429047040112,0.00023691365634986058,0.08801155231661326
2109,39_38,0.0026424590582061324,0.0021772897,0.002638973901508176,0.14101416111679008,0.00023691326958040422,0.08553520765936824
2110,39_39,0.0026429206771106536,0.002189201,0.002639434303712457,0.14102228991930654,0.00023691337894407344,0.08623542400803785
2111,39_4,0.0026236901475211395,0.0016912202,0.002620254280980023,0.1406828441197942,0.00023690882301813607,0.05706519055299282
2112,39_40,0.002642999322488779,0.0021912302,0.0026395127417819025,0.14102367471737545,0.00023691339757621644,0.08635471890469688
2113,39_41,0.0026434831399124725,0.0022037118,0.002639995283730821,0.1410321932303458,0.00023691351219907384,0.08708860754427192
2114,39_42,0.002643520751193187,0.002204682,0.00264003279584818,0.14103285540370922,0.0002369135211096946,0.08714565900683695
2115,39_43,0.002649546946241285,0.0023599537,0.0026460430844640337,0.14113886943166526,0.0002369149488010841,0.09628661976823523
2116,39_44,0.002642361040297517,0.0021747602,0.0026388761419204776,0.14101243496402022,0.00023691324635866215,0.08538652713220003
2117,39_45,0.002642145051003681,0.002169186,0.0026386607218210558,0.14100863111464193,0.0002369131951879429,0.08505889922701684
2118,39_46,0.0026429638934271364,0.002190316,0.002639477406111786,0.14102305088125736,0.0002369133891825972,0.08630097758704877
2119,39_47,0.0026428160368046883,0.0021865012,0.0026393299392280852,0.1410204473563536,0.00023691335415338628,0.08607669815810155
2120,39_48,0.002642415958390013,0.0021761775,0.002638930915280477,0.1410134021090736,0.0002369132593694861,0.08546983079638508
2121,39_49,0.002643012497961108,0.0021915701,0.0026395258825231745,0.1410239067101095,0.0002369134006976624,0.08637470439713582
2122,39_5,0.002623306983790683,0.0016812611,0.0026198721198487465,0.1406760638312483,0.00023690873224328505,0.056483980585951346
2123,39_50,0.002645661818147066,0.0022598894,0.002642168215489886,0.14107054000847782,0.0002369140283579486,0.0903933814679796
2124,39_51,0.0026452780734724495,0.0022499978,0.002641785483321718,0.14106378727817975,0.00023691393744346931,0.0898112902835642
2125,39_52,0.002645665440519042,0.0022599827,0.0026421718283035724,0.1410706037479973,0.00023691402921613934,0.09039887613913322
2126,39_53,0.0026449410193955906,0.0022413086,0.0026414493184378027,0.14105785561789186,0.0002369138575906743,0.08930002271481711
2127,39_54,0.002645461692039687,0.002254731,0.0026419686174314967,0.1410670184841532,0.00023691398094527106,0.0900898159709648
2128,39_55,0.0026457239050222637,0.0022614896,0.0026422301385357234,0.1410716324855403,0.00023691404306720078,0.09048755925104998
2129,39_56,0.0026466029971766655,0.0022841436,0.002643106910607913,0.14108709909714034,0.00023691425133656884,0.09182102868323767
2130,39_57,0.0026462072531080547,0.0022739463,0.0026427122110741713,0.1410801368631636,0.00023691415757917767,0.09122073596555183
2131,39_58,0.0026463155060211982,0.0022767358,0.0026428201782778735,0.14108204140096647,0.00023691418322582678,0.09138494167470271
2132,39_59,0.002646469151241209,0.002280695,0.0026429734179655505,0.14108474445458277,0.0002369142196265614,0.09161800165966553
2133,39_6,0.002623401080995212,0.001683707,0.0026199659708488754,0.14067772899341688,0.00023690875453573554,0.05662671391062588
2134,39_60,0.0026455410090034624,0.0022567755,0.0026420477251157867,0.14106841420854857,0.00023691399973656946,0.09021012957644885
2135,39_61,0.0026428288865127715,0.0021868327,0.0026393427550661834,0.1410206736235776,0.00023691335719765373,0.08609618950818998
2136,39_62,0.0026422190633125465,0.0021710962,0.002638734539091254,0.141009934590096,0.00023691321272243613,0.08517116635508018
2137,39_63,0.002643870344110476,0.0022136993,0.002640381466985137,0.14103900993382262,0.00023691360393299807,0.08767594637953166
2138,39_64,0.0026440283255146223,0.0022177738,0.0026405390317959065,0.14104179099353217,0.00023691364136094482,0.08791558379664224
2139,39_65,0.002644245398290746,0.002223372,0.002640755532115554,0.1410456120993686,0.00023691369278845223,0.08824485520473217
2140,39_66,0.0026449689430416245,0.0022420285,0.0026414771684218825,0.14105834705258605,0.0002369138642061731,0.0893423792848708
2141,39_7,0.0026233657840719357,0.0016827895,0.0026199307662806803,0.14067710437698674,0.00023690874617358554,0.05657317302983955
2142,39_8,0.002625135262070283,0.0017287682,0.002621695612879418,0.14070841023204206,0.00023690916537877043,0.05925724296483992
2143,39_9,0.0026258873348083468,0.001748301,0.0026224457162127056,0.14072171172780362,0.00023690934355176212,0.06039804032262382
2144,3_0,0.002621571568082109,0.0016361364,0.002618141243258923,0.1406453464047484,0.00023690832110850638,0.05385157875192874
2145,3_1,0.002620414280712506,0.0016060278,0.0026169869812020037,0.14062485446649156,0.00023690804693765724,0.05209612305380205
2146,3_10,0.0026156075658563815,0.0014808316,0.0026121928175187607,0.14053967763248482,0.00023690690819096533,0.04480495648179925
2147,3_11,0.0026154405437559735,0.0014764772,0.0026120262311290624,0.14053671605200152,0.0002369068686222792,0.04455160549433046
2148,3_12,0.0026163091266133195,0.0014991189,0.0026128925478104024,0.14055211609142676,0.00023690707439561346,0.04586913367814347
2149,3_13,0.0026165387558364905,0.0015051034,0.002613121577794041,0.14055618686231444,0.00023690712879640717,0.04621745159714905
2150,3_14,0.0026168068837866074,0.0015120907,0.002613389005972113,0.14056093981963386,0.00023690719231783848,0.04662416712020985
2151,3_15,0.0026163112348922177,0.0014991738,0.0026128946505877826,0.14055215346720265,0.00023690707489507963,0.04587233166535256
2152,3_16,0.0026161867555403056,0.0014959294,0.002612770496055042,0.14054994665041773,0.00023690704540504234,0.04568351254112031
2153,3_17,0.0026227694715896532,0.0016672878,0.002619336013874182,0.14066655114501653,0.00023690860490198517,0.05566864389353228
2154,3_18,0.002623247401085429,0.0016797123,0.0026198126930364937,0.14067500942358233,0.00023690871812762234,0.05639360130575213
2155,3_19,0.0026227473697987874,0.0016667132,0.002619313969899337,0.1406661599679814,0.00023690859966588078,0.055635118326993194
2156,3_2,0.0026199102615431544,0.0015929108,0.0026164842791934883,0.14061592796856512,0.0002369079275314903,0.05133159097124249
2157,3_20,0.002622712959256299,0.0016658185,0.0026192796493703352,0.14066555093538163,0.00023690859151372751,0.05558292197155623
2158,3_21,0.002622574761919081,0.0016622253,0.0026191418135274444,0.14066310492514247,0.00023690855877359326,0.05537329443266046
2159,3_22,0.0026226248416637093,0.0016635275,0.002619191762276493,0.140663991316656,0.00023690857063791366,0.05544925894707333
2160,3_23,0.0026234523230637807,0.0016850389,0.0026200170788393774,0.14067863576605533,0.0002369087666754305,0.05670444152056575
2161,3_24,0.0026229177724259377,0.0016711433,0.0026194839267581023,0.1406691758472047,0.00023690864003573202,0.055893597137583836
2162,3_25,0.0026245228704948145,0.0017128591,0.0026210848245189914,0.14069757731391797,0.0002369090202976378,0.05832832391769856
2163,3_26,0.002624880425908185,0.0017221484,0.0026214414439128513,0.14070390250624484,0.00023690910500575563,0.05887068937012074
2164,3_27,0.002642196013182364,0.0021705013,0.0026387115497038044,0.14100952864296057,0.0002369132072615558,0.08513620228009415
2165,3_28,0.0026412849043252473,0.002146983,0.002637802841418131,0.14099348075764778,0.00023691299140793262,0.0837541676387005
2166,3_29,0.0026393960987392212,0.002098202,0.002635919009789053,0.14096020031833398,0.00023691254392577365,0.08088909314144814
2167,3_3,0.0026201565064449513,0.0015993196,0.0026167298806113715,0.14062028926508596,0.00023690798586886684,0.05170511273199736
2168,3_30,0.0026402610679562913,0.0021205454,0.0026367817016474965,0.14097544291145223,0.00023691274884791994,0.08220113989897015
2169,3_31,0.0026403444395166923,0.0021226986,0.002636864853661406,0.14097691191847375,0.00023691276859970627,0.08232760380466217
2170,3_32,0.0026398435915486623,0.0021097623,0.0026363653244973325,0.14096808650901774,0.00023691264994245726,0.0815678820255549
2171,3_33,0.002640240117297907,0.0021200043,0.002636760806158439,0.14097507375593327,0.0002369127438844419,0.08216936045195808
2172,3_34,0.0026404780306073074,0.0021261487,0.0026369980929455187,0.14097926572889896,0.00023691280024914355,0.08253024426147419
2173,3_35,0.002640169144118186,0.0021181712,0.0026366900198690076,0.1409738231772592,0.00023691272706999173,0.08206170329088706
2174,3_36,0.002639408346080139,0.0020985184,0.0026359312248894077,0.14096041616582738,0.00023691254682732237,0.08090767077822676
2175,3_37,0.002639994527365898,0.002113661,0.002636515862905356,0.14097074625732275,0.00023691268570106438,0.08179683219590786
2176,3_38,0.0026406421392419378,0.0021303867,0.002637161769382682,0.1409821571344861,0.00023691283912858293,0.08277917589707329
2177,3_39,0.00264136419559683,0.00214903,0.0026378819238074575,0.14099487750783418,0.0002369130101930657,0.08387444227244104
2178,3_4,0.0026203341269946893,0.001603942,0.0026169070369679954,0.1406234349704366,0.00023690802794859727,0.05197454020034442
2179,3_40,0.0026414285448421847,0.0021506913,0.0026379461035287294,0.14099601102708867,0.00023691302543823962,0.08397205177928839
2180,3_41,0.0026410955870766763,0.0021420952,0.0026376140228752537,0.14099014573847266,0.0002369129465562212,0.08346699778660778
2181,3_42,0.002640710032449379,0.0021321399,0.0026372294837783378,0.14098335329958722,0.00023691285521335598,0.0828821611373833
2182,3_43,0.002633044300847256,0.0019339022,0.002629583912608222,0.14084816550360132,0.00023691103910995572,0.07125423485502225
2183,3_44,0.002631183464293421,0.0018856936,0.002627727961130038,0.14081530924970473,0.0002369105982576443,0.06843158577277109
2184,3_45,0.0026325787080181745,0.0019218433,0.002629119542378424,0.14083994612511266,0.00023691092880590047,0.07054799057526466
2185,3_46,0.0026327241685835346,0.0019256109,0.002629264621002336,0.14084251412889018,0.0002369109632671006,0.07076863549459986
2186,3_47,0.0026337507734532136,0.0019521958,0.002630288529677325,0.14086063541199093,0.000236911206481174,0.07232586269290593
2187,3_48,0.0026332986282710793,0.0019404883,0.0026298375721031018,0.1408526548809233,0.00023691109936293763,0.07164001675938465
2188,3_49,0.002633550309541789,0.0019470054,0.002630088592331001,0.1408570972624803,0.00023691115898903165,0.07202178479071719
2189,3_5,0.002621102239467099,0.0016239277,0.002617673141695815,0.14063703679418652,0.00023690820992067825,0.05313966776667769
2190,3_50,0.0026416776682749716,0.0021571224,0.002638194570622493,0.14100039919015345,0.00023691308445883313,0.08434993990034556
2191,3_51,0.0026460601099569585,0.0022701544,0.0026425654562559427,0.141077548029787,0.00023691412271888455,0.09099753878063765
2192,3_52,0.002645756850590388,0.0022623388,0.0026422629971684366,0.14107221218687457,0.00023691405087246863,0.09053753342929696
2193,3_53,0.0026419215380830575,0.0021634172,0.002638437797872925,0.1410046945451562,0.00023691314223478862,0.08471985895022911
2194,3_54,0.002640654572675207,0.0021307077,0.0026371741700700964,0.1409823761923884,0.00023691284207422292,0.08279803581195111
2195,3_55,0.002639939398063727,0.002112237,0.0026364608787595133,0.14096977479615452,0.0002369126726402337,0.08171320815388299
2196,3_56,0.00264133496613367,0.0021482755,0.002637852771346139,0.14099436262141501,0.00023691300326822572,0.08383010494620251
2197,3_57,0.0026415232542629295,0.0021531363,0.002638040563435906,0.14099767931062174,0.00023691304787613608,0.08411571375701285
2198,3_58,0.002641508850564425,0.0021527645,0.002638026197684764,0.14099742559554132,0.00023691304446371198,0.08409386520385524
2199,3_59,0.0026407901540834527,0.0021342088,0.0026373093943884607,0.14098476488266862,0.00023691287419520183,0.08300369532394143
2200,3_6,0.002620803018653641,0.0016161429,0.0026173747030758423,0.14063173847528673,0.00023690813903282155,0.05268578837960405
2201,3_60,0.0026411976523994826,0.0021447304,0.0026377158193386747,0.14099194374461446,0.0002369129707368188,0.08362181771915615
2202,3_61,0.0026419746699701445,0.0021647885,0.0026384907897582014,0.14100563033841357,0.0002369131548224313,0.08480045317115384
2203,3_62,0.002641206751716699,0.0021449653,0.0026377248946860637,0.1409921040380139,0.00023691297289256508,0.08363562020994308
2204,3_63,0.0026398569586433313,0.0021101076,0.0026363786563977807,0.1409683220642935,0.0002369126531092911,0.08158815818437262
2205,3_64,0.0026405445762349624,0.0021278672,0.0026370644633214456,0.14098043820091183,0.00023691281601465506,0.0826311853970303
2206,3_65,0.0026400903573730347,0.0021161363,0.0026366114405833663,0.14097243489374167,0.00023691270840440982,0.0819421939586796
2207,3_66,0.0026402642231902937,0.0021206269,0.0026367848485727894,0.14097549850724603,0.00023691274959543508,0.08220592598205911
2208,3_7,0.002619956050227874,0.0015941026,0.0026165299482283893,0.14061673896261354,0.00023690793837919297,0.05140104650114097
2209,3_8,0.0026249402831207947,0.0017237033,0.0026215011444169893,0.14070496133013083,0.00023690911918647473,0.058961485042578234
2210,3_9,0.002621166579681276,0.0016256016,0.0026177373137065262,0.14063817601685133,0.0002369082251634037,0.05323726357439327
2211,40_0,0.002623145140890471,0.0016770541,0.00261971070038827,0.14067319973465367,0.00023690869390129184,0.056238485777279835
2212,40_1,0.0026249058886962124,0.0017228099,0.0026214668400387615,0.14070435292358532,0.00023690911103812205,0.0589093131359256
2213,40_10,0.002623012666243225,0.0016736103,0.0026195785723233636,0.14067085527316006,0.00023690866251689828,0.05603753882108435
2214,40_11,0.00262224567419249,0.0016536682,0.0026188135865466413,0.14065727992145502,0.00023690848080990705,0.05487411078994455
2215,40_12,0.0026235642296093794,0.0016879475,0.002620128692565442,0.1406806160077292,0.0002369087931870737,0.056874189318985205
2216,40_13,0.00262501859205155,0.0017257376,0.0026215792483265878,0.14070634652500916,0.00023690913773857526,0.0590802695919642
2217,40_14,0.002624307166113515,0.0017072546,0.002620869684753723,0.1406937612018357,0.00023690896919532968,0.0580011281880914
2218,40_15,0.002623045132707016,0.0016744543,0.0026196109538494756,0.1406714298536399,0.0002369086702084849,0.05608678625984211
2219,40_16,0.0026218096969531104,0.0016423301,0.002618378749462136,0.14064956217006575,0.00023690837752322414,0.05421278954059474
2220,40_17,0.0026215585350173537,0.0016357974,0.002618128244271858,0.1406451156636982,0.0002369083180208649,0.05383180927341371
2221,40_18,0.002621555066406955,0.0016357072,0.0026181247847308423,0.140645054254313,0.00023690831719912225,0.05382654783874372
2222,40_19,0.0026231607165713455,0.001677459,0.0026197262353186463,0.14067347537904576,0.0002369086975913061,0.05626211207655629
2223,40_2,0.0026241640465190326,0.0017035357,0.002620726939755747,0.14069122910013457,0.0002369089352890165,0.05778403421969003
2224,40_20,0.002622037444119386,0.0016482532,0.002618605901054298,0.1406535939006522,0.00023690843147844193,0.05455825262199667
2225,40_21,0.0026225152002781796,0.0016606767,0.002619082407681047,0.14066205069308058,0.0002369085446629312,0.055282947104367965
2226,40_22,0.0026240990818868584,0.0017018475,0.0026206621451531345,0.14069007970178743,0.00023690891989831516,0.057685491250396126
2227,40_23,0.00262381961024671,0.0016945848,0.0026203834049160365,0.14068513488249032,0.000236908853689,0.05726156881241806
2228,40_24,0.002623786493664567,0.0016937242,0.0026203503749978934,0.1406845489123012,0.0002369088458433886,0.05721133522795796
2229,40_25,0.0026230032891074524,0.0016733665,0.0026195692197195455,0.1406706893189003,0.00023690866029537358,0.05602331491537456
2230,40_26,0.0026219122006554923,0.001644996,0.0026184809851168473,0.14065137678726639,0.00023690840180721118,0.054368274438427025
2231,40_27,0.0026420506892107826,0.0021667506,0.0026385666086842755,0.14100696921666075,0.00023691317283239008,0.08491576455590603
2232,40_28,0.0026431884870406013,0.0021961106,0.0026397014076720605,0.1410270054383992,0.00023691344239183736,0.08664165713551313
2233,40_29,0.00264514554975394,0.0022465815,0.0026416533092316727,0.14106145511438167,0.00023691390604675547,0.08961026889259002
2234,40_3,0.0026232604156531288,0.0016800506,0.0026198256735530025,0.14067523973775656,0.00023690872121088689,0.05641334272661851
2235,40_30,0.00264524705765032,0.0022491983,0.002641754549328124,0.1410632414660906,0.0002369139300953889,0.08976424328113523
2236,40_31,0.002645140329504486,0.002246447,0.002641648102754096,0.14106136324638013,0.00023691390481000576,0.0896023504473618
2237,40_32,0.002645081724329552,0.002244936,0.0026415896521874006,0.14106033188114211,0.00023691389092562535,0.08951345395459853
2238,40_33,0.0026460873135682713,0.0022708555,0.0026425925880744637,0.14107802665679603,0.00023691412916380434,0.0910388031508738
2239,40_34,0.0026465607516630058,0.002283055,0.002643064776605341,0.14108635591483434,0.0002369142413280048,0.09175694768691614
2240,40_35,0.002645737717358979,0.0022618456,0.002642243914425144,0.141071875524282,0.0002369140463395373,0.09050851078463466
2241,40_36,0.0026443387367425645,0.002225779,0.0026408486244041724,0.1410472550602388,0.0002369137149016106,0.08838643759939373
2242,40_37,0.002643382277161644,0.00220111,0.0026398946869009426,0.14103041743867525,0.00023691348830332648,0.08693561175833224
2243,40_38,0.0026419485368867307,0.002164114,0.002638464725535463,0.14100517006717397,0.00023691314863116014,0.08476081265368691
2244,40_39,0.00264215652620428,0.0021694822,0.002638672166782341,0.14100883321292992,0.00023691319790656936,0.08507630562650519
2245,40_4,0.002623376362798118,0.0016830645,0.0026199413173275516,0.1406772915793383,0.00023690874867977833,0.056589219593246295
2246,40_40,0.0026427195216070652,0.0021840108,0.0026392336784254095,0.14101874782135673,0.0002369133312876482,0.08593029704972252
2247,40_41,0.0026436201118065494,0.002207245,0.00264013189448731,0.14103460468765477,0.00023691354464956856,0.08729637624395323
2248,40_42,0.0026453639062768183,0.0022522104,0.002641871089669817,0.1410652977294853,0.00023691395777845784,0.08994148757895744
2249,40_43,0.002648178091526433,0.0023247146,0.0026446778460779714,0.14111480245752617,0.00023691462449916138,0.09421024369068576
2250,40_44,0.002642505082041125,0.0021784774,0.002639019804046534,0.14101497160867513,0.0002369132804840617,0.08560501988190694
2251,40_45,0.002642414830604363,0.0021761484,0.0026389297904670516,0.14101338224813478,0.0002369132591022987,0.08546812009099085
2252,40_46,0.002642519256568898,0.0021788431,0.002639033941216663,0.14101522122394647,0.0002369132838421956,0.08562652081261816
2253,40_47,0.0026427193682106143,0.0021840069,0.002639233525433274,0.14101874512016732,0.00023691333125130652,0.08593006436708776
2254,40_48,0.0026428179678663908,0.002186551,0.0026393318651997968,0.14102048135997242,0.0002369133546108806,0.08607962732967848
2255,40_49,0.0026431916096640185,0.002196191,0.002639704522063549,0.14102706041875301,0.00023691344313162883,0.0866463937525495
2256,40_5,0.0026230222628403827,0.0016738598,0.0026195881438143332,0.14067102511098228,0.0002369086647904153,0.0560520956214134
2257,40_50,0.0026448036451183266,0.0022377667,0.0026413123065395176,0.141055437885648,0.0002369138250448066,0.08909164365173154
2258,40_51,0.0026451422351652936,0.002246496,0.0026416500033874597,0.14106139678296206,0.00023691390526148331,0.08960524108905617
2259,40_52,0.0026447371549839045,0.0022360524,0.002641245991792376,0.1410542676557028,0.00023691380929237503,0.08899078669225347
2260,40_53,0.0026446204152364367,0.0022330424,0.0026411295599696794,0.141052212982176,0.0002369137816351184,0.08881370754987898
2261,40_54,0.0026444810620863523,0.002229449,0.0026409905743740546,0.1410497602227423,0.00023691374862043891,0.08860232679191568
2262,40_55,0.0026447406587005663,0.0022361428,0.0026412494862670644,0.14105432932179665,0.00023691381012245388,0.0889961013785964
2263,40_56,0.002645189750686225,0.002247721,0.0026416973935535354,0.14106223297489096,0.00023691391651857121,0.0896773160067987
2264,40_57,0.00264576674247094,0.0022625937,0.00264227286294649,0.14107238624079377,0.00023691405321599415,0.09055253813645692
2265,40_58,0.0026458736042334497,0.0022653479,0.00264237944271809,0.1410742665135612,0.00023691407853304879,0.09071463364949536
2266,40_59,0.002645817882726618,0.0022639118,0.002642323868252721,0.1410732860791103,0.00023691406533183973,0.09063011130937042
2267,40_6,0.0026232709088631736,0.0016803234,0.0026198361393085902,0.14067542543180397,0.00023690872369681987,0.056429259573072696
2268,40_60,0.0026439514009360347,0.0022157899,0.0026404623100687876,0.1410404368490352,0.00023691362313646352,0.08779889913097136
2269,40_61,0.0026432159229328924,0.0021968184,0.0026397287712369164,0.14102748850350702,0.00023691344889176913,0.08668327384603813
2270,40_62,0.002641333351803698,0.0021482338,0.002637851161268919,0.14099433418436075,0.00023691300288576994,0.0838276562158164
2271,40_63,0.002643259613372641,0.0021979455,0.0026397723464968922,0.14102825775629863,0.00023691345924262212,0.0867495466089018
2272,40_64,0.0026437592572248867,0.002210834,0.0026402706730182766,0.14103705432520994,0.00023691357761500512,0.0875074418996448
2273,40_65,0.0026447529488360716,0.0022364596,0.002641261743984012,0.14105454563013617,0.00023691381303415674,0.08901474392924555
2274,40_66,0.0026454733080644825,0.0022550304,0.0026419802028075567,0.14106722289071902,0.00023691398369726977,0.09010743598259978
2275,40_7,0.002623192145871283,0.001678276,0.002619757582389686,0.14067403158319117,0.00023690870503718074,0.056309786271499004
2276,40_8,0.0026228647944074677,0.001669766,0.0026194310873317033,0.14066823822721858,0.00023690862748478202,0.05581323631550887
2277,40_9,0.002622419805067442,0.0016581962,0.0026189872619868004,0.14066036217881375,0.0002369085220629917,0.05513824487166232
2278,41_0,0.0026254399783734294,0.001736683,0.002621999531309273,0.1407137998888786,0.00023690923756886645,0.05971945830108254
2279,41_1,0.002622359754467197,0.0016566347,0.002618927368450752,0.1406592992500993,0.00023690850783649318,0.05504715585510098
2280,41_10,0.002623468523128296,0.00168546,0.00262003323651487,0.14067892243771293,0.00023690877051336785,0.05672901492930578
2281,41_11,0.0026228509130982332,0.0016694051,0.0026194172423359245,0.14066799254977552,0.00023690862419618015,0.055792180159507154
2282,41_12,0.0026227301353667,0.0016662651,0.002619296780550421,0.1406658549362326,0.00023690859558289567,0.05560897591603577
2283,41_13,0.0026218716239303007,0.0016439407,0.0026184405145012355,0.14065065846549693,0.00023690839219424426,0.054306724779007706
2284,41_14,0.0026224073945871665,0.0016578735,0.002618974883966813,0.14066014250781111,0.00023690851912284316,0.0551194197735164
2285,41_15,0.0026227987871973186,0.00166805,0.002619365252794471,0.14066706999515166,0.000236908611847105,0.05571311188987593
2286,41_16,0.002623184989380393,0.00167809,0.002619750444622505,0.14067390493520446,0.00023690870334174574,0.056298930797706245
2287,41_17,0.002625392193663722,0.0017354419,0.002621951871725803,0.14071295472653864,0.00023690922624822758,0.05964697505868131
2288,41_18,0.0026253046854846375,0.001733169,0.002621864592684613,0.1407114069533148,0.00023690920551673353,0.05951423643589706
2289,41_19,0.002626149482324176,0.0017551081,0.00262270717712736,0.14072634758642924,0.00023690940565696613,0.06079568429809541
2290,41_2,0.0026212631019063236,0.0016281125,0.0026178335835875333,0.1406398850264837,0.00023690824803031382,0.05338367534246942
2291,41_20,0.002623501465508042,0.0016863162,0.002620066092696916,0.14067950537288199,0.00023690877831770665,0.0567789842711953
2292,41_21,0.0026228155832578736,0.0016684866,0.0026193820049174375,0.1406673672629778,0.00023690861582623642,0.05573858934775018
2293,41_22,0.002624090408707915,0.0017016222,0.0026206534946738684,0.14068992624857873,0.00023690891784356174,0.0576723351564155
2294,41_23,0.0026235155249307324,0.0016866816,0.0026200801153311065,0.14067975416130643,0.00023690878164850732,0.05680031060233972
2295,41_24,0.0026219593760823338,0.0016462229,0.0026185280371762106,0.1406522119151872,0.00023690841298346644,0.054439833477292865
2296,41_25,0.002622587697042939,0.0016625617,0.0026191547148166233,0.14066333387276392,0.0002369085618380348,0.055392915347464114
2297,41_26,0.002622227207460226,0.001653188,0.0026187951681118683,0.14065695303731165,0.00023690847643498164,0.05484609913853404
2298,41_27,0.0026426276297008547,0.0021816397,0.0026391420287194553,0.14101712965919852,0.00023691330951723156,0.08579090887820513
2299,41_28,0.002645245693829544,0.002249163,0.0026417531891054715,0.14106321746566536,0.00023691392977228076,0.08976217454089266
2300,41_29,0.002646976639450485,0.00229377,0.002643479566539806,0.1410936718592131,0.00023691433985776494,0.09238779582843008
2301,41_3,0.0026210778516351434,0.0016232933,0.0026176488176194537,0.1406366049727148,0.00023690820414300068,0.0531026745706086
2302,41_30,0.0026449790758215877,0.0022422897,0.002641487274471607,0.14105852538086072,0.00023691386660676915,0.08935774940537086
2303,41_31,0.0026441617323437507,0.0022212144,0.0026406720868149204,0.14104413936271046,0.00023691367296684463,0.08811794475254117
2304,41_32,0.002645005112366902,0.002242961,0.002641513242332135,0.14105898359972585,0.00023691387277518787,0.08939724348699016
2305,41_33,0.002646042176144567,0.0022696923,0.002642547569772102,0.14107723249609047,0.00023691411847011115,0.09097033549995004
2306,41_34,0.002646024531559804,0.0022692375,0.002642529971752286,0.14107692204976646,0.00023691411428985995,0.09094357094027643
2307,41_35,0.0026461746814199173,0.002273107,0.002642679725349465,0.14107956380590822,0.00023691414986248374,0.09117132891502991
2308,41_36,0.0026443856419545602,0.0022269886,0.0026408954059089257,0.14104808067987615,0.00023691372601409888,0.08845758675718471
2309,41_37,0.0026435620637429345,0.0022057476,0.0026400739994744352,0.1410335827332735,0.00023691353089719646,0.08720832481721671
2310,41_38,0.002642823562539083,0.0021866953,0.0026393374451257447,0.14102057987517566,0.00023691335593633325,0.08608811372667376
2311,41_39,0.002642602257124027,0.002180985,0.002639116723015858,0.1410166828564746,0.0002369133035061305,0.08575242195115607
2312,41_4,0.002625220631248358,0.0017309857,0.002621780758534996,0.1407099202380643,0.00023690918560351202,0.05938673699893471
2313,41_40,0.00264275903502372,0.0021850304,0.0026392730876936437,0.1410194436176804,0.00023691334064890353,0.0859902338072132
2314,41_41,0.0026443064227395147,0.0022249457,0.002640816395624413,0.1410466862675163,0.0002369137072459802,0.08833742142391898
2315,41_42,0.0026465489953305917,0.0022827522,0.002643053051304579,0.14108614909623518,0.00023691423854276227,0.09173911484671819
2316,41_43,0.002646039538032267,0.0022696243,0.002642544938621933,0.14107718608010955,0.00023691411784510508,0.09096633382379693
2317,41_44,0.002642069705638194,0.0021672414,0.002638585575001535,0.1410073041367939,0.00023691317733763232,0.08494461002396676
2318,41_45,0.0026428420430902448,0.0021871722,0.002639355876964638,0.1410209052936225,0.0002369133603146227,0.08611614633957032
2319,41_46,0.0026422373953009395,0.0021715693,0.002638752822769995,0.1410102574420309,0.00023691321706552641,0.08519897361741399
2320,41_47,0.0026424863241416366,0.0021779933,0.0026390010955840773,0.14101464127825467,0.00023691327604006624,0.08557656656736512
2321,41_48,0.0026427760803858277,0.0021854702,0.002639290088127556,0.14101974376928111,0.00023691334468717724,0.08601608942339353
2322,41_49,0.0026431996328375893,0.002196398,0.0026397125240862087,0.14102720168340127,0.00023691344503242652,0.08665856387220287
2323,41_5,0.0026252588394238938,0.0017319781,0.0026218188666675478,0.14071059605182573,0.00023690919465537991,0.059444693873969355
2324,41_50,0.0026447405322777198,0.0022361395,0.0026412493601776915,0.14105432709673096,0.00023691381009250257,0.0889959096114417
2325,41_51,0.0026445573699636986,0.0022314168,0.0026410666809860033,0.1410511033309581,0.00023691376669882487,0.08871807600133294
2326,41_52,0.002644664390698222,0.0022341763,0.002641173419438853,0.14105298697776814,0.00023691379205351156,0.08888041265441586
2327,41_53,0.002643571351708734,0.0022059872,0.002640083262951615,0.14103374625183726,0.00023691353309764123,0.08722241346357648
2328,41_54,0.0026427680765414734,0.0021852637,0.0026392821053797845,0.14101960282983222,0.00023691334279095973,0.0860039486236687
2329,41_55,0.0026426671778397737,0.0021826602,0.0026391814726220474,0.1410178260831721,0.00023691331888671223,0.08585089830489281
2330,41_56,0.00264486003164801,0.0022392205,0.002641368544329703,0.1410564302761602,0.0002369138384035554,0.08917717474576178
2331,41_57,0.002644932539407344,0.00224109,0.002641440860819422,0.1410577063759325,0.00023691385558164758,0.0892871596662097
2332,41_58,0.002644662006794125,0.0022341148,0.0026411710418227496,0.1410529450197882,0.0002369137914887318,0.08887679657932424
2333,41_59,0.0026432859218448084,0.0021986242,0.0026397985856119214,0.14102872096257976,0.00023691346547545335,0.08678945316848967
2334,41_6,0.002624285338136175,0.0017066874,0.002620847913909528,0.14069337502268967,0.00023690896402408612,0.05796801796136038
2335,41_60,0.0026422616276416794,0.0021721947,0.0026387769912515763,0.14101068420511348,0.00023691322280648832,0.08523573095336019
2336,41_61,0.0026432925283357894,0.0021987946,0.0026398051746860736,0.14102883728082635,0.00023691346704062002,0.08679947436334742
2337,41_62,0.002642215265214674,0.0021709981,0.002638730751002335,0.14100986770009685,0.00023691321182261658,0.08516540513040312
2338,41_63,0.0026446575550395563,0.002234,0.002641166601810503,0.14105286666647243,0.00023691379043404976,0.0888700438417331
2339,41_64,0.0026445864724577556,0.0022321672,0.0026410957067194204,0.14105161556217582,0.00023691377359360646,0.08876222073181524
2340,41_65,0.002645080026433478,0.0022448923,0.002641587958770551,0.14106030200042996,0.00023691389052337016,0.08951087846521091
2341,41_66,0.0026462873874874377,0.0022760113,0.0026427921339578376,0.14108154670511314,0.0002369141765641474,0.09134228948510029
2342,41_7,0.0026231962033146914,0.0016783815,0.0026197616292174793,0.1406741033874191,0.0002369087059984244,0.056315940889909655
2343,41_8,0.002623161365933246,0.0016774759,0.0026197268829816225,0.14067348687084485,0.0002369086977451456,0.0562630970748188
2344,41_9,0.002623659957489566,0.0016904356,0.0026202241699500076,0.14068230991500594,0.00023690881586585133,0.05701939616834437
2345,42_0,0.0026270986016916124,0.0017797481,0.002623653810046013,0.14074312937228434,0.00023690963051237806,0.06223537598188145
2346,42_1,0.0026246287465365456,0.0017156099,0.002621190423408432,0.14069945033223683,0.00023690904538062847,0.058488924219433615
2347,42_10,0.002623708239309946,0.0016916904,0.0026202723254256325,0.1406831642473371,0.00023690882730424052,0.05709263346353026
2348,42_11,0.0026231013342227633,0.0016759153,0.002619667008330215,0.1406724244777669,0.00023690868352311165,0.05617203671159103
2349,42_12,0.0026227218652077776,0.00166605,0.00261928853202512,0.14066570856243601,0.00023690859362362395,0.05559643115145434
2350,42_13,0.0026221323733203474,0.0016507219,0.0026187005819937968,0.1406552743307137,0.0002369084539679711,0.054702247977967036
2351,42_14,0.0026222979502976275,0.0016550276,0.0026188657259281485,0.14065820526521192,0.00023690849319456004,0.054953406900011714
2352,42_15,0.0026223784683668387,0.0016571213,0.002618946033403997,0.1406596304981842,0.00023690851226997528,0.05507554242754864
2353,42_16,0.00262236646101209,0.0016568091,0.0026189340574546485,0.1406594179604484,0.00023690850942533072,0.055057328818841
2354,42_17,0.0026228271986181626,0.0016687886,0.0026193935898924064,0.14066757283858655,0.00023690861857801534,0.055756208351413504
2355,42_18,0.002623944097922225,0.00169782,0.002620507566805423,0.14068733754333979,0.00023690888318123434,0.05745040056248243
2356,42_19,0.0026240197520364297,0.001699786,0.002620583022924136,0.14068867611839767,0.00023690890110436672,0.05756515809752116
2357,42_2,0.0026217290083130453,0.0016402315,0.0026182982718158973,0.14064813371023396,0.0002369083584074101,0.05409039527906856
2358,42_20,0.0026238179886756974,0.0016945427,0.002620381787588598,0.14068510619026453,0.00023690885330483546,0.05725910909830674
2359,42_21,0.002625221899616429,0.0017310187,0.0026217820235820387,0.1407099426726513,0.00023690918590400006,0.05938866094973179
2360,42_22,0.00262750324371992,0.0017902503,0.0026240573917437537,0.1407502827861309,0.0002369097263759909,0.06284916575696328
2361,42_23,0.002625637997666175,0.0017418258,0.002622197032056108,0.1407173021221454,0.0002369092844814708,0.06001982803198942
2362,42_24,0.002623594969471176,0.0016887465,0.0026201593519897984,0.1406811599548799,0.00023690880046961735,0.05692081772517739
2363,42_25,0.0026223851794365013,0.0016572959,0.0026189527269207032,0.14065974928805672,0.0002369085138598848,0.05508572225478048
2364,42_26,0.0026218459085031696,0.0016432719,0.002618414866320013,0.1406502032265023,0.00023690838610204387,0.054267717792262714
2365,42_27,0.0026442808535141163,0.0022242863,0.0026407908938332384,0.14104623619341208,0.00023691370118828032,0.08829863620634767
2366,42_28,0.0026457914407154574,0.0022632303,0.0026422974960173436,0.1410728208201849,0.00023691405906735543,0.09059000218835109
2367,42_29,0.002647217282258858,0.002299969,0.0026437195740250945,0.1410979046911784,0.0002369143968695039,0.09275281993589672
2368,42_3,0.002620385993780517,0.0016052917,0.002616958768199371,0.1406243535175249,0.00023690804023625555,0.0520532154258035
2369,42_30,0.002646968812711795,0.0022935683,0.002643471760463587,0.14109353418499085,0.00023691433800349833,0.0923759236751586
2370,42_31,0.0026465229074830454,0.00228208,0.002643027032317218,0.14108569015396127,0.0002369142323621798,0.09169954294622969
2371,42_32,0.002645105793026469,0.0022455566,0.0026416136573883106,0.1410607554568064,0.00023691389662783402,0.08954996306396837
2372,42_33,0.0026450093208647543,0.0022430695,0.0026415174397278456,0.1410590576650713,0.0002369138737722394,0.08940362723551161
2373,42_34,0.002645440311822212,0.00225418,0.002641947293625107,0.14106664225604004,0.0002369139758799987,0.090057384938207
2374,42_35,0.0026453273798023157,0.0022512688,0.0026418346595655324,0.14106465495523354,0.00023691394912482637,0.08988608162752172
2375,42_36,0.0026441135039665478,0.0022199706,0.0026406239856238863,0.14104329040457977,0.00023691366154088292,0.08804478852376363
2376,42_37,0.0026430113338242697,0.00219154,0.002639524721455053,0.1410238862121061,0.00023691340042186274,0.08637293855167698
2377,42_38,0.002640890728830344,0.0021368058,0.0026374097042330576,0.14098653676810916,0.00023691289802265538,0.08315625424504844
2378,42_39,0.0026418231612088004,0.002160878,0.002638339680213001,0.1410029618345504,0.00023691311892801536,0.08457063391847441
2379,42_4,0.0026197011340987424,0.0015874676,0.002616275698190776,0.14061222385165828,0.00023690787798754604,0.051014371606743936
2380,42_40,0.0026428376395097176,0.0021870586,0.002639351484991393,0.14102082775244063,0.00023691335927135564,0.08610946667578787
2381,42_41,0.002644400810708863,0.0022273797,0.00264091053465687,0.1410483476762804,0.000236913729607785,0.08848059580132883
2382,42_42,0.0026452160602545333,0.0022483992,0.002641723633711302,0.14106269597398158,0.00023691392275167414,0.08971722422909138
2383,42_43,0.002644009060306794,0.002217277,0.002640519817391323,0.1410414518602531,0.00023691363679675435,0.08788636096077126
2384,42_44,0.0026424728354984997,0.0021776452,0.0026389876424904655,0.14101440373953786,0.0002369132728444276,0.08555610603519667
2385,42_45,0.0026428666870335626,0.002187808,0.002639380455949279,0.1410213392390092,0.00023691336615310217,0.08615352802354721
2386,42_46,0.002642576442671277,0.0021803188,0.0026390909766003117,0.14101622826951135,0.00023691329739034328,0.0857132647553172
2387,42_47,0.002642735917031789,0.0021844339,0.0026392500306356937,0.1410190365311329,0.0002369133351719429,0.0859551667947052
2388,42_48,0.0026429322278633365,0.002189499,0.00263944582401782,0.14102249330819502,0.0002369133816806013,0.08625294501029472
2389,42_49,0.0026429431289323605,0.0021897804,0.0026394566963519428,0.14102268525672543,0.00023691338426321044,0.08626948052622296
2390,42_5,0.002620761040704651,0.0016150507,0.002617332834854335,0.1406309951370881,0.000236908129087904,0.05262211324438226
2391,42_50,0.0026440674431644374,0.0022187827,0.0026405780462895323,0.14104247959231808,0.00023691365062844988,0.08797492022687478
2392,42_51,0.002644273630613755,0.0022241,0.0026407836899818575,0.14104610905409268,0.00023691369947707625,0.08828767999795133
2393,42_52,0.002644536493658344,0.0022308785,0.0026410458597434018,0.14105073588605824,0.00023691376175294078,0.08868640933827834
2394,42_53,0.0026431153410908215,0.0021942235,0.002639628454548469,0.14102571753763826,0.00023691342506257924,0.08653070416245826
2395,42_54,0.002642827081774729,0.0021867862,0.002639340955085181,0.14102064184445137,0.0002369133567700872,0.08609345195331528
2396,42_55,0.002642300114756072,0.002173188,0.0026388153769401983,0.14101136200793676,0.0002369132319245948,0.08529411094266948
2397,42_56,0.0026438872882937688,0.0022141363,0.0026403983664881913,0.14103930821973684,0.00023691360794730564,0.0877016485204976
2398,42_57,0.00264328368358384,0.0021985664,0.0026397963532517167,0.14102868155423365,0.0002369134649451792,0.08678605801524171
2399,42_58,0.002643183830187079,0.0021959904,0.00263969676309502,0.1410269234446162,0.00023691344128856615,0.08663459328925853
2400,42_59,0.0026428924682184596,0.0021884732,0.0026394061691772113,0.14102179320672847,0.00023691337226100956,0.08619263475634398
2401,42_6,0.002620696920704455,0.0016133824,0.0026172688824560426,0.14062985969591005,0.0002369081138973552,0.05252485147287729
2402,42_60,0.0026431806353736987,0.002195908,0.002639693576703852,0.14102686719309476,0.00023691344053167193,0.08662974716935778
2403,42_61,0.0026450196705466718,0.0022433363,0.002641527762106921,0.14105923980876717,0.00023691387622422263,0.08941932636830571
2404,42_62,0.0026440862393417937,0.0022192674,0.0026405967928994113,0.14104281046418787,0.00023691365508152093,0.0880034316040053
2405,42_63,0.0026444642856637414,0.0022290165,0.0026409738421992227,0.14104946493452927,0.00023691374464587377,0.08857687912227022
2406,42_64,0.002644752497323839,0.002236448,0.002641261293662768,0.141054537683461,0.00023691381292718726,0.08901405904341501
2407,42_65,0.0026447215508587077,0.00223565,0.0026412304288270104,0.14105399301940355,0.00023691380559554231,0.08896711724660804
2408,42_66,0.0026452877919584377,0.0022502483,0.002641795176167387,0.14106395830185134,0.00023691393974591414,0.08982603197353072
2409,42_7,0.0026225343316722233,0.0016611741,0.0026191014890337705,0.1406623893176189,0.00023690854919532193,0.05531196696198393
2410,42_8,0.0026248388130189686,0.0017210674,0.0026213999399656695,0.14070316639960473,0.00023690909514728352,0.058807567983497934
2411,42_9,0.0026247047295267843,0.001717584,0.0026212662074907105,0.14070079449118786,0.00023690906338168683,0.05860418061700443
2412,43_0,0.002623874945836668,0.0016960229,0.0026204385956938225,0.14068611398835917,0.00023690886679849157,0.05734550576641269
2413,43_1,0.002622350200580316,0.0016563863,0.0026189178395520265,0.14065913013953327,0.00023690850557309609,0.055032663840754024
2414,43_10,0.0026176173310384506,0.0015332061,0.002614197337648506,0.14057530419081313,0.00023690738431869925,0.04785351108753133
2415,43_11,0.0026217896263904107,0.0016418081,0.00261835873138283,0.1406492068564735,0.00023690837276833972,0.054182345085240516
2416,43_12,0.0026223246774567067,0.0016557226,0.002618892383183605,0.14065867836013968,0.0002369084995264511,0.05499394855365125
2417,43_13,0.002621373706978263,0.0016309897,0.0026179438994863766,0.14064184333328422,0.0002369082742335691,0.05355144897318311
2418,43_14,0.0026210324505970624,0.0016221121,0.002617603535268911,0.14063580107518134,0.00023690819338712253,0.053033807050670845
2419,43_15,0.0026209515799832054,0.0016200081,0.0026175228760621904,0.14063436910932772,0.0002369081742282123,0.052911136758368824
2420,43_16,0.0026206236081061235,0.0016114748,0.0026171957614829397,0.14062856144879282,0.00023690809652900644,0.052413645715460436
2421,43_17,0.002621936538038697,0.001645629,0.0026185052588561433,0.1406518076235916,0.00023690840757294182,0.05440519111024642
2422,43_18,0.0026225610388475496,0.0016618685,0.002619128126351461,0.1406628620302681,0.00023690855552248018,0.05535247830284788
2423,43_19,0.002622660518186916,0.001664455,0.0026192273454776773,0.14066462276997577,0.00023690857908998793,0.05550337563200145
2424,43_2,0.0026195499959118635,0.0015835335,0.0026161249548948885,0.14060954673146192,0.00023690784218172162,0.05078511446773959
2425,43_20,0.0026215979566556144,0.0016368228,0.002618167562833433,0.14064581359313466,0.0002369083273601791,0.05389160681491632
2426,43_21,0.0026208920864311926,0.0016184603,0.0026174635380305207,0.14063331564553705,0.00023690816013370393,0.052820892712139765
2427,43_22,0.002621785960530323,0.0016417127,0.002618355075108717,0.1406491419587481,0.0002369083718998668,0.05417678444823011
2428,43_23,0.0026228497533405523,0.001669375,0.002619416085612157,0.14066797202384068,0.00023690862392142353,0.05579042095666509
2429,43_24,0.0026227405682518216,0.0016665363,0.002619307186144423,0.14066603958774546,0.00023690859805453583,0.05562480125736045
2430,43_25,0.0026215570177794676,0.001635758,0.0026181267310010983,0.14064508880204127,0.00023690831766141863,0.05382950781920073
2431,43_26,0.0026239227074832854,0.0016972641,0.0026204862323466823,0.14068695907003276,0.0002369088781136494,0.05741795402508103
2432,43_27,0.0026408260590280023,0.002135136,0.0026373452047646784,0.14098539744673033,0.0002369128827015456,0.08305815849459038
2433,43_28,0.0026422251529107633,0.0021712533,0.0026387406126418015,0.1410100418365974,0.0002369132141651424,0.08518040349027203
2434,43_29,0.0026448098761140894,0.0022379274,0.0026413185210989714,0.1410555475504987,0.0002369138265210156,0.08910109526876653
2435,43_3,0.0026178293942502044,0.0015387301,0.0026144088471868,0.14057906230838518,0.00023690743455804538,0.048175183632496045
2436,43_30,0.0026439508231750853,0.002215775,0.0026404617338313817,0.14104042667830033,0.00023691362299958408,0.08779802274211831
2437,43_31,0.002643190201775547,0.0021961548,0.0026397031178865852,0.1410270356299203,0.0002369134427980811,0.08664425816729633
2438,43_32,0.0026423108598519806,0.0021734652,0.0026388260937191027,0.14101155124038503,0.00023691323447025018,0.08531040986749616
2439,43_33,0.002641670028538285,0.0021569252,0.0026381869510143257,0.14100026462479634,0.00023691308264887957,0.08433835140499824
2440,43_34,0.002641822087797075,0.0021608502,0.002638338609629567,0.14100294292832524,0.00023691311867371005,0.08456900569131207
2441,43_35,0.00264221438109766,0.0021709753,0.0026387298692151923,0.14100985212950773,0.00023691321161315758,0.08516406403890642
2442,43_36,0.0026400061194483235,0.0021139605,0.0026365274244652594,0.1409709505255095,0.00023691268844737578,0.08181441589005445
2443,43_37,0.002641347168335622,0.0021485905,0.0026378649414028205,0.14099457756760142,0.00023691300615908604,0.08384861411299127
2444,43_38,0.002640347369468984,0.0021227743,0.0026368677758979824,0.1409769635436723,0.0002369127692938494,0.08233204816444725
2445,43_39,0.002640199244158528,0.0021189486,0.0026367200406489607,0.1409743535559728,0.0002369127342010745,0.08210736117044207
2446,43_4,0.002617181339361964,0.0015218476,0.002613762484157258,0.14056757704252143,0.0002369072810290741,0.04719216793895242
2447,43_40,0.0026418893888475047,0.0021625874,0.0026384057333488134,0.14100412830584413,0.00023691313461821233,0.08467109270579912
2448,43_41,0.0026427594410792458,0.0021850409,0.0026392734926788904,0.1410194507679229,0.0002369133407451035,0.08599084974108137
2449,43_42,0.0026473869790596817,0.0023043402,0.0026438888227733465,0.14110088944999516,0.00023691443707312253,0.09301022809897219
2450,43_43,0.0026426304448808253,0.0021817123,0.0026391448364795574,0.14101717923341375,0.0002369133101841852,0.08579517914318018
2451,43_44,0.0026432102010819137,0.0021966707,0.0026397230644701385,0.14102738775887205,0.00023691344753618568,0.0866745945359824
2452,43_45,0.0026422175747462225,0.0021710577,0.0026387330544476824,0.14100990837429686,0.00023691321236977509,0.08516890839192967
2453,43_46,0.002641823801647937,0.0021608945,0.0026383403189646683,0.1410029731147364,0.00023691311907974381,0.08457160538205458
2454,43_47,0.002642462910788203,0.002177389,0.002638977743936779,0.14101422896214016,0.00023691327049313204,0.08554105152954819
2455,43_48,0.002642725368725432,0.0021841617,0.002639239510132194,0.1410188507843797,0.00023691333267290848,0.08593916637425139
2456,43_49,0.002642649799324095,0.0021822117,0.0026391641399108054,0.14101752005661153,0.00023691331476951045,0.08582453733770876
2457,43_5,0.002618007447443812,0.0015433679,0.002614586435468773,0.1405822175535845,0.00023690747674017445,0.04844526736579979
2458,43_50,0.0026445317531707284,0.0022307562,0.002641041131759102,0.1410506524482267,0.00023691376062985402,0.08867921862988908
2459,43_51,0.002644785349554497,0.002237295,0.002641294059236056,0.14105511588470537,0.0002369138207103346,0.08906389164076245
2460,43_52,0.0026451273421464437,0.002246112,0.0026416351496587245,0.14106113468922207,0.00023691390173312009,0.08958265030003645
2461,43_53,0.002644183201566612,0.002221768,0.002640693499419163,0.14104451727943543,0.0002369136780531971,0.08815051079499199
2462,43_54,0.002643783945806141,0.0022114709,0.0026402952965006677,0.1410374889555486,0.00023691358346406528,0.08754489129361502
2463,43_55,0.0026430826539421332,0.0021933801,0.002639595853567401,0.1410251419983434,0.000236913417318555,0.08648112197317062
2464,43_56,0.002644402941564632,0.0022274347,0.0026409126598926614,0.14104838518295829,0.00023691373011261398,0.08848382803473882
2465,43_57,0.0026441110934735243,0.0022199084,0.002640621581487669,0.1410432479726984,0.0002369136609698042,0.08804113211669957
2466,43_58,0.0026435684272145365,0.0022059118,0.0026400803461681384,0.1410336947649223,0.00023691353240478896,0.08721797738301618
2467,43_59,0.0026437647636161393,0.002210976,0.0026402761648903266,0.1410371512627572,0.00023691357891954398,0.08751579438508088
2468,43_6,0.0026178017250869942,0.0015380094,0.002614381250267235,0.14057857197574394,0.00023690742800301501,0.04813321308006877
2469,43_60,0.0026432986835785454,0.0021989534,0.002639811313701597,0.14102894565392318,0.00023691346849887994,0.08680881107284008
2470,43_61,0.0026464637295929585,0.0022805552,0.002642968010627638,0.1410846490742583,0.00023691421834209583,0.09160977771843477
2471,43_62,0.0026449849911432976,0.0022424422,0.0026414931741886713,0.14105862948525996,0.0002369138680081909,0.08936672218557647
2472,43_63,0.002642562294905924,0.0021799537,0.002639076866122874,0.1410159791291429,0.00023691329403854958,0.08569180441974567
2473,43_64,0.002642967241390027,0.0021904025,0.0026394807452494507,0.1410231098325411,0.00023691338997577446,0.08630605601500677
2474,43_65,0.002643849437105498,0.00221316,0.002640360615109596,0.14103864188451065,0.00023691359897984424,0.087644233149107
2475,43_66,0.002644249099985305,0.0022234675,0.002640759224047732,0.14104567725802789,0.0002369136936654344,0.08825047019801531
2476,43_7,0.0026175892619123824,0.0015324749,0.0026141693418044515,0.14057480674329823,0.0002369073776689161,0.0478109338430265
2477,43_8,0.0026182974768040085,0.0015509216,0.002614875707470765,0.14058735679831783,0.00023690754545030833,0.04888520450358769
2478,43_9,0.0026190485660188985,0.0015704796,0.0026156248349656947,0.140600664130985,0.00023690772338907747,0.050024509983550305
2479,44_0,0.0026237723790407874,0.0016933574,0.0026203362973108595,0.14068429916434697,0.00023690884249950942,0.057189925163879704
2480,44_1,0.00262369067607374,0.001691234,0.002620254808149494,0.14068285347235887,0.00023690882314335486,0.05706599229912683
2481,44_10,0.002617265503274051,0.0015240404,0.0026138464283685893,0.14056906875979666,0.0002369073009681185,0.04731983373997153
2482,44_11,0.002617393505869704,0.0015273752,0.0026139740968138536,0.1405713374102576,0.00023690733129286991,0.04751399717060778
2483,44_12,0.002617712882721097,0.0015356952,0.002614292639861874,0.14057699755294267,0.00023690740695559952,0.047998450667943615
2484,44_13,0.002617279234455098,0.0015243981,0.00261386012370521,0.14056931212756332,0.00023690730422113557,0.047340662170872606
2485,44_14,0.002619495600994377,0.0015821175,0.0026160707020938512,0.14060858320554712,0.00023690782929513944,0.05070260439257694
2486,44_15,0.0026217218960865067,0.0016400465,0.0026182911781869067,0.14064800779853318,0.00023690835672246418,0.05407960694858858
2487,44_16,0.0026211391885824103,0.001624889,0.0026177099942162217,0.14063769102603055,0.00023690821867422717,0.05319571480971774
2488,44_17,0.0026219298191616333,0.0016454542,0.002618498557549458,0.14065168868188932,0.00023690840598118335,0.05439499944019417
2489,44_18,0.00262264357536002,0.0016640145,0.002619210446969688,0.14066432289269717,0.00023690857507608693,0.055477675548515036
2490,44_19,0.002622335645967454,0.0016560078,0.002618903323006525,0.14065887251178127,0.00023690850212498452,0.05501058636997698
2491,44_2,0.002622192387390418,0.0016522825,0.0026187604391087927,0.14065633667454572,0.00023690846818581206,0.05479328158296468
2492,44_20,0.0026212506745101802,0.0016277892,0.002617821188681622,0.1406396649910313,0.0002369082450861612,0.053364824585132455
2493,44_21,0.0026217667316336714,0.0016412126,0.0026183358964941036,0.140648801543327,0.00023690836734438023,0.054147616691731314
2494,44_22,0.0026216380815800885,0.0016378665,0.0026182075828407344,0.14064652396648555,0.00023690833686610804,0.053952471150910244
2495,44_23,0.002621925965103324,0.001645354,0.002618494713569786,0.14065162045488191,0.00023690840506812455,0.054389153330750874
2496,44_24,0.0026217045430506503,0.0016395951,0.0026182738705267717,0.14064770058713083,0.000236908352611385,0.05405328463100858
2497,44_25,0.0026208618613948343,0.0016176739,0.002617433392003191,0.14063278043885594,0.00023690815297314628,0.05277504522974752
2498,44_26,0.0026212339689960715,0.0016273546,0.0026178045268422322,0.14063936920750614,0.00023690824112848722,0.05333948447454091
2499,44_27,0.0026276587693178075,0.0017942864,0.0026242125097564973,0.14075303202973394,0.0002369097632215206,0.06308507803267531
2500,44_28,0.002626317231334218,0.0017594637,0.002622874486743307,0.14072931392409277,0.00023690944539828774,0.0610501379137375
2501,44_29,0.0026252485534147482,0.001731711,0.0026218086075910805,0.1407104141168952,0.0002369091922185298,0.05942909132455938
2502,44_3,0.002619808377091532,0.001590259,0.002616382660967323,0.1406141233907607,0.00023690790339425726,0.05117704539695467
2503,44_30,0.0026306795259806214,0.0018726323,0.0026272253451654092,0.14080640867752536,0.00023691047886934723,0.0676671763391731
2504,44_31,0.002637290309109448,0.002043776,0.002633818761335513,0.14092307783921929,0.00023691204503832077,0.07769488183167823
2505,44_32,0.0026403595310594656,0.0021230883,0.0026368799054621275,0.14097717782815844,0.0002369127721750855,0.08235049572887262
2506,44_33,0.0026419381180040604,0.002163845,0.0026384543341063595,0.14100498656283228,0.00023691314616278985,0.08474500855227518
2507,44_34,0.002642078014091692,0.0021674559,0.00263859386156133,0.14100745046599922,0.00023691317930601443,0.08495721287648124
2508,44_35,0.002642699264329168,0.002183488,0.002639213474540509,0.14101839110590475,0.00023691332648842904,0.08589956937149239
2509,44_36,0.0026403667342813604,0.0021232744,0.002636887089714986,0.1409773047469946,0.00023691277388162077,0.08236142208757329
2510,44_37,0.002640772841978791,0.0021337618,0.0026372921278808724,0.14098445988041033,0.0002369128700937414,0.08297743509370506
2511,44_38,0.002640531557286619,0.002127531,0.002637051478659596,0.14098020882071888,0.00023691281293029937,0.08261143733129188
2512,44_39,0.002640642725298033,0.0021304018,0.0026371623538952883,0.1409821674599054,0.00023691283926742713,0.08278006486859298
2513,44_4,0.002618095021437085,0.0015456488,0.0026146737807875263,0.14058376938213846,0.0002369074974871091,0.048578105820221394
2514,44_40,0.0026415083725469697,0.0021527521,0.002638025720926669,0.14099741717544936,0.00023691304435046343,0.08409314011301987
2515,44_41,0.002644722842168823,0.0022356834,0.0026412317167309775,0.14105401574680862,0.0002369138059014715,0.08896907599752808
2516,44_42,0.00264629461587383,0.0022761975,0.0026427993432663016,0.1410816738761193,0.00023691417827665463,0.09135325401509817
2517,44_43,0.002642246534277576,0.0021718051,0.002638761937662879,0.14101041839162082,0.0002369132192306708,0.08521283626642742
2518,44_44,0.0026422999613839007,0.002173184,0.002638815223972214,0.14101135930688766,0.0002369132318882589,0.08529387829686427
2519,44_45,0.0026418416889049472,0.0021613562,0.0026383581590910484,0.14100328816592564,0.00023691312331746968,0.08459873804423239
2520,44_46,0.002641400279683277,0.0021499617,0.002637917912833131,0.14099551313538766,0.0002369130187418554,0.0839291771782463
2521,44_47,0.0026420234818840807,0.0021660484,0.002638539473050923,0.14100649003438895,0.0002369131663866161,0.08487449454990355
2522,44_48,0.0026424379006831423,0.0021767437,0.0026389527997455068,0.14101378852405105,0.00023691326456790632,0.08550311442542621
2523,44_49,0.002642841808473065,0.0021871661,0.00263935564296588,0.14102090116232896,0.00023691336025903875,0.08611579045556397
2524,44_5,0.0026175675611666742,0.0015319096,0.0026141476977138475,0.14057442215523672,0.0002369073725278494,0.04777801661027396
2525,44_50,0.0026447232485252836,0.0022356939,0.0026412321220155724,0.14105402289879,0.00023691380599774297,0.08896969238787591
2526,44_51,0.0026452044724516424,0.0022481005,0.002641712076479719,0.14106249205074972,0.00023691392000636233,0.08969964702644688
2527,44_52,0.002645259476580406,0.0022495184,0.0026417669354936646,0.14106346001319572,0.00023691393303760646,0.08978308119655339
2528,44_53,0.002644156396663949,0.0022210767,0.0026406667652062983,0.1410440454399124,0.0002369136717027491,0.08810985121436091
2529,44_54,0.0026436913038823022,0.0022090813,0.0026402028988519693,0.1410358580259692,0.00023691356151593615,0.08740436544207668
2530,44_55,0.0026440972534941963,0.0022195515,0.002640607778006184,0.14104300434719752,0.00023691365769092405,0.08802013865283627
2531,44_56,0.0026455335116829775,0.0022565823,0.0026420402475774082,0.14106828228093263,0.0002369139979603493,0.09019875710811291
2532,44_57,0.0026441745524643278,0.002221545,0.0026406848731263402,0.14104436503195442,0.00023691367600410648,0.08813739122219814
2533,44_58,0.002642443602821962,0.0021768908,0.0026389584868564725,0.1410138889412731,0.00023691326591881865,0.08551176383467833
2534,44_59,0.002642576641173623,0.002180324,0.0026390911745794825,0.14101623176510636,0.00023691329743737112,0.0857135658577775
2535,44_6,0.0026177462937837185,0.0015365655,0.00261432596369172,0.14057758965234732,0.00023690741487092788,0.04804913094131393
2536,44_60,0.002644206891945325,0.002222379,0.002640717127321095,0.1410449342921597,0.00023691368366577194,0.08818644604443335
2537,44_61,0.0026455483798837783,0.0022569655,0.002642055076547561,0.14106854391099874,0.0002369140014828342,0.0902213102513528
2538,44_62,0.0026439397103287907,0.0022154883,0.0026404506502893657,0.14104023105071295,0.00023691362036679943,0.08778116598738066
2539,44_63,0.002641840290753929,0.00216132,0.0026383567646239905,0.1410032635401141,0.00023691312298622935,0.08459661722944105
2540,44_64,0.0026434182533588368,0.002202038,0.0026399305682493694,0.1410310508415532,0.00023691349682657302,0.08699018301005168
2541,44_65,0.0026452168821505043,0.0022484204,0.0026417244534389164,0.1410627104377605,0.00023691392294639276,0.08971847093928886
2542,44_66,0.002644888875573376,0.0022399642,0.0026413973121677493,0.14105693791741808,0.00023691384523708055,0.08922092726088522
2543,44_7,0.0026178078568809176,0.0015381691,0.00261438736605123,0.14057868063920345,0.00023690742945568254,0.04814251422070583
2544,44_8,0.0026181287189610157,0.0015465264,0.0026147073903179463,0.14058436649968936,0.00023690750547030533,0.0486292206184558
2545,44_9,0.002619024103347411,0.0015698427,0.002615600436195473,0.1406002307568356,0.0002369077175936817,0.04998740326556259
2546,45_0,0.0026243471800619033,0.0017082943,0.0026209095939672775,0.1406944691204023,0.00023690897867499313,0.05806182418767421
2547,45_1,0.0026246591134801035,0.0017163989,0.0026212207108582187,0.14069998753453067,0.00023690905257483217,0.05853498695674801
2548,45_10,0.00261688236393273,0.0015140575,0.0026134642891139505,0.14056227775598765,0.00023690721019962866,0.04673866076810285
2549,45_11,0.002617541324775716,0.0015312261,0.002614121529818779,0.14057395718206112,0.000236907366312255,0.04773821938858447
2550,45_12,0.002617612200725198,0.0015330724,0.002614192220729376,0.14057521327048736,0.00023690738310329015,0.047845729063921996
2551,45_13,0.0026171429267343904,0.0015208467,0.002613724171799337,0.14056689620820947,0.00023690727192884312,0.04713390093654155
2552,45_14,0.0026169859220268356,0.0015167559,0.0026135675769106944,0.14056411335078178,0.0002369072347332891,0.046895745042207435
2553,45_15,0.00261686065116156,0.0015134917,0.0026134426330140115,0.140561892885165,0.00023690720505571664,0.04670572529427517
2554,45_16,0.002616521821184087,0.0015046621,0.0026131046873360325,0.1405558866600504,0.0002369071247844673,0.046191763913313366
2555,45_17,0.002617049982744773,0.0015184251,0.0026136314704181753,0.1405652488197017,0.00023690724990973712,0.04699291689017073
2556,45_18,0.0026235824101137023,0.0016884201,0.0026201468254966904,0.14068093771540144,0.00023690879749419506,0.056901766799520456
2557,45_19,0.0026228414380272944,0.0016691588,0.0026194077920516277,0.14066782485535234,0.00023690862195145413,0.05577780769878018
2558,45_2,0.0026228147638261445,0.0016684653,0.002619381187629304,0.14066735276016085,0.00023690861563210598,0.05573734637548924
2559,45_20,0.0026220179224163693,0.0016477455,0.0026185864304038658,0.14065324832378062,0.00023690842685358593,0.05452864071600203
2560,45_21,0.0026221270551173483,0.0016505836,0.002618695277699346,0.1406551801893348,0.00023690845270804382,0.054694180949842776
2561,45_22,0.0026208587561332205,0.0016175931,0.0026174302948587603,0.1406327254525253,0.00023690815223748448,0.0527703349483275
2562,45_23,0.002621756965055203,0.0016409586,0.002618326155454322,0.14064862864176642,0.00023690836503059608,0.05413280205167368
2563,45_24,0.002620806535489447,0.0016162344,0.002617378210718801,0.1406318007504396,0.00023690813986598859,0.052691122965997296
2564,45_25,0.002620827005714956,0.001616767,0.0026173986274358354,0.140632163230403,0.00023690814471555166,0.05272217365829377
2565,45_26,0.0026209106601234023,0.0016189435,0.002617482063170166,0.14063364453520458,0.00023690816453396323,0.05284906660799464
2566,45_27,0.0026264796102154243,0.0017636796,0.002623036440270027,0.14073218517983654,0.00023690948386738154,0.06129644573645905
2567,45_28,0.0026256595813559766,0.0017423864,0.0026222185592231296,0.14071768384756922,0.00023690928959484736,0.06005256770602685
2568,45_29,0.0026251639138592012,0.0017295125,0.002621724189650039,0.14070891702721014,0.0002369091721666419,0.05930070403374969
2569,45_3,0.002619274379175584,0.0015763586,0.0026158500582262934,0.14060466444845213,0.00023690777688596435,0.05036703942180978
2570,45_30,0.0026250258028285146,0.0017259249,0.0026215864402246605,0.14070647407396444,0.00023690913944687423,0.059091207410731525
2571,45_31,0.002625416052293664,0.0017360615,0.0026219756678812203,0.14071337671250853,0.00023690923190055723,0.059683165523539826
2572,45_32,0.0026246404998508813,0.0017159153,0.002621202145955365,0.14069965825314298,0.00023690904816509495,0.05850675248159547
2573,45_33,0.0026238555269570466,0.0016955183,0.0026204192276333815,0.14068577039300165,0.00023690886219798684,0.05731604983024852
2574,45_34,0.002625275534665914,0.0017324118,0.0026218355181948597,0.14071089134975873,0.0002369091986106363,0.0594700184031268
2575,45_35,0.0026328181262388795,0.0019280445,0.0026293583319382326,0.14084417283455164,0.00023691098552670027,0.070911157141159
2576,45_36,0.002636733058761369,0.002029366,0.0026332629765982796,0.14091325087866016,0.000236911913019038,0.07684960491557931
2577,45_37,0.0026384132339494384,0.0020728044,0.002634938731859273,0.14094287609235365,0.0002369123110728904,0.07939821400370732
2578,45_38,0.002640721357169731,0.0021324323,0.0026372407786720868,0.14098355282027036,0.00023691285789632783,0.08289933927774343
2579,45_39,0.0026412859685008444,0.0021470105,0.0026378039027903414,0.14099349950374912,0.00023691299166004963,0.08375578185584728
2580,45_4,0.0026177120380649153,0.0015356732,0.002614291797410986,0.1405769825841696,0.0002369074067554942,0.04799716943344166
2581,45_40,0.0026423528572653613,0.002174549,0.00263886798045383,0.1410122908540917,0.00023691324441999344,0.0853741145276885
2582,45_41,0.002646512624224627,0.002281815,0.002643016776201791,0.14108550924813065,0.00023691422992592952,0.09168394456931779
2583,45_42,0.0026431972051255874,0.0021963355,0.002639710102774215,0.1410271589385154,0.00023691344445726887,0.08665488134616908
2584,45_43,0.002641691459543749,0.0021574784,0.0026382083255550768,0.1410006421071597,0.0002369130877261652,0.08437085947658503
2585,45_44,0.002641289368454563,0.0021470983,0.002637807293787461,0.14099355939597083,0.00023691299246554287,0.08376093914718652
2586,45_45,0.0026412561356723755,0.0021462403,0.0026377741485508837,0.14099297397838723,0.00023691298459226512,0.08371052930224394
2587,45_46,0.002641913753313731,0.0021632162,0.0026384300336161257,0.14100455743369045,0.00023691314039047447,0.08470805045906929
2588,45_47,0.002642018376030967,0.0021659166,0.002638534380652034,0.141006400108453,0.00023691316517697225,0.08486674962917178
2589,45_48,0.0026422686736468325,0.0021723765,0.002638784018688378,0.1410108082939494,0.00023691322447578009,0.08524641883453868
2590,45_49,0.0026432335037131845,0.002197272,0.002639746305669762,0.14102779804740606,0.00023691345305689246,0.08670994162255781
2591,45_5,0.0026174869178344374,0.0015298087,0.0026140672649166484,0.14057299294771197,0.00023690735342285022,0.04765569107487977
2592,45_50,0.0026455076506063757,0.0022559157,0.0026420144547362984,0.14106782721107128,0.0002369139918334983,0.0901595291899028
2593,45_51,0.002645298765942207,0.0022505312,0.0026418061211983396,0.14106415141897677,0.00023691394234580387,0.0898426780917255
2594,45_52,0.0026452117791741473,0.0022482888,0.0026417193639254135,0.14106262063520092,0.00023691392173742662,0.08971073038222528
2595,45_53,0.0026453097219070994,0.0022508136,0.002641817048257835,0.14106434421847558,0.0002369139449414247,0.08985929687760645
2596,45_54,0.0026445604129336974,0.0022314952,0.002641069715929914,0.14105115689026373,0.00023691376741974635,0.0887226917944055
2597,45_55,0.002644373479926744,0.002226675,0.0026408832759573057,0.14104786660633564,0.00023691372313274756,0.0884391385293796
2598,45_56,0.0026439195971884838,0.0022149696,0.0026404305901865594,0.14103987698294526,0.00023691361560172257,0.08775065694728709
2599,45_57,0.0026430805873192825,0.0021933268,0.002639593792392404,0.1410251056101008,0.00023691341682894433,0.0864779871728139
2600,45_58,0.0026424999752597588,0.0021783456,0.002639014710724285,0.1410148816773735,0.00023691327927419738,0.08559727355313455
2601,45_59,0.0026429117614078556,0.002188971,0.0026394254115110023,0.1410221329287072,0.00023691337683182418,0.08622190003664514
2602,45_6,0.0026178842060656407,0.0015401578,0.0026144635158874066,0.14058003363297342,0.0002369074475433723,0.048258326088086535
2603,45_60,0.002644199181714991,0.0022221801,0.002640709437424409,0.141044798572183,0.00023691368183911287,0.08817475061931361
2604,45_61,0.002643355128362729,0.0022004095,0.0026398676096771137,0.1410299394486075,0.0002369134818714099,0.08689443053143506
2605,45_62,0.0026433153713980506,0.002199384,0.0026398279575263633,0.14102923946937698,0.00023691347245244918,0.08683412434299953
2606,45_63,0.002642390876550551,0.0021755302,0.002638905899542686,0.14101296040245007,0.00023691325342726583,0.08543178488042713
2607,45_64,0.002644142222405972,0.0022207112,0.0026406526283283376,0.14104379593294977,0.00023691366834467366,0.08808835069289529
2608,45_65,0.002645950918859309,0.0022673404,0.0026424565533160727,0.1410756268616614,0.00023691409684997285,0.0908319099665782
2609,45_66,0.0026456858017742716,0.0022605076,0.00264219213583167,0.14107096202503008,0.00023691403404000642,0.09042976153756754
2610,45_7,0.002618180274015051,0.0015478692,0.0026147588107453584,0.14058528004134482,0.0002369075176840849,0.04870742298698616
2611,45_8,0.0026172113567397514,0.0015226296,0.002613792423178748,0.14056810907282077,0.00023690728814040958,0.047237700430071784
2612,45_9,0.0026180375323768923,0.0015441515,0.0026146164418444865,0.14058275066849554,0.00023690748386752015,0.04849090232958773
2613,46_0,0.002624634307286042,0.0017157544,0.002621195969601216,0.1406995487042326,0.00023690904669802033,0.05849735915931546
2614,46_1,0.002624162456096151,0.0017034943,0.002620725353495471,0.1406912009615216,0.0002369089349122311,0.05778162175327637
2615,46_10,0.002617329959571143,0.0015257197,0.00261391071640475,0.14057021115848561,0.00023690731623828639,0.047417605630499085
2616,46_11,0.0026173481952933573,0.0015261947,0.002613928904522493,0.14057053435801148,0.00023690732055846244,0.047445266869454626
2617,46_12,0.00261754588741318,0.001531345,0.0026141260805445203,0.1405740380434082,0.00023690736739317745,0.04774514032122852
2618,46_13,0.002617914481771445,0.0015409464,0.0026144937125414103,0.1405805701453484,0.00023690745471591262,0.04830425042949429
2619,46_14,0.0026182658780235426,0.0015500986,0.0026148441912087505,0.14058679689467135,0.0002369075379643189,0.048837273228539146
2620,46_15,0.0026178012468791793,0.0015379969,0.002614380773308005,0.14057856350126482,0.00023690742788972402,0.048132487700482326
2621,46_16,0.002616877936478591,0.0015139421,0.002613459873215688,0.14056219927709923,0.00023690720915073283,0.04673194489112973
2622,46_17,0.002616727152841183,0.001510013,0.0026133094831194666,0.14055952650692147,0.00023690717342900481,0.046503225557950854
2623,46_18,0.0026197217835580823,0.0015880051,0.002616296293695835,0.14061258960879336,0.0002369078828795657,0.05104569417364786
2624,46_19,0.002619009468778278,0.0015694617,0.0026155858398544023,0.140599971493424,0.00023690771412663937,0.049965204511433825
2625,46_2,0.002623109529444515,0.0016761284,0.002619675182111277,0.14067256951119056,0.00023690868546463086,0.05618446780614761
2626,46_20,0.0026161746558673554,0.0014956141,0.002612758427954424,0.14054973213911182,0.0002369070425385446,0.045665158897605806
2627,46_21,0.002618610874691147,0.001559083,0.0026151882868830365,0.14059290969853097,0.00023690761969664414,0.049360588683185824
2628,46_22,0.002621933762750954,0.0016455568,0.0026185024908259957,0.14065175849376246,0.00023690840691545283,0.05440098135663547
2629,46_23,0.0026211676536723465,0.0016256295,0.0026177383848898467,0.14063819503302583,0.00023690822541784103,0.05323889268034705
2630,46_24,0.0026207258015798944,0.0016141338,0.002617297687840883,0.1406303711226544,0.00023690812073946904,0.05256866003649634
2631,46_25,0.0026206505285266014,0.0016121753,0.002617222611539165,0.14062903816857,0.0002369081029066721,0.05245448052171966
2632,46_26,0.002620933502678435,0.0016195378,0.002617504846013143,0.14063404901270293,0.00023690816994555104,0.05288371581824691
2633,46_27,0.002625626544710531,0.0017415284,0.0026221856090929644,0.14071709956628883,0.00023690928176815928,0.060002455375228435
2634,46_28,0.0026250820959684354,0.0017273872,0.002621642585978947,0.14070746981589818,0.00023690915278323394,0.05917659684453582
2635,46_29,0.002624561758576007,0.0017138695,0.002621123610803938,0.14069826527608637,0.0002369090295105752,0.05838731212193551
2636,46_3,0.0026213395695005187,0.0016301017,0.0026179098512611734,0.1406412389215665,0.0002369082661461183,0.0534996668217488
2637,46_30,0.002624529551192387,0.0017130327,0.002621091487728795,0.14069769550144334,0.00023690902188035535,0.058338457674386036
2638,46_31,0.0026248244642084334,0.0017206946,0.0026213856287197455,0.14070291257608156,0.0002369090917479198,0.05878580268831115
2639,46_32,0.0026236919168289917,0.0016912662,0.0026202560456579055,0.14068287542711055,0.00023690882343730072,0.057067874364837935
2640,46_33,0.002623132306025525,0.0016767205,0.0026196978991028714,0.1406729725939328,0.00023690869086060077,0.056219016942316104
2641,46_34,0.002622932397430778,0.0016715236,0.0026194985135030036,0.14066943468245058,0.00023690864350052202,0.055915781383914266
2642,46_35,0.002623630511344474,0.0016896703,0.0026201948008589917,0.14068178886912874,0.0002369088088898001,0.056974730163558716
2643,46_36,0.002623541816566346,0.001687365,0.0026201063381703494,0.14068021940237938,0.0002369087878772268,0.05684019162304636
2644,46_37,0.0026256072294473316,0.0017410268,0.002622166344411438,0.1407167579570866,0.00023690927719219418,0.05997315661181446
2645,46_38,0.0026257052640544037,0.0017435728,0.0026222641222874194,0.14071849177697887,0.0002369093004175032,0.060121862468387376
2646,46_39,0.002631200363319213,0.0018861316,0.0026277448158079377,0.1408156077009645,0.00023691060226120267,0.0684572194156317
2647,46_4,0.002618501235267186,0.0015562279,0.0026150789338062366,0.14059096711711958,0.0002369075937222306,0.04919427981592719
2648,46_40,0.0026380664954755426,0.0020638423,0.002634592905757585,0.14093676335962704,0.00023691222892629145,0.07887225645353695
2649,46_41,0.0026417399595595674,0.0021587303,0.0026382566977852153,0.14100149637124312,0.00023691309921645395,0.0844444277461129
2650,46_42,0.0026397016953927303,0.0021060968,0.0026362238019288055,0.1409655859621484,0.0002369126163254653,0.08135264385566217
2651,46_43,0.0026415079396255735,0.002152741,0.0026380252891458253,0.14099740954970608,0.00023691304424789872,0.08409248342709005
2652,46_44,0.0026413834506030277,0.0021495272,0.0026379011280879714,0.1409952166888918,0.00023691301475482722,0.08390364963375418
2653,46_45,0.002641385705296748,0.0021495854,0.0026379033768418676,0.14099525640569618,0.00023691301528899354,0.08390706971336712
2654,46_46,0.002641823007864243,0.002160874,0.0026383395272724848,0.14100295913366095,0.00023691311889168602,0.084570401314555
2655,46_47,0.002641892699370857,0.0021626728,0.002638409035149169,0.1410041866137724,0.00023691313540251881,0.08467611434280613
2656,46_48,0.0026428679413451187,0.0021878404,0.0026393817069545944,0.14102136132560952,0.00023691336645026534,0.08615543065242477
2657,46_49,0.0026433314997474687,0.0021998,0.0026398440433557315,0.14102952343329409,0.00023691347627347248,0.08685858896918645
2658,46_5,0.0026178297339154648,0.001538739,0.002614409185965196,0.14057906832766254,0.00023690743463851462,0.04817569886089359
2659,46_50,0.00264582323981804,0.0022640498,0.0026423292112076426,0.14107338033913266,0.00023691406660101004,0.09063823732621756
2660,46_51,0.002644892352398341,0.0022400538,0.00264140077982115,0.14105699910786115,0.0002369138460607885,0.08922620115599215
2661,46_52,0.0026444213157521723,0.0022279085,0.0026409309856194278,0.14104870859900231,0.00023691373446571134,0.0885116993077375
2662,46_53,0.002645019435736686,0.0022433302,0.0026415275279163737,0.1410592356763596,0.00023691387616859292,0.08941897019183784
2663,46_54,0.002644363954398256,0.0022264293,0.002640873775551394,0.14104769893945954,0.00023691372087601914,0.0884246895310568
2664,46_55,0.00264244496520188,0.002176926,0.0026389598456458656,0.14101391293337298,0.00023691326624158452,0.08551383038932414
2665,46_56,0.002642322913176834,0.0021737763,0.002638838115279185,0.1410117635115084,0.00023691323732584238,0.08532869320692456
2666,46_57,0.002642485593317072,0.0021779744,0.0026390003666856166,0.14101462840825382,0.0002369132758669242,0.08557545800074706
2667,46_58,0.0026421510863034597,0.0021693418,0.0026386667412166996,0.14100873740686606,0.00023691319661778507,0.08506805399848076
2668,46_59,0.002642148010012917,0.0021692624,0.002638663673032758,0.14100868322800947,0.00023691319588897125,0.08506338766244
2669,46_6,0.0026188528933828743,0.0015653849,0.0026154296734480693,0.14059719757095007,0.00023690767703272327,0.04972769982826932
2670,46_60,0.0026433757787536084,0.0022009423,0.002639888205625375,0.14103030302601274,0.00023691348676376596,0.08692575451136406
2671,46_61,0.002642475957278697,0.0021777258,0.0026389907560431794,0.1410144587150183,0.0002369132735840188,0.08556084137317654
2672,46_62,0.0026439020750483482,0.0022145177,0.0026404131142512386,0.14103956852516428,0.00023691361145048904,0.08772407812032271
2673,46_63,0.0026458700086793648,0.0022652552,0.0026423758566522754,0.1410742032492665,0.00023691407768121141,0.09070917965762462
2674,46_64,0.0026456580602801164,0.0022597925,0.002642164467538741,0.1410704738847172,0.0002369140274676572,0.09038768126842456
2675,46_65,0.002645618684297303,0.0022587776,0.0026421251954556577,0.14106978101764175,0.00023691401813893473,0.09032795298034771
2676,46_66,0.002645295098910481,0.0022504367,0.002641802463841409,0.14106408688762834,0.00023691394147703292,0.08983711567749068
2677,46_7,0.002618866950314369,0.0015657509,0.002615443693662586,0.14059744661103038,0.00023690768036291825,0.04974902238059187
2678,46_8,0.0026177446044501197,0.0015365215,0.0026143242787688204,0.1405775597146776,0.00023690741447071221,0.04804656844009756
2679,46_9,0.002617848044619595,0.0015392159,0.00261442744886001,0.14057939281461004,0.00023690743897645657,0.048203473837745744
2680,47_0,0.0026230473449192714,0.0016745118,0.002619613160274177,0.1406714690044497,0.00023690867073257717,0.05609014190055106
2681,47_1,0.0026229440894328304,0.0016718275,0.0026195101749178847,0.14066964160833448,0.00023690864627045843,0.055933516643249706
2682,47_10,0.002617831619952313,0.0015387881,0.002614411067077611,0.14057910175049662,0.00023690743508533076,0.04817855973557315
2683,47_11,0.0026179359216875198,0.0015415049,0.002614515096475944,0.14058095007717372,0.00023690745979518862,0.04833677201732911
2684,47_12,0.0026176213396612736,0.0015333105,0.0026142013358056754,0.1405753752322581,0.00023690738526837158,0.04785959165140952
2685,47_13,0.0026171854545552504,0.0015219548,0.0026137665886084432,0.14056764998076376,0.00023690728200399336,0.047198410156480006
2686,47_14,0.0026176723663449896,0.0015346397,0.0026142522292682793,0.14057627952881377,0.00023690739735697012,0.047936992550302905
2687,47_15,0.0026192391242147533,0.0015754408,0.0026158148953660215,0.1406040399162044,0.00023690776853379012,0.050313562192641825
2688,47_16,0.0026181737390631402,0.001547699,0.0026147522928584295,0.1405851642444262,0.00023690751613590565,0.04869751030767233
2689,47_17,0.0026160373157622908,0.0014920343,0.0026126214462081254,0.1405472972328805,0.0002369070100017087,0.04545683166933898
2690,47_18,0.002617559021239547,0.0015316871,0.0026141391800821603,0.14057427080713214,0.0002369073705046777,0.047765062642113776
2691,47_19,0.0026177219773168003,0.0015359321,0.002614301710712653,0.14057715872475335,0.00023690740911017663,0.048012245996804384
2692,47_2,0.0026232499807055673,0.0016797794,0.002619815265907352,0.14067505507426295,0.0002369087187387568,0.05639751425683883
2693,47_20,0.0026164061538649077,0.0015016476,0.0026129893218664497,0.14055383617919062,0.00023690709738205689,0.046016311506354414
2694,47_21,0.0026168171680800447,0.0015123587,0.0026133992634237275,0.14056112211717317,0.0002369071947542616,0.04663976706711139
2695,47_22,0.002616996814651192,0.0015170397,0.0026135784411035518,0.14056430642262033,0.0002369072373138306,0.04691226774866379
2696,47_23,0.0026164051666899184,0.0015016219,0.0026129883372675703,0.1405538186788831,0.0002369070971481881,0.04601481408919952
2697,47_24,0.0026161832895522435,0.0014958391,0.002612767039110985,0.14054988520307063,0.00023690704458392532,0.045678255084197164
2698,47_25,0.0026204617558430337,0.0016072632,0.0026170343322520395,0.14062569522176477,0.00023690805818489796,0.05216813670451117
2699,47_26,0.0026215648859429647,0.0016359626,0.0026181345785916584,0.14064522810237046,0.000236908319525452,0.05384144280856233
2700,47_27,0.0026271970730812238,0.001782304,0.0026237520234145854,0.14074487025447793,0.00023690965384119973,0.062384744381240156
2701,47_28,0.002627116228046541,0.0017802056,0.002623671390215947,0.1407434409929885,0.00023690963468823135,0.06226211288924688
2702,47_29,0.002624843796134496,0.0017211968,0.0026214049100355525,0.14070325454829244,0.0002369090963278289,0.058815126727139955
2703,47_3,0.0026227132055240345,0.0016658249,0.00261927989499387,0.14066555529409622,0.00023690859157207044,0.055583295527952714
2704,47_30,0.0026248697873576415,0.001721872,0.002621430833214067,0.14070371431751566,0.00023690910248538616,0.05885455206087329
2705,47_31,0.0026242510149937105,0.0017057955,0.0026208136806044366,0.14069276777554768,0.00023690895589262612,0.05791595418048843
2706,47_32,0.0026244155694348263,0.0017100712,0.0026209778043301945,0.1406956790344164,0.00023690899487705016,0.05816556204703573
2707,47_33,0.0026235428064269248,0.0016873907,0.0026201073254407824,0.14068023691829967,0.00023690878811173346,0.05684169311389411
2708,47_34,0.0026232900815842727,0.0016808218,0.002619855261865858,0.14067576472232401,0.0002369087282390048,0.056458342118502716
2709,47_35,0.0026236365179013116,0.0016898264,0.002620200791698063,0.14068189515472346,0.0002369088103128063,0.056983841335686944
2710,47_36,0.002623602136035836,0.0016889328,0.00262016649980147,0.1406812867678625,0.0002369088021674396,0.056931688479579634
2711,47_37,0.0026255483252693667,0.001739497,0.002622107594485972,0.14071571616905315,0.00023690926323724837,0.059883806570011446
2712,47_38,0.0026267315293837063,0.0017702196,0.0026232876994794698,0.140736639491461,0.0002369095435494292,0.06167857462772943
2713,47_39,0.0026258826904243227,0.0017481804,0.002622441083992359,0.14072162959297782,0.00023690934245146415,0.06039099539098984
2714,47_4,0.002619697712664042,0.0015873786,0.0026162722856957867,0.14061216324871537,0.0002369078771769812,0.051009181731525646
2715,47_40,0.0026264511279467917,0.0017629401,0.0026230080326131214,0.14073168155227042,0.0002369094771196621,0.0612532418079617
2716,47_41,0.002628881070551506,0.0018259987,0.002625431606873913,0.1407746349925462,0.00023691005279679342,0.06493915137857158
2717,47_42,0.0026129607471063786,0.0014117943,0.0026095529002626134,0.14049273020571101,0.00023690628114214857,0.0407900737667191
2718,47_43,0.0026169866458175353,0.0015167748,0.002613568298812188,0.14056412617999342,0.00023690723490476034,0.04689684293936054
2719,47_44,0.0026278233843460798,0.0017985582,0.0026243766933527896,0.14075594182946213,0.00023690980222043116,0.06333477780212604
2720,47_45,0.002635803246166944,0.0020053154,0.0026323356087940624,0.14089685078432612,0.00023691169273545992,0.07543919911668695
2721,47_46,0.0026405580550612575,0.0021282153,0.002637077906649942,0.14098067568287284,0.00023691281920796176,0.08265163103831626
2722,47_47,0.002641947779148429,0.0021640945,0.0026384639697937915,0.1410051567213957,0.00023691314845164196,0.0847596632623997
2723,47_48,0.002643188369716672,0.0021961075,0.002639701290657423,0.14102700337266377,0.00023691344236404172,0.08664147917024181
2724,47_49,0.002644007128377086,0.0022172271,0.002640517890556183,0.14104141785161836,0.00023691363633905385,0.0878834304725423
2725,47_5,0.002618812466711143,0.0015643323,0.002615389352370494,0.14059648134552447,0.00023690766745533456,0.049666377780599194
2726,47_50,0.002645483054364036,0.0022552817,0.0026419899233915173,0.141067394395366,0.00023691398600630444,0.09012221986215821
2727,47_51,0.002644948794999701,0.002241509,0.002641457073530121,0.1410579924628932,0.00023691385943282268,0.08931181730352548
2728,47_52,0.0026448478042301895,0.0022389053,0.0026413563491663084,0.14105621507750138,0.0002369138355067109,0.0891586273297527
2729,47_53,0.0026442798242496137,0.0022242598,0.002640789867283222,0.14104621807605214,0.00023691370094443344,0.08829707494482904
2730,47_54,0.0026434995310361505,0.0022041346,0.0026400116316389454,0.14103248180851907,0.00023691351608235253,0.08711347076512369
2731,47_55,0.002641994587936913,0.0021653026,0.0026385106552406705,0.1410059811433139,0.00023691315954125968,0.08483066615815886
2732,47_56,0.0026429107958426527,0.0021889461,0.002639424448490976,0.14102211592669925,0.00023691337660306885,0.08622043539874938
2733,47_57,0.0026435420166507208,0.0022052305,0.002640054005238026,0.14103322979442945,0.00023691352614776907,0.08717791596356292
2734,47_58,0.0026420783208103435,0.0021674638,0.002638594167471742,0.14100745586794886,0.00023691317937868012,0.08495767812912192
2735,47_59,0.0026429760038681814,0.0021906286,0.002639489484629671,0.14102326412294397,0.0002369133920517229,0.08631934756437473
2736,47_6,0.0026186182556788354,0.0015592752,0.002615195648593243,0.1405930404722464,0.00023690762144525638,0.04937178468967076
2737,47_60,0.002642798738525004,0.0021860548,0.002639312686543922,0.14102014275420574,0.00023691335005519284,0.08605045889857407
2738,47_61,0.0026430705610627336,0.0021930682,0.0026395837925661516,0.1410249290716409,0.00023691341445358964,0.08646277863459559
2739,47_62,0.0026436933800080423,0.0022091349,0.0026402049695035436,0.14103589457587662,0.0002369135620077985,0.08740751465709096
2740,47_63,0.002645402989439007,0.0022532179,0.00264191006971484,0.14106598548843652,0.00023691396703780465,0.0900007716959081
2741,47_64,0.0026449220726647753,0.00224082,0.002641430421687598,0.1410575221680219,0.00023691385310193127,0.08927128296750482
2742,47_65,0.002644954421264045,0.002241654,0.0026414626849525246,0.14105809148090312,0.00023691386076576268,0.08932035162098302
2743,47_66,0.0026446614288783018,0.0022341,0.002641170465431287,0.14105293484815856,0.00023691379135181557,0.08887591995554729
2744,47_7,0.0026186964793293225,0.0015613121,0.002615273667937799,0.1405944263958944,0.0002369076399770361,0.049490439879888014
2745,47_8,0.0026177191930711334,0.0015358595,0.002614298933736334,0.14057710938319185,0.0002369074084505682,0.04800802265517845
2746,47_9,0.002617778091892822,0.0015373938,0.002614357678778269,0.14057815316283984,0.00023690742240413583,0.04809736457220097
2747,48_0,0.0026237238586394296,0.0016920964,0.0026202879038816707,0.14068344062443286,0.00023690883100459758,0.057116325972117465
2748,48_1,0.002623479760665996,0.0016857521,0.0026200444446483223,0.14067912129323418,0.00023690877317563908,0.05674606082482612
2749,48_10,0.002618237091235347,0.0015493489,0.0026148154795947805,0.14058628681320706,0.0002369075311445119,0.04879360738313494
2750,48_11,0.00261833687188362,0.0015519476,0.002614914999670934,0.1405880548394462,0.0002369075547833001,0.0489449617590445
2751,48_12,0.002617946603720657,0.0015417831,0.002614525750617165,0.14058113937024988,0.00023690746232584193,0.04835297528406457
2752,48_13,0.002617669555337906,0.0015345665,0.002614249425600276,0.1405762297123618,0.00023690739669102173,0.04793272861505926
2753,48_14,0.002617435228933495,0.0015284622,0.0026140157109561905,0.14057207687175996,0.0002369073411773698,0.04757728567785193
2754,48_15,0.0026201274036939445,0.0015985622,0.002616700853914431,0.14061977383430185,0.00023690797897419282,0.051660967611755385
2755,48_16,0.0026207374927201175,0.001614438,0.002617309348421852,0.14063057814999277,0.0002369081235091951,0.052586393988547545
2756,48_17,0.002615535917948834,0.0014789638,0.0026121213565225756,0.14053840721107294,0.00023690689121708169,0.04469627584562659
2757,48_18,0.002615354647883691,0.0014742378,0.0026119405593226165,0.14053519292554534,0.00023690684827295795,0.04442131253304495
2758,48_19,0.002616045957927616,0.0014922596,0.0026126300658241767,0.1405474504525754,0.00023690701204909825,0.045469940719660686
2759,48_2,0.002624564966789952,0.0017139529,0.0026211268106197637,0.14069832203172705,0.00023690903027063007,0.05839217856876502
2760,48_20,0.002615948568848081,0.001489721,0.0026125329308494694,0.1405457237910182,0.00023690698897694355,0.045322214045114606
2761,48_21,0.0026165746803542083,0.0015060396,0.0026131574085585313,0.14055682369549588,0.00023690713730718164,0.046271944457770074
2762,48_22,0.0026162904246456796,0.0014986314,0.0026128738946450346,0.14055178454021966,0.00023690706996498507,0.045840765205003464
2763,48_23,0.00261578812101338,0.0014855386,0.0026123729016301373,0.14054287903411974,0.0002369069509657332,0.04507883537091857
2764,48_24,0.0026156913086433837,0.0014830148,0.0026122763418354312,0.14054116248411572,0.0002369069280302109,0.04493198349037257
2765,48_25,0.0026168190757270894,0.0015124084,0.0026134011660918356,0.14056115593172946,0.0002369071952061969,0.0466426607216718
2766,48_26,0.0026173721597541697,0.0015268191,0.0026139528064234216,0.14057095908813438,0.0002369073262358187,0.04748161786609586
2767,48_27,0.0026260234780757434,0.0017518363,0.0026225815029102895,0.1407241193458336,0.0002369093758053764,0.060604552102489606
2768,48_28,0.0026256869881903116,0.0017430981,0.002622245894284524,0.14071816855709557,0.00023690929608778107,0.06009414033938043
2769,48_29,0.002624445311122626,0.001710844,0.0026210074681673173,0.14069620520438378,0.00023690900192312365,0.058210676351996685
2770,48_3,0.002624018721678005,0.0016997593,0.002620581995262316,0.14068865788807453,0.00023690890086026565,0.05756359517666425
2771,48_30,0.002624861237113144,0.0017216499,0.0026214223053540545,0.14070356306913082,0.00023690910045975544,0.05884158244259367
2772,48_31,0.002624321306008288,0.001707622,0.002620883787638096,0.14069401136277965,0.0002369089725451976,0.05802257658500807
2773,48_32,0.002624082237309283,0.0017014098,0.0026206453446615723,0.14068978167298032,0.00023690891590768452,0.05765994019845877
2774,48_33,0.0026230770890550456,0.001675285,0.0026196428265933503,0.14067199540161057,0.00023690867777922096,0.05613525991877353
2775,48_34,0.0026236284374954494,0.0016896164,0.0026201927324367405,0.14068175217248033,0.00023690880839848696,0.05697158440202728
2776,48_35,0.0026241757843176185,0.0017038407,0.002620738646832973,0.14069143677119705,0.00023690893806980586,0.057801838946461
2777,48_36,0.002624052360849068,0.0017006334,0.0026206155463940166,0.14068925306970323,0.00023690890882968482,0.057614621461123505
2778,48_37,0.0026245733816490295,0.0017141715,0.002621135203451274,0.14069847089649037,0.0002369090322641862,0.05840494282482141
2779,48_38,0.002625501506778809,0.001738281,0.0026220608985966353,0.140714888119111,0.00023690925214551453,0.05981278895745845
2780,48_39,0.002625588344644952,0.0017405363,0.0026221475090631077,0.14071642395937445,0.00023690927271820933,0.059944510801953045
2781,48_4,0.002620631151343878,0.0016116711,0.002617203285004348,0.1406286950284125,0.00023690809831606054,0.05242508783437287
2782,48_40,0.0026272528250832756,0.0017837511,0.002623807629327396,0.14074585587841745,0.00023690966704938761,0.0624693129786813
2783,48_41,0.002626192227849922,0.001756218,0.0026227498106900855,0.14072710347574738,0.00023690941578378342,0.060860523748270626
2784,48_42,0.002613352009537918,0.0014220041,0.00260994314292904,0.1404996721523653,0.0002369063738346943,0.04138356841891096
2785,48_43,0.002614490465256394,0.0014517027,0.002611078630572251,0.1405198671642663,0.00023690664354226386,0.04311045893077079
2786,48_44,0.0026162376650008838,0.0014972563,0.0026128212726732117,0.14055084920099134,0.0002369070574658525,0.04576073562763057
2787,48_45,0.0026167968050394503,0.001511828,0.0026133789535302044,0.1405607611651053,0.00023690718993011082,0.046608878960508096
2788,48_46,0.002617397223695312,0.001527472,0.0026139778049338452,0.14057140330192594,0.00023690733217365004,0.04751963663261094
2789,48_47,0.002617800353033028,0.0015379736,0.0026143798817956556,0.1405785476611183,0.00023690742767796524,0.048131131851139486
2790,48_48,0.002624680626411065,0.0017169578,0.0026212421674726505,0.14070036810359626,0.00023690905767144031,0.058567619298749915
2791,48_49,0.002635417328283639,0.0019953307,0.0026319507053661918,0.14089004280161121,0.00023691160130701855,0.074853811454944
2792,48_5,0.0026195068349753044,0.00158241,0.0026160819067242358,0.14060878220008552,0.0002369078319565575,0.05071964489293137
2793,48_50,0.002641868750037738,0.0021620546,0.0026383851489206168,0.14100376479537588,0.00023691312972860728,0.08463978629292442
2794,48_51,0.0026438225272524154,0.002212466,0.002640333776214151,0.1410381681575024,0.00023691359260453418,0.08760341437222437
2795,48_52,0.0026437252081218748,0.0022099558,0.002640236713694962,0.14103645490302502,0.00023691356954831045,0.08745579380128277
2796,48_53,0.002642808700587776,0.0021863119,0.002639322622348313,0.14102031817445532,0.00023691335241533853,0.08606557006311064
2797,48_54,0.0026426114605199716,0.0021812224,0.0026391259021549466,0.14101684492557912,0.00023691330568653744,0.08576638231595198
2798,48_55,0.0026427025307483617,0.0021835724,0.0026392167323502857,0.14101844862521778,0.00023691332726228728,0.08590452410817803
2799,48_56,0.002643264396711793,0.002198069,0.002639777117225758,0.14102834197551023,0.00023691346037585953,0.08675680231754512
2800,48_57,0.002642894967842655,0.0021885377,0.0026394086622125792,0.1410218372211767,0.00023691337285320396,0.08619642636390168
2801,48_58,0.002642499930146892,0.0021783444,0.002639014665730315,0.1410148808829276,0.00023691327926350956,0.08559720512273401
2802,48_59,0.002644427482645621,0.0022280675,0.002640937136248004,0.14104881714617362,0.00023691373592673307,0.08852105368982847
2803,48_6,0.0026187985084317727,0.0015639688,0.002615375430549664,0.14059623404977378,0.00023690766414851118,0.04964520487082709
2804,48_60,0.0026438554762881847,0.0022133158,0.002640366638367677,0.14103874819917517,0.00023691360041060874,0.08765339381044157
2805,48_61,0.0026446969709356953,0.0022350163,0.0026412059137392776,0.1410535604047348,0.0002369137997722193,0.0889298326731776
2806,48_62,0.0026435004968158727,0.0022041595,0.00264001259487236,0.14103249881176672,0.0002369135163111588,0.08711493572841675
2807,48_63,0.0026441206361497546,0.0022201545,0.002640631098998498,0.14104341595216816,0.00023691366323059455,0.0880556071259356
2808,48_64,0.0026450593537328177,0.0022443593,0.0026415673406063717,0.14105993818736898,0.0002369138856257203,0.08947952064422111
2809,48_65,0.0026450101517277807,0.002243091,0.0026415182683990285,0.1410590722874187,0.00023691387396908238,0.0894048875475761
2810,48_66,0.0026453311733296717,0.0022513666,0.0026418384430842356,0.1410647217120681,0.00023691395002356592,0.08989183591931464
2811,48_7,0.0026184271613958936,0.0015542989,0.0026150050533881738,0.14058965465211118,0.00023690757617356864,0.04908191930560122
2812,48_8,0.0026177197248931105,0.0015358734,0.002614299464169785,0.14057711880798315,0.00023690740857656075,0.048008829360534834
2813,48_9,0.0026178099395488762,0.0015382234,0.0026143894432813968,0.14057871754678228,0.00023690742994908205,0.048145673359422145
2814,49_0,0.0026242414497544444,0.001705547,0.0026208041404010133,0.1406925985457997,0.0002369089536265353,0.05790144494603666
2815,49_1,0.0026234390209012737,0.0016846932,0.002620003811483059,0.140678400373947,0.0002369087635240316,0.05668426385546397
2816,49_10,0.002617925069859039,0.0015412222,0.0026145042729826162,0.1405807577746758,0.0002369074572243095,0.04832031119295479
2817,49_11,0.0026188275428092427,0.0015647248,0.002615404389090131,0.1405967484444305,0.0002369076710269778,0.04968924627723155
2818,49_12,0.002618364425993131,0.0015526651,0.0026149424818225357,0.14058854306632967,0.0002369075613110769,0.04898675778984796
2819,49_13,0.0026180254733324474,0.0015438374,0.002614604414288562,0.14058253697875386,0.00023690748101064227,0.04847261031427621
2820,49_14,0.0026179674002889523,0.0015423248,0.0026145464928831,0.1405815078984578,0.00023690746725270423,0.04838452099628228
2821,49_15,0.00261968972933374,0.0015871708,0.0026162643232247196,0.1406120218419493,0.00023690787528566736,0.05099707204897186
2822,49_16,0.002621333098287688,0.0016299334,0.002617903396967218,0.14064112434669396,0.00023690826461303448,0.053489850826399274
2823,49_17,0.0026172886224598044,0.0015246427,0.002613869487202984,0.14056947851754611,0.00023690730644522246,0.047354902563353105
2824,49_18,0.002616320463099026,0.0014994143,0.00261290385471369,0.14055231706552404,0.00023690707708130712,0.04588632966502857
2825,49_19,0.002616546515169035,0.0015053056,0.002613129316876945,0.14055632441233773,0.00023690713063464835,0.046229221503990205
2826,49_2,0.0026226702702123617,0.0016647086,0.0026192370719937265,0.14066479537404578,0.00023690858140032643,0.055518168197000506
2827,49_20,0.0026162898216467918,0.0014986157,0.0026128732932196503,0.1405517738501411,0.00023690706982213035,0.045839850533452166
2828,49_21,0.0026158825923248076,0.0014880012,0.002612467126464911,0.14054455403450913,0.00023690697334664457,0.045222136167515005
2829,49_22,0.002615982122697974,0.0014905956,0.002612566397152673,0.14054631868950776,0.00023690699692608522,0.04537311090836269
2830,49_23,0.0026155722306231183,0.0014799105,0.002612157574466868,0.140539051090417,0.0002369068998198046,0.04475135748970303
2831,49_24,0.0026155736640284728,0.0014799478,0.002612159004132827,0.14053907650676695,0.00023690690015938822,0.044753531780776255
2832,49_25,0.002616696131381025,0.0015092046,0.002613278542621669,0.140558976611954,0.0002369071660797985,0.04645617000335918
2833,49_26,0.0026175392289145435,0.0015311715,0.0026141194394292853,0.14057392003812771,0.0002369073658157301,0.04773504023746398
2834,49_27,0.0026256208294577607,0.00174138,0.002622179908807,0.14071699848666433,0.00023690928041416286,0.05999378607380379
2835,49_28,0.00262543555440786,0.001736568,0.002621995118928136,0.1407137216431714,0.00023690923652078816,0.059712747715820316
2836,49_29,0.0026249328216211274,0.0017235095,0.002621493702452008,0.1407048293433426,0.00023690911741877744,0.05895016690980341
2837,49_3,0.002622659148070536,0.0016644194,0.0026192259789452475,0.140664598519834,0.0002369085787653956,0.055501297342141244
2838,49_30,0.002624562923569445,0.0017138998,0.002621124772747782,0.1406982858856739,0.0002369090297865727,0.05838907926674537
2839,49_31,0.002623711307625166,0.0016917702,0.0026202753857115504,0.1406832185398987,0.0002369088280311515,0.05709728770203455
2840,49_32,0.002623267124495356,0.001680225,0.0026198323648422136,0.14067535846145154,0.00023690872280027013,0.05642351917511803
2841,49_33,0.0026232863822817244,0.0016807256,0.0026198515722422556,0.14067569925765686,0.00023690872736260773,0.05645273075359185
2842,49_34,0.002624064949329706,0.0017009606,0.0026206281019281966,0.1406894757977894,0.00023690891181200806,0.05763371656286509
2843,49_35,0.0026255213277748485,0.0017387958,0.002622080667688698,0.140715238682125,0.00023690925684129193,0.0598428548523728
2844,49_36,0.0026251603553375633,0.00172942,0.0026217206404456376,0.1407088540839921,0.0002369091713235955,0.05929530621532493
2845,49_37,0.0026244049865290853,0.0017097963,0.0026209672491256408,0.1406954918077913,0.00023690899236986462,0.05814950914377803
2846,49_38,0.002625204554848077,0.0017305681,0.002621764724228179,0.14070963588196375,0.00023690918179486512,0.059362351172890016
2847,49_39,0.002625426321028498,0.0017363282,0.0026219859097268957,0.1407135583341343,0.00023690923433331533,0.0596987418700472
2848,49_4,0.002621123047612743,0.0016244691,0.0026176938954435482,0.14063740523006013,0.00023690821485029882,0.053171231040240484
2849,49_40,0.0026288133864199132,0.001824243,0.002625364100207034,0.14077343891863517,0.00023691003676174277,0.06483648327936109
2850,49_41,0.0026202773449091462,0.0016024644,0.00261685040328003,0.14062242936071942,0.00023690801449646574,0.0518884090990845
2851,49_42,0.002613413215242589,0.0014236011,0.002610004189096718,0.14050075802736428,0.00023690638833471627,0.041476409579927064
2852,49_43,0.0026145220900107512,0.0014525275,0.002611110172859101,0.14052042807016743,0.00023690665103437837,0.04315842960486336
2853,49_44,0.0026161445029569833,0.0014948281,0.0026127283537230404,0.14054919756473092,0.00023690703539510787,0.04561942082103272
2854,49_45,0.002617337649748764,0.00152592,0.0026139183865071525,0.14057034745498578,0.00023690731806014573,0.047429270638239276
2855,49_46,0.0026173278370682147,0.0015256644,0.002613908599442608,0.1405701735403579,0.00023690731573544992,0.04741438606727115
2856,49_47,0.002617279234455098,0.0015243981,0.00261386012370521,0.14056931212756332,0.00023690730422113557,0.047340662170872606
2857,49_48,0.0026179560164603646,0.0015420283,0.0026145351387791217,0.14058130617013243,0.00023690746455579023,0.04836725319635136
2858,49_49,0.002618959529428172,0.0015681614,0.0026155360309530365,0.14059908676951396,0.00023690770229562236,0.04988945295740592
2859,49_5,0.0026191430072146807,0.0015729384,0.002615719029457081,0.1406023372005206,0.0002369077457629272,0.05016776509859611
2860,49_50,0.0026214647275017667,0.0016333574,0.002618034682030774,0.1406434548463391,0.00023690829579708523,0.053689515369505614
2861,49_51,0.002621552618242112,0.0016356435,0.002618122342967214,0.14064501091118872,0.00023690831661913163,0.05382283428838832
2862,49_52,0.002624920730899609,0.0017231954,0.002621481643384658,0.1407046154695165,0.00023690911455437528,0.058931826844456484
2863,49_53,0.002634992428452433,0.0019843357,0.0026315269222902146,0.14088254636521635,0.00023691150064334053,0.07420929320527207
2864,49_54,0.002639779767531691,0.0021081136,0.0026363016685201535,0.1409669617895808,0.00023691263482174073,0.08147106922243239
2865,49_55,0.00264249587901468,0.0021782399,0.0026390106252749974,0.14101480954170623,0.00023691327830374252,0.08559106007759425
2866,49_56,0.0026434960560372564,0.002204045,0.0026400081658019834,0.14103242062862614,0.00023691351525907835,0.08710819963993047
2867,49_57,0.0026432533138184026,0.002197783,0.0026397660635500936,0.1410281468412621,0.00023691345775017292,0.08673999099750063
2868,49_58,0.0026433506968531377,0.0022002952,0.0026398631898506835,0.14102986142578028,0.00023691348082152555,0.08688770850286431
2869,49_59,0.002643702587193972,0.0022093724,0.002640214152412635,0.1410360566668837,0.00023691356418910573,0.08742148077080572
2870,49_6,0.0026187567994606377,0.0015628828,0.002615333830519758,0.1405954950958882,0.00023690765426733645,0.04958193774032438
2871,49_60,0.0026443090500997374,0.0022250134,0.002640819016055409,0.14104673251461827,0.00023691370786843786,0.08834140679055764
2872,49_61,0.002645057737132613,0.0022443177,0.0026415657282708887,0.14105990973719507,0.00023691388524272526,0.08947706847018466
2873,49_62,0.0026446684812659322,0.0022342817,0.002641177499216911,0.14105305897387624,0.00023691379302262345,0.08888661751812066
2874,49_63,0.002644287950032883,0.0022244693,0.002640797971636281,0.14104636110790408,0.00023691370286954281,0.08830940071016329
2875,49_64,0.0026445578214427047,0.0022314284,0.0026410671312741964,0.14105111127744133,0.00023691376680578646,0.08871876083676326
2876,49_65,0.0026457501295528664,0.0022621655,0.0026422562938662004,0.14107209392570308,0.00023691404928016043,0.09052733848210934
2877,49_66,0.0026462300038336524,0.0022745326,0.002642734901755266,0.14108053713032215,0.0002369141629691467,0.09125524588239387
2878,49_7,0.0026182704106304474,0.0015502167,0.0026148487119790663,0.1405868772089077,0.00023690753903812768,0.04884414860869768
2879,49_8,0.0026177477462539524,0.0015366033,0.0026143274123696814,0.14057761539241234,0.00023690741521502882,0.04805133415135145
2880,49_9,0.0026172695113594983,0.0015241448,0.002613850425991189,0.14056913979811556,0.00023690730191766322,0.04732591348872006
2881,4_0,0.002625830150279893,0.001746816,0.0026223886814494834,0.14072070042625287,0.0002369093300042134,0.06031129876736685
2882,4_1,0.0026252226660158063,0.0017310386,0.002621782787974715,0.1407099562285342,0.0002369091860855671,0.05938982347875381
2883,4_10,0.0026231180560848523,0.00167635,0.0026196836864437827,0.14067272040951118,0.00023690868748466604,0.05619740161996063
2884,4_11,0.002623303629316596,0.0016811739,0.0026198687741514444,0.14067600446909312,0.00023690873144858085,0.05647889228134702
2885,4_12,0.002623120487794596,0.0016764132,0.00261968611179155,0.1406727634440932,0.00023690868806075917,0.05620109021005319
2886,4_13,0.002623702134045197,0.0016915317,0.0026202662361373805,0.1406830562170902,0.0002369088258578494,0.057083372564228796
2887,4_14,0.0026242278927114293,0.0017051947,0.0026207906188417426,0.14069235869171126,0.00023690895041475046,0.05788088066007333
2888,4_15,0.00262440062702949,0.001709683,0.002620962901037181,0.14069541468190802,0.00023690899133705997,0.05814289634508398
2889,4_16,0.00262410387096331,0.001701972,0.0026206669216954546,0.14069016443402804,0.0002369089210328901,0.057692755661783224
2890,4_17,0.0026247564316562873,0.0017189272,0.002621317774271308,0.14070170910046262,0.0002369090756303902,0.05868260608005329
2891,4_18,0.0026248926329585035,0.0017224655,0.0026214536190049343,0.1407041184400395,0.000236909107897717,0.058889205891256326
2892,4_19,0.002624687522595079,0.0017171369,0.0026212490456037434,0.14070049009835348,0.0002369090593052088,0.05857807992058071
2893,4_2,0.0026251683777042327,0.0017296284,0.0026217286418074174,0.14070899598372974,0.00023690917322416775,0.05930747511101302
2894,4_20,0.0026252340813592715,0.0017313351,0.0026217941734287633,0.140710158139996,0.00023690918878996686,0.059407139082689756
2895,4_21,0.002624583750154565,0.0017144409,0.0026211455448150876,0.140698654322191,0.0002369090347205788,0.05842067051061619
2896,4_22,0.002624320705643658,0.0017076064,0.002620883188844891,0.14069400074123506,0.00023690897240296582,0.058021665909286216
2897,4_23,0.0026243471486992603,0.0017082935,0.0026209095626867256,0.14069446856554368,0.00023690897866756306,0.05806177661458918
2898,4_24,0.0026237877389444354,0.0016937566,0.002620351617018963,0.14068457094657533,0.00023690884613840644,0.057213224156929955
2899,4_25,0.002624836160141171,0.0017209984,0.002621397294033015,0.14070311947154876,0.00023690909451879263,0.05880354390998903
2900,4_26,0.0026253285164291387,0.0017337879,0.0026218883612291596,0.14071182845902874,0.0002369092111625037,0.059550384905512746
2901,4_27,0.002641572950780876,0.0021544192,0.0026380901290239673,0.14099855468673053,0.0002369130596498899,0.08419109696597005
2902,4_28,0.002640218571828183,0.0021194478,0.002636739317423903,0.14097469411765184,0.00023691273878004561,0.08213667875284969
2903,4_29,0.0026393402699672356,0.0020967596,0.0026358633279818574,0.14095921638192715,0.00023691253069923763,0.0808044080939176
2904,4_3,0.002624981852799848,0.0017247832,0.002621542605262936,0.1407056966533685,0.000236909129034711,0.059024540884955456
2905,4_30,0.0026401741111872178,0.0021182995,0.0026366949738586567,0.1409739106999354,0.00023691272824675363,0.08206923769406416
2906,4_31,0.002639987271072638,0.0021134736,0.0026365086257182043,0.14097061839130548,0.00023691268398195645,0.08178582533479002
2907,4_32,0.0026404219896853346,0.0021247014,0.0026369421996071114,0.1409782783246649,0.00023691278697233217,0.08244523740977101
2908,4_33,0.002640528816463546,0.0021274602,0.0026370487450546897,0.14098016053019913,0.00023691281228096326,0.08260727985614125
2909,4_34,0.00264160095621676,0.0021551421,0.0026381180606759634,0.14099904798181292,0.0002369130662847435,0.08423357760067844
2910,4_35,0.002640551157860634,0.0021280372,0.0026370710276137892,0.1409805541619536,0.0002369128175739265,0.08264116887442015
2911,4_36,0.002640255866335875,0.002120411,0.0026367765137245377,0.14097535125786256,0.00023691274761558973,0.08219324971159025
2912,4_37,0.002640700610246832,0.0021318966,0.0026372200863915203,0.1409831872973215,0.0002369128529811151,0.08286786887118894
2913,4_38,0.00264100646575022,0.0021397942,0.002637525136302771,0.1409885757186671,0.00023691292544222606,0.08333181222728925
2914,4_39,0.0026410973996532404,0.002142142,0.0026376158306772386,0.14099017766964328,0.00023691294698564405,0.08346974723150921
2915,4_4,0.0026230692701032943,0.0016750818,0.002619635028097624,0.14067185702601584,0.00023690867592684344,0.05612339957728381
2916,4_40,0.002640198577067972,0.0021189314,0.0026367193753150187,0.14097434180152643,0.00023691273404303223,0.08210634928009526
2917,4_41,0.00264047563243545,0.0021260867,0.002636995701089302,0.14097922347497369,0.00023691279968098594,0.0825266065440303
2918,4_42,0.002640367987409574,0.0021233067,0.002636888339543194,0.14097732682675365,0.00023691277417850286,0.08236332292147282
2919,4_43,0.00263963524305324,0.0021043802,0.0026361575245396496,0.1409644148833264,0.00023691260058206822,0.0812518442262217
2920,4_44,0.002639586988866916,0.0021031336,0.002636109397390284,0.1409635644952324,0.00023691258915004373,0.08117864884833566
2921,4_45,0.0026401224126582534,0.0021169642,0.002636643411462064,0.14097299973606273,0.00023691271599871438,0.08199081769256863
2922,4_46,0.0026419620228606494,0.002164462,0.0026384781759739248,0.14100540759046154,0.0002369131518261647,0.08478126913699668
2923,4_47,0.0026431529832515763,0.0021951946,0.0026396659974782235,0.14102638031644932,0.00023691343398051263,0.08658780246606242
2924,4_48,0.0026432448933774526,0.0021975657,0.00263975766530779,0.14102799858390574,0.00023691345575525716,0.08672721827446353
2925,4_49,0.0026445768739268966,0.0022319197,0.0026410861335057073,0.14105144661943872,0.0002369137713195823,0.08874766099831036
2926,4_5,0.0026229714635191605,0.0016725392,0.002619537477390981,0.1406701260744441,0.00023690865275561622,0.05597503960210233
2927,4_50,0.002642722788051229,0.002184095,0.002639236936260025,0.14101880534081407,0.00023691333206151237,0.08593525182428437
2928,4_51,0.0026433662477839794,0.0022006964,0.0026398786997832136,0.14103013522094096,0.00023691348450575073,0.08691129725953246
2929,4_52,0.0026371722223750066,0.0020407226,0.002633700985203968,0.14092099552747717,0.00023691201706215267,0.07751575948376939
2930,4_53,0.0026395727128623947,0.0021027648,0.002636095158969212,0.1409633129058566,0.00023691258576787858,0.08115699399048353
2931,4_54,0.002638838188379807,0.0020837865,0.002635362567944849,0.1409503669782616,0.00023691241174984801,0.0800428150732678
2932,4_55,0.0026386662091143196,0.0020793423,0.002635191041295684,0.14094733551044283,0.00023691237100582893,0.07978194470563978
2933,4_56,0.002640219473308757,0.002119471,0.0026367402165306383,0.14097471000207842,0.00023691273899361783,0.08213804618262657
2934,4_57,0.0026401968191950118,0.002118886,0.0026367176220709696,0.14097431082697645,0.00023691273362656977,0.0821036828135064
2935,4_58,0.0026397731157173374,0.0021079418,0.002636295034218872,0.14096684456894565,0.00023691263324584187,0.08146097927786329
2936,4_59,0.002639611440308604,0.0021037653,0.002636133784459882,0.1409639954066059,0.00023691259494289818,0.08121573853216546
2937,4_6,0.0026233631685086017,0.0016827215,0.0026199281575609687,0.14067705809160005,0.00023690874555393573,0.0565692055575596
2938,4_60,0.002639753665114907,0.0021074393,0.0026362756348262484,0.14096650180238574,0.00023691262863774848,0.08143147522228844
2939,4_61,0.00263925161323357,0.002094469,0.002635774904623602,0.14095765385091252,0.0002369125096953474,0.08066992726194896
2940,4_62,0.002639105252314027,0.0020906874,0.002635628928959883,0.1409550742352542,0.0002369124750206172,0.08044791662142572
2941,4_63,0.0026400226783664057,0.0021143882,0.002636543939782666,0.14097124231502275,0.0002369126923703936,0.08183953363337863
2942,4_64,0.0026405479031094544,0.002127953,0.0026370677814343073,0.14098049681682384,0.00023691281680283428,0.08263623183660726
2943,4_65,0.0026395875386388316,0.0021031478,0.002636109945714849,0.14096357418397357,0.00023691258928029162,0.08117948278143458
2944,4_66,0.0026397039937199585,0.0021061562,0.0026362260942051057,0.1409656264648437,0.00023691261686996804,0.08135613012167937
2945,4_7,0.00262229691613663,0.0016550007,0.002618864694471936,0.1406581869595605,0.0002369084929495585,0.054951838211142245
2946,4_8,0.0026268003798534615,0.001772007,0.0026233563695689716,0.14073785682201848,0.00023690955986076313,0.061783011911523286
2947,4_9,0.0026232094236372998,0.0016787251,0.0026197748149512337,0.14067433734581794,0.00023690870913043393,0.056335994414438775
2948,50_0,0.0026211447509079276,0.0016250337,0.0026177155420002095,0.14063778951365813,0.0002369082199919878,0.05320415214022063
2949,50_1,0.0026218288814031606,0.001642829,0.002618397883745553,0.14064990179490705,0.0002369083820681811,0.05424188987733132
2950,50_10,0.0026144154020705888,0.0014497449,0.0026110037631238655,0.14051853580342885,0.00023690662575929713,0.04299659775790943
2951,50_11,0.0026151891331285815,0.0014699223,0.002611775476304484,0.14053225788321647,0.00023690680906138223,0.04417024799400977
2952,50_12,0.0026152236639930084,0.0014708226,0.002611809917099124,0.14053287022287864,0.00023690681724197927,0.04422262686231093
2953,50_13,0.0026147166497863367,0.0014576016,0.0026113042252615165,0.14052387873929958,0.00023690669712688774,0.043453551694370415
2954,50_14,0.0026154040453688454,0.0014755257,0.002611989827951616,0.14053606885783693,0.00023690685997556076,0.044496242147818776
2955,50_15,0.002616441062576803,0.0015025574,0.0026130241394807167,0.14055445502629646,0.00023690710565217864,0.04606926352053833
2956,50_16,0.002617378183300274,0.001526976,0.0026139588142448035,0.14057106584503903,0.00023690732766284088,0.04749075480875149
2957,50_17,0.00261591559601006,0.0014888615,0.002612500044041105,0.14054513918869352,0.0002369069811654479,0.045272198501950814
2958,50_18,0.0026140328841492105,0.0014397674,0.0026106222425826974,0.1405117508630264,0.0002369065351382844,0.04241636739995656
2959,50_19,0.0026154070325556536,0.0014756036,0.0026119928073460993,0.14053612182725067,0.0002369068606832458,0.044500773324985234
2960,50_2,0.0026216071855577924,0.0016370629,0.0026181767676043597,0.14064597698265213,0.0002369083295465829,0.0539056058693788
2961,50_20,0.002614595776945346,0.0014544493,0.002611183667637267,0.14052173498557557,0.00023690666849130392,0.04327020318211794
2962,50_21,0.0026131144817671593,0.0014158061,0.0026097062342559023,0.14049545791536464,0.00023690631756285812,0.041023269421796016
2963,50_22,0.0026133729124772024,0.0014225495,0.0026099639913837553,0.14050004300172583,0.0002369063787867339,0.041415275482202675
2964,50_23,0.002613012374643573,0.0014131416,0.0026096043932493256,0.14049364624360616,0.00023690629337303672,0.040868386082855326
2965,50_24,0.0026131546154887155,0.0014168534,0.0026097462633759816,0.14049616998913078,0.00023690632707079048,0.041084147101829414
2966,50_25,0.0026139414248173777,0.0014373816,0.0026105310217010773,0.14051012849770972,0.000236906513470972,0.04227763538798612
2967,50_26,0.0026136669811892463,0.001430222,0.0026102572935447514,0.14050526000922273,0.0002369064484534978,0.041861339795835305
2968,50_27,0.0026255834945941433,0.0017404103,0.0026221426717131764,0.1407163381808343,0.00023690927156918735,0.05993715390032861
2969,50_28,0.0026249294112970912,0.0017234209,0.002621490301056401,0.1407047690178905,0.00023690911661084058,0.058944993888029276
2970,50_29,0.0026235735012477687,0.0016881885,0.0026201379399427003,0.14068078007141765,0.00023690879538360637,0.05688825319876898
2971,50_3,0.0026210798071281847,0.0016233441,0.002617650768000393,0.1406366395976173,0.00023690820460627303,0.0531056408013761
2972,50_30,0.0026240096948595116,0.0016995247,0.002620572992068331,0.14068849817469195,0.000236908898721732,0.057549902657090965
2973,50_31,0.0026233574984778378,0.0016825742,0.0026199225023658197,0.14067695775381028,0.00023690874421065586,0.056560604852086985
2974,50_32,0.0026235050800131657,0.0016864102,0.0026200696977441863,0.14067956933341963,0.00023690877917401465,0.05678446700934785
2975,50_33,0.0026230389662871296,0.001674294,0.0026196048035620517,0.14067132072279587,0.00023690866874760658,0.05607743259608426
2976,50_34,0.0026238794164548606,0.0016961391,0.0026204430546123603,0.14068619309070704,0.00023690886785762065,0.0573522871176884
2977,50_35,0.002624976076206418,0.0017246332,0.002621536843793243,0.14070559447206527,0.00023690912766618325,0.059015778537661136
2978,50_36,0.0026249538303901765,0.0017240553,0.0026215146562186074,0.1407052009677185,0.00023690912239594642,0.058982034503200255
2979,50_37,0.0026247192121148315,0.0017179602,0.0026212806521656467,0.14070105068899635,0.00023690906681274324,0.05862614883542534
2980,50_38,0.002624306350697314,0.0017072334,0.0026208688714718232,0.14069374677558433,0.00023690896900215025,0.057999891306868535
2981,50_39,0.0026241057749484173,0.0017020215,0.0026206688206973816,0.1406901981208543,0.00023690892148396116,0.05769564376165661
2982,50_4,0.0026185894471442684,0.001558525,0.002615166915299789,0.14059253005147507,0.00023690761462029505,0.049328085857826665
2983,50_40,0.0026251100480369645,0.0017281133,0.002621670464862728,0.14070796424110837,0.00023690915940533492,0.0592189965278493
2984,50_41,0.0026155414773455874,0.0014791087,0.0026121269014164443,0.14053850578808236,0.00023690689253414108,0.04470470873357257
2985,50_42,0.0026143154803573146,0.0014471387,0.002610904101961291,0.1405167634987059,0.00023690660208718238,0.04284502940458523
2986,50_43,0.002615866613152527,0.0014875847,0.0026124511889830844,0.1405442707225667,0.00023690696956106728,0.04519789782380954
2987,50_44,0.002617087419984082,0.0015194005,0.0026136688099373975,0.14056591238187774,0.0002369072587788907,0.04704970435436806
2988,50_45,0.002618226354380579,0.0015490693,0.002614804770778176,0.14058609656279566,0.00023690752860087015,0.04877732095905714
2989,50_46,0.002618149803040993,0.0015470756,0.0026147284193410126,0.14058474010535776,0.00023690751046528217,0.048661202448818844
2990,50_47,0.0026183246505395714,0.0015516293,0.00261490281024284,0.140587838290293,0.0002369075518879714,0.04892642355616417
2991,50_48,0.0026190726980349142,0.0015711079,0.002615648903943598,0.1406010916446731,0.0002369077291061385,0.05006111513982745
2992,50_49,0.0026199800563952718,0.0015947274,0.0026165538916647487,0.1406171641481208,0.00023690794406644466,0.05143746076129432
2993,50_5,0.002617126162437149,0.00152041,0.002613707451261991,0.14056659907182198,0.00023690726795725923,0.047108471659517905
2994,50_50,0.0026223065504141435,0.0016552513,0.0026188743035515435,0.1406583574954176,0.0002369084952320007,0.054966452167711566
2995,50_51,0.0026222562707977873,0.0016539438,0.002618824155437654,0.14065746749386007,0.00023690848332033273,0.05489018447366192
2996,50_52,0.0026223946707717408,0.0016575427,0.0026189621934310614,0.1406599172899143,0.00023690851610846294,0.05510011938635415
2997,50_53,0.0026217274104102513,0.0016401899,0.002618296678091416,0.14064810542169232,0.00023690835802885356,0.05408797146659268
2998,50_54,0.002622213289225802,0.0016528261,0.0026187812862786685,0.1406567066662215,0.00023690847313763392,0.054824986971782154
2999,50_55,0.002620783855113242,0.0016156443,0.0026173555896278427,0.1406313991316456,0.00023690813449282291,0.05265671976011248
3000,50_56,0.0026209331178658744,0.0016195278,0.0026175044622065136,0.14063404219877276,0.00023690816985438582,0.052883132107216825
3001,50_57,0.0026294419359684075,0.0018405452,0.0026259910015518618,0.14078454548044644,0.00023691018567148622,0.06578991188788094
3002,50_58,0.0026387805784054198,0.0020822978,0.002635305109592102,0.14094935150556978,0.0002369123981013304,0.07995542817139381
3003,50_59,0.0026429694703595814,0.00219046,0.002639482968343438,0.14102314908044442,0.0002369133905038472,0.08630943707437737
3004,50_6,0.0026167955630688566,0.0015117957,0.002613377714801112,0.14056073915006823,0.00023690718963587904,0.04660699505127965
3005,50_60,0.0026447962943682325,0.0022375772,0.0026413049751794044,0.14105530851301976,0.00023691382330331227,0.08908049351177709
3006,50_61,0.0026445667517132738,0.0022316587,0.0026410760379903995,0.141051268458971,0.0002369137689214905,0.088732306905586
3007,50_62,0.0026443466460137,0.002225983,0.0026408565128156446,0.1410473942789215,0.0002369137167754254,0.08839843494374193
3008,50_63,0.002640068894250828,0.0021155819,0.002636590033976307,0.14097205669208132,0.00023691270331952348,0.0819096371701356
3009,50_64,0.002640044105057041,0.0021149416,0.0026365653100550684,0.1409716198791525,0.00023691269744664862,0.0818720351599275
3010,50_65,0.0026408890336173754,0.002136762,0.002637408013485168,0.14098650690290349,0.00023691289762103757,0.08315368282558637
3011,50_66,0.002641500715260248,0.0021525545,0.0026380180838134165,0.14099728229517627,0.00023691304253635232,0.0840815249965317
3012,50_7,0.0026160079772749594,0.0014912696,0.0026125921842706855,0.1405467770789871,0.0002369070030512155,0.0454123289674925
3013,50_8,0.002616177282148214,0.0014956825,0.002612761047382398,0.14054977869967775,0.000236907043160729,0.045669142626987735
3014,50_9,0.0026153896854869334,0.0014751513,0.0026119755055285243,0.14053581422487776,0.00023690685657360626,0.044474460058781064
3015,51_0,0.0026209634197903076,0.0016203162,0.0026175346849187813,0.14063457875716226,0.0002369081770331594,0.052929096218904445
3016,51_1,0.0026213616863108515,0.001630677,0.0026179319102471697,0.14064163050526696,0.00023690827138577356,0.053533215170882185
3017,51_10,0.0026144106663372304,0.0014496214,0.002610999039739385,0.14051845180706857,0.00023690662463737053,0.0429894142611154
3018,51_11,0.0026148847284533654,0.0014619847,0.002611471865582518,0.14052685960684988,0.00023690673694585295,0.043708505357150075
3019,51_12,0.0026150318524460875,0.0014658212,0.0026116186058555467,0.140529468738837,0.00023690677180052055,0.04393167348128131
3020,51_13,0.0026146906338449013,0.0014569231,0.0026112782771666593,0.14052341733628246,0.00023690669096353706,0.0434140888661787
3021,51_14,0.0026151619472016318,0.0014692134,0.0026117483612880616,0.14053177578833675,0.0002369068026208511,0.04412901044867183
3022,51_15,0.0026143454158548927,0.0014479195,0.0026109339594016534,0.14051729446737923,0.0002369066091790995,0.042890437693986885
3023,51_16,0.0026140292335692025,0.0014396722,0.0026106186015205386,0.14051168610738446,0.00023690653427343815,0.042410829940856584
3024,51_17,0.002613713598121658,0.0014314381,0.002610303788952567,0.14050608699371997,0.00023690645949734997,0.041932051670673334
3025,51_18,0.0026135622065581055,0.0014274884,0.0026101527920402677,0.1405034012709377,0.00023690642363171337,0.041702410191930286
3026,51_19,0.0026144447361345817,0.00145051,0.0026110330206959823,0.14051905609113607,0.00023690663270873135,0.043041093750122175
3027,51_2,0.0026205441727742192,0.0016094078,0.0026171165337738936,0.14062715475053517,0.0002369080777101339,0.05229315256079019
3028,51_20,0.0026141225213183964,0.0014421056,0.0026107116460442874,0.14051334086873102,0.00023690655637391655,0.04255233542617418
3029,51_21,0.0026134799149372056,0.0014253414,0.002610070714929625,0.14050194135404495,0.00023690640413630057,0.04157758441519519
3030,51_22,0.0026139240383551117,0.001436928,0.002610513680567368,0.140509820080993,0.00023690650935200586,0.04225126236685384
3031,51_23,0.0026134183819654113,0.0014237359,0.0026100093423519414,0.14050084969149,0.00023690638955874594,0.041484246832157366
3032,51_24,0.002613662545774348,0.0014301062,0.0026102528696923203,0.1405051813244365,0.00023690644740271944,0.04185461184341719
3033,51_25,0.0026141245251915636,0.0014421579,0.0026107136446927408,0.14051337641349865,0.00023690655684864721,0.04255537504335294
3034,51_26,0.002613262456719574,0.0014196674,0.0026098538235297284,0.1404980833291283,0.00023690635261906177,0.04124772834204293
3035,51_27,0.00262444705853565,0.0017108894,0.002621009211006354,0.14069623611831725,0.0002369090023371015,0.05821332695221102
3036,51_28,0.0026245507135676783,0.0017135825,0.0026211125947079726,0.14069806988149136,0.000236909026893913,0.05837055826864344
3037,51_29,0.002623783425261651,0.0016936444,0.002620347314624739,0.14068449461923024,0.00023690884511645685,0.057206680856430124
3038,51_3,0.0026200254660899746,0.0015959092,0.0026165991826968223,0.1406179684153072,0.0002369079548243623,0.05150634141221104
3039,51_30,0.0026235656808201867,0.0016879853,0.002620130139978866,0.1406806416872505,0.0002369087935308783,0.05687639061863479
3040,51_31,0.002622614270437484,0.0016632526,0.0026191812187020525,0.14066380421111072,0.00023690856813349959,0.05543322376013506
3041,51_32,0.0026222044521476864,0.0016525963,0.0026187724723126127,0.14065655023783893,0.00023690847104405524,0.0548115822638934
3042,51_33,0.0026226877057419305,0.0016651619,0.0026192544619151135,0.14066510396972493,0.00023690858553095304,0.05554461564690385
3043,51_34,0.0026232642895819675,0.0016801513,0.0026198295373460983,0.1406753082931491,0.0002369087221286544,0.05641921897709281
3044,51_35,0.002624912619660931,0.0017229847,0.0026214735533815646,0.14070447198873906,0.0002369091126327489,0.05891952314139175
3045,51_36,0.0026251743295093834,0.001729783,0.0026217345780289694,0.14070910125915753,0.000236909174634205,0.059316503231893594
3046,51_37,0.0026249185484809984,0.0017231387,0.0026214794666797234,0.14070457686445326,0.00023690911403734043,0.058928516396864694
3047,51_38,0.0026239739955517534,0.001698597,0.0026205373861901073,0.14068786653578627,0.00023690889026424847,0.05749575141093573
3048,51_39,0.0026240893514421887,0.0017015947,0.002620652440175241,0.14068990754251712,0.00023690891759308602,0.05767073142065158
3049,51_4,0.0026174164876573095,0.0015279739,0.0026139970186058463,0.14057174471946285,0.00023690733673742393,0.04754885757871748
3050,51_40,0.0026264775161842376,0.0017636252,0.0026230343517243604,0.1407321481530009,0.0002369094833712857,0.06129326936119099
3051,51_41,0.0026144158528807132,0.0014497567,0.0026110042127584585,0.14051854379931494,0.00023690662586609704,0.042997281578732324
3052,51_42,0.002614179098967888,0.0014435814,0.0026107680761769023,0.14051434443790523,0.00023690656977753304,0.04263815642430728
3053,51_43,0.0026159577689824983,0.0014899608,0.00261254210697956,0.14054588690682027,0.00023690699115651968,0.045336169462594
3054,51_44,0.0026176397785113307,0.0015337908,0.002614219726515648,0.14057570200752395,0.00023690738963667138,0.047887561009107314
3055,51_45,0.002618266552997051,0.0015501162,0.002614844864419614,0.140586808854678,0.00023690753812422523,0.04883829707630838
3056,51_46,0.0026181265332350413,0.0015464695,0.0026147052102995384,0.14058432776894816,0.00023690750495249043,0.048625905154019475
3057,51_47,0.0026187716069860693,0.0015632684,0.0026153485993690557,0.1405957574403146,0.0002369076577753526,0.04960439884685428
3058,51_48,0.0026197739423911874,0.0015893627,0.0026163483162429833,0.1406135134725824,0.00023690789523640474,0.05112481239716473
3059,51_49,0.0026200633707250303,0.0015968957,0.002616636988279572,0.1406186397505724,0.00023690796380427206,0.05156383785548115
3060,51_5,0.002616513025571566,0.0015044329,0.002613095914677326,0.14055573073884056,0.00023690712270072405,0.04617842210338452
3061,51_50,0.00262229100665302,0.0016548471,0.002618858800444199,0.14065808235588345,0.00023690849154955166,0.05494287428658069
3062,51_51,0.002622349591711477,0.0016563705,0.0026189172322756784,0.14065911936210948,0.0002369085054288499,0.0550317402652432
3063,51_52,0.002620832916382418,0.0016169208,0.002617404522652936,0.14063226789418895,0.00023690814611583696,0.052731139378605005
3064,51_53,0.0026201232257355564,0.0015984535,0.0026166966868742107,0.14061969983932004,0.00023690797798440113,0.05165463018766232
3065,51_54,0.0026226916997213203,0.0016652658,0.0026192584454469356,0.14066517465994421,0.00023690858647716105,0.05555067399858231
3066,51_55,0.002620964627936888,0.0016203476,0.002617535889907131,0.14063460014981588,0.00023690817731937918,0.05293092882146695
3067,51_56,0.002620450844360837,0.0016069793,0.0026170234492881744,0.14062550198704984,0.00023690805559987993,0.052151585393142595
3068,51_57,0.0026198869850771224,0.001592305,0.002616461063550089,0.14061551569985195,0.00023690792201711106,0.05129628357396001
3069,51_58,0.002620574362838792,0.0016101934,0.0026171466449303963,0.14062768938137968,0.0002369080848624042,0.05233894699549424
3070,51_59,0.002622833069006737,0.0016689412,0.0026193994449242274,0.14066767673601024,0.000236908619968761,0.05576511297384741
3071,51_6,0.002616083532696313,0.001493239,0.0026126675425513285,0.14054811662364555,0.00023690702095082459,0.04552693679820337
3072,51_60,0.0026235561897368447,0.0016877386,0.0026201206737308026,0.140680473740095,0.0002369087912823572,0.05686199386915689
3073,51_61,0.0026290434998099015,0.0018302117,0.002625593610231591,0.1407775052620917,0.00023691009127792072,0.06518553561699107
3074,51_62,0.0026390972415356612,0.0020904804,0.0026356209392671254,0.14095493304227522,0.00023691247312276388,0.08043576530370018
3075,51_63,0.002645788468602903,0.0022631537,0.002642294531747624,0.14107276852435027,0.0002369140583632202,0.09058549387688401
3076,51_64,0.0026438897437198318,0.0022141996,0.0026404008154395,0.14103935144502514,0.00023691360852902947,0.0877053730851877
3077,51_65,0.002642011790757913,0.0021657466,0.0026385278127315248,0.14100628412632274,0.0002369131636168344,0.08485676061917218
3078,51_66,0.002642567672491508,0.0021800925,0.0026390822295352923,0.14101607382785397,0.0002369132953125711,0.0856999615235928
3079,51_7,0.002615935912016867,0.0014893911,0.0026125203070414085,0.1405454993883236,0.00023690698597845177,0.04530301526436418
3080,51_8,0.0026159995496106217,0.0014910499,0.0026125837785956254,0.14054662766079903,0.0002369070010546428,0.04539954528750769
3081,51_9,0.002616057847092541,0.0014925695,0.0026126419239675827,0.1405476612388037,0.0002369070148657248,0.04548797504964739
3082,52_0,0.002620997221256499,0.0016211956,0.0026175683980235887,0.1406351772772894,0.00023690818504100327,0.052980368684144706
3083,52_1,0.0026211750597477036,0.0016258222,0.002617745771603362,0.140638326165465,0.00023690822717240117,0.05325012674159098
3084,52_10,0.002613968482059297,0.0014380874,0.0026105580084009785,0.1405106084606865,0.0002369065198810089,0.04231867773472757
3085,52_11,0.002614573605476942,0.001453871,0.0026111615539868745,0.1405213417538232,0.00023690666323873525,0.043236571923738865
3086,52_12,0.002615266276795966,0.0014719337,0.0026118524187498534,0.1405336258729891,0.000236906827337243,0.04428726498913207
3087,52_13,0.0026148183010264057,0.0014602524,0.002611405611400407,0.1405256815347826,0.0002369067212087485,0.043607743516805894
3088,52_14,0.0026150416476122154,0.0014660766,0.002611628375473764,0.140529642445158,0.00023690677412106174,0.043946531485131855
3089,52_15,0.002614340104477312,0.001447781,0.002610928661873627,0.14051720025928394,0.00023690660792079904,0.04288238101914175
3090,52_16,0.002613454509153962,0.0014246785,0.0026100453753704882,0.14050149062961215,0.0002369063981175079,0.04153904711829526
3091,52_17,0.00261306815208496,0.0014145972,0.002609660025321867,0.14049463590046815,0.00023690630658706398,0.04095299326848689
3092,52_18,0.002614013961882529,0.0014392738,0.002610603369650303,0.14051141521063112,0.0002369065306554758,0.042387664761579916
3093,52_19,0.0026138090656902327,0.0014339287,0.0026103990076422126,0.14050778055778304,0.0002369064821142347,0.04207686366088694
3094,52_2,0.0026205284202122725,0.0016089979,0.002617100822384214,0.14062687578939087,0.00023690807397822475,0.052269257955737204
3095,52_20,0.00261388614644182,0.0014359396,0.00261047588744172,0.14050914791536773,0.00023690650037516513,0.04219378522085933
3096,52_21,0.002613956544350092,0.001437776,0.0026105461018151427,0.14051039670047233,0.00023690651705288778,0.04230056976932843
3097,52_22,0.0026143642378568866,0.0014484104,0.0026109527323245657,0.14051762831287362,0.0002369066136381562,0.042918988243761905
3098,52_23,0.002613857247030257,0.0014351857,0.0026104470633725755,0.14050863526357377,0.00023690649352870678,0.04214994854033094
3099,52_24,0.0026136670615087014,0.001430224,0.0026102573736548253,0.14050526143409858,0.00023690644847252601,0.041861461630090704
3100,52_25,0.0026136886005977186,0.001430786,0.0026102788565943594,0.14050564353881176,0.00023690645357527516,0.041894133650490065
3101,52_26,0.0026130910781488443,0.0014151954,0.0026096828916342568,0.14049504267257795,0.00023690631201839316,0.04098776915089815
3102,52_27,0.0026244376225191116,0.0017106442,0.0026209997996892746,0.1406960691831566,0.00023690900010162427,0.05819901373197282
3103,52_28,0.002623811224674794,0.0016943669,0.002620375041288735,0.14068498650728586,0.00023690885170238378,0.05724884898120948
3104,52_29,0.0026238190771887262,0.001694571,0.0026203828732530403,0.14068512545051493,0.00023690885356271384,0.05726076023219875
3105,52_3,0.0026193465451058193,0.0015782373,0.002615922035625374,0.14060594283113512,0.00023690779398263508,0.050476505831596796
3106,52_30,0.0026235164520759338,0.0016867057,0.0026200810400502923,0.14067977056756703,0.00023690878186815616,0.05680171696204752
3107,52_31,0.002622766234220911,0.0016672036,0.0026193327849740947,0.1406664938473404,0.00023690860413502467,0.055663733222634446
3108,52_32,0.002622632211548389,0.0016637191,0.0026191991128832613,0.14066412175971926,0.0002369085723839025,0.05546043811172581
3109,52_33,0.0026233206256612903,0.0016816157,0.0026198857260260806,0.14067630524288582,0.00023690873547516336,0.05650467354443265
3110,52_34,0.0026233938657120063,0.0016835195,0.0026199587744446984,0.1406776013117988,0.0002369087528263718,0.05661576925647225
3111,52_35,0.0026251246493798263,0.0017284926,0.0026216850279757093,0.14070822251297124,0.0002369091628645268,0.05924114488200942
3112,52_36,0.0026249674852837023,0.00172441,0.002621528275362416,0.14070544250823064,0.00023690912563091528,0.059002747215770056
3113,52_37,0.002624903083385773,0.001722737,0.002621464042072716,0.14070430329992226,0.00023690911037351842,0.058905057841757015
3114,52_38,0.002624314137484333,0.0017074357,0.0026208766378773844,0.14069388453841833,0.00023690897084690997,0.05801170285860735
3115,52_39,0.002625772227330698,0.0017453118,0.0026223309101961138,0.14071967605077648,0.00023690931628172668,0.06022343712307006
3116,52_4,0.0026171649054622438,0.0015214194,0.002613746093155627,0.14056728576509425,0.00023690727713576362,0.04716723983236051
3117,52_40,0.0026254738867252034,0.0017375636,0.0026220333508692488,0.14071439961551457,0.00023690924560206838,0.059770892897967796
3118,52_41,0.002614294560972186,0.0014465931,0.002610883237123213,0.14051639244723022,0.00023690659713124197,0.04281329739506816
3119,52_42,0.002614276132234639,0.0014461124,0.002610864856438022,0.14051606557123944,0.00023690659276535253,0.042785343376744576
3120,52_43,0.0026163170684015548,0.0014993259,0.0026129004688746535,0.14055225688412534,0.00023690707627707928,0.0458811803467384
3121,52_44,0.0026173399420605726,0.0015259797,0.002613920672834867,0.14057038808261402,0.00023690731860321118,0.04743274777964146
3122,52_45,0.0026180398163607862,0.001544211,0.0026146187198644363,0.14058279114127387,0.000236907484408613,0.04849436683861654
3123,52_46,0.002617325075582762,0.0015255924,0.0026139058451659964,0.14057012459720872,0.0002369073150812338,0.04741019724995539
3124,52_47,0.002618753289838983,0.0015627914,0.0026153303300649367,0.14059543291589455,0.00023690765343588023,0.04957661409686835
3125,52_48,0.0026194598824419756,0.0015811877,0.0026160350768609543,0.14060795049666383,0.00023690782083313487,0.05064842395478024
3126,52_49,0.002619386823482874,0.0015792858,0.002615962208774221,0.14060665633180036,0.00023690780352489673,0.050537602935366265
3127,52_5,0.0026158555287196105,0.0014872957,0.0026124401334698543,0.1405440741940451,0.00023690696693508788,0.04518108416850168
3128,52_50,0.002621745345470162,0.0016406564,0.0026183145662532817,0.14064842293514318,0.00023690836227781918,0.05411517663960623
3129,52_51,0.0026223123659175162,0.0016554025,0.0026188801038447523,0.14065846043514435,0.00023690849660974286,0.05497527353637181
3130,52_52,0.0026218513738496597,0.001643414,0.0026184203173746632,0.140650299979524,0.00023690838739683027,0.05427600801808694
3131,52_53,0.0026220574180916803,0.0016487726,0.0026186258227908544,0.14065394748189572,0.00023690843621044442,0.05458855056216194
3132,52_54,0.0026221648378702395,0.0016515661,0.0026187329616394464,0.14065584900654693,0.00023690846165909754,0.05475149251358715
3133,52_55,0.0026203228268458167,0.001603648,0.0026168957663518394,0.1406232348461663,0.0002369080252715013,0.05195739933175005
3134,52_56,0.002620267521236318,0.0016022087,0.0026168406052806295,0.14062225538216822,0.00023690801216915894,0.05187350785424627
3135,52_57,0.0026202918254993267,0.0016028412,0.0026168648460261055,0.1406226858130989,0.00023690801792703364,0.051910374286999426
3136,52_58,0.002621466311818463,0.0016333986,0.0026180362622050977,0.14064348289624176,0.000236908296172423,0.0536919185736231
3137,52_59,0.002624045224416865,0.001700448,0.0026206084286391497,0.1406891268044346,0.00023690890713900048,0.05760379641377256
3138,52_6,0.0026152527838574076,0.0014715819,0.002611838961006786,0.1405333866044648,0.00023690682414067375,0.04426679794136277
3139,52_60,0.002624948268965496,0.0017239108,0.0026215091093541743,0.14070510259180238,0.00023690912107839416,0.05897359853915063
3140,52_61,0.002624722102368583,0.0017180353,0.0026212835348531486,0.1407011018176367,0.00023690906749747052,0.05863053297764509
3141,52_62,0.00262441832494013,0.0017101428,0.0026209805526228322,0.1406957277831337,0.00023690899552985417,0.058169741793236085
3142,52_63,0.002629562640379083,0.0018436754,0.0026261113894024087,0.14078667814131038,0.00023691021426759228,0.06597300491306654
3143,52_64,0.002630064995818216,0.0018567012,0.0026266124272054043,0.14079555328304602,0.0002369103332807569,0.06673501333143647
3144,52_65,0.0026314708478119074,0.0018931411,0.0026280145904330554,0.1408203845138432,0.0002369106663418554,0.06886750950988656
3145,52_66,0.0026414489998421984,0.0021512194,0.0026379665046404556,0.14099637134035828,0.0002369130302842956,0.08400307937647185
3146,52_7,0.00261511502323146,0.0014679899,0.002611701559710497,0.14053094366587293,0.00023690679150424366,0.04405783283714655
3147,52_8,0.00261614769644241,0.0014949114,0.0026127315388756425,0.140549254181534,0.00023690703615166704,0.04562426492659881
3148,52_9,0.00261591385426257,0.0014888161,0.0026124983068379908,0.14054510830769512,0.00023690698075281574,0.045269556495621546
3149,53_0,0.0026188244801903745,0.0015646451,0.0026154013344707795,0.14059669418497378,0.00023690767030141993,0.049684600679358225
3150,53_1,0.002620740656003509,0.0016145203,0.0026173125034367733,0.14063063416547844,0.00023690812425860262,0.05259119228152187
3151,53_10,0.002614407488356964,0.0014495385,0.0026109958700459937,0.14051839544007622,0.00023690662388448593,0.042984593674877655
3152,53_11,0.0026148126762006096,0.0014601058,0.0026114000012441344,0.14052558177913005,0.00023690671987618947,0.04359921138144003
3153,53_12,0.0026152651784270933,0.001471905,0.0026118513232460143,0.14053360639578766,0.00023690682707703194,0.04428559890519566
3154,53_13,0.0026151946650014085,0.0014700665,0.002611780993748137,0.14053235598089742,0.00023690681037192058,0.04417863913170805
3155,53_14,0.002614862282223238,0.0014613994,0.002611449477893366,0.1405264615314021,0.00023690673162818986,0.043674457320670254
3156,53_15,0.0026141859185382877,0.0014437593,0.0026107748779661834,0.14051446540183876,0.00023690657139313403,0.04264850083316531
3157,53_16,0.0026139839721547996,0.0014384915,0.0026105734581113055,0.1405108832348793,0.00023690652355071358,0.04234217421203255
3158,53_17,0.0026134712544554992,0.0014251154,0.002610062077022877,0.14050178770862143,0.000236906402084577,0.041564447581285434
3159,53_18,0.0026148825900711306,0.001461929,0.002611469732777321,0.140526821683544,0.0002369067364392558,0.043705261707061994
3160,53_19,0.002614363920956993,0.0014484022,0.0026109524162510034,0.14051762269203952,0.00023690661356308052,0.04291850754749049
3161,53_2,0.002620127229239445,0.0015985577,0.0026167006799158303,0.14061977074457482,0.00023690797893286314,0.05166070298677709
3162,53_20,0.0026142194275228865,0.0014446334,0.0026108082995799104,0.14051505977324352,0.00023690657933163282,0.04269932964154677
3163,53_21,0.002613947726099631,0.001437546,0.0026105373065550704,0.14051024027518658,0.0002369065149637868,0.04228719362056381
3164,53_22,0.002614124627839896,0.0014421606,0.0026107137470734376,0.14051337823427762,0.0002369065568729653,0.04255553074763583
3165,53_23,0.002613544153314093,0.0014270174,0.0026101347858563744,0.14050308099508702,0.00023690641935478394,0.04167502574887507
3166,53_24,0.0026133001923835824,0.001420652,0.002609891460836865,0.14049875283009097,0.0002369063615588805,0.04130496847802476
3167,53_25,0.002612967889159891,0.0014119807,0.002609560023702831,0.14049285692934213,0.00023690628283414589,0.04080090734087207
3168,53_26,0.0026131919882275215,0.0014178286,0.0026097835387078857,0.14049683306948862,0.00023690633592462893,0.04114083672708091
3169,53_27,0.0026248123605411996,0.0017203802,0.0026213735567392686,0.14070269846733538,0.000236909088880451,0.05876744298598311
3170,53_28,0.002624454899505808,0.0017110931,0.0026210170314521354,0.1406963748347683,0.00023690900419469797,0.05822522069278406
3171,53_29,0.002623720884375104,0.001692019,0.002620284937400568,0.140683387996232,0.00023690883029996808,0.05711181439669133
3172,53_3,0.0026190822623694395,0.0015713569,0.0026156584432938256,0.14060126108208362,0.00023690773137200328,0.05007562300190358
3173,53_30,0.002623676149874398,0.0016908564,0.002620240319962568,0.14068259643557315,0.00023690881970197007,0.05704395792799559
3174,53_31,0.0026229116197384683,0.0016709834,0.002619477790166389,0.1406690669558493,0.0002369086385781072,0.055884264304131646
3175,53_32,0.002622489062174513,0.001659997,0.002619056337945318,0.1406615880475227,0.00023690853847059114,0.055243298971824825
3176,53_33,0.0026218572465360325,0.0016435668,0.002618426174703972,0.14065040394353248,0.00023690838878811894,0.054284916125984496
3177,53_34,0.002622454905732821,0.0016591089,0.0026190222708436456,0.14066098347238082,0.0002369085303786386,0.05519148805452758
3178,53_35,0.0026241404232381026,0.0017029218,0.002620703378303654,0.14069081114322718,0.00023690892969245022,0.05774820074893228
3179,53_36,0.0026247291913454878,0.0017182195,0.0026212906052721432,0.14070122722160464,0.00023690906917691346,0.058641286041428486
3180,53_37,0.0026257534803106218,0.0017448249,0.0026223122122723515,0.14071934450385534,0.00023690931184038304,0.06019500031119449
3181,53_38,0.0026254257473050232,0.0017363133,0.002621985337505745,0.14071354818678283,0.00023690923419739492,0.05969787160552187
3182,53_39,0.002628982162401456,0.0018286208,0.0026255324336571448,0.1407764213894612,0.00023691007674647013,0.06509249467833414
3183,53_4,0.002617202062843897,0.0015223875,0.0026137831535434455,0.1405679443475369,0.0002369072859386179,0.047223602788584174
3184,53_40,0.002621429913054764,0.0016324518,0.0026179999586093913,0.14064283846301473,0.00023690828754925405,0.05363670634300703
3185,53_41,0.002614306446661668,0.0014469031,0.002610895091820953,0.14051660326641538,0.00023690659994704023,0.042831326453256935
3186,53_42,0.0026142569939783264,0.0014456132,0.0026108457680837555,0.14051572610866947,0.00023690658823137347,0.042756313109951094
3187,53_43,0.002616766399266438,0.0015110357,0.002613348627114798,0.14056022219363273,0.00023690718272676467,0.0465627573239189
3188,53_44,0.0026177916961488013,0.0015377481,0.002614371247514216,0.14057839424939064,0.00023690742562708505,0.04811800047414252
3189,53_45,0.0026171894669866236,0.0015220593,0.0026137705905659434,0.14056772109756605,0.00023690728295456756,0.047204496497437985
3190,53_46,0.002616040535914621,0.0014921182,0.0026126246579583922,0.14054735432402393,0.00023690701076458536,0.04546171622515942
3191,53_47,0.0026179214093882994,0.0015411269,0.0026145006220696866,0.1405806929082825,0.0002369074563571167,0.04831475873089062
3192,53_48,0.002619671557843809,0.0015866978,0.0026162461992139093,0.1406116999737411,0.00023690787098069836,0.0509695082421068
3193,53_49,0.002619629436965658,0.0015856014,0.0026162041883894356,0.1406109538887387,0.00023690786100193098,0.050905616301780296
3194,53_5,0.0026157491125087745,0.0014845217,0.0026123339948965446,0.14054218739158444,0.00023690694172434748,0.045019664499894675
3195,53_50,0.0026216350559648775,0.0016377878,0.0026182045651368465,0.14064647040112052,0.00023690833614931458,0.05394788168281224
3196,53_51,0.002622098293136885,0.0016498356,0.0026186665909388013,0.14065467105038484,0.00023690844589408766,0.05465055273457011
3197,53_52,0.002622681432699103,0.0016649988,0.0026192482052814626,0.14066499294177226,0.00023690858404481536,0.0555351002498945
3198,53_53,0.0026227637043297163,0.0016671378,0.002619330261700853,0.14066644907116424,0.00023690860353567166,0.055659895703942655
3199,53_54,0.002621902657347304,0.0016447478,0.0026184714667648965,0.14065120784463214,0.00023690839954632132,0.054353798470592095
3200,53_55,0.002619002207415253,0.0015692726,0.002615578597459252,0.14059984285205393,0.00023690771240636644,0.04995418996013612
3201,53_56,0.0026202953461244476,0.0016029328,0.0026168683574502643,0.14062274816350037,0.00023690801876109793,0.05191571462129474
3202,53_57,0.0026207432823817226,0.0016145887,0.0026173151229499183,0.14063068067340204,0.00023690812488081297,0.05259517615857945
3203,53_58,0.002623835499007827,0.0016949978,0.0026203992520968836,0.14068541601905396,0.0002369088574531882,0.057285670014048405
3204,53_59,0.0026245193890112534,0.0017127687,0.0026210813521487394,0.1406975157232748,0.00023690901947284295,0.058323042956102
3205,53_6,0.002615177435421409,0.0014696172,0.0026117638091091655,0.14053205044524483,0.00023690680629011578,0.04415250408074271
3206,53_60,0.0026255863947620838,0.0017404857,0.0026221455642864203,0.1407163894735411,0.000236909272256264,0.05994155308109441
3207,53_61,0.002625930255401304,0.0017494155,0.00262248852439528,0.14072247076366629,0.00023690935372005183,0.060463145327182846
3208,53_62,0.002624292591707079,0.0017068759,0.0026208551484947894,0.14069350335262998,0.00023690896574252211,0.05797902069301486
3209,53_63,0.002629345050525386,0.0018380326,0.0026258943701907124,0.14078283361656774,0.00023691016271833903,0.06564294916497886
3210,53_64,0.0026298265411597256,0.0018505185,0.002626374598024761,0.1407913406328338,0.00023691027678839101,0.06637330836516213
3211,53_65,0.0026298308153647515,0.0018506293,0.002626378861018843,0.14079141614516785,0.00023691027780099413,0.06637979178299318
3212,53_66,0.002629683920478029,0.0018468203,0.002626232351416826,0.14078882090763986,0.00023691024300008827,0.06615697118311843
3213,53_7,0.0026147296667818746,0.001457941,0.0026113172083099766,0.14052410959971237,0.00023690670021070116,0.04347329679795493
3214,53_8,0.002615774308319127,0.0014851785,0.0026123591249726068,0.14054263412813983,0.00023690694769340994,0.045057883294995806
3215,53_9,0.002615850285736639,0.001487159,0.002612434904165973,0.14054398123504083,0.00023690696569298868,0.04517313123945925
3216,54_0,0.0026183983013151383,0.0015535473,0.002614976268677671,0.1405891432930544,0.00023690756933639697,0.04903814228483583
3217,54_1,0.0026198585741129426,0.0015915656,0.0026164327268245247,0.14061501248647587,0.00023690791528632865,0.05125318780512274
3218,54_10,0.002614428185468954,0.0014500783,0.0026110165131881845,0.14051876253843334,0.00023690662878776892,0.04301598852470647
3219,54_11,0.0026148031854504768,0.0014598583,0.002611390535245769,0.14052541346141847,0.000236906717627767,0.04358481513739747
3220,54_12,0.0026153068765828024,0.0014729922,0.002611892912633579,0.14053434581873936,0.0002369068369556099,0.044348849630092245
3221,54_13,0.0026150430360822076,0.0014661128,0.0026116297603223184,0.14052966706808584,0.00023690677444999968,0.04394863761505548
3222,54_14,0.00261454471187574,0.0014531175,0.0026111327357327034,0.14052082929539844,0.00023690665639364872,0.04319274405677902
3223,54_15,0.002614217713680567,0.0014445886,0.0026108065902062673,0.1405150293737931,0.0002369065789256123,0.042696729963762434
3224,54_16,0.002613398821645341,0.0014232255,0.002609989833017733,0.1405005026663045,0.00023690638492478118,0.04145457634907217
3225,54_17,0.0026128678129658752,0.001409369,0.002609460208318215,0.14049108122578843,0.00023690625912546796,0.04064910466018432
3226,54_18,0.0026136983684343653,0.0014310408,0.002610288598967429,0.1405058168201163,0.0002369064558893387,0.04190895019904204
3227,54_19,0.0026140030370134077,0.0014389888,0.002610592473264427,0.14051122141923306,0.000236906528067303,0.042371093143972874
3228,54_2,0.0026196971267717483,0.0015873633,0.002616271701334343,0.14061215287095907,0.0002369078770381787,0.051008293008471386
3229,54_20,0.0026133837588706433,0.0014228325,0.002609974809505352,0.14050023543216092,0.0002369063813563137,0.041431728062322294
3230,54_21,0.002613275149726318,0.0014199986,0.002609866483452691,0.14049830852743178,0.00023690635562611574,0.04126698199640799
3231,54_22,0.002613228402288574,0.0014187788,0.002609819857859361,0.14049747913453522,0.00023690634455135088,0.04119607216181009
3232,54_23,0.002613304778878722,0.0014207717,0.0026098960353773465,0.1404988342026157,0.00023690636264545037,0.041311925599686106
3233,54_24,0.0026136391104874487,0.0014294948,0.0026102294954974048,0.14050476557818292,0.00023690644185074894,0.041819063535361065
3234,54_25,0.0026133422117608075,0.0014217484,0.0026099333706901817,0.14049949832448272,0.00023690637151353846,0.04136870645453712
3235,54_26,0.0026136839063374178,0.0014306635,0.002610274174571398,0.14050556026253616,0.00023690645246317462,0.04188701306297702
3236,54_27,0.002625547845650162,0.0017394845,0.002622107116122733,0.14071570768637243,0.00023690926312362214,0.059883079049529185
3237,54_28,0.002625700924813965,0.0017434601,0.0026222597944107,0.14071841503498259,0.00023690929938949683,0.06011528040022185
3238,54_29,0.0026249631203707478,0.0017242966,0.0026215239218772093,0.14070536529766445,0.00023690912459682758,0.05899612620570878
3239,54_3,0.002618713240246642,0.0015617486,0.002615290385077862,0.14059472335300735,0.00023690764394782547,0.049515864030006185
3240,54_30,0.0026246180597141386,0.0017153323,0.002621179764561484,0.1406992612774647,0.00023690904284882357,0.058472713687994116
3241,54_31,0.00262341104179114,0.0016839659,0.0026199759055819645,0.14067790525922874,0.00023690875689553532,0.05664182315352377
3242,54_32,0.0026235642296093794,0.0016879475,0.002620128692565442,0.1406806160077292,0.0002369087931870737,0.056874189318985205
3243,54_33,0.0026225682473688533,0.001662056,0.002619135316017401,0.14066298961936718,0.00023690855723024055,0.055363412700068435
3244,54_34,0.0026222974309786334,0.0016550141,0.0026188652079674017,0.14065819607276328,0.00023690849307152895,0.05495261916006768
3245,54_35,0.0026219086196727494,0.0016449029,0.0026184774134985675,0.14065131339413425,0.00023690840095884631,0.054362842549402754
3246,54_36,0.0026229925417150233,0.0016730871,0.0026195585004437543,0.1406704991136839,0.00023690865774922325,0.05600701250702258
3247,54_37,0.002625261627185801,0.0017320506,0.0026218216471300174,0.14071064536059222,0.00023690919531582636,0.05944892254927794
3248,54_38,0.0026256369756391456,0.0017417993,0.0026221960127055235,0.1407172840466991,0.0002369092842393431,0.0600182777487845
3249,54_39,0.0026265216929724283,0.0017647721,0.00262307841278619,0.14073292928649486,0.000236909493837186,0.06136027985192172
3250,54_4,0.0026175780852909173,0.0015321837,0.002614158194362349,0.14057460866764443,0.00023690737502109205,0.04779398034957936
3251,54_40,0.0026161188658861884,0.0014941599,0.0026127027835471926,0.14054874304743933,0.00023690702932150552,0.04558053269074449
3252,54_41,0.002614295931193498,0.0014466288,0.0026108846037717027,0.1405164167511909,0.00023690659745585643,0.04281537584409847
3253,54_42,0.002614116366893454,0.0014419451,0.0026107055076657996,0.14051323170122645,0.0002369065549158929,0.04254299995719961
3254,54_43,0.0026164947509828567,0.0015039566,0.0026130776877793657,0.14055540678120265,0.00023690711837134386,0.046150701908968014
3255,54_44,0.002616474971151053,0.0015034411,0.0026130579595661334,0.14055505613808217,0.00023690711368536094,0.046120698454890884
3256,54_45,0.0026160453549849247,0.0014922438,0.002612629464454695,0.14054743976282388,0.0002369070119062569,0.04546902613335178
3257,54_46,0.002616173668779479,0.0014955883,0.002612757443442203,0.14054971463931118,0.00023690704230469652,0.045663661612589834
3258,54_47,0.0026182302611244828,0.001549171,0.0026148086673200436,0.1405861657879366,0.0002369075295264072,0.048783246985752274
3259,54_48,0.00261953719648026,0.0015832003,0.002616112188904354,0.14060932000957296,0.0002369078391494359,0.05076569938058739
3260,54_49,0.0026197463332348304,0.0015886441,0.0026163207792270033,0.14061302444669338,0.0002369078886955777,0.05108293286739567
3261,54_5,0.002616467752532327,0.001503253,0.0026130507597854277,0.14055492817098064,0.00023690711197521882,0.04610974874118341
3262,54_50,0.0026217969849821367,0.0016419995,0.0026183660707322985,0.14064933712745523,0.00023690837451165175,0.054193507119939
3263,54_51,0.002622502919187518,0.0016603573,0.0026190701587134138,0.14066183331763302,0.00023690854175343587,0.05526431827357996
3264,54_52,0.0026230610212687397,0.0016748674,0.0026196268008436925,0.14067171104228732,0.000236908673972623,0.056110887159018574
3265,54_53,0.002622073721477833,0.0016491966,0.002618642083540256,0.14065423608472075,0.00023690844007285416,0.05461328069650264
3266,54_54,0.002620080668195391,0.0015973459,0.0026166542405477475,0.14061894610677061,0.00023690796790218056,0.051590075887369836
3267,54_55,0.0026185617520866605,0.0015578038,0.002615139292574376,0.14059203935539963,0.00023690760805912515,0.0492860760269366
3268,54_56,0.0026201720733731028,0.0015997248,0.0026167454068582053,0.14062056496507583,0.00023690798955679646,0.05172872575452203
3269,54_57,0.0026203867274563848,0.0016053108,0.0026169594999577487,0.1406243665106435,0.00023690804041006925,0.05205432831748169
3270,54_58,0.0026229847274926873,0.001672884,0.002619550706664413,0.14067036081880133,0.00023690865589796634,0.05599515933944588
3271,54_59,0.0026238437861076645,0.0016952131,0.0026204075175096037,0.1406855626509759,0.00023690885941647557,0.0572982404758136
3272,54_6,0.0026159567596457873,0.0014899345,0.002612541100276342,0.14054586901158234,0.00023690699091740078,0.04533463842896594
3273,54_60,0.0026260414334808553,0.0017523025,0.002622599411287422,0.14072443687095312,0.00023690938005918024,0.06063178813654986
3274,54_61,0.00262524490962246,0.0017316163,0.002621804973339599,0.14071034966679935,0.00023690919135528193,0.05942356416155405
3275,54_62,0.002624325808747384,0.001707739,0.002620888278591477,0.1406940910243896,0.0002369089736119369,0.05802940665955205
3276,54_63,0.0026287160797817378,0.0018217189,0.0026252670486944523,0.14077171933716678,0.0002369100137088247,0.06468888165772597
3277,54_64,0.002629277453232481,0.0018362795,0.002625826950166037,0.14078163921846773,0.0002369101467038539,0.06554041278885876
3278,54_65,0.0026296718887401363,0.0018465084,0.0026262203512355444,0.14078860833489085,0.00023691024014964632,0.06613872058832512
3279,54_66,0.002629897870107932,0.001852368,0.0026264457398796916,0.14079260078982783,0.00023691029368695248,0.06648150518114662
3280,54_7,0.002615517199167056,0.0014784758,0.0026121026865725478,0.14053807529605641,0.00023690688678247332,0.04466788186760766
3281,54_8,0.0026159510117932483,0.0014897847,0.0026125353674206885,0.1405457671037881,0.00023690698955569433,0.045325919677896565
3282,54_9,0.0026159482160280356,0.0014897118,0.002612532578949975,0.14054571753561013,0.000236906988893358,0.045321678862605096
3283,55_0,0.002623744844319889,0.0016926418,0.0026203088346453663,0.1406838119549894,0.00023690883597629066,0.0571481585431016
3284,55_1,0.0026219566589624696,0.0016461522,0.00261852532716189,0.14065216381536225,0.00023690841233975788,0.054435711956853795
3285,55_10,0.0026143042998245433,0.0014468471,0.0026108929505816816,0.1405165651875232,0.00023690659943844034,0.042828069978190796
3286,55_11,0.002614630630319254,0.0014553582,0.0026112184301207266,0.14052235313828026,0.0002369066767483008,0.04332307125571191
3287,55_12,0.002614921983012454,0.0014629562,0.002611509022978607,0.14052752029738813,0.00023690674577170914,0.0437650157190113
3288,55_13,0.002614917036540817,0.0014628272,0.00261150408940786,0.14052743257460837,0.00023690674459985665,0.04375751255942504
3289,55_14,0.002614243751707865,0.0014452678,0.002610832560341639,0.14051549122448034,0.00023690658509419236,0.04273622629335918
3290,55_15,0.00261459715625167,0.0014544852,0.0026111850433466663,0.14052175944879092,0.0002369066688180708,0.043272295411938444
3291,55_16,0.0026140255517546596,0.0014395762,0.002610614929305267,0.14051162079762883,0.00023690653340119222,0.04240524510299437
3292,55_17,0.002614066297457027,0.001440639,0.002610655568774196,0.1405123435606017,0.00023690654305411554,0.042467051078997994
3293,55_18,0.002614546568769933,0.0014531659,0.002611134587784622,0.14052086222948523,0.0002369066568335593,0.043195560725808234
3294,55_19,0.002613142975932365,0.0014165497,0.00260973465415625,0.14049596347470528,0.00023690632431330597,0.041066491395860535
3295,55_2,0.0026188927796750683,0.0015664235,0.0026154694555559814,0.1405979042153977,0.0002369076864820923,0.04978820218986755
3296,55_20,0.002613485822464077,0.0014254955,0.002610076607057521,0.140502046159159,0.00023690640553583153,0.04158654537163571
3297,55_21,0.002613504923856237,0.0014259939,0.0026100956586584106,0.14050238503483584,0.00023690641006107372,0.04161551972026345
3298,55_22,0.0026133783602076605,0.0014226916,0.0026099694249143573,0.14050013965227365,0.00023690638007733598,0.0414235389867784
3299,55_23,0.0026131635069132817,0.0014170854,0.002609755131626399,0.14049632774450804,0.00023690632917722524,0.04109763424627531
3300,55_24,0.0026136808229447798,0.0014305831,0.00261027109921676,0.14050550556303196,0.000236906451732699,0.041882335953973636
3301,55_25,0.002613494326827507,0.0014257174,0.0026100850892528176,0.14050219703433103,0.0002369064075505697,0.0415994453942524
3302,55_26,0.0026141336073530826,0.0014423948,0.00261072270317422,0.14051353751294715,0.00023690655900027085,0.04256915151115877
3303,55_27,0.0026266725148466593,0.0017686876,0.0026232288395499188,0.14073559605092875,0.00023690952956832256,0.06158905718543082
3304,55_28,0.0026257723528492157,0.001745315,0.002622331035385912,0.14071967827060541,0.0002369093163114632,0.0602236275184751
3305,55_29,0.002625272616912625,0.001732336,0.002621832608081416,0.1407108397419414,0.00023690919791939373,0.059465592547655176
3306,55_3,0.0026181416098645057,0.0015468622,0.0026147202475594405,0.14058459492415318,0.00023690750852425714,0.0486487744566638
3307,55_30,0.002624650595286308,0.0017161776,0.002621212214963215,0.1406998368449996,0.00023690905055679496,0.05852206595525047
3308,55_31,0.002623959279639799,0.0016982146,0.002620522708791158,0.14068760616092374,0.0002369088867779181,0.057473429270237374
3309,55_32,0.0026245605756601196,0.0017138388,0.0026211224309845584,0.14069824434943126,0.00023690902923033177,0.05838551779108059
3310,55_33,0.0026235559075579212,0.0016877312,0.002620120392290254,0.14068046874686033,0.00023690879121550653,0.056861565840119255
3311,55_34,0.0026221080475538295,0.0016500893,0.0026186763198455484,0.14065484372158416,0.00023690844820499143,0.054665348927164105
3312,55_35,0.0026220895952178335,0.0016496094,0.0026186579157668655,0.14065451708078697,0.00023690844383347716,0.05463735911303615
3313,55_36,0.0026218558589336484,0.0016435307,0.0026184247907301682,0.14065037937885896,0.0002369083884593843,0.054282811312110366
3314,55_37,0.002622815610124493,0.0016684873,0.0026193820317137752,0.14066736773848004,0.00023690861583260136,0.05573863010094726
3315,55_38,0.0026244166313121394,0.0017100988,0.0026209788634279944,0.14069569782050548,0.00023690899512861845,0.05816717277798204
3316,55_39,0.002626367915929847,0.0017607796,0.002622925038572515,0.14073021016446932,0.00023690945740594747,0.06112701990911873
3317,55_4,0.002617160325614563,0.0015213001,0.002613741525262864,0.14056720459082275,0.0002369072760507644,0.04716029279403742
3318,55_40,0.0026146215687545674,0.0014551219,0.002611209392186858,0.14052219242465108,0.0002369066746015556,0.04330932603064426
3319,55_41,0.002614352900898546,0.0014481148,0.002610941424927815,0.14051742722965022,0.0002369066109523558,0.042901791539951974
3320,55_42,0.00261415093718643,0.0014428468,0.0026107399878230364,0.14051384490861937,0.00023690656310582206,0.042595438633524906
3321,55_43,0.0026157985129590154,0.0014858095,0.0026123832664635112,0.14054306328794403,0.00023690695342765735,0.045094598612322304
3322,55_44,0.0026159677507182335,0.001490221,0.0026125520626715756,0.1405460638797597,0.00023690699352126268,0.0453513104684788
3323,55_45,0.0026160505626278475,0.0014923796,0.0026126346585097207,0.14054753209063037,0.00023690701313998401,0.045476925456098626
3324,55_46,0.0026163129054364445,0.0014992174,0.0026128963167727495,0.14055218308276085,0.00023690707529084337,0.04587486566551391
3325,55_47,0.002618355458806345,0.0015524316,0.0026149335380537555,0.14058838417855124,0.00023690755918668257,0.04897315572388479
3326,55_48,0.002619463147044724,0.0015812727,0.0026160383329345434,0.14060800832520373,0.0002369078216065448,0.0506533759361524
3327,55_49,0.0026201432835749865,0.0015989755,0.002616716692296768,0.140620055078964,0.00023690798273626337,0.05168505534345726
3328,55_5,0.002616541811322215,0.001505183,0.002613124625305828,0.1405562410270745,0.0002369071295202735,0.04622208637496357
3329,55_50,0.002621855885790461,0.0016435314,0.0026184248175167507,0.1406503798543042,0.0002369083884657469,0.054282852050431527
3330,55_51,0.0026225363016809185,0.0016612253,0.002619103453889562,0.14066242418656183,0.00023690854966203385,0.05531495521112646
3331,55_52,0.0026227735955464794,0.001667395,0.0026193401270431056,0.14066662413420597,0.00023690860587898606,0.05567489940422021
3332,55_53,0.002621934635623396,0.0016455795,0.002618503361415809,0.14065177394588432,0.00023690840712224366,0.05440230539156658
3333,55_54,0.0026197974057060006,0.0015899735,0.002616371718249555,0.1406139290627331,0.00023690790079504932,0.051160403219952855
3334,55_55,0.0026183516010479745,0.0015523311,0.0026149296903699814,0.1405883158235947,0.00023690755827275044,0.048967304001925525
3335,55_56,0.0026203312460336696,0.001603867,0.0026169041635363227,0.1406233839490202,0.0002369080272660745,0.05197017015400078
3336,55_57,0.002620720271460506,0.0016139899,0.002617292172176523,0.14063027319478796,0.00023690811942933884,0.05256027155853786
3337,55_58,0.0026216678903421566,0.0016386418,0.002618237313658914,0.14064705169734723,0.0002369083439280524,0.05399768719888698
3338,55_59,0.0026241318126430297,0.0017026981,0.0026206947902448164,0.1406906587989145,0.0002369089276525234,0.0577351395866124
3339,55_6,0.002616199033929198,0.0014962495,0.0026127827424051206,0.14055016432944298,0.0002369070483138792,0.0457021372736726
3340,55_60,0.002624954426417853,0.0017240708,0.0026215152506858345,0.14070521151083037,0.0002369091225371508,0.05898293860032311
3341,55_61,0.002624490081106368,0.0017120072,0.002621052120961244,0.1406969972373375,0.00023690901252953605,0.05827858664388188
3342,55_62,0.0026237328217665673,0.0016923293,0.002620296843553538,0.14068359922248755,0.00023690883312804155,0.057129921880117965
3343,55_63,0.002628761326338212,0.0018228926,0.0026253121766213984,0.14077251892964748,0.0002369100244281872,0.0647575148489885
3344,55_64,0.002630329095070467,0.0018635482,0.002626875833646811,0.14080021868385492,0.00023691039584860705,0.06713561783936725
3345,55_65,0.002629462540800581,0.0018410796,0.002626011552346702,0.14078490954071018,0.00023691019055298087,0.06582116676112833
3346,55_66,0.0026292661954148903,0.0018359876,0.002625815721870687,0.14078144029850426,0.00023691014403676272,0.06552333613136056
3347,55_7,0.002615510559211444,0.0014783026,0.0026120960639385267,0.14053795755825907,0.0002369068852094221,0.04465780991121946
3348,55_8,0.0026162536955663695,0.0014976742,0.0026128372614082386,0.14055113339712885,0.00023690706126360667,0.045785051928201884
3349,55_9,0.0026163112080920528,0.0014991731,0.002612894623857552,0.14055215299208682,0.0002369070748887305,0.04587229101295805
3350,56_0,0.002629657383385847,0.0018461322,0.002626205883925429,0.14078835205824256,0.00023691023671317937,0.06611671783645079
3351,56_1,0.002629556921070372,0.0018435271,0.002626105685093519,0.1407865770914224,0.00023691021291262962,0.06596432945930246
3352,56_10,0.0026142297150634824,0.0014449017,0.0026108185602966884,0.14051524224924844,0.00023690658176881888,0.04271493451396964
3353,56_11,0.002614625952226777,0.0014552362,0.002611213764227825,0.14052227016885685,0.00023690667564002944,0.04331597519270147
3354,56_12,0.002614893241821223,0.0014622067,0.0026114803567469235,0.14052701058762754,0.00023690673896272713,0.043721419038322294
3355,56_13,0.0026147774186388996,0.0014591863,0.0026113648356332893,0.14052495648696553,0.00023690671152343633,0.04354573020707377
3356,56_14,0.0026145805644499543,0.0014540525,0.0026111684948125634,0.14052146517796615,0.00023690666488736237,0.04324712778838276
3357,56_15,0.002614743643607269,0.0014583055,0.002611331148684962,0.14052435748214512,0.00023690670352190477,0.04349449783965369
3358,56_16,0.0026140056655827395,0.0014390574,0.0026105950949805814,0.14051126804630582,0.00023690652869002822,0.04237508034467439
3359,56_17,0.0026134330924574307,0.0014241197,0.0026100240144993933,0.14050111067335413,0.0002369063930437555,0.04150656075151389
3360,56_18,0.0026137763874916745,0.0014330762,0.0026103664146350197,0.14050720086168123,0.0002369064743725578,0.042027295047792276
3361,56_19,0.0026134854298183745,0.0014254852,0.0026100762154353174,0.14050203919325782,0.00023690640544281124,0.041585949778740174
3362,56_2,0.0026281194696453655,0.0018062409,0.0026246720025878433,0.1407611752418383,0.00023690987236595122,0.06378390101854947
3363,56_20,0.002614331909801581,0.0014475673,0.002610920488565669,0.140517054909774,0.0002369066059794262,0.04286995075282718
3364,56_21,0.0026143880188484892,0.0014490307,0.00261097645130583,0.14051805011357055,0.00023690661927203046,0.042955060941272195
3365,56_22,0.0026139216686999114,0.0014368662,0.002610511317090115,0.14050977804580977,0.00023690650879061912,0.04224766790550092
3366,56_23,0.0026129799428134116,0.0014122953,0.002609572045942553,0.14049307080046208,0.00023690628568973218,0.040819191178847095
3367,56_24,0.0026132132021895477,0.0014183822,0.00260980469737802,0.1404972094522835,0.000236906340950351,0.04117301557176276
3368,56_25,0.002612986027654389,0.0014124541,0.0026095781149253813,0.1404931787651324,0.00023690628713126925,0.0408284210979204
3369,56_26,0.0026132527172766525,0.0014194133,0.0026098441094721415,0.14049791053221944,0.0002369063503117259,0.04123295486311136
3370,56_27,0.002625345073168717,0.001734218,0.002621904874615537,0.1407121213019906,0.00023690921508494786,0.059575499344327196
3371,56_28,0.0026262975881770783,0.0017589537,0.002622854895040003,0.14072896657696962,0.00023690944074463831,0.06102034177750113
3372,56_29,0.0026252864885949884,0.0017326963,0.00262184644344209,0.14071108509724664,0.0002369092012057229,0.05948663410093573
3373,56_3,0.0026251823922548443,0.0017299925,0.0026217426196637047,0.14070924387260642,0.00023690917654434337,0.05932873337700144
3374,56_30,0.002623888895265651,0.0016963854,0.002620452508616938,0.14068636080685298,0.000236908870103235,0.0573666652512884
3375,56_31,0.0026241265844754846,0.0017025622,0.0026206895757607514,0.1406905662985714,0.00023690892641392382,0.057727209130661095
3376,56_32,0.0026249636850305385,0.0017243113,0.0026215244850586695,0.14070537528588728,0.00023690912473060062,0.05899698272179421
3377,56_33,0.0026236462377128658,0.001690079,0.0026202104860750487,0.1406820671457501,0.0002369088126155153,0.05699858503636648
3378,56_34,0.002623935299823248,0.0016975914,0.00262049879173171,0.1406871818737777,0.00023690888109688656,0.05743705498092026
3379,56_35,0.0026241788710985375,0.0017039209,0.0026207417255348325,0.14069149138398115,0.00023690893880109188,0.0578065211950495
3380,56_36,0.0026237389853339846,0.0016924895,0.0026203029909917007,0.14068370828352167,0.00023690883458824511,0.05713927121704785
3381,56_37,0.0026237544570268615,0.0016928916,0.0026203184221970034,0.140683982046109,0.00023690883825362586,0.05716273977994248
3382,56_38,0.00262564001482595,0.0017418782,0.0026221990439334194,0.14071733779737514,0.00023690928495935466,0.060022887803238945
3383,56_39,0.0026254262582774877,0.0017363266,0.002621985847140202,0.1407135572242677,0.00023690923431844902,0.05969864668485627
3384,56_4,0.0026221481713117186,0.0016511327,0.002618716338668956,0.1406555539816935,0.00023690845771064884,0.05472621149359895
3385,56_40,0.0026143317803651893,0.0014475639,0.0026109203594667845,0.14051705261394964,0.0002369066059487619,0.04286975441451304
3386,56_41,0.002614236967692292,0.0014450909,0.0026108257940148706,0.14051537089299407,0.0002369065834870144,0.04272593581658839
3387,56_42,0.0026141333440369,0.0014423879,0.0026107224405445863,0.14051353284224802,0.00023690655893788951,0.04256875209446705
3388,56_43,0.0026157972580635224,0.0014857767,0.002612382014842007,0.1405430410381141,0.00023690695313036386,0.04509269509768856
3389,56_44,0.0026160904376154787,0.0014934189,0.0026126744294537587,0.14054823904172953,0.00023690702258664844,0.04553741067013277
3390,56_45,0.0026162458924340703,0.0014974708,0.0026128294786376114,0.1405509950602919,0.00023690705941498952,0.04577321558278058
3391,56_46,0.00261629814304368,0.0014988326,0.0026128815929021294,0.1405519213732964,0.00023690707179352814,0.045852473019420616
3392,56_47,0.002616801750590066,0.0015119569,0.0026133838861730836,0.14056084882933387,0.00023690719110174731,0.046616380723023806
3393,56_48,0.002617804656905043,0.0015380858,0.0026143841744304002,0.14057862393144016,0.00023690742869758447,0.04813766026996689
3394,56_49,0.002618644780017243,0.0015599659,0.0026152221036555906,0.14059351041900478,0.00023690762772907436,0.04941201869050715
3395,56_5,0.0026196225003685112,0.0015854208,0.0026161972699161014,0.1406108310203705,0.0002369078593585966,0.05089509437843844
3396,56_50,0.0026204368236872203,0.0016066144,0.002617009465258921,0.14062525368993897,0.00023690805227826942,0.052130317839345255
3397,56_51,0.0026216656658628046,0.001638584,0.0026182350949961568,0.14064701231556193,0.0002369083434010547,0.0539943129505744
3398,56_52,0.002621868893472663,0.0016438697,0.0026184377911837825,0.140650610128476,0.00023690839154737593,0.054302583026885995
3399,56_53,0.002622171816995026,0.0016517476,0.002618739922511654,0.14065597254789142,0.00023690846331251127,0.05476207894587404
3400,56_54,0.00262000269852278,0.0015953167,0.002616576474625096,0.14061756517202806,0.0002369079494305446,0.05147180594883878
3401,56_55,0.002619296143223922,0.0015769252,0.0026158717654173056,0.14060504998996415,0.00023690778204203672,0.05040005267648837
3402,56_56,0.0026216236920358934,0.0016374922,0.002618193230921973,0.14064626921422754,0.00023690833345710506,0.05393064406801429
3403,56_57,0.002620507903100524,0.001608464,0.002617080358897404,0.14062651245144447,0.00023690806911755538,0.05223813614306181
3404,56_58,0.0026215071910998026,0.0016344619,0.0026180770346021388,0.14064420664903882,0.00023690830585706407,0.053753927171702284
3405,56_59,0.0026238410894377177,0.0016951431,0.002620404827896777,0.14068551493613926,0.0002369088587776106,0.05729414997526163
3406,56_6,0.0026176531541324435,0.0015341393,0.002614233067215525,0.1405759390507417,0.0002369073928054549,0.04790785010144063
3407,56_60,0.0026238316511146688,0.0016948978,0.0026203954142735354,0.14068534793433743,0.00023690885654158826,0.057279833256344406
3408,56_61,0.0026239892177597696,0.0016989926,0.0026205525685598645,0.14068813586773005,0.0002369088938705249,0.05751884153746971
3409,56_62,0.002622951809496382,0.0016720282,0.002619517874785085,0.14066977823822954,0.00023690864809940824,0.0559452269840925
3410,56_63,0.0026292390071756904,0.0018352824,0.002625788604928777,0.1407809598936658,0.00023691013759559313,0.06548209507863731
3411,56_64,0.002629139588676513,0.001832704,0.0026256894471342117,0.14077920318194367,0.00023691011404234396,0.0653312900362046
3412,56_65,0.0026293953310357523,0.0018393366,0.0026259445188417108,0.14078372202557837,0.00023691017463030323,0.06571921821512632
3413,56_66,0.0026291929175339315,0.0018340871,0.002625742636148868,0.14078014550132978,0.00023691012667649002,0.06541218303572123
3414,56_7,0.002616569154504185,0.0015058956,0.0026131518971295583,0.1405567257392482,0.00023690713599806834,0.04626356245588781
3415,56_8,0.0026167962823395244,0.0015118144,0.002613378432194508,0.1405607518997835,0.00023690718980627943,0.04660808609212737
3416,56_9,0.002616530040574398,0.0015048763,0.0026131128852762203,0.14055603236616085,0.00023690712673169945,0.046204231668458814
3417,57_0,0.002628495862840373,0.0018160061,0.0026250474090990395,0.14076782755442385,0.00023690996153723183,0.06435484095643104
3418,57_1,0.002628650634763142,0.0018200212,0.00262520177525905,0.14077056278323136,0.00023690999820424492,0.06458961000418029
3419,57_10,0.002612535207757673,0.0014006884,0.0026091284698436267,0.1404851793125322,0.00023690618032922543,0.040144585451471926
3420,57_11,0.0026115540485961617,0.0013750748,0.0026081498668368425,0.1404677661999081,0.0002369059478866702,0.03865629353186435
3421,57_12,0.002611863149946899,0.0013831451,0.0026084581630078187,0.14047325244595987,0.00023690602111463,0.03912516041981533
3422,57_13,0.0026117826640628767,0.0013810438,0.0026083778867910584,0.14047182394228608,0.00023690600204704024,0.03900307371305871
3423,57_14,0.0026117500245091125,0.0013801917,0.0026083453322621173,0.1404712446307761,0.00023690599431453417,0.038953563719132944
3424,57_15,0.0026117844744106915,0.0013810911,0.0026083796924229533,0.14047185607356763,0.00023690600247592251,0.03900581977723476
3425,57_16,0.002611033176129477,0.0013614733,0.0026076303509785996,0.14045852023972966,0.0002369058244889169,0.037866197170619384
3426,57_17,0.0026111239901116684,0.001363845,0.00260772092845588,0.14046013235947874,0.00023690584600327921,0.038003950270406504
3427,57_18,0.0026104379794386783,0.0013459277,0.002607036704142716,0.14044795344394662,0.0002369056834833961,0.03696336054610257
3428,57_19,0.002611363383768551,0.0013700963,0.0026079596986256642,0.1404643818691202,0.0002369059027170428,0.038367079576150334
3429,57_2,0.0026282852442037936,0.001810542,0.0026248373425992637,0.14076410519328414,0.000236909911639584,0.06403535964571531
3430,57_20,0.0026122273159451077,0.0013926518,0.0026088213802661193,0.14047971547741264,0.0002369061073877634,0.03967755327694818
3431,57_21,0.002612504775548808,0.0013998941,0.0026090981169323495,0.1404846392830518,0.00023690617311964717,0.040098423715103595
3432,57_22,0.0026119419482467324,0.0013852023,0.0026085367560303363,0.1404746509689745,0.00023690603978242244,0.03924468727898471
3433,57_23,0.0026104285045254277,0.0013456802,0.0026070272538986964,0.14044778521847825,0.0002369056812387353,0.03694898832456772
3434,57_24,0.002610530934345823,0.0013483558,0.0026071294170243245,0.1404496038207712,0.00023690570550494291,0.03710436115295437
3435,57_25,0.0026109108015594453,0.0013582774,0.002607508295093066,0.14045634780050134,0.00023690579549767027,0.037680570729071404
3436,57_26,0.002611429317943076,0.001371818,0.0026080254610683865,0.14046555222985244,0.00023690591833723846,0.03846709321615975
3437,57_27,0.0026237460537452085,0.0016926732,0.0026203100409057656,0.14068383335507242,0.00023690883626281418,0.057149993085346296
3438,57_28,0.0026247410885019856,0.0017185286,0.0026213024712835042,0.14070143768173687,0.00023690907199545776,0.05865933249360111
3439,57_29,0.002624875182809241,0.0017220122,0.0026214362145403707,0.14070380975945157,0.00023690910376361778,0.05886273626516214
3440,57_3,0.002627633795782877,0.0017936383,0.0026241876016712042,0.14075259057707717,0.0002369097573050464,0.06304719640072491
3441,57_30,0.0026239604622853895,0.0016982453,0.002620523888341655,0.14068762708600918,0.00023690888705809736,0.05747522319108569
3442,57_31,0.0026243102575288853,0.0017073349,0.0026208727680775,0.14069381589478003,0.0002369089699277137,0.05800581746654458
3443,57_32,0.002624320956542292,0.0017076129,0.00262088343908681,0.1406940051800894,0.00023690897246240596,0.05802204649015792
3444,57_33,0.0026229648852937708,0.0016723681,0.002619530916374927,0.14067000965343338,0.00023690865119717773,0.05596506128250169
3445,57_34,0.002623606964519783,0.0016890583,0.0026201713156505336,0.14068137220817345,0.00023690880331134995,0.05693901266705552
3446,57_35,0.002625126930566859,0.0017285518,0.0026216873031900184,0.14070826286303773,0.00023690916340496089,0.05924460514856093
3447,57_36,0.0026254257786805226,0.0017363142,0.002621985368799086,0.1407135487417161,0.00023690923420482808,0.05969791919810845
3448,57_37,0.002625660670630994,0.0017424147,0.0026222196456455707,0.14071770311224402,0.00023690928985290672,0.06005421999575731
3449,57_38,0.0026291071412362144,0.0018318624,0.0026256570847785388,0.1407786298303348,0.00023691010635521734,0.06528207145363182
3450,57_39,0.0026218272610592226,0.0016427869,0.002618396267638769,0.14064987310980967,0.00023690838168430805,0.05423943202453359
3451,57_4,0.0026265261277315407,0.0017648872,0.002623082835927815,0.14073300770137162,0.00023690949488782255,0.061367006809597766
3452,57_40,0.0026151016962627015,0.0014676424,0.002611688267502303,0.1405307073313166,0.00023690678834699424,0.044037617544159954
3453,57_41,0.002614979354729483,0.0014644522,0.002611566245062709,0.14052853774309215,0.0002369067593634563,0.04385204121519735
3454,57_42,0.002614965934697818,0.0014641023,0.002611552860032532,0.14052829974992423,0.00023690675618416013,0.04383168475778376
3455,57_43,0.0026172462314837993,0.0015235383,0.002613827206885876,0.14056872719031696,0.00023690729640249075,0.04729060091941264
3456,57_44,0.002617502442131263,0.0015302132,0.002614082748684793,0.1405732680805238,0.0002369073571006703,0.04767923943118078
3457,57_45,0.0026174353093684445,0.0015284643,0.0026140157911811565,0.14057207829730797,0.00023690734119642543,0.047577407687297325
3458,57_46,0.0026171772822613294,0.0015217419,0.0026137584376470665,0.14056750513384592,0.00023690728006791744,0.04718601384048569
3459,57_47,0.002617468386216358,0.001529326,0.002614048781678033,0.14057266451554717,0.00023690734903257366,0.04762758100005513
3460,57_48,0.002617592702944967,0.0015325645,0.002614172773853336,0.14057486772626218,0.0002369073784841221,0.047816153445708665
3461,57_49,0.002617748059093802,0.0015366115,0.0026143277243927334,0.14057762093642698,0.00023690741528914293,0.04805180868905978
3462,57_5,0.002626119730341394,0.0017543356,0.0026226775030726394,0.14072582146320192,0.00023690939860844166,0.0607505543769733
3463,57_50,0.0026213561369520383,0.0016305327,0.0026179263753971847,0.14064153225267872,0.00023690827007108453,0.05352479750919699
3464,57_51,0.002621112048361681,0.0016241829,0.0026176829249474464,0.14063721047394573,0.0002369082122444859,0.053154546594821994
3465,57_52,0.00262314692326676,0.0016771004,0.002619712478101358,0.1406732312776018,0.0002369086943235523,0.05624118941225831
3466,57_53,0.002624276713626072,0.0017064633,0.002620839311973323,0.14069322243782845,0.00023690896198086238,0.05795493569173402
3467,57_54,0.002622444756040732,0.001658845,0.002619012147698996,0.14066080381999432,0.00023690852797409,0.0551760922805137
3468,57_55,0.002622083798113294,0.0016494587,0.0026186521338230836,0.14065441446089563,0.00023690844246009415,0.05462856565303298
3469,57_56,0.002627721789629901,0.0017959218,0.0026242753649047285,0.140754146015887,0.00023690977815164825,0.06318067171914236
3470,57_57,0.0026268691334603517,0.0017737917,0.002623424943044673,0.14073907241863165,0.00023690957614915043,0.06188730226684243
3471,57_58,0.0026292752582236043,0.0018362226,0.002625824760913311,0.14078160043381183,0.00023691014618383403,0.06553708324345706
3472,57_59,0.00262956060225666,0.0018436225,0.0026261093566252985,0.14078664213137346,0.00023691021378474027,0.06596991334418263
3473,57_6,0.002625889509064301,0.0017483574,0.002622447884774259,0.14072175017896912,0.00023690934406686364,0.060401338388518154
3474,57_60,0.0026293562548128408,0.0018383232,0.0026259055450954245,0.14078303158670402,0.0002369101653727486,0.06565994462416427
3475,57_61,0.0026302174844830225,0.0018606547,0.00262676451585558,0.1407982470841349,0.00023691036940690004,0.06696631897130204
3476,57_62,0.0026301026367087227,0.0018576771,0.002626649969356906,0.14079621824102975,0.00023691034219827298,0.06679210970823775
3477,57_63,0.00263556533000254,0.00199916,0.0026320983180531357,0.140892653780936,0.00023691163637034539,0.07507831097649884
3478,57_64,0.0026359235578078915,0.0020084279,0.0026324556041436597,0.1408989730670906,0.00023691172123869612,0.0756216963608459
3479,57_65,0.002636212875363993,0.002015912,0.002632744161044087,0.14090407632803947,0.00023691178978142626,0.07606055378361347
3480,57_66,0.002636761850303237,0.0020301107,0.002633291692423768,0.1409137586438735,0.00023691191984009734,0.07689327797169128
3481,57_7,0.002623674532871047,0.0016908144,0.002620238707190607,0.14068256782311983,0.00023690881931888772,0.057041505142437644
3482,57_8,0.002621095912033544,0.0016237631,0.0026176668308037334,0.1406369247581774,0.0002369082084216573,0.05313006986594786
3483,57_9,0.002618861884623959,0.001565619,0.0026154386412038802,0.14059735686466604,0.0002369076791628173,0.04974133838150152
3484,58_0,0.002629748556093281,0.0018484964,0.00262629681750456,0.1407899628570696,0.00023691025831292805,0.06625501507617101
3485,58_1,0.0026295385466405512,0.0018430506,0.0026260873588534214,0.14078625244733198,0.0002369102085595396,0.06593645781879616
3486,58_10,0.002621862752191422,0.00164371,0.002618431665962051,0.14065050140985966,0.0002369083900924549,0.05429326749521124
3487,58_11,0.0026199042948044943,0.0015927556,0.002616478328046282,0.1406158222869629,0.00023690792611792263,0.05132254019815434
3488,58_12,0.002617183595791795,0.0015219063,0.002613764734697016,0.14056761703579843,0.00023690728156363876,0.04719559065202148
3489,58_13,0.002615055916297087,0.0014664487,0.00261164260694265,0.14052989548355285,0.00023690677750140985,0.043968175240019745
3490,58_14,0.002612663769120261,0.0014040439,0.002609256696202096,0.14048746062936826,0.00023690621078620872,0.04033959645949068
3491,58_15,0.0026113999284568526,0.0013710506,0.0026079961481303977,0.14046503055593126,0.00023690591137469534,0.03842251315557092
3492,58_16,0.0026112487285098202,0.0013671024,0.0026078453419871163,0.14046234664046492,0.00023690587555453679,0.038193162334378174
3493,58_17,0.002611408051549456,0.0013712627,0.0026080042500655756,0.14046517474413173,0.000236905913299104,0.03843483483951147
3494,58_18,0.0026106368223725073,0.0013511216,0.002607235029341197,0.1404514837719377,0.0002369057305904219,0.03726497963431754
3495,58_19,0.002611678687097467,0.0013783291,0.002608274180678085,0.1404699784635017,0.00023690597741427434,0.038845354065202994
3496,58_2,0.0026285809730347467,0.0018182141,0.0026251322961645005,0.14076933168978686,0.00023690998170068555,0.06448394214564815
3497,58_20,0.002612452761063327,0.0013985365,0.002609046237979531,0.14048371625926934,0.0002369061607970948,0.04001952444831645
3498,58_21,0.0026124331945713126,0.0013980258,0.0026090267224706705,0.14048336903862343,0.00023690615616167235,0.03998984460318837
3499,58_22,0.0026118085084571637,0.0013817186,0.002608403663860908,0.14047228264472042,0.00023690600816973244,0.03904227632634871
3500,58_23,0.002610899466164984,0.0013579814,0.0026074969892171743,0.14045614656687855,0.00023690579281224962,0.03766337639746453
3501,58_24,0.0026120148669906413,0.0013871059,0.002608609484808248,0.14047594511564274,0.0002369060570573139,0.039355295610032925
3502,58_25,0.0026125894852804398,0.0014021051,0.0026091826059324863,0.14048614247442975,0.00023690619318790637,0.0402269174539839
3503,58_26,0.002611623764099057,0.0013768951,0.0026082194007457523,0.14046900361975762,0.00023690596440268806,0.03876204295937953
3504,58_27,0.0026237886930621426,0.0016937813,0.0026203525686398187,0.14068458782895313,0.00023690884636444538,0.057214671430450184
3505,58_28,0.0026242395815127095,0.0017054984,0.0026208022770491616,0.1406925654925189,0.0002369089531839321,0.05789861106424965
3506,58_29,0.0026239820232620147,0.0016988056,0.0026205453928909613,0.14068800857305133,0.00023690889216608442,0.05750792841216423
3507,58_3,0.0026283170757636742,0.0018113678,0.0026248690907155333,0.14076466778006896,0.00023690991918079614,0.06408364401711779
3508,58_30,0.0026239321909297267,0.0016975106,0.0026204956909743706,0.14068712686634602,0.00023690888036036206,0.05743233919036541
3509,58_31,0.002624687648061882,0.0017171402,0.0026212491707420975,0.1407004923178822,0.000236909059334933,0.05857827023754112
3510,58_32,0.002624576365838743,0.001714249,0.0026211381798292607,0.14069852368882413,0.00023690903297116767,0.05840946945578125
3511,58_33,0.0026232580151636727,0.0016799882,0.002619823279344177,0.14067519725720629,0.00023690872064219,0.05640970149367632
3512,58_34,0.0026235115386579856,0.001686578,0.002620076139489035,0.1406796836223332,0.00023690878070412432,0.05679426394064535
3513,58_35,0.002625295380852439,0.0017329273,0.002621855312415904,0.14071124237854435,0.0002369092033123805,0.05950012250876
3514,58_36,0.002625921343066869,0.0017491841,0.0026224796354026797,0.1407223131527937,0.00023690935160863646,0.060449626465162255
3515,58_37,0.002625742313748761,0.0017445349,0.0026223010749542803,0.14071914701895805,0.00023690930919492055,0.06017806207687002
3516,58_38,0.0026269494506732972,0.0017758766,0.002623505049824374,0.14074049243832792,0.00023690959517706808,0.0620091331213267
3517,58_39,0.002617849175355572,0.0015392454,0.0026144285766436202,0.1405794128525152,0.00023690743924433637,0.048205189018405294
3518,58_4,0.002626866173578589,0.0017737149,0.0026234219909177566,0.14073902008694725,0.0002369095754479261,0.06188281250790837
3519,58_40,0.0026152016702711547,0.0014702491,0.0026117879807455004,0.14053248020638748,0.00023690681203151668,0.044189265222527044
3520,58_41,0.0026149758010484097,0.0014643596,0.002611562700650195,0.14052847472157562,0.00023690675852156522,0.04384665073928531
3521,58_42,0.002615052085710106,0.0014663488,0.002611638786346734,0.1405298275526753,0.00023690677659391786,0.04396236473355515
3522,58_43,0.00261728486457288,0.0015245448,0.0026138657391258525,0.14056941191401218,0.0002369073055549516,0.04734920233349911
3523,58_44,0.0026174853359164298,0.0015297675,0.002614065687128479,0.140572964911756,0.0002369073530480822,0.04765329150926334
3524,58_45,0.0026174469009642635,0.0015287662,0.002614027352515863,0.14057228373476666,0.00023690734394255961,0.04759499064332502
3525,58_46,0.0026174793478738433,0.0015296115,0.00261405971471857,0.140572858787001,0.0002369073516294709,0.04764420842086636
3526,58_47,0.0026173571188233026,0.0015264272,0.002613937804757385,0.1405706925130101,0.00023690732267251201,0.04745880271361998
3527,58_48,0.002617468220875767,0.0015293217,0.0026140486167690858,0.1405726615852419,0.00023690734899340325,0.047627330199700425
3528,58_49,0.0026185230286718732,0.0015567954,0.0026151006702936678,0.14059135325503505,0.0002369075988852537,0.04922733760040217
3529,58_5,0.002625908355679807,0.0017488468,0.002622466682030071,0.14072208347569387,0.000236909348531803,0.06042992627381736
3530,58_50,0.002623248417706259,0.0016797388,0.0026198137069974523,0.140675027414387,0.00023690871836846866,0.056395143388449046
3531,58_51,0.0026235295799495826,0.001687047,0.0026200941335727834,0.14068000287090987,0.00023690878497826474,0.05682163025342746
3532,58_52,0.002623592546280918,0.0016886835,0.0026201569351403716,0.14068111707626582,0.00023690879989554227,0.05691714205804601
3533,58_53,0.002621792083728058,0.001641872,0.002618361182294699,0.14064925035936104,0.0002369083733505036,0.05418607254955745
3534,58_54,0.0026210421786856558,0.0016223652,0.0026176132379264767,0.14063597332723574,0.00023690819569178645,0.053048563306550986
3535,58_55,0.002621148496422573,0.0016251311,0.0026177192777229775,0.14063785583239685,0.00023690822087933102,0.05320983360292288
3536,58_56,0.002627481514828873,0.0017896864,0.002624035719795586,0.14074989867338314,0.0002369097212282053,0.06281620583136131
3537,58_57,0.0026271790963397074,0.0017818374,0.0026237340937775976,0.14074455244574072,0.00023690964958233615,0.06235747598260559
3538,58_58,0.0026293015535626186,0.0018369046,0.0026258509872956024,0.14078206505723753,0.00023691015241346673,0.06557696988174584
3539,58_59,0.0026288440215658077,0.0018250376,0.002625394655029534,0.14077398028735627,0.00023691004401951642,0.0648829528450328
3540,58_6,0.002625687983340793,0.001743124,0.002622246886828894,0.14071818615698195,0.0002369092963235415,0.06009564985432832
3541,58_60,0.0026294200205044713,0.0018399769,0.0026259691435620014,0.14078415826094692,0.00023691018047948962,0.06575666895526595
3542,58_61,0.0026304389365345484,0.0018663957,0.0026269853869436517,0.14080215897730616,0.00023691042187119318,0.06730223317543463
3543,58_62,0.0026304770902247664,0.0018673848,0.002627023440535494,0.14080283293008516,0.00023691043091020022,0.06736010740326819
3544,58_63,0.0026350913883870673,0.0019868966,0.002631625622146591,0.1408842923710755,0.00023691152408808833,0.07435940266442956
3545,58_64,0.002634647118896326,0.001975399,0.00263118252017162,0.14087645353010633,0.00023691141883554954,0.07368550313911655
3546,58_65,0.0026342624581757314,0.0019654424,0.0026307988701596364,0.14086966573102397,0.00023691132770504997,0.07310202243108463
3547,58_66,0.002635010602469324,0.001984806,0.0026315450485443984,0.14088286702292496,0.0002369115049489742,0.07423686084520967
3548,58_7,0.0026252883934359175,0.0017327458,0.0026218483432953583,0.14071111878904224,0.00023690920165699722,0.059489523498979936
3549,58_8,0.0026250984315568508,0.0017278115,0.002621658878797244,0.14070775876548702,0.00023690915665328438,0.05920137582555611
3550,58_9,0.0026255223094155734,0.0017388213,0.0026220816467588527,0.14071525604381646,0.0002369092570738517,0.05984434387476156
3551,59_0,0.0026277871398043837,0.0017976176,0.002624340543805065,0.14075530116722898,0.0002369097936337441,0.06327979950639957
3552,59_1,0.0026282886678504363,0.0018106308,0.0026248407572711688,0.14076416570258177,0.0002369099124506798,0.06404055287616543
3553,59_10,0.0026221150623404765,0.0016502717,0.002618683316286746,0.1406549678960002,0.00023690844986685365,0.054675989453893695
3554,59_11,0.002621842050091768,0.0016431715,0.0026184110179983105,0.14065013492096898,0.00023690838518795383,0.05426186507973938
3555,59_12,0.0026216995345480633,0.0016394649,0.002618268875120651,0.14064761191829428,0.0002369083514248289,0.054045687378470576
3556,59_13,0.002621603408059482,0.0016369646,0.002618172999983265,0.1406459101054457,0.0002369083286516621,0.05389987589158096
3557,59_14,0.00262157453096505,0.0016362135,0.002618144198394759,0.14064539886035549,0.000236908321810438,0.0538560730632625
3558,59_15,0.0026198587485495987,0.0015915701,0.0026164329008053757,0.14061501557609912,0.0002369079153276541,0.05125345240303503
3559,59_16,0.002617503085627414,0.0015302299,0.002614083390500989,0.14057327948500423,0.0002369073572531193,0.04768021553185804
3560,59_17,0.0026156584596102417,0.0014821584,0.002612243578500521,0.14054058003845982,0.0002369069202480475,0.044882155743243855
3561,59_18,0.002613443278751888,0.0014243855,0.0026100341742419913,0.1405012913899222,0.0002369063954569538,0.04152201204660031
3562,59_19,0.002612035433725563,0.0013876428,0.0026086299979622947,0.14047631012539089,0.00023690606192969805,0.03938649269466197
3563,59_2,0.0026282074976615153,0.0018085248,0.0026247597998584125,0.14076273109197332,0.00023690989322065824,0.06391742816712451
3564,59_20,0.002611792335615345,0.0013812963,0.002608387533149289,0.14047199559938953,0.00023690600433828908,0.039017744210928386
3565,59_21,0.0026114870635376665,0.0013733258,0.0026080830562555534,0.1404665772234099,0.00023690593201751198,0.03855468583639236
3566,59_22,0.0026115008135257096,0.0013736848,0.0026080967704291153,0.14046682128566265,0.00023690593527496572,0.03857554279508122
3567,59_23,0.002610894937369908,0.0013578631,0.0026074924722155252,0.1404560661684682,0.00023690579173935185,0.03765650679935888
3568,59_24,0.0026120799033758743,0.0013888037,0.0026086743517579345,0.14047709934742986,0.000236906072464828,0.03945394741946373
3569,59_25,0.0026123406403994933,0.0013956099,0.002608934409456163,0.14048172657857744,0.00023690613423502026,0.0398494518601467
3570,59_26,0.002612555444056519,0.0014012166,0.0026091486534119855,0.14048553840992795,0.00023690618512332972,0.040175281307186596
3571,59_27,0.002623477454033177,0.0016856921,0.002620042144051071,0.1406790804759163,0.00023690877262917752,0.05674256196029788
3572,59_28,0.002622739471229765,0.0016665078,0.002619306091992044,0.14066602017158794,0.00023690859779464186,0.05562313721637082
3573,59_29,0.0026229308973117183,0.0016714846,0.0026194970173083598,0.140669408133192,0.00023690864314513088,0.05591350589675272
3574,59_3,0.0026282228924344583,0.0018089243,0.0026247751542766403,0.14076300318311952,0.00023690989686783227,0.06394078005239834
3575,59_30,0.002623261338229882,0.0016800746,0.0026198265937159284,0.14067525606424006,0.00023690872142945337,0.05641474215657993
3576,59_31,0.002624035220900732,0.001700188,0.0026205984513039456,0.1406889498113126,0.0002369089047690784,0.05758862236983262
3577,59_32,0.002624291399951624,0.0017068449,0.002620853959858663,0.14069348226814757,0.00023690896546018454,0.057977212953676374
3578,59_33,0.002622874153137952,0.0016700093,0.0026194404215796733,0.14066840386160595,0.00023690862970194603,0.055827432302768897
3579,59_34,0.0026249333907557917,0.0017235243,0.0026214942700966432,0.140704839410799,0.0002369091175536106,0.05895103021369508
3580,59_35,0.002625813348414013,0.0017463797,0.002622371923586764,0.1407204032844583,0.00023690932602369463,0.06028581250356311
3581,59_36,0.0026257644138147134,0.0017451089,0.002622323117142882,0.14071953786649205,0.00023690931443063197,0.0602115850269378
3582,59_37,0.0026255287461190734,0.0017389884,0.002622088066606878,0.14071536988582772,0.00023690925859876636,0.05985410752390621
3583,59_38,0.0026266825687495626,0.0017689486,0.0026232388671136456,0.1407357738158631,0.000236909531950188,0.061604307659602855
3584,59_39,0.00261523418764787,0.001471097,0.0026118204133040073,0.14053305683894457,0.00023690681973510485,0.0442385898896255
3585,59_4,0.002626980207670387,0.001776675,0.002623535726235611,0.1407410362186885,0.00023690960246369592,0.062055787519548745
3586,59_40,0.002614972006293788,0.0014642606,0.0026115589157928764,0.14052840742476105,0.00023690675762256223,0.04384089458588818
3587,59_41,0.002614892201644223,0.0014621796,0.002611479319282781,0.14052699214057057,0.00023690673871630218,0.043719841223953185
3588,59_42,0.002614914657059141,0.0014627652,0.0026115017161321007,0.14052739037585377,0.00023690674403614137,0.0437539031925759
3589,59_43,0.0026170806732885386,0.0015192247,0.002613662080852435,0.1405657927994921,0.00023690725718054955,0.0470394704872696
3590,59_44,0.002617383737665498,0.0015271207,0.0026139643541100896,0.14057116428638067,0.00023690732897871074,0.047499180064516366
3591,59_45,0.002617574867719789,0.0015320999,0.0026141549851914705,0.1405745516447166,0.0002369073742588257,0.04778909970910945
3592,59_46,0.002617477555932411,0.0015295648,0.0026140579274552614,0.1405728270287875,0.00023690735120494678,0.0476414902767992
3593,59_47,0.0026173517119737946,0.0015262864,0.002613932412022575,0.1405705966854736,0.00023690732139158976,0.04745060122017364
3594,59_48,0.0026177649927234935,0.0015370526,0.0026143446138100425,0.14057792102634165,0.0002369074193008454,0.0480774948215732
3595,59_49,0.0026187079289601133,0.0015616103,0.002615285087663728,0.14059462925183297,0.00023690764268954109,0.04950780749327492
3596,59_5,0.002625916528266954,0.0017490591,0.0026224748332129254,0.14072222800494044,0.0002369093504679653,0.060442323034597935
3597,59_50,0.0026229527857009266,0.0016720536,0.0026195188484357907,0.140669795515105,0.0002369086483306795,0.05594670776049711
3598,59_51,0.002622531770663126,0.0016611075,0.002619098934723437,0.14066234398800595,0.000236908548588597,0.055308082241446496
3599,59_52,0.0026226739865584828,0.0016648052,0.0026192407786185855,0.14066486115067506,0.00023690858228076075,0.05552380541481341
3600,59_53,0.0026215313278078085,0.0016350897,0.002618101108200742,0.14064463397711846,0.00023690831157525074,0.053790539445123645
3601,59_54,0.0026217209024352425,0.0016400206,0.0026182901871339074,0.14064799020735416,0.0002369083564870599,0.05407809970776043
3602,59_55,0.0026211960698454603,0.0016263687,0.002617766726773728,0.14063869817023508,0.00023690823214986625,0.05328199635046573
3603,59_56,0.002627939846695836,0.0018015802,0.002624492850455431,0.14075800038981617,0.000236909829811505,0.06351143616794488
3604,59_57,0.002627713844716797,0.0017957157,0.0026242674408138997,0.1407540055776577,0.00023690977626942067,0.06316862031052536
3605,59_58,0.0026274536183175886,0.0017889624,0.0026240078963893983,0.14074940552933002,0.00023690971461925067,0.06277389042122365
3606,59_59,0.0026285737973934403,0.0018180279,0.0026251251393354727,0.1407692048773795,0.0002369099800007045,0.06447305762314315
3607,59_6,0.002625470834283315,0.0017374844,0.0026220303064204767,0.14071434562812202,0.00023690924487891667,0.05976626273726069
3608,59_60,0.0026296144603954377,0.0018450192,0.0026261630735108237,0.14078759370099217,0.00023691022654428377,0.06605160919526654
3609,59_61,0.0026301995544838162,0.0018601898,0.002626746632892296,0.14079793034568316,0.00023691036515909736,0.06693912147472432
3610,59_62,0.0026300320071603283,0.0018558459,0.0026265795250816977,0.1407949705054208,0.0002369103254654031,0.06668497379157472
3611,59_63,0.0026345655909362897,0.0019732888,0.002631101206441254,0.14087501492706828,0.00023691139952064565,0.07356183573743139
3612,59_64,0.0026341420782464422,0.0019623262,0.002630678806502306,0.14086754134657395,0.00023691129918568282,0.07291942160231742
3613,59_65,0.00263342056127892,0.0019436458,0.00262995918486082,0.14085480713438348,0.00023691112825022234,0.07182497340803237
3614,59_66,0.002633258451225202,0.001939448,0.002629797500576715,0.1408519456966684,0.0002369110898445497,0.07157907336194355
3615,59_7,0.0026249220304926605,0.0017232292,0.0026214829395753113,0.14070463845816283,0.0002369091148622607,0.05893379815952286
3616,59_8,0.0026249255304343798,0.0017233201,0.0026214864303540026,0.1407047003689841,0.0002369091156914288,0.0589391071197646
3617,59_9,0.002625379056494276,0.0017351006,0.00262193876895618,0.14071272236921664,0.00023690922313591097,0.05962704766677547
3618,5_0,0.002625444846088817,0.0017368094,0.0026220043862782193,0.1407138859829893,0.00023690923872207321,0.059726841997593996
3619,5_1,0.002625618108553547,0.0017413093,0.0026221771950281367,0.14071695036486054,0.0002369092797695554,0.05998965881299441
3620,5_10,0.002623251274995099,0.001679813,0.0026198165568105205,0.1406750779788635,0.0002369087190453853,0.05639947752714889
3621,5_11,0.002623312465610683,0.0016814036,0.0026198775873258603,0.1406761608396836,0.0002369087335419761,0.05649229579996558
3622,5_12,0.002623387210291415,0.0016833465,0.0026199521364381907,0.14067748353729834,0.00023690875124964442,0.05660567384170534
3623,5_13,0.0026237889125540603,0.001693787,0.002620352787557343,0.14068459171269293,0.00023690884641644494,0.05721500437138403
3624,5_14,0.0026239118533019396,0.0016969821,0.0026204754065712755,0.14068676701998498,0.0002369088755421975,0.057401489631713785
3625,5_15,0.0026240417659645324,0.0017003581,0.002620604979238195,0.14068906561377365,0.0002369089063196623,0.057598550387579196
3626,5_16,0.0026237814050450417,0.0016935919,0.0026203452996948666,0.1406844588730007,0.00023690884463784963,0.05720361644835705
3627,5_17,0.0026245464120759647,0.0017134708,0.0026211083044761804,0.1406979937846834,0.0002369090258748508,0.05836403346042616
3628,5_18,0.0026248973383344275,0.0017225877,0.0026214583120620764,0.14070420167451947,0.00023690910901246344,0.05889634333973674
3629,5_19,0.0026247110611682493,0.0017177485,0.0026212725225569712,0.140700906498403,0.00023690906488171008,0.05861378490059081
3630,5_2,0.002625576224017154,0.0017402215,0.002622135420175678,0.14071620959239894,0.00023690926984672024,0.0599261253726354
3631,5_20,0.0026243207683683137,0.001707608,0.0026208832514053684,0.14069400185094863,0.00023690897241782587,0.058021761054499875
3632,5_21,0.002624300781680224,0.0017070887,0.002620863317031271,0.14069364824908256,0.00023690896768280019,0.057991443826112744
3633,5_22,0.0026239680195824532,0.0016984417,0.002620531425860539,0.14068776080054857,0.00023690888884848822,0.057486686636157455
3634,5_23,0.0026232254744163967,0.0016791424,0.0026197908237358077,0.1406746213933901,0.00023690871293300333,0.056360341376451115
3635,5_24,0.002623134728791816,0.0016767834,0.00261970031553055,0.14067301547008426,0.00023690869143457518,0.05622269196634448
3636,5_25,0.002623715486810632,0.0016918788,0.002620279553960725,0.14068329248877887,0.0002369088290212374,0.057103626987446886
3637,5_26,0.002624104341359502,0.0017019842,0.002620667390860508,0.14069017275665494,0.00023690892114433114,0.05769346919214442
3638,5_27,0.0026405535470849606,0.0021280989,0.002637073410545859,0.14098059625742368,0.0002369128181399644,0.08264479301961387
3639,5_28,0.0026399081291905895,0.0021114293,0.002636429692216472,0.14096922378556906,0.0002369126652322415,0.08166577730570808
3640,5_29,0.0026395216839859206,0.0021014465,0.002636044264431273,0.14096241360454514,0.0002369125736784958,0.08107958976545789
3641,5_3,0.0026253095170937135,0.0017332945,0.0026218694116424447,0.14071149241177283,0.00023690920666138618,0.05952156536379007
3642,5_30,0.002640991127048787,0.0021393981,0.0026375098380041263,0.14098830549845054,0.00023691292180828946,0.08330854539526485
3643,5_31,0.0026414019932612205,0.002150006,0.0026379196218967523,0.14099554332022096,0.00023691301914782433,0.08393177645500671
3644,5_32,0.0026411987706488737,0.0021447593,0.002637716934642328,0.14099196344369447,0.00023691297100174658,0.08362351395927518
3645,5_33,0.0026412158330287815,0.0021451998,0.0026377339520756663,0.1409922640138664,0.00023691297504404573,0.0836493953892635
3646,5_34,0.0026415661321108784,0.0021542432,0.002638083328318506,0.14099843458036093,0.00023691305803445794,0.08418075392290661
3647,5_35,0.0026406070933233114,0.0021294816,0.002637126815763443,0.14098153967577665,0.00023691283082575497,0.08272601575797153
3648,5_36,0.002640497892241941,0.0021266616,0.002637017902273859,0.14097961567448491,0.00023691280495461908,0.08256037179989448
3649,5_37,0.002640115823083955,0.002116794,0.0026366368392392167,0.14097288362234267,0.00023691271443756047,0.08198082215813685
3650,5_38,0.0026409040741618363,0.0021371504,0.0026374230144137283,0.14098677187739442,0.00023691290118433656,0.08317649739193414
3651,5_39,0.0026411854057959345,0.0021444142,0.002637703604995546,0.1409917280080946,0.00023691296783543957,0.0836032412008727
3652,5_4,0.002623461706279478,0.0016852828,0.002620026437503023,0.1406788018088718,0.00023690876889839656,0.056718674648737276
3653,5_40,0.002640787935963721,0.0021341515,0.0026373071821108873,0.14098472580421773,0.0002369128736697007,0.0830003307223528
3654,5_41,0.002640979963487734,0.00213911,0.002637498703848218,0.14098810883056184,0.00023691291916349763,0.08329161171277874
3655,5_42,0.002640064333021744,0.002115464,0.0026365854847574632,0.14097197631840164,0.00023691270223891037,0.08190271837382213
3656,5_43,0.00263984183391143,0.0021097169,0.00263636357148777,0.1409680555358311,0.00023691264952605074,0.08156521591653458
3657,5_44,0.002641143562158135,0.002143334,0.002637661871582555,0.1409909908843121,0.00023691295792213938,0.08353976979840638
3658,5_45,0.0026412917132527737,0.0021471588,0.0026378096324086936,0.14099360070096603,0.00023691299302105602,0.08376449590369148
3659,5_46,0.0026414227997934372,0.002150543,0.002637940373615123,0.14099590982815563,0.00023691302407716276,0.0839633372812095
3660,5_47,0.0026393756866303075,0.0020976746,0.002635898651413748,0.14095984057324012,0.00023691253908988906,0.08085813060453262
3661,5_48,0.002640700177457473,0.0021318854,0.002637219654742018,0.14098317967234172,0.00023691285287858173,0.08286721238554336
3662,5_49,0.0026421883719505946,0.002170304,0.0026387039286084337,0.1410093940689606,0.00023691320545124708,0.08512461151689835
3663,5_5,0.00262344964023165,0.0016849692,0.002620014403027109,0.14067858829131918,0.00023690876603984405,0.05670037201019653
3664,5_50,0.0026410526897934442,0.0021409877,0.002637571238588495,0.14098939003619496,0.00023691293639329964,0.08340192813989589
3665,5_51,0.002644384323721678,0.0022269546,0.002640894091152765,0.1410480574766409,0.0002369137257017914,0.0884555871678991
3666,5_52,0.002638248623893835,0.0020685499,0.00263477455495667,0.14093997421073504,0.00023691227207474493,0.07914852177715445
3667,5_53,0.0026395890888159966,0.0021031878,0.002636111491810957,0.14096360150305062,0.0002369125896475481,0.08118183420028587
3668,5_54,0.002639799020031677,0.002108611,0.0026363208703314017,0.14096730106285832,0.00023691263938290126,0.08150027278214508
3669,5_55,0.0026392157927184277,0.0020935435,0.002635739178398318,0.1409570225221021,0.00023691250120901942,0.08061559215982328
3670,5_56,0.0026396303941617336,0.002104255,0.0026361526884137398,0.14096432943132306,0.00023691259943330474,0.08124448908311095
3671,5_57,0.002640109197468332,0.0021166229,0.002636630231069904,0.14097276687334903,0.00023691271286786788,0.08197077195366305
3672,5_58,0.0026398258619999325,0.0021093043,0.002636347641628454,0.1409677740772347,0.0002369126457421029,0.08154098858650016
3673,5_59,0.002639199608312633,0.0020931254,0.0026357230365940975,0.14095673727357722,0.0002369124973747314,0.08059104250334244
3674,5_6,0.0026239297360711577,0.0016974468,0.0026204932425403235,0.14068708343109804,0.00023690887977878428,0.05742861548649003
3675,5_60,0.0026396878243542957,0.0021057385,0.00263620996740928,0.1409653415167146,0.00023691261303924134,0.08133160327913984
3676,5_61,0.0026389273448557634,0.0020860904,0.0026354514897665425,0.14095193848182078,0.00023691243287212469,0.0801780539498452
3677,5_62,0.002638743250622853,0.0020813332,0.0026352678800494345,0.14094869353269088,0.00023691238925791609,0.0798988067389594
3678,5_63,0.0026386713445444585,0.002079475,0.002635196163210786,0.14094742603426796,0.00023691237222247586,0.07978973449090532
3679,5_64,0.0026387268889126536,0.0020809104,0.0026352515613998284,0.1409484051245883,0.00023691238538162427,0.07987398813456181
3680,5_65,0.0026390104040918973,0.0020882366,0.0026355343303888527,0.14095340248126928,0.00023691245254989118,0.08030404409990055
3681,5_66,0.002639454271860345,0.002099705,0.0026359770297707755,0.1409612255571406,0.00023691255770771617,0.0809773342642984
3682,5_7,0.002622620216467167,0.0016634072,0.002619187149178366,0.14066390945299653,0.00023690856954216498,0.05544224312037542
3683,5_8,0.0026258061040993767,0.0017461915,0.0026223646982445016,0.14072027516801752,0.00023690932430744894,0.06027482381247253
3684,5_9,0.002623119722007306,0.0016763933,0.002619685348007757,0.14067274989176484,0.00023690868787933753,0.05619992860948884
3685,60_0,0.002628049153440683,0.0018044164,0.002624601870695686,0.1407599324138219,0.00023690985570734877,0.06367724040388864
3686,60_1,0.0026291553030943055,0.0018331115,0.002625705120344823,0.14077948085658767,0.00023691011776524854,0.06535512678149473
3687,60_10,0.0026220904770950875,0.0016496324,0.002618658795337805,0.14065453269169584,0.00023690844404240135,0.05463869680710474
3688,60_11,0.0026220620333453223,0.0016488926,0.0026186304259746733,0.14065402918131792,0.00023690843730383694,0.0545955513067625
3689,60_12,0.002621650340728249,0.0016381853,0.0026182198099338073,0.1406467410015075,0.00023690833977040246,0.0539710666977534
3690,60_13,0.002621469180597733,0.0016334732,0.0026180391234836183,0.1406435336871813,0.0002369082968520606,0.05369627014182399
3691,60_14,0.0026217300288229003,0.001640258,0.0026182992896572476,0.14064815177686857,0.00023690835864917742,0.054091943260915085
3692,60_15,0.0026219213232310753,0.0016452332,0.002618490083836345,0.14065153828139862,0.00023690840396842601,0.05438211220915647
3693,60_16,0.0026219002222873473,0.0016446845,0.0026184690380727316,0.14065116473735056,0.00023690839896943516,0.0543501047986588
3694,60_17,0.002621890079212602,0.0016444207,0.0026184589215225203,0.1406509851766459,0.0002369083965664556,0.054334719062301674
3695,60_18,0.002622213889109587,0.0016528417,0.002618781884593544,0.14065671728497303,0.00023690847327975147,0.054825896918124076
3696,60_19,0.0026210984671693055,0.0016238296,0.002617669379259744,0.14063697000043068,0.00023690820902698992,0.0531339456773928
3697,60_2,0.002629378394193926,0.0018388974,0.0026259276264166053,0.14078342276889108,0.0002369101706177931,0.06569352721021815
3698,60_20,0.0026185636610021592,0.0015578535,0.0026151411965043146,0.14059207317733446,0.00023690760851136173,0.049288971605578526
3699,60_21,0.0026161555305476056,0.0014951156,0.0026127393525391097,0.14054939307096212,0.0002369070380076217,0.04563614825390942
3700,60_22,0.0026137607781395724,0.001432669,0.00261035084597579,0.14050692395729342,0.00023690647067460123,0.04200361767360548
3701,60_23,0.00261169296869258,0.001378702,0.002608288425071318,0.14047023194929942,0.00023690598079766963,0.03886701740326117
3702,60_24,0.0026119424788980665,0.0013852161,0.0026085372852992506,0.1404746603869512,0.00023690603990813696,0.03924549220862659
3703,60_25,0.0026120908469856176,0.0013890894,0.002608685266856508,0.14047729356700556,0.0002369060750574356,0.03947054746417748
3704,60_26,0.002612035112647802,0.0013876344,0.0026086296777210155,0.14047630442705283,0.00023690606185363278,0.03938600566110466
3705,60_27,0.0026229060850188096,0.0016708395,0.0026194722699258185,0.1406689690012517,0.0002369086372668843,0.055875868848156075
3706,60_28,0.0026222358655435176,0.0016534132,0.002618803803551039,0.14065710629635317,0.00023690847848615494,0.0548592323343577
3707,60_29,0.0026219630824711212,0.0016463193,0.0026185317338724037,0.14065227752749526,0.00023690841386154112,0.05444545559111447
3708,60_3,0.002629039204439274,0.0018301003,0.002625589326124059,0.14077742936059962,0.0002369100902603041,0.06517902009367163
3709,60_30,0.002623347636415534,0.0016823178,0.0026199126661074893,0.14067678323280003,0.00023690874187424707,0.05654564537536473
3710,60_31,0.002624174373090974,0.001703804,0.0026207372392999416,0.14069141180309522,0.00023690893773547367,0.05779969829763019
3711,60_32,0.0026244807659118875,0.0017117652,0.0026210428301503613,0.14069683244148562,0.00023690901032268253,0.05826445669512452
3712,60_33,0.002624270835534605,0.0017063105,0.002620833449267202,0.14069311844242224,0.00023690896058828982,0.057946019385006764
3713,60_34,0.002625810362821531,0.0017463021,0.0026223689458133546,0.14072035048398046,0.00023690932531637992,0.060281283744784274
3714,60_35,0.002625527056258762,0.0017389446,0.002622086381171723,0.14071533999832705,0.00023690925819842278,0.059851544223734975
3715,60_36,0.0026255019819072262,0.0017382933,0.0026220613724808684,0.14071489652246574,0.00023690925225807686,0.059813509665995926
3716,60_37,0.0026262251057019804,0.0017570717,0.002622782602424208,0.14072768486472326,0.0002369094235728563,0.06091039520997867
3717,60_38,0.0026277518737472297,0.0017967025,0.0026243053701761007,0.14075467779510598,0.00023690978527886994,0.06322630544554002
3718,60_39,0.0026160064989704606,0.001491231,0.0026125907098233513,0.14054675086942606,0.0002369070027009948,0.0454100865702074
3719,60_4,0.0026277661398221323,0.0017970727,0.0026243195988614474,0.14075492996668185,0.0002369097886586427,0.06324794524144153
3720,60_40,0.002615398870265525,0.0014753907,0.0026119846663479615,0.14053597709173954,0.0002369068587495433,0.04448839218345384
3721,60_41,0.0026151240820371717,0.0014682261,0.0026117105948881385,0.14053110431025712,0.00023690679365033623,0.04407157387720488
3722,60_42,0.00261553686460833,0.0014789884,0.0026121223007125084,0.14053842399687208,0.0002369068914413518,0.04469771180600261
3723,60_43,0.0026176590442538363,0.0015342927,0.00261423894195886,0.1405760434354184,0.0002369073942008682,0.04791678465601521
3724,60_44,0.00261771902771474,0.0015358552,0.002614298768811667,0.14057710645279464,0.00023690740841139405,0.048007771830853585
3725,60_45,0.002617483821029738,0.0015297281,0.002614064176196628,0.14057293806376941,0.0002369073526891944,0.04765099362150878
3726,60_46,0.0026173773476888228,0.0015269542,0.0026139579808147537,0.14057105103528555,0.00023690732746487842,0.04748948729393874
3727,60_47,0.002617305115223365,0.0015250724,0.002613885936912771,0.1405697708290266,0.0002369073103524787,0.04737991995879938
3728,60_48,0.00261870110209498,0.0015614325,0.0026152782786294433,0.1405945082986476,0.00023690764107220459,0.049497452019247136
3729,60_49,0.0026194673955064335,0.0015813833,0.00261604257029663,0.1406080835815581,0.0002369078226130386,0.050659820304692
3730,60_5,0.002626859047452652,0.0017735299,0.002623414883462129,0.14073889409453166,0.00023690957375967865,0.06187200309383414
3731,60_50,0.002622853698309888,0.0016694776,0.0026194200202614907,0.1406680418437316,0.0002369086248560208,0.05579640496641147
3732,60_51,0.002622171239504203,0.0016517326,0.0026187393465311507,0.14065596232541558,0.0002369084631756988,0.05476120296676754
3733,60_52,0.002622219252255781,0.0016529812,0.0026187872337131877,0.1406568122198172,0.00023690847455032626,0.05483403211927893
3734,60_53,0.0026222388336520574,0.0016534904,0.0026188067638968494,0.140657158835556,0.00023690847918932502,0.05486373457225113
3735,60_54,0.0026220871241724813,0.0016495452,0.0026186554511838673,0.1406544733385539,0.00023690844324806567,0.05463361085589753
3736,60_55,0.002621543635689728,0.0016354099,0.002618113383901452,0.14064485188086281,0.0002369083144910903,0.05380920891479448
3737,60_56,0.0026287164791974574,0.0018217292,0.002625267447062974,0.14077172639564053,0.00023691001380345025,0.06468948751986545
3738,60_57,0.0026289857979024845,0.0018287151,0.00262553605962556,0.1407764856316445,0.00023691007760775698,0.06509800926456677
3739,60_58,0.002628729484924351,0.0018220666,0.002625280418691051,0.14077195623242614,0.0002369100168846372,0.06470921553036887
3740,60_59,0.0026292172235700606,0.0018347175,0.0026257668784470238,0.14078057498404495,0.0002369101324348362,0.06544905215806907
3741,60_6,0.002625765148992509,0.001745128,0.0026223238503953286,0.1407195508683352,0.00023690931460480243,0.060212700196846214
3742,60_60,0.002629976492675286,0.0018544066,0.002626524156217005,0.14079398977548072,0.00023691031231344874,0.06660076547680731
3743,60_61,0.002629849438767521,0.0018511122,0.0026263974355735034,0.14079174516366383,0.00023691028221306968,0.0664080410833563
3744,60_62,0.0026300456659502413,0.0018562,0.002626593148042694,0.14079521180219542,0.00023691032870131148,0.06670569241446174
3745,60_63,0.0026345488952416425,0.0019728567,0.002631084554616792,0.14087472031921824,0.0002369113955652453,0.07353651052169638
3746,60_64,0.0026335040231327874,0.0019458069,0.0026300424274983405,0.14085628029061498,0.0002369111480232651,0.07195157427726855
3747,60_65,0.0026334956471553797,0.00194559,0.0026300340735211304,0.1408561324505553,0.0002369111460389027,0.07193886899969044
3748,60_66,0.0026328984225914517,0.0019301241,0.0026294384174370368,0.1408455903354576,0.00023691100454978906,0.07103295635314737
3749,60_7,0.0026253025565316913,0.0017331137,0.00262186246930618,0.14071136929770262,0.00023690920501236496,0.05951100708882322
3750,60_8,0.0026249993081378744,0.0017252367,0.0026215600149008273,0.14070600541733488,0.00023690913317003996,0.05905101838173508
3751,60_9,0.0026253268625537275,0.001733745,0.002621886711684344,0.14071179920647592,0.0002369092107706854,0.05954787618979438
3752,61_0,0.0026278525947857766,0.0017993161,0.002624405827233368,0.14075645815187915,0.00023690980914067077,0.06337908627222362
3753,61_1,0.002628662720181166,0.0018203347,0.0026252138289919484,0.1407707763599577,0.0002369100010674013,0.06460794202481068
3754,61_10,0.0026218818922668706,0.0016442077,0.0026184507559858946,0.14065084024453955,0.00023690839462689938,0.054322300521399566
3755,61_11,0.0026221508975827973,0.0016512036,0.00261871905781004,0.1406556022411561,0.0002369084583565255,0.05473034689525065
3756,61_12,0.002621708933890526,0.0016397093,0.0026182782498852535,0.1406477783209822,0.00023690835365161166,0.05405994496886564
3757,61_13,0.002621811532137097,0.0016423778,0.0026183805798471998,0.14064959465864113,0.0002369083779579946,0.05421557327804081
3758,61_14,0.0026220712414943962,0.0016491321,0.0026186396100425094,0.1406541921840884,0.00023690843948532517,0.05460951888144265
3759,61_15,0.002622022537600673,0.0016478655,0.0026185910335187095,0.1406533300227999,0.000236908427946962,0.05453564135542521
3760,61_16,0.0026220540383523993,0.0016486847,0.0026186224518902623,0.14065388765354178,0.00023690843540975567,0.05458342393351714
3761,61_17,0.002622031526266106,0.0016480993,0.0026185999986772543,0.1406534891418785,0.0002369084300764526,0.0545492760017261
3762,61_18,0.0026220188579865406,0.0016477698,0.00261858736352737,0.1406532648854597,0.00023690842707523038,0.054530059855301974
3763,61_19,0.00262192006092972,0.0016452004,0.002618488824835989,0.14065151593529082,0.00023690840366937622,0.05438019746078453
3764,61_2,0.0026295428428248645,0.001843162,0.0026260916437703713,0.14078632835354316,0.00023691020957734951,0.06594297457637169
3765,61_20,0.002622769928314194,0.0016672997,0.0026193364694039726,0.14066655922850796,0.00023690860501018716,0.05566933668576155
3766,61_21,0.0026230716928115176,0.0016751448,0.002619637444467539,0.14067189990183002,0.00023690867650080403,0.05612707451323047
3767,61_22,0.0026237819336159783,0.0016936057,0.002620345826882578,0.14068446822567188,0.00023690884476307278,0.05720441822230456
3768,61_23,0.0026223090977731595,0.0016553175,0.0026188768442480708,0.14065840258602003,0.00023690849583549167,0.05497031618283614
3769,61_24,0.002619357510136281,0.0015785227,0.0026159329720095953,0.1406061370689975,0.00023690779658033627,0.05049313836877758
3770,61_25,0.0026166288271528043,0.0015074507,0.0026132114140462732,0.14055778354360415,0.00023690715013494507,0.046354078168572954
3771,61_26,0.0026141142291379203,0.0014418893,0.002610703375484035,0.1405131937815691,0.00023690655440944462,0.04253975725773529
3772,61_27,0.002623067366868269,0.0016750323,0.0026196331298418535,0.1406718233435461,0.00023690867547595054,0.05612051261518829
3773,61_28,0.002623665834216327,0.0016905883,0.002620230031298566,0.14068241390248648,0.0002369088172580997,0.057028310404989214
3774,61_29,0.0026229942209921955,0.0016731308,0.002619560175327717,0.14067052883323217,0.00023690865814705858,0.0560095597539366
3775,61_3,0.002629892060275633,0.0018522174,0.0026264399452865642,0.1407924981493167,0.00023691029231054343,0.06647269241477431
3776,61_30,0.0026236167469300127,0.0016893125,0.0026201810724626753,0.14068154530818197,0.00023690880562888907,0.056953851321853224
3777,61_31,0.002623666577766534,0.0016906076,0.0026202307729030505,0.1406824270594445,0.00023690881743425332,0.05702943827476688
3778,61_32,0.0026243307864112124,0.0017078683,0.0026208932432264733,0.14069417908817167,0.00023690897479119013,0.05803695713366963
3779,61_33,0.0026249701024423735,0.001724478,0.002621530885669114,0.14070548880288186,0.00023690912625094404,0.059006717107970987
3780,61_34,0.0026250820018542285,0.0017273847,0.002621642492111151,0.14070746815116975,0.00023690915276093744,0.059176454085420716
3781,61_35,0.0026241237396757416,0.0017024883,0.0026206867384065808,0.14069051596636206,0.00023690892573996537,0.057722893936310984
3782,61_36,0.0026249023842992913,0.0017227188,0.0026214633448164637,0.1407042909336447,0.00023690911020789846,0.05890399741771688
3783,61_37,0.002629182625128558,0.0018338201,0.0026257323707332,0.14077996363581835,0.00023691012423811497,0.0653965707840591
3784,61_38,0.0026235205592883156,0.0016868125,0.002620085136515522,0.14067984324653168,0.00023690878284119085,0.05680794707357251
3785,61_39,0.00261622060276241,0.0014968116,0.0026128042549569833,0.14055054671366965,0.00023690705342368785,0.04573485441217997
3786,61_4,0.002628811514931917,0.0018241944,0.0026253622336259294,0.1407734058465139,0.00023691003631836849,0.06483364447341415
3787,61_40,0.0026157226308208335,0.0014838313,0.002612307582296988,0.14054171785255457,0.00023690693545065186,0.04497949519431543
3788,61_41,0.002615457395519396,0.0014769166,0.0026120430389325326,0.1405370148676282,0.00023690687261457773,0.0445771674462712
3789,61_42,0.0026165750377256693,0.001506049,0.0026131577649973433,0.14055683003058295,0.0002369071373918455,0.046272486544190625
3790,61_43,0.002618918278425944,0.0015670874,0.002615494887702468,0.14059835595956924,0.00023690769252294243,0.04982688050667576
3791,61_44,0.0026187890747872244,0.0015637232,0.002615366021545358,0.14059606691547816,0.0002369076619136085,0.049630895248592564
3792,61_45,0.002618171982406475,0.0015476532,0.0026147505407889847,0.14058513311709006,0.0002369075157197405,0.04869484568604676
3793,61_46,0.0026171634354419716,0.0015213811,0.0026137446269725965,0.1405672597101279,0.00023690727678750512,0.047165010001178585
3794,61_47,0.002617278148648057,0.0015243698,0.0026138590407326105,0.14056929288304199,0.00023690730396389996,0.04733901514161545
3795,61_48,0.002618302724679041,0.0015510583,0.0026148809416411687,0.1405874497857835,0.0002369075466935695,0.048893164853256364
3796,61_49,0.0026194586347387102,0.0015811552,0.002616033832417458,0.14060792839507744,0.00023690782053754423,0.050646531349828196
3797,61_5,0.0026276824331605843,0.0017949005,0.0026242361115814527,0.14075345032860573,0.00023690976882771605,0.0631209730305244
3798,61_50,0.0026228253000361037,0.0016687392,0.002619391696276972,0.14066753923638495,0.0002369086181282249,0.055753328447268304
3799,61_51,0.002623205455742168,0.001678622,0.0026197708574374813,0.1406742671265561,0.00023690870819040503,0.056329975629216024
3800,61_52,0.0026234999292328934,0.0016862763,0.0026200645604416402,0.14067947818768078,0.00023690877795374957,0.056776653939909494
3801,61_53,0.002623877642541322,0.001696093,0.0026204412853411746,0.1406861617033974,0.0002369088674373648,0.057349596319610896
3802,61_54,0.0026239663441632115,0.0016983981,0.002620529754826037,0.14068773115665048,0.00023690888845156652,0.05748414524122651
3803,61_55,0.002623432911782518,0.0016845344,0.0026199977183492497,0.14067829226807266,0.00023690876207672784,0.05667499711013235
3804,61_56,0.0026295467349853486,0.0018432629,0.0026260955257230868,0.14078639712127422,0.00023691021049944208,0.06594887848190041
3805,61_57,0.0026280730271790657,0.0018050359,0.002624625681856883,0.1407603543809446,0.00023690986136327275,0.06371345378630408
3806,61_58,0.0026288163709298974,0.0018243204,0.002625367076891865,0.1407734916595639,0.00023691003746880313,0.06484101039613037
3807,61_59,0.002629832862675498,0.0018506824,0.0026263809029596283,0.14079145231495557,0.00023691027828602308,0.06638289728937821
3808,61_6,0.002626229324749671,0.0017571812,0.0026227868104207433,0.14072775947106325,0.00023690942457238847,0.060916794961244844
3809,61_60,0.002629838901353511,0.001850839,0.0026263869257985638,0.14079155900001905,0.000236910279716648,0.06639205718518823
3810,61_61,0.0026303541839665964,0.0018641986,0.0026269008567236995,0.14080066187119508,0.0002369104017924274,0.06717367445938009
3811,61_62,0.0026303873877160395,0.0018650594,0.002626933973364099,0.1408012484004738,0.00023691040965874118,0.06722404026539337
3812,61_63,0.0026336445618791986,0.0019494458,0.002630182597097698,0.1408587608205963,0.0002369111813184632,0.07216475343196649
3813,61_64,0.002633259916775266,0.0019394859,0.0026297989622777415,0.140851971565921,0.00023691109019175478,0.07158129641239697
3814,61_65,0.0026333959467401296,0.0019430084,0.0026299346349719097,0.14085437266572431,0.00023691112241876422,0.07178763632693119
3815,61_66,0.002634130646755687,0.0019620303,0.002630667405044545,0.1408673396078918,0.0002369112964774335,0.0729020815050248
3816,61_7,0.002625450834377185,0.0017369649,0.0026220103588858175,0.14071399189625797,0.00023690924014075406,0.05973592545881061
3817,61_8,0.002625395147406856,0.0017355186,0.002621954817734504,0.1407130069693325,0.0002369092269479966,0.05965145550610629
3818,61_9,0.0026251431812806115,0.0017289739,0.0026217035113551483,0.14070855030804777,0.00023690916725490393,0.05926925538566223
3819,62_0,0.002625652624350863,0.0017422057,0.002622211620436882,0.14071756080740352,0.0002369092879466682,0.06004201482643197
3820,62_1,0.0026258930327076593,0.0017484489,0.0026224513991891458,0.14072181249366356,0.00023690934490164768,0.060406683301090426
3821,62_10,0.002621931444045052,0.0016454965,0.0026185001781836863,0.14065171744659566,0.0002369084063661319,0.054397464178798316
3822,62_11,0.0026221609655607573,0.0016514654,0.002618729099457235,0.14065578046056196,0.00023690846074171467,0.05474561871946833
3823,62_12,0.002621868226525244,0.0016438523,0.0026184371259804396,0.14065059832156682,0.00023690839138937051,0.05430157135366045
3824,62_13,0.0026220587431297253,0.0016488071,0.0026186271443636587,0.14065397093778712,0.0002369084365243571,0.054590560474002105
3825,62_14,0.0026221659794192103,0.0016515958,0.0026187341002029156,0.14065586921375114,0.00023690846192954017,0.054753224096164385
3826,62_15,0.0026221418950793537,0.0016509695,0.0026187100788507417,0.14065544288197493,0.0002369084562237563,0.05471669125847214
3827,62_16,0.002622305646079902,0.0016552277,0.0026188734015825405,0.14065834148786097,0.00023690849501775623,0.05496508040928845
3828,62_17,0.002622614637586517,0.0016632621,0.0026191815848907135,0.14066381070947792,0.00023690856822048033,0.05543378067787117
3829,62_18,0.0026225259636290113,0.0016609565,0.002619093142878602,0.14066224120395468,0.00023690854721286096,0.055299273719558076
3830,62_19,0.002621699565879149,0.0016394657,0.002618268906369811,0.14064761247296959,0.00023690835143225152,0.05404573490368776
3831,62_2,0.0026265569694681134,0.001765688,0.0026231135968694964,0.14073355303879134,0.00023690950219452286,0.061413789746686834
3832,62_20,0.002621816433427437,0.0016425053,0.002618385468320871,0.14064968142694603,0.00023690837911915133,0.05422300790342547
3833,62_21,0.002622530042431124,0.0016610626,0.002619097211011921,0.14066231339845012,0.00023690854817916404,0.05530546073636842
3834,62_22,0.0026229818481031475,0.0016728091,0.0026195478348077054,0.1406703098597468,0.00023690865521581403,0.05599079167683456
3835,62_23,0.002623403150186227,0.0016837608,0.002619968034625774,0.14067776560976805,0.000236908755025945,0.0566298526065566
3836,62_24,0.0026231740173264205,0.0016778047,0.0026197395012748977,0.14067371076297897,0.00023690870074237068,0.05628228760676492
3837,62_25,0.002623192396662305,0.0016782825,0.002619757832524556,0.14067403602142053,0.00023690870509659532,0.05631016668913773
3838,62_26,0.0026227560072066953,0.0016669377,0.002619322584712728,0.14066631284072587,0.00023690860171215702,0.05564822016092563
3839,62_27,0.002623755944177583,0.0016929302,0.0026203199054560164,0.14068400836031722,0.00023690883860594502,0.057164995595807254
3840,62_28,0.00262638503520422,0.0017612241,0.0026229421130030055,0.14073051287680285,0.0002369094614616655,0.061152987640674186
3841,62_29,0.0026265110163989688,0.0017644949,0.002623067764181465,0.14073274050424434,0.0002369094913078044,0.061344084866814086
3842,62_3,0.00262772478636224,0.0017959996,0.0026242783537831224,0.14075419898754207,0.00023690977886160349,0.0631852173756485
3843,62_30,0.002625208104465787,0.0017306603,0.0026217682645518093,0.1407096986669807,0.00023690918263580217,0.05936773548520406
3844,62_31,0.0026233550307194512,0.00168251,0.002619920041064304,0.14067691408390973,0.0002369087436260223,0.05655686158085231
3845,62_32,0.0026237231195523477,0.0016920771,0.0026202871667286745,0.14068342754664015,0.0002369088308295013,0.05711520487232562
3846,62_33,0.002623894606758396,0.0016965339,0.002620458205162564,0.14068646186464537,0.00023690887145633827,0.057375328849239085
3847,62_34,0.002622930131579634,0.0016714646,0.002619496253579483,0.14066939458118435,0.00023690864296372233,0.05591234437992796
3848,62_35,0.0026233895526750727,0.0016834073,0.0026199544726929445,0.1406775249882049,0.00023690875180457557,0.05660922693564459
3849,62_36,0.0026249131484591555,0.0017229985,0.0026214740807953734,0.14070448134273006,0.00023690911275802602,0.058920325260105245
3850,62_37,0.002626886107998042,0.0017742324,0.0026234418731091555,0.14073937253328556,0.000236909580170581,0.06191305045151481
3851,62_38,0.0026191581701699514,0.0015733332,0.0026157341528020342,0.1406026058155321,0.00023690774935514877,0.05019076534635616
3852,62_39,0.0026166208129451665,0.0015072419,0.0026132034207540823,0.14055764147838873,0.00023690714823632197,0.04634192164908342
3853,62_4,0.0026270447770054915,0.001778351,0.0026236001263907033,0.14074217778362744,0.0002369096177607919,0.062153730874164384
3854,62_40,0.002616892545765292,0.0015143228,0.0026134744443713468,0.1405624582338384,0.0002369072126117782,0.046754105295069334
3855,62_41,0.0026171619386136644,0.0015213421,0.002613743134051507,0.1405672331799999,0.00023690727643289563,0.04716273950566503
3856,62_42,0.0026170777601511896,0.0015191488,0.002613659175319097,0.14056574116527468,0.00023690725649040618,0.047035051633584145
3857,62_43,0.0026190401241134582,0.0015702598,0.002615616415112224,0.14060051457675113,0.00023690772138912485,0.0500117047016488
3858,62_44,0.002619376247386461,0.0015790105,0.0026159516603082647,0.14060646898504728,0.00023690780101933697,0.050521560360980544
3859,62_45,0.0026189118534148802,0.0015669201,0.0026154884794740104,0.14059824213225933,0.00023690769100080788,0.049817134593449455
3860,62_46,0.002617376869558328,0.0015269418,0.0026139575039324397,0.14057104256125624,0.0002369073273516058,0.047488762031636614
3861,62_47,0.00261723679447977,0.0015232924,0.002613817794516291,0.14056855993006978,0.00023690729416679565,0.047276286201277884
3862,62_48,0.0026180085737788758,0.0015433972,0.0026145875588627823,0.1405822375126863,0.00023690747700701165,0.048446975870842124
3863,62_49,0.002618673790341228,0.0015607213,0.0026152510382098366,0.140594024407729,0.0002369076346018415,0.049456023610876795
3864,62_5,0.0026271063384359305,0.001779949,0.0026236615265183673,0.1407432661522801,0.00023690963234528732,0.06224711162529602
3865,62_50,0.002622524414491774,0.0016609163,0.00261909159779339,0.14066221378432056,0.00023690854684585712,0.05529692387814293
3866,62_51,0.0026221704605632937,0.0016517123,0.0026187385696274158,0.140655948536961,0.0002369084629911611,0.05476002141385905
3867,62_52,0.0026226849072734375,0.0016650892,0.0026192516707669268,0.14066505443904292,0.00023690858486797185,0.05554037073108518
3868,62_53,0.0026235509044858357,0.0016876012,0.0026201154023096493,0.1406803802160456,0.00023690879003023478,0.05685397682495221
3869,62_54,0.0026242778964143563,0.001706494,0.002620840491665767,0.14069324336374256,0.00023690896226107554,0.05795672982903142
3870,62_55,0.002624204528705058,0.0017045876,0.0026207673159871,0.14069194532879306,0.0002369089448796083,0.05784544047538489
3871,62_56,0.002629752529369917,0.0018485994,0.002626300780359875,0.1407900330543024,0.00023691025925423807,0.06626104202444125
3872,62_57,0.00262797353600215,0.0018024544,0.002624526451459761,0.14075859586245631,0.00023690983779283298,0.06356253850111457
3873,62_58,0.002628070205032584,0.0018049626,0.0026246228671077633,0.14076030449978164,0.00023690986069467842,0.06370917295403018
3874,62_59,0.0026286601846172773,0.0018202689,0.002625211300075724,0.14077073155085182,0.00023691000046670088,0.06460409590137317
3875,62_6,0.0026266798108731796,0.001768877,0.002623236116462347,0.14073572505338125,0.0002369095312968208,0.06160012431678012
3876,62_60,0.0026291990130986706,0.0018342452,0.0026257487157291992,0.14078025320896895,0.00023691012812059102,0.0654214292213581
3877,62_61,0.0026294171071351287,0.0018399013,0.0026259662378330362,0.1407841067851036,0.0002369101797892828,0.06575224974967568
3878,62_62,0.0026300125518134852,0.0018553415,0.0026265601207686303,0.1407946268049705,0.0002369103208562306,0.06665546253933811
3879,62_63,0.002634065170720277,0.0019603353,0.002630602101026313,0.14086618409995535,0.0002369112809654216,0.07280276280297215
3880,62_64,0.002634350021291707,0.001967709,0.002630886203213603,0.14087121094544655,0.00023691134844974494,0.07323484438604737
3881,62_65,0.002634846644971352,0.001980563,0.0026313815219273905,0.140879974145122,0.0002369114661055598,0.07398815846443085
3882,62_66,0.0026355305942526294,0.0019982613,0.002632063673610316,0.1408920409973834,0.00023691162814104216,0.07502562132333992
3883,62_7,0.0026257224372961785,0.0017440188,0.002622281250555264,0.14071879549493554,0.00023690930448600397,0.060147912061531625
3884,62_8,0.002625542197804431,0.0017393378,0.002622101483066844,0.1407156077968997,0.00023690926178559517,0.0598745119958906
3885,62_9,0.0026253268311794073,0.0017337442,0.002621886680392176,0.1407117986515495,0.00023690921076325252,0.05954782859899623
3886,63_0,0.0026304165637116256,0.0018658157,0.002626963072816428,0.14080176377720033,0.00023691041657083832,0.06726829648821706
3887,63_1,0.002632433974531902,0.0019180942,0.002628975188903589,0.14083739086304595,0.00023691089451695826,0.07032844854114231
3888,63_10,0.0026278291941067037,0.0017987089,0.0026243824878863856,0.14075604452283572,0.00023690980359682043,0.06334359045977678
3889,63_11,0.002628059885603773,0.0018046949,0.002624612574727996,0.1407601221045814,0.00023690985824990397,0.0636935197112976
3890,63_12,0.002628388390802004,0.001813218,0.002624940218804157,0.14076592817606648,0.0002369099360760367,0.06419181973361318
3891,63_13,0.0026285085578436423,0.0018163355,0.002625060070820945,0.1407680519127363,0.0002369099645448046,0.06437409763926709
3892,63_14,0.002629858000728022,0.0018513342,0.002626405975076361,0.14079189642676254,0.00023691028424148618,0.06642102847330236
3893,63_15,0.0026305946803520416,0.001870433,0.0026271407221492757,0.14080491001937204,0.0002369104587685296,0.06753847646214695
3894,63_16,0.002630539302221862,0.0018689975,0.0026270854893127725,0.14080393183853088,0.0002369104456488717,0.06745447498012211
3895,63_17,0.0026291972580413992,0.0018341996,0.0026257469652742208,0.1407802221974091,0.0002369101277048002,0.0654187670258061
3896,63_18,0.0026279820649519926,0.0018026757,0.0026245349580544617,0.14075874661441604,0.0002369098398134251,0.06357547581814912
3897,63_19,0.002626154113728467,0.0017552284,0.0026227117964007377,0.14072642948613667,0.00023690940675418938,0.06080270954114795
3898,63_2,0.0026327344253750697,0.0019258766,0.0026292748508614213,0.140842695201729,0.00023691096569704697,0.07078419372466271
3899,63_20,0.0026264187494699108,0.0017620994,0.0026229757389534367,0.14073110902694594,0.00023690946944889416,0.06120412783400013
3900,63_21,0.002627188806814837,0.0017820895,0.0026237437788083702,0.14074472411629008,0.00023690965188284145,0.06237220552113314
3901,63_22,0.002627562801716875,0.001791796,0.002624116793660212,0.14075133561246794,0.00023690974048586007,0.06293950755785929
3902,63_23,0.002627531557936052,0.0017909851,0.002624085631758755,0.14075078330785304,0.00023690973308390417,0.06289211477148911
3903,63_24,0.002628019510105278,0.0018036473,0.0026245723050597877,0.14075940846578827,0.00023690984868455055,0.06363227528682742
3904,63_25,0.00262863681266713,0.0018196626,0.0026251879894011467,0.14077031851466257,0.00023690999492965222,0.06456864366700117
3905,63_26,0.002632649158579469,0.0019236681,0.0026291898079575755,0.14084118989199837,0.00023691094549640896,0.07065485499157872
3906,63_27,0.0026281622202306253,0.0018073501,0.0026247146411130535,0.1407619308409149,0.00023690988249398717,0.06384874814335503
3907,63_28,0.0026274950706932187,0.0017900382,0.0026240492401353966,0.14075013830759717,0.00023690972443972136,0.0628367683294357
3908,63_29,0.0026275374747126226,0.0017911387,0.002624091533029533,0.14075088790062226,0.00023690973448564615,0.0629010897585303
3909,63_3,0.002630228373660497,0.001860937,0.0026267753764672246,0.14079843944379508,0.00023691037198665912,0.06698283644928367
3910,63_30,0.002622523957809875,0.0016609044,0.0026190911423060177,0.14066220570107688,0.0002369085467376653,0.05529623115059508
3911,63_31,0.0026222527833593898,0.0016538531,0.00261882067712029,0.1406574057621455,0.000236908482494129,0.05488489447934626
3912,63_32,0.0026271250098724853,0.0017804336,0.0026236801490314263,0.14074359624854643,0.00023690963676873054,0.06227543378671711
3913,63_33,0.002635309915920487,0.0019925514,0.0026318435753296407,0.14088814781980313,0.00023691157585978496,0.07469088075173502
3914,63_34,0.002630785407200876,0.0018753768,0.0026273309485713553,0.14080827884930372,0.00023691050395371912,0.06782778449605971
3915,63_35,0.0026257259517504863,0.00174411,0.002622284755805751,0.14071885764977374,0.00023690930531861088,0.060153243035499314
3916,63_36,0.0026287000717881356,0.0018213036,0.0026252510826708653,0.1407714364433461,0.0002369100099163707,0.06466459959579182
3917,63_37,0.002633487424066532,0.0019453771,0.0026300258720308375,0.14085598730874632,0.00023691114409076132,0.07192639563434255
3918,63_38,0.002637117818167419,0.0020393159,0.0026336467240908046,0.14092003615635815,0.00023691200417314247,0.07743323531672104
3919,63_39,0.0026323987451467,0.0019171817,0.0026289400520133122,0.14083676887586402,0.00023691088617073326,0.070275010106905
3920,63_4,0.0026348225434292137,0.0019799392,0.0026313574837219474,0.1408795488856236,0.0002369114603956282,0.07395159953309616
3921,63_40,0.002632313197087917,0.0019149656,0.002628854728556241,0.1408352584715934,0.00023691086590346772,0.07014524473384469
3922,63_41,0.002632495594504173,0.0019196904,0.002629036647089351,0.1408384787719128,0.00023691090911540148,0.07042191809268417
3923,63_42,0.002632416645156985,0.0019176453,0.002628957905027186,0.14083708490753596,0.0002369108904114406,0.07030216211415592
3924,63_43,0.002587526777752102,0.0007448189,0.0025841848939072635,0.14003996755031137,0.00023690025575167926,0.0022100221722354263
3925,63_44,0.002587698810109531,0.00074935216,0.0025843564822604745,0.14004303997719503,0.00023690029650619225,0.0024709730734919335
3926,63_45,0.0025874225469039495,0.0007420721,0.0025840809320577625,0.14003810596381133,0.000236900231059366,0.0020519174169983502
3927,63_46,0.0025866595223938945,0.000721961,0.002583319876429847,0.1400244766432051,0.0002369000502987522,0.000894507633423558
3928,63_47,0.0025861977854649888,0.0007097881,0.0025828593306696916,0.14001622768290323,0.00023689994091327578,0.00019411225698320322
3929,63_48,0.0025860698166056597,0.00070641405,0.002582731691901296,0.14001394133626704,0.0002368999105974625,0.0
3930,63_49,0.002587280353615961,0.0007383248,0.0025839391057243437,0.14003556627852964,0.0002369001973737456,0.0018362285360936426
3931,63_5,0.0026336522593994314,0.0019496451,0.00263019027439862,0.1408588966804227,0.00023691118314209185,0.07217642957750244
3932,63_50,0.002642497160218408,0.002178273,0.002639011903102072,0.1410148321039595,0.0002369132786072767,0.08559300349842829
3933,63_51,0.002642454357522246,0.0021771684,0.002638969213212907,0.14101407833597346,0.00023691326846674983,0.08552807732810379
3934,63_52,0.002642334298927773,0.00217407,0.002638849471024513,0.14101196402539062,0.0002369132400232775,0.08534596392281416
3935,63_53,0.002641533500147491,0.0021534008,0.0026380507823269765,0.1409978597869972,0.00023691305030351984,0.08413125544260325
3936,63_54,0.00263996418627695,0.0021128773,0.002636485601705351,0.14097021160341205,0.00023691267851287562,0.08175080867670204
3937,63_55,0.0026391859201313175,0.0020927717,0.0026357093844434393,0.140956496019843,0.00023691249413183022,0.08057027929748842
3938,63_56,0.002631634802468009,0.0018973895,0.002628178114766236,0.14082327982732537,0.0002369107051844654,0.06911620757991485
3939,63_57,0.002630992084317068,0.0018807336,0.002627537083369826,0.14081192922588345,0.00023691055291770395,0.06814128702863868
3940,63_58,0.0026303564023268705,0.0018642561,0.0026269030692642062,0.1408007010576848,0.00023691040231798004,0.06717703942584023
3941,63_59,0.0026301713867147225,0.0018594596,0.002626718539015309,0.14079743275124088,0.00023691035848586098,0.06689639460147064
3942,63_6,0.0026306462871154793,0.0018717707,0.0026271921935110947,0.14080582157162824,0.00023691047099471188,0.067616757267173
3943,63_60,0.0026301313515510612,0.0018584216,0.0026266786088739637,0.14079672550857916,0.0002369103490011162,0.06683566642105418
3944,63_61,0.0026300708913438928,0.0018568541,0.0026266183072661217,0.14079565743288588,0.00023691033467746785,0.06674395608361224
3945,63_62,0.0026302828875795813,0.0018623503,0.0026268297473769175,0.14079940243586894,0.00023691038490157232,0.06706552703452359
3946,63_63,0.0026275908384472578,0.0017925235,0.0026241447569149944,0.14075183122145432,0.00023690974712803467,0.06298203566228651
3947,63_64,0.002627290820546934,0.0017847372,0.0026238455252282217,0.14074652758148715,0.00023690967605088044,0.06252694719722882
3948,63_65,0.0026275178942253194,0.0017906305,0.0026240720038556748,0.1407505417694251,0.00023690972984683812,0.06287138868435349
3949,63_66,0.0026278738466945306,0.0017998676,0.0026244270234413868,0.140756833797245,0.00023690981417545646,0.063411322677198
3950,63_7,0.0026289492276835684,0.0018277665,0.00262549958529647,0.14077583940419258,0.00023691006894390373,0.06504253695849656
3951,63_8,0.0026276927735415538,0.0017951688,0.0026242464248623417,0.1407536331117227,0.00023690977127745333,0.06313665805497877
3952,63_9,0.002625336839606537,0.0017340041,0.0026218966626126643,0.1407119756731871,0.0002369092131343411,0.059563010092284686
3953,6_0,0.002625460959814927,0.0017372279,0.0026220204578092814,0.14071417098182248,0.00023690924253956384,0.05975128444210753
3954,6_1,0.002624808224424803,0.0017202727,0.002621369431450971,0.14070262530103678,0.00023690908790056743,0.0587611690307952
3955,6_10,0.002623234883693769,0.001679387,0.002619800208395059,0.1406747879070333,0.00023690871516214313,0.05637461403682238
3956,6_11,0.0026237877075884603,0.0016937557,0.002620351585745044,0.14068457039175544,0.00023690884613097792,0.05721317659395879
3957,6_12,0.0026238995164122683,0.0016966615,0.0026204631019677233,0.14068654873477393,0.00023690887261947885,0.05738277616102394
3958,6_13,0.0026241191835225633,0.0017023699,0.00262068219417801,0.14069043535560102,0.00023690892466057202,0.057715982839491885
3959,6_14,0.0026235652463526687,0.001687974,0.0026201297066482197,0.14068063399924516,0.00023690879342794913,0.05687573158743788
3960,6_15,0.0026235653090593163,0.0016879756,0.002620129769190783,0.14068063510885415,0.00023690879344280487,0.056875826705336155
3961,6_16,0.0026237970158500654,0.0016939976,0.0026203608696476165,0.14068473509409937,0.00023690884833618746,0.05722729602643852
3962,6_17,0.00262410901396625,0.0017021056,0.002620672051237929,0.14069025542810892,0.00023690892225131338,0.0577005569340109
3963,6_18,0.0026240799391079907,0.0017013501,0.002620643052475163,0.1406897410111198,0.00023690891536322015,0.05765645412346956
3964,6_19,0.0026239219907386053,0.0016972455,0.0026204855174777626,0.14068694638822218,0.00023690887794384623,0.05741686681583147
3965,6_2,0.00262541789447754,0.0017361094,0.00262197750524126,0.14071340929498297,0.00023690923233698758,0.05968595987891519
3966,6_20,0.0026242636133853264,0.0017061229,0.0026208262460211654,0.14069299066768312,0.00023690895887729796,0.057935064315905296
3967,6_21,0.0026244595100071684,0.0017112129,0.0026210216298851053,0.14069645640010484,0.00023690900528696723,0.05823221422878646
3968,6_22,0.002624221181418564,0.0017050203,0.0026207839251147203,0.14069223995378327,0.0002369089488247851,0.05787070049427214
3969,6_23,0.002623352231540782,0.0016824373,0.0026199172492096566,0.14067686454910236,0.0002369087429628724,0.05655261558778761
3970,6_24,0.002623591932645292,0.0016886676,0.0026201563231104622,0.14068110621791274,0.00023690879975016657,0.05691621125193436
3971,6_25,0.0026239492630113484,0.0016979543,0.0026205127183770967,0.1406874289319148,0.00023690888440488985,0.05745823533660257
3972,6_26,0.002624698653316174,0.0017174261,0.002621260147186591,0.14070068700239358,0.00023690906194217748,0.058594963789085595
3973,6_27,0.0026411057321107227,0.0021423572,0.0026376241411858233,0.14099032445780355,0.00023691294895971112,0.0834823864949719
3974,6_28,0.0026396928626243057,0.0021058687,0.002636214992414831,0.14096543030483846,0.00023691261423287104,0.08133924568501882
3975,6_29,0.0026391216974637195,0.0020911123,0.002635645330823197,0.1409553640862975,0.00023691247891667835,0.08047286179277435
3976,6_3,0.0026255028425174066,0.0017383157,0.0026220622308374317,0.14071491174363784,0.00023690925246196335,0.059814815100656206
3977,6_30,0.0026406775823445898,0.002131302,0.0026371971191386525,0.14098278158542302,0.00023691284752550915,0.08283293851312194
3978,6_31,0.0026416391000065563,0.0021561268,0.002638156103969833,0.14099971985088017,0.0002369130753215059,0.08429143681084952
3979,6_32,0.0026411090416546836,0.0021424426,0.002637627442011948,0.14099038276006945,0.0002369129497437849,0.08348740664636836
3980,6_33,0.002641355880363431,0.0021488154,0.002637873630479723,0.140994731032705,0.00023691300822307874,0.08386182913569158
3981,6_34,0.0026410125255086035,0.0021399506,0.00263753118009943,0.14098868247247445,0.00023691292687786118,0.0833410040993023
3982,6_35,0.002640192095480639,0.002118764,0.0026367129107952806,0.1409742275928346,0.00023691273250746165,0.08209651754796425
3983,6_36,0.002641021047067294,0.0021401707,0.002637539679211822,0.14098883259515177,0.00023691292889672856,0.08335393020491182
3984,6_37,0.002641418795402622,0.0021504397,0.0026379363797737233,0.14099583929079437,0.0002369130231284704,0.08395726313674104
3985,6_38,0.0026428734278371767,0.002187982,0.002639387178984784,0.14102145793466422,0.00023691336775008868,0.08616375295334891
3986,6_39,0.0026414562601425363,0.0021514068,0.0026379737458135776,0.14099649922954705,0.00023691303200435536,0.08401409231581028
3987,6_4,0.002623721811592688,0.0016920432,0.002620285862191757,0.140683404402913,0.00023690883051963413,0.057113220866193616
3988,6_40,0.002640812569820466,0.0021347876,0.0026373317510858772,0.1409851597980234,0.0002369128795057786,0.08303769710630035
3989,6_41,0.0026403916887735987,0.0021239188,0.0026369119784914164,0.14097774443665517,0.00023691277979365883,0.08239927483421568
3990,6_42,0.002639744543750951,0.0021072037,0.0026362665374770116,0.14096634106135508,0.0002369126264767822,0.08141763928944101
3991,6_43,0.002639401127441879,0.002098332,0.0026359240252538997,0.14096028894441742,0.0002369125451171364,0.08089672103488824
3992,6_44,0.002641085469134763,0.002141834,0.002637603931585351,0.14098996749595047,0.00023691294415914975,0.0834516501735159
3993,6_45,0.0026417519651869355,0.0021590402,0.00263826867178033,0.1410017078329797,0.00023691310206074438,0.0844626387346075
3994,6_46,0.0026412602119640603,0.0021463456,0.002637778214104392,0.14099304578524466,0.00023691298555799154,0.08371671251105965
3995,6_47,0.0026420532060830427,0.0021668156,0.0026385691189243507,0.14100701354428014,0.0002369131734286703,0.08491958232655321
3996,6_48,0.0026429558980396116,0.0021901098,0.0026394694318000473,0.14102291009742796,0.0002369133872883829,0.08628884961524363
3997,6_49,0.0026426073550795963,0.0021811165,0.0026391218075350526,0.14101677263002438,0.00023691330471390398,0.08576015489233271
3998,6_5,0.002623599511279264,0.0016888645,0.002620163881913192,0.14068124032259446,0.00023690880154561168,0.056927707062343555
3999,6_50,0.0026426937150350765,0.002183345,0.002639207939872864,0.14101829338668326,0.00023691332517372733,0.08589115180798146
4000,6_51,0.002645746579334275,0.002262074,0.002642252753015808,0.14107203145714012,0.00023691404843906378,0.09052195325833523
4001,6_52,0.002638604368506792,0.002077744,0.00263512936343354,0.14094624541754053,0.00023691235635502444,0.07968814047886638
4002,6_53,0.0026392489638505626,0.0020944006,0.002635772262214574,0.14095760715630823,0.00023691250906767545,0.08066590848958625
4003,6_54,0.0026394269379944406,0.0020989988,0.0026359497678610628,0.14096074382898455,0.00023691255123198018,0.08093587231464454
4004,6_55,0.0026392752234986115,0.002095079,0.0026357984527389648,0.14095806997357407,0.00023691251528891463,0.08070574098928276
4005,6_56,0.0026400862648533153,0.0021160305,0.0026366073588398103,0.1409723627796137,0.00023691270743483989,0.08193598613402883
4006,6_57,0.0026401568121250225,0.0021178527,0.0026366777203485825,0.1409736058798134,0.00023691272414838564,0.08204299724756794
4007,6_58,0.002639940182269098,0.0021122573,0.0026364616609000804,0.1409697886151272,0.0002369126728260219,0.08171439769230204
4008,6_59,0.002638886753283218,0.0020850415,0.002635411005029455,0.14095122300482635,0.00023691242325547666,0.08011648176890489
4009,6_6,0.0026237088888070286,0.0016917073,0.002620272973223083,0.1406831757399214,0.0002369088274581121,0.05709361866684617
4010,6_60,0.002638940022528901,0.002086418,0.0026354641340721957,0.14095216194007987,0.00023691243587562307,0.08019728434510612
4011,6_61,0.0026390351025082693,0.0020888748,0.0026355589637971,0.14095383780881407,0.00023691245840125368,0.08034150841247652
4012,6_62,0.0026382148527583516,0.002067677,0.00263474087268283,0.1409393788503511,0.00023691226407394862,0.07909729531968708
4013,6_63,0.002638448431003889,0.002073714,0.0026349738362931034,0.14094349655927324,0.00023691231941150607,0.07945160339636459
4014,6_64,0.0026381851716282363,0.0020669098,0.0026347112696514328,0.1409388555895502,0.00023691225704212498,0.07905227287292363
4015,6_65,0.002638660704304662,0.0020792,0.0026351855509731403,0.14094723847531887,0.00023691236970167144,0.07977359461927876
4016,6_66,0.002639057025812326,0.0020894413,0.0026355808293968314,0.1409542242206999,0.00023691246359515758,0.08037476323754263
4017,6_7,0.002622874726305302,0.0016700242,0.00261944099324761,0.1406684140057278,0.00023690862983773435,0.0558283017237244
4018,6_8,0.0026240772242763035,0.0017012795,0.0026206403447487626,0.14068969297782596,0.0002369089147200523,0.05765233607389959
4019,6_9,0.0026232417671321856,0.0016795659,0.0026198070738238195,0.14067490972127877,0.00023690871679288967,0.056385055325225156
4020,7_0,0.0026254325333859986,0.0017364896,0.002621992105816999,0.1407136682109706,0.00023690923580508018,0.05970816521524114
4021,7_1,0.0026246694688806557,0.0017166679,0.002621231039150471,0.14070017072438665,0.00023690905502812032,0.0585506947639729
4022,7_10,0.002623337622115812,0.0016820575,0.0026199026780099693,0.14067660601731644,0.00023690873950177194,0.056530454974111424
4023,7_11,0.0026238559973088397,0.0016955305,0.002620419696754269,0.14068577871537072,0.00023690886230941734,0.05731676329326305
4024,7_12,0.002624296122173777,0.0017069676,0.0026208586697207543,0.14069356581344586,0.00023690896657892132,0.057984375955713575
4025,7_13,0.002624498580858049,0.001712228,0.002621060598463768,0.14069714760678353,0.00023690901454320384,0.05829147967107033
4026,7_14,0.00262367741749822,0.0016908894,0.0026202415842692577,0.1406826188658384,0.00023690882000228133,0.057045880749863186
4027,7_15,0.002623937011060154,0.0016976359,0.002620500498490191,0.14068721215165267,0.00023690888150229377,0.05743965070662895
4028,7_16,0.00262408374256502,0.0017014489,0.002620646845977731,0.14068980830531633,0.000236908916264293,0.05766222347729695
4029,7_17,0.0026244004388498118,0.0017096781,0.0026209627133500692,0.1406954113527341,0.00023690899129247853,0.05814261090078006
4030,7_18,0.0026243175514914304,0.0017075244,0.0026208800429484997,0.14069394493850626,0.00023690897165571889,0.05801688146711044
4031,7_19,0.0026242092462911626,0.0017047102,0.0026207720212256852,0.14069202879392184,0.00023690894599724663,0.057852596445135164
4032,7_2,0.0026250619645679374,0.0017268643,0.0026216225072864634,0.14070711372300335,0.00023690914801392094,0.05914606010608736
4033,7_20,0.002624466499703937,0.0017113945,0.0026210286012856906,0.1406965800560981,0.00023690900694288937,0.05824281669740614
4034,7_21,0.002624121401118258,0.0017024275,0.0026206844059696974,0.1406904745909215,0.00023690892518594023,0.05771934664618428
4035,7_22,0.002623909183440012,0.0016969127,0.0026204727436964933,0.14068671978031028,0.00023690887490968352,0.057397439795470004
4036,7_23,0.002623583332803401,0.001688444,0.0026201477457719704,0.140680954042541,0.00023690879771278835,0.056903166400804395
4037,7_24,0.002623720821664748,0.0016920174,0.002620284874854316,0.14068338688660148,0.00023690883028511147,0.057111719273167695
4038,7_25,0.002623749959744857,0.0016927747,0.0026203139366838737,0.1406839024694368,0.00023690883718818003,0.057155917983102
4039,7_26,0.00262469151961189,0.0017172408,0.00262125303215709,0.14070056080621404,0.00023690906025213828,0.05858414287963569
4040,7_27,0.0026418330835226546,0.002161134,0.002638349576382875,0.14100313659809538,0.00023691312127874171,0.0845856847890282
4041,7_28,0.00264060477617962,0.0021294218,0.0026371245047223007,0.14098149885084207,0.0002369128302767939,0.08272250094980649
4042,7_29,0.002640514427188968,0.0021270886,0.002637034393675239,0.1409799070052396,0.00023691280887195977,0.08258545318221948
4043,7_3,0.002625246209375589,0.0017316501,0.002621806269689491,0.1407103726563751,0.00023690919166320537,0.05942553571943705
4044,7_30,0.002640326607446211,0.002122238,0.0026368470685495873,0.14097659771997742,0.00023691276437506114,0.08230055485333168
4045,7_31,0.0026414575588815906,0.0021514404,0.0026379750411311066,0.14099652210663147,0.00023691303231204356,0.0840160623354727
4046,7_32,0.0026417423047567297,0.0021587908,0.0026382590368032974,0.14100153767854484,0.0002369130997720619,0.08444798510777574
4047,7_33,0.002641802730379607,0.0021603506,0.002638319303216022,0.14100260198120046,0.00023691311408768396,0.08453964298530821
4048,7_34,0.002641191447927573,0.0021445702,0.0026377096312108148,0.14099183444654284,0.00023691296926689893,0.08361240633538643
4049,7_35,0.0026412088800055163,0.0021450203,0.0026377270173684355,0.14099214152985595,0.0002369129733967843,0.08363884854961938
4050,7_36,0.0026412967996683376,0.0021472902,0.002637814705424929,0.1409936903010738,0.00023691299422609396,0.0837722113401675
4051,7_37,0.002641830133885473,0.002161058,0.002638346634517606,0.1410030846456373,0.00023691312057993395,0.08458121056980303
4052,7_38,0.0026433225826624634,0.00219957,0.002639835149779357,0.14102936643470684,0.00023691347416089487,0.08684506290116331
4053,7_39,0.002641846235155935,0.0021614735,0.0026383626933631963,0.14100336823956158,0.0002369131243945362,0.08460563412070528
4054,7_4,0.002623238385870335,0.001679478,0.0026198037014086234,0.1406748498840794,0.00023690871599183928,0.05637992638703935
4055,7_40,0.002639799020031677,0.002108611,0.0026363208703314017,0.14096730106285832,0.00023691263938290126,0.08150027278214508
4056,7_41,0.0026393464160310107,0.0020969184,0.0026358694578667618,0.1409593247019533,0.00023691253215531714,0.08081373088007951
4057,7_42,0.0026400104371965107,0.002114072,0.00263653173084457,0.14097102660992472,0.0002369126894703051,0.08182096535724596
4058,7_43,0.002641277112408467,0.002146782,0.0026377950700277766,0.14099334349813356,0.0002369129895619263,0.0837423483057755
4059,7_44,0.002642116895474451,0.0021684594,0.0026386326404863897,0.14100813524419523,0.00023691318851752662,0.08501619092005797
4060,7_45,0.0026415333828968273,0.0021533978,0.0026380506653852186,0.14099785772168527,0.00023691305027574163,0.0841310775884665
4061,7_46,0.002641428463671865,0.0021506893,0.0026379460225722504,0.14099600959727593,0.00023691302541900932,0.08397192865438115
4062,7_47,0.0026438483718998138,0.0022131326,0.0026403595527127286,0.1410386231324555,0.00023691359872748252,0.08764261736945116
4063,7_48,0.0026440420748558686,0.0022181284,0.0026405527448792776,0.1410420330277588,0.00023691364461835137,0.08793643977422434
4064,7_49,0.0026428591431290993,0.0021876134,0.002639372931929768,0.1410212064016868,0.0002369133643658504,0.08614208489332427
4065,7_5,0.0026233532750742417,0.0016824644,0.0026199182900127228,0.14067688301567652,0.00023690874321009463,0.05655419849347396
4066,7_50,0.002645286997136686,0.0022502278,0.00264179438344262,0.14106394431477753,0.00023691393955760977,0.08982482633143221
4067,7_51,0.0026424654280521134,0.002177454,0.0026389802545664404,0.14101427329202343,0.00023691327108950525,0.08554486989427872
4068,7_52,0.002638659470003579,0.002079168,0.0026351843199203867,0.14094721671786156,0.00023691236940925024,0.07977172234370897
4069,7_53,0.0026399423996786475,0.0021123146,0.002636463872471212,0.140969827689471,0.0002369126733513543,0.0817177612166354
4070,7_54,0.0026400623679096596,0.0021154133,0.002636583524819739,0.14097194169102004,0.00023691270177335035,0.08189973755220734
4071,7_55,0.0026394253608759428,0.002098958,0.0026359481948942947,0.14096071603397098,0.00023691255085834102,0.08093348002926533
4072,7_56,0.00264063036405005,0.0021300826,0.002637150025202901,0.14098194967314376,0.00023691283633888878,0.08276131444948547
4073,7_57,0.002640171605114926,0.0021182348,0.002636692474385406,0.14097386654148222,0.0002369127276530332,0.0820654363055759
4074,7_58,0.002639510175136513,0.0021011492,0.002636032785879685,0.140962210778102,0.0002369125709519047,0.08106213232506576
4075,7_59,0.0026386391446612378,0.0020786428,0.002635164048068354,0.14094685843495589,0.00023691236459392527,0.07974089142049437
4076,7_6,0.0026237395990039145,0.0016925054,0.0026203036030557343,0.14068371914207398,0.00023690883473362895,0.05714020207519397
4077,7_60,0.0026393792102987926,0.0020977657,0.002635902165806424,0.1409599026748668,0.00023691253992469028,0.0808634755552184
4078,7_61,0.002638849279840429,0.0020840731,0.002635373630213872,0.14095056248220447,0.0002369124143775527,0.08005963938869769
4079,7_62,0.0026382697930036098,0.002069097,0.0026347956683638036,0.14094034740403222,0.00023691227708996687,0.07918063258675474
4080,7_63,0.002639515636651605,0.0021012903,0.002636038233016988,0.1409623070292989,0.00023691257224580625,0.08107041673915419
4081,7_64,0.0026386843633550033,0.0020798114,0.00263520914775929,0.14094765552036384,0.0002369123753067932,0.07980948234762053
4082,7_65,0.0026385733045978603,0.0020769413,0.0026350983812737892,0.14094569783323604,0.00023691234899560069,0.0796410205349595
4083,7_66,0.002638993103623785,0.0020877896,0.002635517075456537,0.1409530975463153,0.00023691244845119492,0.08027780152080907
4084,7_7,0.002625452932074236,0.0017370194,0.002622012451089887,0.14071402899763125,0.00023690924063771786,0.05973910739472146
4085,7_8,0.0026227953930717447,0.0016679617,0.0026193618675477127,0.1406670099235099,0.00023690861104300743,0.055707963439080285
4086,7_9,0.0026229723233020487,0.0016725615,0.0026195383349245822,0.140670141290812,0.00023690865295930623,0.05597634378186811
4087,8_0,0.002624903876580275,0.0017227576,0.0026214648331906094,0.14070431733089234,0.00023690911056143345,0.05890626101552741
4088,8_1,0.0026249950103943535,0.001725125,0.0026215557284093344,0.1407059293955411,0.00023690913215186526,0.05904449925904274
4089,8_10,0.0026232344224099914,0.001679375,0.002619799748318171,0.14067477974381826,0.00023690871505286097,0.05637391432881813
4090,8_11,0.002623365694497805,0.0016827872,0.0026199306769409203,0.14067710279187048,0.00023690874615236467,0.05657303715743467
4091,8_12,0.0026241656055823936,0.0017035762,0.0026207284947385766,0.14069125668390703,0.00023690893565837253,0.057786399117754426
4092,8_13,0.0026246685189244287,0.0017166432,0.0026212300916810378,0.14070015391942245,0.0002369090548030671,0.05854925380288094
4093,8_14,0.002624267551515135,0.0017062252,0.002620830173843326,0.14069306034136342,0.00023690895981027618,0.05794103795097172
4094,8_15,0.0026240924963609777,0.0017016764,0.0026206555768630764,0.14068996318513136,0.00023690891833814533,0.05767550185689174
4095,8_16,0.0026236075557633247,0.0016890736,0.0026201719053469434,0.14068138267025587,0.00023690880345142077,0.0569399095072626
4096,8_17,0.0026249010936785825,0.0017226853,0.0026214620575746384,0.14070426810359665,0.00023690910990213868,0.0589020397125374
4097,8_18,0.0026250986511580435,0.0017278172,0.0026216590978234713,0.14070776264986135,0.00023690915670530993,0.05920170893224608
4098,8_19,0.0026246119926653013,0.0017151746,0.0026211737133946303,0.1406991539483687,0.00023690904141148486,0.05846351075730283
4099,8_2,0.0026253429441831047,0.0017341627,0.0026219027512046087,0.14071208364618876,0.00023690921458057154,0.05957226994770366
4100,8_20,0.0026243490618211808,0.0017083432,0.00262091147080109,0.14069450241192336,0.00023690897912079882,0.058064678573829555
4101,8_21,0.002623862949566084,0.0016957112,0.002620426630817506,0.14068590172796855,0.0002369088639564687,0.05732730897095308
4102,8_22,0.0026237669231385916,0.0016932156,0.0026203308556862334,0.140684202625903,0.00023690884120695793,0.05718164926383125
4103,8_23,0.0026233709659405358,0.0016829242,0.002619935934590899,0.14067719607599088,0.00023690874740121555,0.056581033256262
4104,8_24,0.002623622502623362,0.0016894621,0.0026201868130947895,0.14068164715512643,0.00023690880699246352,0.05696258196642105
4105,8_25,0.0026238926850076895,0.0016964839,0.0026204562884411305,0.1406864278616625,0.0002369088710010585,0.05737241380124303
4106,8_26,0.0026251736393144228,0.0017297651,0.0026217338896411466,0.14070908905100907,0.00023690917447069147,0.05931545629514403
4107,8_27,0.0026427939018848446,0.00218593,0.0026393078626523255,0.14102005758648148,0.00023691334890932821,0.08604312233917569
4108,8_28,0.002643576803552215,0.0022061279,0.0026400887004207436,0.14103384223366688,0.00023691353438925672,0.08723068320707768
4109,8_29,0.0026420447714130247,0.0021665979,0.0026385607064804218,0.14100686499120157,0.00023691317143038586,0.08490678801985467
4110,8_3,0.002625424962917665,0.001736293,0.002621984555172345,0.140713534313452,0.00023690923401156633,0.0596966817910527
4111,8_30,0.0026407825169066606,0.0021340116,0.002637301777326701,0.1409846303321125,0.00023691287238585636,0.08299211071162346
4112,8_31,0.0026408791869762687,0.0021365078,0.002637398192779407,0.1409863334306626,0.0002369128952882413,0.08313874674083195
4113,8_32,0.0026422408415845773,0.0021716582,0.0026387562599717237,0.14101031813573445,0.00023691321788199657,0.08520420118526673
4114,8_33,0.0026425510074253753,0.0021796625,0.002639065608391518,0.14101578035738918,0.0002369132913643954,0.08567468276736463
4115,8_34,0.0026423820167632913,0.0021753015,0.0026388970631047106,0.1410128043754744,0.0002369132513282648,0.08541834572569514
4116,8_35,0.0026417650713171066,0.0021593785,0.0026382817433784956,0.141001938677744,0.00023691310516575837,0.08448251904393586
4117,8_36,0.002641707325454532,0.002157888,0.0026382241496633227,0.1410009215654979,0.00023691309148500712,0.08439492601720602
4118,8_37,0.0026417925014938586,0.0021600865,0.0026383091012817193,0.14100242181655423,0.0002369131116643268,0.08452412708472537
4119,8_38,0.002642274600966575,0.0021725295,0.002638789930387805,0.14101091268118462,0.00023691322588004053,0.08525540981421216
4120,8_39,0.002642344529905776,0.0021743341,0.002638859675040044,0.14101214420213146,0.00023691324244713168,0.08536148299707805
4121,8_4,0.002623531098326095,0.0016870864,0.0026200956479762124,0.14068002973918187,0.0002369087853379815,0.05682393343478935
4122,8_40,0.0026417181944249565,0.0021581685,0.0026382349899967007,0.1410011130082809,0.00023691309406000853,0.08441141284369849
4123,8_41,0.002641122315943409,0.0021427853,0.002637640681334092,0.1409906166048204,0.00023691295288863585,0.08350754203053797
4124,8_42,0.002641202323799262,0.002144851,0.002637720478432855,0.14099202603595057,0.000236912971843534,0.08362890363020767
4125,8_43,0.002641735016612347,0.0021586027,0.002638251767861559,0.14100140930820032,0.00023691309804540505,0.08443692993261251
4126,8_44,0.0026419670925221105,0.002164593,0.002638483232276813,0.14100549688025485,0.0002369131530272342,0.08478895915965907
4127,8_45,0.002641665536708111,0.0021568092,0.002638182471018812,0.14100018550614524,0.00023691308158470625,0.08433153787788186
4128,8_46,0.0026417318055055932,0.0021585198,0.0026382485652153426,0.14100135274902595,0.00023691309728465177,0.08443205909776523
4129,8_47,0.002643133146822114,0.0021946828,0.002639646213341066,0.14102603105022227,0.00023691342928099606,0.0865577131606365
4130,8_48,0.00264174759949796,0.0021589275,0.0026382643175940253,0.14100163093776635,0.00023691310102645546,0.08445601654742205
4131,8_49,0.0026415720939364598,0.002154397,0.0026380892744370045,0.14099853959399333,0.00023691305944689231,0.08418979724348788
4132,8_5,0.002623230817233736,0.0016792812,0.0026197961525743873,0.1406747159439498,0.0002369087141987633,0.05636844574135509
4133,8_50,0.002645252043279269,0.0022493268,0.002641759521803634,0.14106332920277903,0.00023691393127655387,0.08977180583731297
4134,8_51,0.0026390154410723624,0.0020883668,0.0026355393541116485,0.14095349126193354,0.0002369124537432146,0.08031168454970654
4135,8_52,0.002639057260094403,0.0020894473,0.002635581063062252,0.14095422835005578,0.00023691246365066193,0.08037511861324091
4136,8_53,0.0026393841218138427,0.0020978926,0.0026359070643922366,0.14095998923600292,0.0002369125410882898,0.08087092569017003
4137,8_54,0.002639479731451967,0.0021003627,0.00263600242233955,0.1409616742503474,0.0002369125637394132,0.08101595318156854
4138,8_55,0.0026390477897085323,0.0020892026,0.0026355716176034434,0.1409540614288813,0.0002369124614070095,0.08036075325915845
4139,8_56,0.002639953297462334,0.002112596,0.002636474741561068,0.1409700197257314,0.0002369126759331774,0.08173429174913024
4140,8_57,0.0026394212243238905,0.0020988511,0.0026359440692316125,0.14096064313164694,0.00023691254987833992,0.08092720541324425
4141,8_58,0.0026388882129471758,0.0020850792,0.002635412460851662,0.1409512487333484,0.0002369124236012892,0.08011869589089357
4142,8_59,0.002639672150799257,0.0021053336,0.002636194335118486,0.14096506530499883,0.0002369126093259785,0.08130782851737735
4143,8_6,0.002623195034447902,0.0016783511,0.002619760463408834,0.14067408270209142,0.0002369087057215097,0.05631416786972494
4144,8_60,0.0026398992957332424,0.0021112012,0.0026364208820172028,0.14096906812427445,0.0002369126631394836,0.08165237809005817
4145,8_61,0.002639362168764044,0.0020973254,0.0026358851691321993,0.14095960233195745,0.00023691253588733707,0.08083762574464899
4146,8_62,0.002638662884604336,0.0020792563,0.002635187725534881,0.14094727690820785,0.0002369123702182114,0.07977690185271698
4147,8_63,0.002639245215068252,0.0020943037,0.0026357685233001824,0.1409575410850576,0.00023691250817954202,0.08066022207025654
4148,8_64,0.002638454962374693,0.0020738828,0.0026349803504765487,0.14094361169612535,0.00023691232095886827,0.07946151064360123
4149,8_65,0.002637601786593714,0.0020518291,0.002634129419475695,0.14092857005506707,0.00023691211883110005,0.0781673530077697
4150,8_66,0.002637688280604867,0.0020540652,0.0026342156859465193,0.14093009510837268,0.00023691213932258037,0.07829855326858706
4151,8_7,0.002628147777023961,0.0018069753,0.0026247002357658745,0.1407616755640766,0.0002369098790722488,0.06382683966141371
4152,8_8,0.002622794390059221,0.0016679356,0.0026193608671590033,0.14066699217147285,0.00023690861080538511,0.05570644199842789
4153,8_9,0.002622985430547845,0.0016729023,0.002619551407880292,0.14067037326137266,0.0002369086560645262,0.0559962257834556
4154,9_0,0.0026260154217202856,0.0017516271,0.002622573467655567,0.14072397687599222,0.00023690937389675025,0.06059233165019222
4155,9_1,0.0026249535166914537,0.0017240471,0.0026215143433411733,0.14070519541871257,0.00023690912232162832,0.058981558662691926
4156,9_10,0.0026233097829212013,0.0016813339,0.0026198749116554945,0.14067611336577604,0.00023690873290642351,0.05648822650597651
4157,9_11,0.0026234257546365073,0.0016843483,0.0026199905799303763,0.14067816561628063,0.00023690876038113726,0.05666414064260579
4158,9_12,0.002623691607759939,0.0016912582,0.002620255737397633,0.1406828699582371,0.00023690882336407956,0.05706740554694249
4159,9_13,0.0026246888758444864,0.0017171721,0.0026212503953105914,0.14070051403755796,0.00023690905962580583,0.05858013262541917
4160,9_14,0.0026244800758987922,0.0017117473,0.0026210421419434514,0.1406968202343931,0.0002369090101592122,0.05826341003424176
4161,9_15,0.002623936482458059,0.0016976221,0.0026204999712714843,0.14068720279880056,0.00023690888137706324,0.05743884888541828
4162,9_16,0.002623486985142648,0.0016859398,0.0026200516502212735,0.14067924913473484,0.000236908774887181,0.05675701942425206
4163,9_17,0.0026240780620210955,0.0017013013,0.0026206411803010006,0.14068970779997925,0.0002369089149185215,0.0576536068247151
4164,9_18,0.0026246593061591862,0.0017164039,0.002621220903032908,0.14069999094308056,0.00023690905262047958,0.05853527922606858
4165,9_19,0.002625057030336768,0.0017267361,0.0026216175859740316,0.14070702644391506,0.00023690914684495643,0.05913857551371251
4166,9_2,0.002624955945616829,0.0017241102,0.002621516765907422,0.14070523838387852,0.0002369091228970629,0.05898524302925736
4167,9_20,0.002624627079658244,0.0017155666,0.0026211887608936133,0.14069942084443188,0.0002369090449857299,0.05848639578000743
4168,9_21,0.002623720539468164,0.0016920101,0.0026202845933961994,0.1406833818932642,0.00023690883021825659,0.05711129121734189
4169,9_22,0.002623496650654531,0.0016861911,0.002620061290442116,0.1406794201714671,0.0002369087771770256,0.05677168075933281
4170,9_23,0.002623281675307431,0.0016806033,0.0026198468775833856,0.14067561596064826,0.00023690872624748446,0.05644559088059111
4171,9_24,0.0026231270843224005,0.0016765847,0.0026196926910611157,0.14067288018437865,0.00023690868962353393,0.05621109629205705
4172,9_25,0.0026239414907431873,0.0016977523,0.00262050496644957,0.14068729141313605,0.0002369088825635705,0.0574464458080989
4173,9_26,0.002624702811665282,0.0017175341,0.0026212642946498487,0.14070076056403746,0.00023690906292732805,0.05860127146842942
4174,9_27,0.002643822446008722,0.0022124639,0.002640333695184685,0.14103816672726555,0.00023691359258528642,0.0876032911360177
4175,9_28,0.002644403022826114,0.0022274368,0.002640912740939822,0.14104838661329788,0.00023691373013186594,0.08848395129792763
4176,9_29,0.0026439082948983314,0.002214678,0.0026404193176998918,0.14103967801885947,0.00023691361292405618,0.08773351283064698
4177,9_3,0.0026253033857026337,0.0017331352,0.002621863296305997,0.14071138396357144,0.0002369092052088032,0.05951226483421479
4178,9_30,0.0026408332545023727,0.0021353217,0.0026373523812870756,0.1409855242140507,0.0002369128844062462,0.08306907310129504
4179,9_31,0.002639810088479898,0.0021088968,0.002636331909638011,0.1409674961135924,0.0002369126420051566,0.08151706219073133
4180,9_32,0.002640548615367681,0.0021279715,0.0026370684918167347,0.14098050936603307,0.00023691281697157737,0.08263731224048528
4181,9_33,0.0026420999535860076,0.002168022,0.002638615743242297,0.14100783686479848,0.00023691318450376985,0.08499049226008282
4182,9_34,0.002642315903115213,0.0021735954,0.0026388311236915716,0.14101164005738087,0.000236913235665066,0.08531805984744949
4183,9_35,0.0026420344333407367,0.002166331,0.002638550395649757,0.14100668291459192,0.0002369131689811604,0.084891106497372
4184,9_36,0.0026416676924248548,0.0021568649,0.0026381846210558743,0.14100022347673738,0.00023691308209542372,0.0843348078221851
4185,9_37,0.002641746363756727,0.0021588956,0.0026382630851087066,0.14100160917198007,0.00023691310073369217,0.08445414208733056
4186,9_38,0.0026423836587990204,0.002175344,0.0026388987008129873,0.14101283329288467,0.00023691325171728485,0.08542083648214245
4187,9_39,0.0026421719257850793,0.0021698796,0.0026386875257821403,0.1410091044254707,0.0002369132015549333,0.08509966480467739
4188,9_4,0.00262365082440139,0.0016901982,0.002620215060761204,0.14068214830656509,0.00023690881370214224,0.05700554245136687
4189,9_40,0.0026407153070941523,0.002132276,0.002637234744530975,0.1409834462291699,0.00023691285646298716,0.08289016209329673
4190,9_41,0.0026416882394699887,0.0021573952,0.002638205113965341,0.14100058538941737,0.00023691308696328756,0.08436597503994533
4191,9_42,0.0026416096961380535,0.0021553678,0.0026381267775706617,0.14099920192835821,0.0002369130683553451,0.08424683493419778
4192,9_43,0.0026416785341733195,0.0021571447,0.002638195434239443,0.14100041444196115,0.0002369130846639758,0.08435125335647484
4193,9_44,0.0026418280953002266,0.0021610053,0.0026383446013037632,0.1410030487396682,0.00023691312009696636,0.0845781182988766
4194,9_45,0.0026408280247070294,0.0021351867,0.0026373471652663596,0.1409854320773906,0.00023691288316724028,0.08306114017618427
4195,9_46,0.002642182255372448,0.0021701462,0.002638697828148832,0.1410092863462991,0.00023691320400214894,0.08511533345663196
4196,9_47,0.0026425096564985174,0.0021785954,0.002639024366447748,0.14101505216556076,0.0002369132815678114,0.08561195874385774
4197,9_48,0.002642104383004315,0.0021681364,0.0026386201609884677,0.14100791487553876,0.00023691318555315742,0.08499721111644618
4198,9_49,0.002642868988109173,0.0021878674,0.002639382750959481,0.14102137975759513,0.00023691336669825778,0.08615701845850623
4199,9_5,0.002622737178679025,0.0016664482,0.002619303805438336,0.1406659795957898,0.0002369085972515169,0.05561965971254139
4200,9_50,0.0026447974863803773,0.002237608,0.0026413061640472354,0.14105532949235688,0.00023691382358571642,0.08908230164048163
4201,9_51,0.0026355427517131594,0.0019985759,0.0026320757991136375,0.14089225547132606,0.00023691163102128595,0.07504406262316152
4202,9_52,0.0026392276697562575,0.0020938504,0.0026357510241725233,0.14095723185295408,0.00023691250402283818,0.08063360809457124
4203,9_53,0.002639470439799172,0.0021001226,0.0026359931551472784,0.14096151049701638,0.00023691256153810395,0.08100185894251269
4204,9_54,0.0026393274191527432,0.0020964276,0.0026358505109956706,0.14095898989486663,0.00023691252765471868,0.08078491506554855
4205,9_55,0.0026388184383067136,0.0020832762,0.002635342869851642,0.14095001885167924,0.00023691240707081058,0.08001285675931627
4206,9_56,0.0026390486006822073,0.0020892236,0.002635572426442553,0.1409540757227896,0.00023691246159913924,0.08036198340164162
4207,9_57,0.00263918259496827,0.0020926858,0.0026357060680330096,0.14095643741382982,0.00023691249334405754,0.0805652354539518
4208,9_58,0.002639281630748098,0.0020952446,0.0026358048431224497,0.14095818289867454,0.00023691251680687224,0.08071545996048712
4209,9_59,0.0026407853932433854,0.0021340859,0.002637304646087648,0.1409846810069823,0.00023691287306729753,0.08299647374350769
4210,9_6,0.002622439513317026,0.0016587087,0.002619006918688068,0.14066071102213706,0.00023690852673204402,0.055168139744743175
4211,9_60,0.002640897933497574,0.0021369918,0.0026374168899236383,0.1409866636953034,0.000236912899729534,0.08316718279613652
4212,9_61,0.0026392124855406,0.002093458,0.0026357358799258654,0.1409569642335207,0.00023691250042550766,0.08061057559754588
4213,9_62,0.0026387933905246018,0.002082629,0.0026353178879918093,0.14094957734200322,0.0002369124011366803,0.0799748625039669
4214,9_63,0.002638935210952838,0.0020862937,0.0026354593351601624,0.1409520771307205,0.00023691243473570087,0.08018998580471007
4215,9_64,0.0026377093011302278,0.0020546087,0.0026342366511719305,0.14093046573500354,0.00023691214430259807,0.07833043869479255
4216,9_65,0.002637178975706283,0.0020408973,0.002633707720772368,0.14092111461570467,0.00023691201866209803,0.07752600341641909
4217,9_66,0.0026376198794947217,0.002052297,0.0026341474647802116,0.1409288890699657,0.00023691212311752758,0.07819479760537291
4218,9_7,0.0026269328793575796,0.0017754465,0.002623488521926472,0.14074019945750157,0.00023690959125116442,0.06198399657238838
4219,9_8,0.0026227891018611267,0.0016677981,0.0026193555927944688,0.14066689857706444,0.00023690860955256546,0.055698420483874855
4220,9_9,0.002622952414026678,0.0016720439,0.0026195184777338754,0.14066978893721183,0.00023690864824262668,0.055946143978592745
